1744315058.93231 0 0 0 0 -0 -0.707106796640858 0.707106765732237
1744315062.93136 -0.043800063431263 0.0323295146226883 0.088188961148262 0.027100643061007 -0.0647591912531202 -0.62879942300864 0.77439207635275
1744315063.33153 0.0873425975441933 0.0608970932662487 0.0951256304979324 0.0243077725233451 -0.0341464200916574 -0.499846756872878 0.86509905434785
1744315063.73335 0.302000194787979 0.199084401130676 0.101853005588055 0.0338936991120342 -0.0427506151436533 -0.375092732145335 0.925380486263402
1744315064.13149 0.54727178812027 0.32932835817337 0.0933833047747612 0.0492945454789597 -0.0255277382817914 -0.23451852877935 0.970525343318457
1744315064.53117 0.80835098028183 0.436781764030457 0.103550128638744 0.0384780473241082 -0.0357989004899522 -0.0872669065722333 0.994797650587871
1744315064.9324 1.03829002380371 0.574875295162201 0.121295064687729 0.0376913407853824 -0.00741432117618089 0.0609716017460963 0.997400047349012
1744315065.33174 1.17385017871857 0.780082166194916 0.137777641415596 0.0195947339859066 -0.0246879631162955 0.160828648125959 0.986478938862441
1744315065.73128 1.24438714981079 1.05107748508453 0.15330782532692 0.0272236907500918 -0.025004543998381 0.326977917956754 0.944308786684759
1744315066.13184 1.26258742809296 1.34760725498199 0.166633829474449 0.0105855264062077 -0.0375956477471452 0.508936740078346 0.859917384694368
1744315066.33232 1.23381066322327 1.47921228408813 0.187966242432594 -3.77859231542252e-05 -0.0331497480632731 0.597802864533868 0.800957444519162
1744315066.73178 1.13770985603333 1.65290904045105 0.241415083408356 -0.0286102818879025 -0.0132352181003369 0.745064713210858 0.666246841568613
1744315066.93113 1.12209010124207 1.69106209278107 0.302146106958389 -0.0108991356250842 0.0379168063883771 0.84012128868157 0.540961870134994
1744315067.33404 1.14884924888611 1.74382650852203 0.345303475856781 -0.00481144244249674 0.0359762205146718 0.890361641820232 0.453804702878103
1744315068.53105 1.17530727386475 1.87334454059601 0.337542533874512 0.00793106992003298 -0.0127675146688837 0.788074783997393 0.615395989202534
1744315069.13021 1.15785694122314 2.10291743278503 0.289411574602127 0.0159390500913355 -0.0473490132573131 0.732252616327317 0.679198147455912
1744315069.53185 1.19762551784515 2.31249380111694 0.334123700857162 0.0176842006285146 -0.0481783114359172 0.770815353094672 0.634988039878588
1744315069.93277 1.21931755542755 2.54916715621948 0.350029140710831 0.0211015242994746 -0.0435094925793783 0.765920899490054 0.641113738311753
1744315070.33152 1.23155426979065 2.79152488708496 0.359605133533478 -0.014653937542554 -0.072202878048013 0.727214440740978 0.682444989500157
1744315070.73108 1.25937211513519 3.03052568435669 0.390613943338394 0.00131630248339646 -0.0982607634232195 0.748657358068796 0.655633472245514
1744315071.13238 1.24771583080292 3.28425025939941 0.385048478841782 0.0114643386187851 -0.0801163434975501 0.759792765080363 0.645108436292809
1744315071.53186 1.23579227924347 3.53063917160034 0.406931966543198 0.0140677389079313 -0.0336747428230812 0.738020237213803 0.673790946719159
1744315071.93128 1.22458970546722 3.82146573066711 0.391636729240417 0.00586274577211198 -0.0255673151817568 0.743556119809246 0.668158841369795
1744315072.33209 1.20220613479614 4.06674909591675 0.431030005216599 0.0268185955376154 -0.0365395077846269 0.751707603393843 0.657937159844412
1744315072.73255 1.14172768592834 4.30499792098999 0.427088260650635 0.00478206311369261 -0.0708291860545449 0.73090218128502 0.678780052497145
1744315073.13184 1.12477660179138 4.56187391281128 0.424666732549667 0.00509453012152765 -0.0403927228845344 0.722656639683742 0.690007141138276
1744315073.53233 1.12882888317108 4.87887334823608 0.435939878225327 0.0159681302495471 -0.0551953220858515 0.734346841291933 0.676338089952602
1744315073.93268 1.1127165555954 5.19427251815796 0.430146247148514 -0.00459211042982713 -0.0259534136685069 0.73691150439836 0.675475216070951
1744315074.33266 1.06900024414062 5.53647899627686 0.463725507259369 -0.0128306893513337 -0.0447002526567537 0.715759306744878 0.69679686827029
1744315074.73103 1.03624761104584 5.91596460342407 0.469326555728912 0.0078906590172603 -0.0462866605629387 0.742441406889241 0.668263450961168
1744315074.93141 1.01754355430603 6.11799430847168 0.503494203090668 0.0143048520293524 -0.0265123332217841 0.776770068405218 0.629063373775098
1744315075.13313 0.990208625793457 6.31839799880981 0.515340566635132 0.00959172173420412 -0.0140347190904785 0.778260993418059 0.627710802566086
1744315075.33311 0.951541662216187 6.51677465438843 0.504260659217834 0.00982176403247391 -0.0383281250968757 0.763319895280934 0.644807897940272
1744315075.73024 0.862801671028137 6.89110040664673 0.52573150396347 0.00495060372218269 -0.05320130963113 0.756392981094805 0.651931568745396
1744315075.93004 0.841696202754974 7.10182285308838 0.526471197605133 0.0164692925330109 -0.0464948160582448 0.767026622716118 0.639716464168211
1744315076.13113 0.822730779647827 7.33264970779419 0.574321627616882 0.00878102853960258 -0.0456161526864008 0.771555567246812 0.634463605577442
1744315076.33153 0.813546419143677 7.55952405929565 0.592176914215088 -0.00686670249312308 0.0104671936099156 0.769509929022995 0.638512141928271
1744315076.5321 0.799586653709412 7.77079582214355 0.584401667118073 -0.0112276888005597 0.0174949279573097 0.752974675148668 0.657721069363544
1744315076.73212 0.782171368598938 7.97298002243042 0.592812895774841 -0.014124599654894 0.0223014341314566 0.737904500013377 0.674388679160822
1744315077.13159 0.781734764575958 8.36523151397705 0.613505184650421 -0.00205790191572291 0.0053718837565942 0.731146662130324 0.682196061525055
1744315077.33196 0.766147196292877 8.56503295898438 0.658228635787964 0.00762260835579624 -0.0110511573639745 0.742479309453171 0.669734456928052
1744315077.5323 0.738564372062683 8.76829814910889 0.687241315841675 -0.000118282766733039 -0.019636402214739 0.752755032774632 0.658007795052392
1744315077.9315 0.665385723114014 9.1369104385376 0.709684491157532 0.0156802996437927 -0.0351301770001022 0.74526045737223 0.665662714551714
1744315078.33183 0.579532384872437 9.54860496520996 0.737173914909363 -0.00376503584370094 -0.0396168371176728 0.72688863115243 0.685601377349283
1744315078.5313 0.523021161556244 9.76212215423584 0.768666863441467 0.0107544079975368 -0.0491510915600419 0.729205344270802 0.682442729314322
1744315078.73143 0.44296783208847 9.97734832763672 0.777458310127258 0.0175268344164389 -0.0320945354407513 0.741908216404687 0.669503509551218
1744315078.93254 0.36436727643013 10.1773433685303 0.771280884742737 0.0191018837388415 -0.0226325448329471 0.729547964333885 0.683288119089083
1744315079.13228 0.308073401451111 10.3742580413818 0.800826907157898 0.00104660638211706 0.00252992451005038 0.725551859006673 0.688162047768558
1744315079.53166 0.267736613750458 10.7773208618164 0.82445764541626 0.00174611831359059 -0.0235196163910801 0.717099908016502 0.69657124591701
1744315079.7319 0.249713897705078 10.9973640441895 0.862361907958984 0.00422458961513744 -0.0317997022882398 0.722659872626074 0.690459006946125
1744315079.93224 0.22949355840683 11.2361392974854 0.876625299453735 0.000837447685002095 -0.0216531487456909 0.728337409412829 0.684875943423757
1744315080.13282 0.211988061666489 11.4693565368652 0.892119586467743 0.00600809487081817 -0.0066560011507665 0.723269753044742 0.69050739661158
1744315080.33298 0.203514724969864 11.6928033828735 0.918537795543671 -0.00657067545687107 0.00297800783306551 0.708591919485714 0.705581639027645
1744315080.5317 1.73877739906311 10.8171339035034 -0.0363142937421799 -0.00359972306794457 0.0315643786070039 0.671548616286133 0.740279128411147
1744315080.73089 1.74554228782654 11.0569524765015 -0.0193609781563282 0.010442071582804 0.00185746446916417 0.68793336549585 0.72569635358348
1744315080.93131 1.73248887062073 11.2986478805542 -0.000131685330416076 0.00400748788389653 0.00158419322536536 0.702305649911193 0.711862489864091
1744315081.13268 1.70397102832794 11.5127210617065 -0.00732542341575027 -0.00836793358806294 -0.0213849409032899 0.694087101921835 0.719524674306432
1744315081.33228 1.68315923213959 11.7335958480835 -0.00640648463740945 -0.00878216486555846 -0.0348663254198113 0.692117852114336 0.72088840448202
1744315081.53159 1.6846296787262 11.947244644165 -0.00054408673895523 -0.0112431493186983 -0.0174883374418145 0.703651670707749 0.710240857707519
1744315081.73166 1.68749046325684 12.1741971969604 -0.00893610622733831 0.0079367510651195 -0.0277322065182183 0.7164415714772 0.697050505604465
1744315081.93235 1.69152557849884 12.4054021835327 0.0122464057058096 0.0111334986720268 -0.0530966597067746 0.720995748421075 0.690812507627097
1744315082.1324 1.68671953678131 12.6273145675659 0.0288938041776419 0.00578269819490171 -0.0500199621807341 0.722157245758464 0.68989381515098
1744315082.33246 1.66441583633423 12.8377056121826 0.0099169472232461 0.0207708077704153 -0.0561746765204378 0.71726950391469 0.694217140393669
1744315082.7316 1.67006027698517 13.2424163818359 0.00941667426377535 0.0522166950805306 -0.0165457662419946 0.735171930428774 0.675664034179682
1744315082.93221 1.68853044509888 13.4655561447144 0.0138645377010107 0.0462226665376331 -0.0266293981669933 0.743605427015017 0.666487291075553
1744315083.13283 1.71608543395996 13.703595161438 0.0188861098140478 0.0218456933843334 -0.00610252098442045 0.746947665627813 0.664495831237002
1744315083.3326 1.75695717334747 13.9471778869629 -0.000701457203831524 0.00445677713871609 0.0188015505765586 0.751984044265896 0.658898046743925
1744315083.53297 1.8047821521759 14.1941719055176 0.00117753818631172 0.0124619575371655 0.027559410870356 0.726536275295787 0.686462103226497
1744315083.73231 1.8622795343399 14.4139060974121 0.0359604619443417 -0.00435105768467614 0.0351143441864353 0.691984230760816 0.721044988546306
1744315083.93078 1.92810845375061 14.6356725692749 0.00905067380517721 0.0352948082928714 0.0237681993709249 0.678801396263596 0.733087998562809
1744315084.1295 1.98503768444061 14.8768873214722 0.019052030518651 0.0319556567804659 0.0264458511148019 0.708151772953465 0.704840775935535
1744315084.33168 2.03609538078308 15.0898113250732 0.0485184825956821 0.0168366534584628 0.0304584405798974 0.695425803324549 0.717754667395599
1744315084.53202 2.07094502449036 15.3257608413696 0.0462684221565723 0.00384647002944979 0.0119379756647646 0.69386405971449 0.719996775021852
1744315084.73202 2.0857458114624 15.5496406555176 0.0759977772831917 -0.0136414029494963 -0.00642418079360032 0.68310249867523 0.730166842803998
1744315084.93154 2.12514972686768 15.7617683410645 0.0832692235708237 -0.011462621407597 -0.00916610717045025 0.688453610001151 0.725131862261058
1744315085.13182 2.18948435783386 15.9946031570435 0.0525819323956966 0.00474620882222996 -0.000577665221911198 0.697673431548163 0.716399973978585
1744315085.33198 2.24573826789856 16.2502746582031 0.0720175504684448 0.00912645150681849 0.0321366673734687 0.709938811913444 0.703470557899865
1744315085.53301 2.2930588722229 16.486255645752 0.0595657415688038 -0.0112406330829692 0.0452474351224526 0.695871500767352 0.71665136028792
1744315085.73297 2.31918001174927 16.7178344726562 0.0401406325399876 -0.0225111890341875 0.0220170095354603 0.677523653024888 0.73482664435307
1744315085.93186 2.36102509498596 16.9459400177002 0.0827207937836647 -0.037314284399724 0.0136650848608147 0.655313235882949 0.754311257049835
1744315086.13093 2.41230535507202 17.1715469360352 0.0925513505935669 -0.0306335571415817 0.0177085003989378 0.645614530490488 0.762843281552654
1744315086.33035 2.46043086051941 17.4136714935303 0.0898172780871391 -0.0174940828940472 0.00697337648825878 0.666090634932607 0.745633016395549
1744315086.5314 2.51161599159241 17.6494941711426 0.125833183526993 -0.0333235545292039 0.0164758181761051 0.679634654935706 0.732608233600599
1744315086.73263 2.55748653411865 17.8685417175293 0.111200243234634 -0.0305334752321432 0.0153340023746461 0.672369644400629 0.739426559267379
1744315086.93283 2.60268139839172 18.0969791412354 0.115783423185349 -0.0235805428430809 0.00494089851862252 0.660276275987245 0.750636253380736
1744315087.13249 2.65343022346497 18.3185214996338 0.148094028234482 -0.0320136726951262 0.0135367532225616 0.648366858526055 0.760534218715907
1744315087.33192 2.70907497406006 18.5373668670654 0.134355440735817 -0.0186440488559965 0.0182513312267278 0.647323324215262 0.761768864077294
1744315087.53144 2.77597904205322 18.7633094787598 0.146742522716522 -0.0104385840603689 0.0145707062141534 0.667028365172371 0.744816682505642
1744315087.73247 2.84668397903442 18.9661293029785 0.190801531076431 -0.00610508254528451 0.0275269962634247 0.670266111096814 0.741585013844658
1744315087.93283 2.91423773765564 19.1722526550293 0.182810604572296 0.00943566634573246 0.0179902637305144 0.663698470962762 0.747724319688219
1744315088.13284 2.96675562858582 19.4001388549805 0.195041179656982 0.00748886450165652 0.0110368163141019 0.644938413186315 0.764118151067518
1744315088.33218 3.02159452438354 19.6155433654785 0.221350565552711 -0.00896094403929819 0.0250343802645487 0.629254830289645 0.776744063282008
1744315088.53126 3.07219767570496 19.8406429290771 0.200135722756386 0.00110862671009568 0.0363525153583645 0.637007853929714 0.769998869873065
1744315088.73137 3.11581587791443 20.0706386566162 0.203451529145241 0.000744920397977552 0.0275077062330106 0.649425295041271 0.759927336889493
1744315088.9324 3.15071225166321 20.2878837585449 0.233031675219536 -0.0100806790573219 0.0273226821204435 0.651798707793222 0.757832630249302
1744315089.13264 3.18767762184143 20.5046787261963 0.223316058516502 -0.00848784220921709 0.0154499834045388 0.648806113744392 0.760749552293874
1744315089.33245 3.22053408622742 20.7278995513916 0.240253239870071 -1.27648443323455e-05 0.0167164590186333 0.637082390734827 0.770614421906659
1744315089.53241 3.25461006164551 20.9351844787598 0.271398693323135 -0.0212188858492537 0.0311030537548314 0.622669611909831 0.78157847548055
1744315089.7318 3.31322956085205 21.1418342590332 0.266012340784073 -0.0179724683768285 0.0380618677211142 0.628142340738278 0.776959126581226
1744315089.93174 3.38622212409973 21.3560829162598 0.282493144273758 -0.0187687897368239 0.0317785846062172 0.644989614812021 0.763299581342006
1744315090.1326 3.46786189079285 21.5570545196533 0.328116744756699 -0.0192733658718058 0.0291212815841496 0.64637922544213 0.762216757388408
1744315090.3328 3.55316495895386 21.7556476593018 0.329210042953491 -0.0106937725344318 0.0261438947729964 0.640501649025421 0.767437148951494
1744315090.53245 3.6233434677124 21.967227935791 0.337037414312363 -0.0065870741226148 0.00674853029548646 0.634592742775451 0.772789181219615
1744315090.73247 3.69567942619324 22.1751899719238 0.380591034889221 -0.0239380637764117 0.00333853378465882 0.621224289278855 0.783259986023023
1744315090.932 3.78535318374634 22.3773994445801 0.384828746318817 -0.0177860873168689 0.0120725436323471 0.618039527587948 0.785853072226016
1744315091.13154 3.89443349838257 22.5934238433838 0.381923109292984 -0.0109045061072387 0.0118127804906489 0.631872263414468 0.774905796010788
1744315091.33217 3.99941778182983 22.8114414215088 0.423841416835785 -0.0260519849342703 0.0228219781035089 0.64760764179916 0.761186438186965
1744315091.53282 4.09795045852661 23.0248966217041 0.431690037250519 -0.0274458195953254 0.0383810195680094 0.640211448014613 0.766748280829304
1744315091.73242 4.17536115646362 23.2458877563477 0.443584233522415 -0.0192683206671024 0.0363274169404045 0.632062652806376 0.773825467094793
1744315091.93209 4.23883771896362 23.4637279510498 0.523238718509674 -0.0242910719799223 0.0396592536685727 0.621910706873319 0.781705929424132
1744315092.13178 4.31781387329102 23.6694278717041 0.568340837955475 -0.029598718410076 0.034645170681579 0.607898277484948 0.792706321564145
1744315092.33158 4.40519618988037 23.8635196685791 0.591144144535065 -0.030351597470661 0.0173864347705409 0.603705769546788 0.796439474306032
1744315092.63258 4.57761001586914 24.1469135284424 0.702211797237396 -0.0104542316216904 0.0266255254789343 0.609524010362953 0.792251393956005
1744315092.83263 4.67324304580688 24.3213272094727 0.724857449531555 0.00634165408991855 0.0231680199467175 0.594478036418381 0.803753003410437
1744315093.03179 4.77366065979004 24.5176467895508 0.748420000076294 0.0170130533032915 0.0195383985071159 0.590602949708705 0.80654631782462
1744315093.23254 4.87749195098877 24.6914005279541 0.796675622463226 0.0187568868716019 0.0394091714922769 0.556132257718463 0.82994699127242
1744315093.43185 4.98602247238159 24.8701572418213 0.804516017436981 0.00623528604198711 0.0424495107177289 0.548500154815975 0.835048944921585
1744315093.63112 5.10997247695923 25.0543785095215 0.803818762302399 0.0153522475397879 0.0332462681509558 0.561280285546137 0.826815236438444
1744315093.83189 5.2237343788147 25.2231273651123 0.838822662830353 0.0092448629403253 0.0369855078508176 0.565581179973231 0.823810981705342
1744315094.23294 5.44933652877808 25.5475730895996 0.833098471164703 0.00883556843021549 0.00465884361422053 0.538982557327509 0.842257698571756
1744315094.43244 5.57595586776733 25.7149524688721 0.862537622451782 -0.00435870324893301 0.00748626980405883 0.518674322283516 0.854928011515674
1744315094.63155 5.71037435531616 25.8854904174805 0.851754665374756 0.00370317867748112 0.013839509602126 0.514504186305888 0.85736818037257
1744315094.9312 5.92641019821167 26.1367435455322 0.865611135959625 0.00408465794206614 0.0287741266732831 0.542596066894214 0.83949084175744
1744315095.33288 6.16043043136597 26.4501628875732 0.872641384601593 -0.00456269883156124 0.0105292744734537 0.524894307178119 0.851090055429176
1744315095.53264 6.25872564315796 26.633903503418 0.88896381855011 -0.00721048427936275 -0.00417430507276052 0.506043753688555 0.862467566605501
1744315095.73178 6.34352493286133 26.7991580963135 0.920980095863342 -0.0203937642693251 0.00603662108893854 0.500466351500754 0.865494705125502
1744315096.13123 6.5514497756958 27.1348705291748 0.889765501022339 -0.00453306614209247 0.00137818363219048 0.552709808207745 0.83336031812907
1744315096.33215 6.67556667327881 27.3089218139648 0.919300496578217 0.00985308896211627 0.0166246043990646 0.578701220734359 0.81531063790867
1744315096.53291 6.78599643707275 27.4852733612061 0.928882658481598 0.0162298842520179 0.0122727789056211 0.585213357080379 0.810624016699365
1744315096.73305 6.90918922424316 27.6794528961182 0.888602077960968 0.0236454662102609 -0.00202726729649742 0.573496364080825 0.818864275995162
1744315096.93275 7.0384316444397 27.8569927215576 0.916022598743439 -0.0014983305716045 -0.0181387809948284 0.529761503465543 0.847951348295082
1744315097.13102 7.18401908874512 28.0432949066162 0.908968687057495 -0.0207463939261254 -0.00322533072895997 0.502617276873567 0.86425404677615
1744315097.32993 7.33893489837646 28.231912612915 0.90571391582489 -0.00754651819418156 -0.013076850994258 0.505049339219883 0.862958406288958
1744315097.53046 7.48661279678345 28.3971004486084 0.929565906524658 -0.00452529452404999 -0.0115764292436919 0.513774223970843 0.857835389091983
1744315097.73175 7.62937831878662 28.5537548065186 0.918263733386993 -0.0137437814176845 -0.018809637963131 0.503818172633538 0.863495544236472
1744315097.93236 7.783522605896 28.7158222198486 0.892039120197296 -0.0282640707769015 -0.0328622480176981 0.478802333646254 0.876852062923526
1744315098.13247 7.94292497634888 28.8579959869385 0.919970273971558 -0.0344565520865087 -0.0293198670910192 0.446077980353686 0.893849834623049
1744315098.3321 8.12248134613037 28.98850440979 0.922764778137207 -0.0181865753188924 -0.0262506400326104 0.423012947933643 0.905560709315802
1744315098.53179 8.31343364715576 29.1197090148926 0.911120653152466 -0.00317775300097524 -0.0314580676818293 0.41510277210417 0.909224933916258
1744315098.73232 8.47822761535645 29.2511253356934 0.930515170097351 0.0075024796371821 -0.0140601566214867 0.401323308329694 0.915797809009381
1744315099.13295 8.81389045715332 29.5025405883789 0.917890250682831 0.00251281211658166 -0.0340391354608246 0.334860682826771 0.941649269170393
1744315099.33267 8.98912048339844 29.6091442108154 0.932178378105164 0.0131059287312102 -0.0140314063017726 0.294072611360867 0.955590212128969
1744315099.53205 9.18896770477295 29.685037612915 0.915592312812805 0.0275422377473033 0.0016459460833749 0.265649194825344 0.963674852473597
1744315099.83151 9.51539897918701 29.8054294586182 0.908927083015442 0.0443874000524352 0.0107625532295352 0.257892497896182 0.965093459564116
1744315100.03229 9.69872856140137 29.9097766876221 0.918576121330261 0.0169567322757687 0.018628861229414 0.243206244917926 0.969647439636049
1744315100.23267 9.88153457641602 29.9982051849365 0.911753594875336 0.01424333355996 -0.0201368870420144 0.221018103617559 0.97495775862478
1744315100.53242 10.1837348937988 30.1224212646484 0.948760509490967 0.026226022636684 -0.0159459782266837 0.187247787398728 0.981833075236995
1744315100.73185 10.3842277526855 30.2076034545898 0.929544985294342 0.0486317736391016 -0.0211111226375634 0.187956452525156 0.980745452728615
1744315101.03228 10.7032136917114 30.3389282226562 0.931185245513916 0.0570239492398153 -0.0231725227079707 0.206686359904219 0.976469176182222
1744315101.43302 11.1056041717529 30.5314178466797 0.890796184539795 0.0180832605831772 -0.0380436235732474 0.175051028613616 0.983657875367962
1744315101.83134 11.545238494873 30.6848602294922 0.892048835754395 0.021359768995774 -0.0110497971424761 0.154698750097028 0.987668952114004
1744315102.03096 11.770094871521 30.7586479187012 0.875227153301239 0.0240893344387742 -0.0154564250856713 0.173077147669212 0.984492307661445
1744315102.33218 12.0882835388184 30.8812656402588 0.899210035800934 0.0243601057514957 -0.00119505286123992 0.184108082456756 0.982603364064326
1744315102.73253 12.5051527023315 31.0345573425293 0.891274929046631 -0.00690541906858602 -0.0131138752917643 0.145066305546874 0.989310926077995
1744315102.93161 12.7104415893555 31.0918521881104 0.886000037193298 0.00199417312272305 -0.0121763607878489 0.148982108655861 0.988762909302313
1744315103.13139 12.9368991851807 31.1503829956055 0.878639340400696 0.00484953911014705 -0.0332325493667438 0.177674469996913 0.983516071218118
1744315103.43289 13.2583103179932 31.2544918060303 0.871985793113708 0.00429807244820279 -0.0238532461279758 0.180807406401005 0.983219828427463
1744315103.63332 13.4826955795288 31.3042182922363 0.838800370693207 -0.0155909124810921 -0.0275284455093067 0.149211893597922 0.988299002804703
1744315103.83223 13.7268962860107 31.3528938293457 0.853739738464355 -0.00711969764579936 -0.00762587752774829 0.124972107083562 0.992105401834129
1744315104.0311 13.9516506195068 31.3825569152832 0.856872737407684 0.00184610434147521 0.0133366229559646 0.108913998109446 0.993959992858217
1744315104.33067 14.3039989471436 31.4271278381348 0.850326001644135 0.0109903596868793 0.00277434323048131 0.124218519904259 0.99219014020821
1744315104.53176 14.5119705200195 31.4605598449707 0.868567109107971 0.0241575163779214 0.0094248843100327 0.120461034741094 0.992379325191379
1744315104.83239 14.8291358947754 31.5053176879883 0.846636116504669 0.00122588435584882 -0.0247634676153201 0.106596499872802 0.993993186140669
1744315105.03293 15.0476217269897 31.5249328613281 0.855524301528931 -0.00732623942329014 -0.012797344524265 0.0704744883970716 0.997404582240432
1744315105.33124 15.373251914978 31.5490131378174 0.81072336435318 0.0250359240414684 -0.015626415046567 0.0868650902657568 0.995782844677144
1744315105.53122 15.6137704849243 31.5844993591309 0.8203284740448 0.022002588371289 0.0045091413112223 0.122758142186594 0.992182439008318
1744315105.83301 15.9201898574829 31.6354827880859 0.819823801517487 -0.011097843711399 -0.0132466121812044 0.112285520617158 0.993525705248944
1744315106.13254 16.2540187835693 31.6814594268799 0.819991648197174 -0.0190782666413294 -0.0152563377721346 0.0834750677325254 0.996210407979557
1744315106.33164 16.4710788726807 31.6949272155762 0.803616881370544 -0.0108186182127636 -0.0113045523167815 0.0850925661870736 0.99625017931069
1744315106.63123 16.8325023651123 31.7326698303223 0.788372695446014 -0.0147295620612785 -0.0230973090017846 0.11963861140069 0.992439497894191
1744315106.83238 17.0476894378662 31.7572364807129 0.799227833747864 -0.00939804654613621 -0.00622145323365124 0.128391209179211 0.99165955228913
1744315107.13306 17.3844451904297 31.7969970703125 0.768864333629608 -0.0201772066793417 -0.0305731356638572 0.111321222486879 0.993109132537973
1744315107.33253 17.6158199310303 31.8097190856934 0.783514320850372 -0.0367486878974484 -0.00845819217516766 0.0814746421122706 0.995961784214445
1744315107.63094 17.9728012084961 31.8124122619629 0.755061566829681 -0.0017994711393412 -0.0132469512776968 0.103433100534675 0.994546566983793
1744315107.83132 18.2123603820801 31.831958770752 0.765252351760864 0.00871790583218 0.0104432074965897 0.127663181715565 0.991724281022373
1744315108.03225 18.4293842315674 31.872486114502 0.756275475025177 -0.0088936135801494 0.00355358262035699 0.13359286295712 0.990990021470937
1744315108.23305 18.6507358551025 31.9029197692871 0.74250316619873 -0.0166011561164112 -0.0109011199984428 0.109272637757749 0.993813391857768
1744315108.53183 18.9751319885254 31.9260196685791 0.767673671245575 -0.00620243650359906 0.00511218456943809 0.0963439970980357 0.995315643187386
1744315108.73122 19.1964302062988 31.9470348358154 0.742948234081268 0.00356852141500614 -0.00641017681894257 0.112676011826643 0.993604695865968
1744315108.93178 19.4154224395752 31.970588684082 0.743481516838074 0.00140208921948795 0.00367570202183832 0.123654797028326 0.992317496838764
1744315109.43218 19.8963623046875 32.0168571472168 0.728354871273041 -0.0185799394536512 -0.0411058919861058 0.0734937798334502 0.996274939873385
1744315109.93115 20.4112987518311 32.0011787414551 0.69924134016037 -0.0018410949702075 -0.0240762379718252 0.0350193646598938 0.999094885000045
1744315110.13132 20.6280651092529 32.0252685546875 0.714282155036926 -0.00357193780320821 -0.0171329363679571 0.0575584469000166 0.998188724110927
1744315110.43265 20.9571762084961 32.0939025878906 0.699268996715546 -0.0352666472930173 -0.00588568499625148 0.0670565037217733 0.997108342964518
1744315110.6323 21.1907043457031 32.1313209533691 0.716225504875183 -0.0318843739667249 0.00276294064984427 0.08548105253548 0.995825658693901
1744315110.93224 21.5355339050293 32.1356620788574 0.709508061408997 -0.00532585840686489 -0.0012845973602603 0.10313877606389 0.994651887804922
1744315111.1324 21.7606945037842 32.1290092468262 0.708668053150177 -0.00143623668327731 -0.0100499725740252 0.118387136564269 0.99291561633986
1744315111.33264 21.9777297973633 32.1555252075195 0.713152647018433 0.00898079899045479 0.00966146444741339 0.132412050863032 0.991106982187327
1744315111.53304 22.1970500946045 32.1878318786621 0.689571976661682 -0.0142780466232678 -0.0038442609723179 0.128918167382363 0.991544988974768
1744315111.83233 22.525032043457 32.2302589416504 0.715353548526764 -0.0262758491181662 -0.000144101664487199 0.103403455996657 0.99429235352374
1744315112.03119 22.7510375976562 32.2449836730957 0.700450122356415 -0.0104240987024779 -0.0131775195140169 0.110789484087104 0.993701857380478
1744315112.23102 22.9877090454102 32.2577323913574 0.696322202682495 -0.0013894584791619 -0.0123242957764444 0.136152491451158 0.990610256463354
1744315112.43208 23.2087020874023 32.2916870117188 0.710529327392578 0.00379031153753031 -0.000525027224781497 0.139960604715614 0.990149679095288
1744315112.73266 23.5437870025635 32.3321380615234 0.669509768486023 0.000888001988954071 -0.0214515149859881 0.128354347222691 0.991495943262659
1744315112.93269 23.7670288085938 32.3547019958496 0.69111555814743 0.00645017246802704 -0.00164081571371651 0.105520525815011 0.994394851973123
1744315113.13204 23.9897155761719 32.3851318359375 0.689041495323181 0.0155675306326028 -0.00661518048641173 0.100698754739584 0.994773166189676
1744315113.33168 24.2036666870117 32.4198150634766 0.678644776344299 0.00810458044197324 -0.0171355716997858 0.11594108874225 0.99307519951897
1744315113.63233 24.5316925048828 32.4950790405273 0.69730544090271 0.00227889760909226 -0.013986568835834 0.142946968370849 0.989628893450202
1744315113.93309 24.8846092224121 32.5519065856934 0.676329076290131 0.00781741348413623 -0.0185417783199448 0.125863007312484 0.991843532969495
1744315114.13266 25.1109447479248 32.5658874511719 0.672701776027679 0.0129935134724401 0.00432886218614406 0.0971410217030308 0.995176392134734
1744315114.43056 25.4780788421631 32.5993576049805 0.631293416023254 0.0344825308087743 0.000797997634986997 0.118201753412244 0.992390378711456
1744315114.73167 25.8244304656982 32.6494674682617 0.657429397106171 0.0211839606077606 0.0219131297870151 0.134708611007498 0.990416399640241
1744315115.03254 26.1751270294189 32.6965675354004 0.641659200191498 0.0135695258573944 0.00113051139981705 0.113498501967301 0.993444855018717
1744315115.23246 26.3954524993896 32.7132759094238 0.668574273586273 0.0172977345895752 0.0140280041767097 0.098515322211569 0.994886292380409
1744315115.53163 26.745288848877 32.7263793945312 0.639605045318604 0.0365055311982921 -0.0114842782376292 0.114869847603845 0.992643126031083
1744315115.8325 27.1043148040771 32.7731666564941 0.655801832675934 0.0307663165408133 0.0128273108674095 0.133983644350593 0.990422776852873
1744315116.13315 27.4394683837891 32.8136940002441 0.62893009185791 0.0080460528170879 -0.000500267000457123 0.101583641821279 0.994794337781091
1744315116.3323 27.6757030487061 32.8369064331055 0.643534243106842 0.000704824243752674 0.0214733516892961 0.0748839791296516 0.996960775587346
1744315116.63067 28.0243434906006 32.8509902954102 0.613481819629669 0.0286182758590014 0.00670286834836797 0.0800828374822078 0.996354758599346
1744315116.83086 28.2515449523926 32.8898582458496 0.625383853912354 0.0263511622386896 0.00969268952664936 0.109751773158887 0.993562386721081
1744315117.13266 28.5875377655029 32.9541702270508 0.602931916713715 0.00416730007603606 -0.00367430318491075 0.103158537888865 0.994649410177683
1744315117.33272 28.8090629577637 32.9977149963379 0.620018422603607 -0.00573260328285293 -0.0100315656845794 0.076639752121373 0.996991902346399
1744315117.63136 29.1592884063721 33.0222206115723 0.606198251247406 0.0245224329535172 0.00099186969187702 0.0740731026081134 0.996950772077821
1744315117.83139 29.4062099456787 33.0509986877441 0.584045827388763 0.0199391732763253 -0.00142870130487553 0.0899456305299729 0.995746037767765
1744315118.13272 29.7427787780762 33.0839996337891 0.611577689647675 0.0136973575724952 0.00664365176690551 0.0832295160262425 0.996414116694845
1744315118.43269 30.0758018493652 33.0907135009766 0.600842952728271 0.0442211706234621 -0.0400907138725984 0.0355830924446961 0.997582611246782
1744315118.63141 30.3336181640625 33.1167755126953 0.592000722885132 0.0462842519821854 0.0199398468354037 0.040352163715323 0.997913760507451
1744315118.93094 30.6427612304688 33.1537475585938 0.579934418201447 0.0209189194335233 -0.043530791446213 0.0570361635958621 0.997203261651338
1744315119.23193 30.9894924163818 33.2164344787598 0.594174087047577 0.0345300304294747 -0.0211264888110908 0.124919359956425 0.991340759767867
1744315119.4342 31.1960678100586 33.2359237670898 0.563709795475006 0.0206703405886063 -0.04561216206032 0.0728355242645167 0.996085967222331
1744315119.73103 31.5354900360107 33.232364654541 0.604699194431305 0.0275504600982372 -0.0420719900920629 0.0139645787715547 0.998637026320275
1744315120.02868 31.867603302002 33.2320251464844 0.576942920684814 0.0459430404298419 -0.0488893093790639 0.0437684860036132 0.996786532863206
1744315120.22954 32.0892524719238 33.2490119934082 0.595367610454559 0.0234770738244719 -0.0510957086287471 0.0453585686522087 0.997386913797343
1744315120.53141 32.4022026062012 33.2857666015625 0.565871059894562 -0.00126403558045537 -0.0582285484827263 0.0499162207988464 0.997053764476524
1744315120.83182 32.7511367797852 33.3272705078125 0.582588315010071 0.001567726995672 -0.0250298837550518 0.0259504263166083 0.999348599101065
1744315121.03126 32.9844398498535 33.3661041259766 0.571383774280548 0.0299297563189641 -0.0262099721752675 0.0376888354577371 0.998497270265222
1744315121.33137 33.321174621582 33.4283142089844 0.567198514938354 0.0339451967697542 -0.044266918723004 0.0969376195889875 0.993725948856854
1744315121.63304 33.6671676635742 33.5043296813965 0.550627887248993 0.0042014420095801 -0.0297302130966687 0.0931232462365803 0.995201750061076
1744315121.93284 34.020637512207 33.5565872192383 0.560381054878235 -0.00179354948349748 -0.0176763040939233 0.0465115730492268 0.998759733382517
1744315122.13111 34.2538032531738 33.5760688781738 0.553553462028503 0.0147527306160301 -0.022491713077208 0.0517432484756845 0.998298109794568
1744315122.43052 34.6141586303711 33.6216850280762 0.5336754322052 0.0254575945365465 -0.0138233487958579 0.0901926540514714 0.995502943774468
1744315122.63173 34.8471832275391 33.6776885986328 0.531773746013641 -0.006278541560835 -0.00213500565772197 0.0949171482776438 0.995463086522825
1744315122.83264 35.0757484436035 33.714786529541 0.498091340065002 -0.0176113340683615 -0.0163032262557398 0.0832485315087834 0.99623979429032
1744315123.03269 35.2961196899414 33.7463035583496 0.510896682739258 -0.0148122093184715 -0.00737850043081259 0.071478771217162 0.997304838778888
1744315123.23219 35.5192718505859 33.7632942199707 0.498234361410141 -0.003455462149947 -0.0116315769149884 0.0673894888516674 0.997652957191082
1744315123.43167 35.776008605957 33.7804946899414 0.467761188745499 0.00239396352938922 -0.00325189308889773 0.0891754566306553 0.996007746990289
1744315123.63293 36.0127639770508 33.7989730834961 0.465933501720428 0.0183961260733082 0.0228890158412013 0.0741691772334647 0.996813226561439
1744315123.833 36.2416381835938 33.8364677429199 0.459211528301239 -0.0058839760879058 0.0292214898224983 0.0548187380647888 0.998051295933698
1744315124.13206 36.5690116882324 33.9020843505859 0.470047652721405 -0.0178296894753102 0.0343904337274033 0.0301671869181334 0.99879394325091
1744315124.33139 36.7796592712402 33.9415588378906 0.478501170873642 -0.0195019604169124 0.0212680705990782 0.0301026695409901 0.999130207730402
1744315124.53114 37.004711151123 33.9834518432617 0.46452134847641 -0.0289086935194036 0.00753945128140429 0.0585608427624461 0.997836695961984
1744315124.7318 37.2319946289062 34.0311279296875 0.469719558954239 -0.0154355741294195 0.00467426295720471 0.0856713377768044 0.996192911137514
1744315124.93248 37.466911315918 34.0932197570801 0.46088969707489 -0.0249969573166659 0.0113813799025965 0.105524023004079 0.994037371976253
1744315125.13293 37.6964950561523 34.1550407409668 0.450693160295486 -0.0234315212208687 5.94727566925845e-05 0.0973541488423011 0.994973934321628
1744315125.33249 37.9107704162598 34.2008438110352 0.466156184673309 -0.0434252654259317 0.0183542231309286 0.0800838998267433 0.995672605731667
1744315125.53161 38.1484146118164 34.2334136962891 0.455461978912354 -0.0272610684795167 0.00313467457523648 0.0791586899822572 0.99648427471835
1744315125.73111 38.3801879882812 34.2647857666016 0.448170453310013 -0.0133449502896294 -0.00795105413975898 0.100104604569875 0.994855648415258
1744315125.93186 38.6174354553223 34.3141593933105 0.466397732496262 -0.00644004846649861 0.000824174071349706 0.105106565655266 0.994439770106267
1744315126.13259 38.8444557189941 34.3556785583496 0.449534893035889 -0.00915543835669028 -0.0208445384363193 0.0971227448614098 0.995011987664701
1744315126.43242 39.1787948608398 34.4150810241699 0.470167875289917 -0.00742294707171933 -0.00548785696543936 0.0869343496676739 0.996171271484254
1744315126.63203 39.4003639221191 34.4350776672363 0.456512063741684 0.00795656447247355 -0.0208385079096985 0.0955171338617991 0.995177836775277
1744315126.93222 39.7631797790527 34.4625015258789 0.460777312517166 0.0265246275671906 0.00193543389307266 0.114433468130603 0.993074861024923
1744315127.13289 39.9874610900879 34.4876403808594 0.456490486860275 0.0177547522108852 0.00447830759952615 0.107240869828363 0.994064439245983
1744315127.43276 40.2820129394531 34.5108070373535 0.46046507358551 0.0127175603372109 -0.0193091244605835 0.06692729209457 0.997489929244663
1744315127.63149 40.4942283630371 34.5202445983887 0.461600810289383 0.018866707585728 -0.0193509230390238 0.0560591420737638 0.998061602163096
1744315127.93062 40.8282814025879 34.5493316650391 0.434032201766968 0.0179628277474461 -0.0268301010491498 0.0883578986395732 0.995565349058015
1744315128.2322 41.1483879089355 34.596794128418 0.436523914337158 -0.00574035445279019 -0.0141714907668264 0.102593753768276 0.994605820849615
1744315128.43303 41.360179901123 34.6192092895508 0.407095044851303 -0.0211005642610027 -0.0276460266793932 0.0781965417599428 0.99633115190357
1744315128.63269 41.5735702514648 34.6247329711914 0.430544853210449 -0.0315847186499419 -0.0154955314343538 0.0470248366388289 0.998273989840696
1744315128.93101 41.900260925293 34.5982437133789 0.404744863510132 -0.000986253523756215 -0.0145918652802345 0.0596939135200238 0.998109583893619
1744315129.13128 42.1166191101074 34.6085395812988 0.408141911029816 0.00864521996678953 -0.00864885752800385 0.084236740093672 0.996370728721783
1744315129.43253 42.4223937988281 34.6572074890137 0.408342689275742 -0.0137807938629262 -0.00815366584467197 0.0954460329778447 0.995305813427508
1744315129.63308 42.6266937255859 34.6825141906738 0.408420473337173 -0.00533818592791829 -0.0128555393714676 0.0718834282055553 0.997315903627273
1744315129.93165 42.9327011108398 34.6772003173828 0.426918506622314 0.0119116177149068 -0.000288257674948642 0.0533656606652119 0.998503949182322
1744315130.23094 43.2480697631836 34.6778869628906 0.403835624456406 0.00856748855021556 -0.00876382810700387 0.0967752849854491 0.995230796183899
1744315130.43213 43.4508399963379 34.7073822021484 0.410824120044708 -0.00100901319776203 -0.00140950359918398 0.104433484353897 0.994530362803306
1744315130.73271 43.764461517334 34.7377815246582 0.379988938570023 -0.0137923039042962 -0.0227475236795957 0.089682619796592 0.995615061269102
1744315130.93277 43.973804473877 34.7411842346191 0.405331164598465 -0.0118136695708045 -0.016852070320628 0.0586525940074322 0.998066289458461
1744315131.13184 44.2042121887207 34.7375907897949 0.384134322404861 -0.00158757883821312 -0.0133056462906171 0.0574441520981397 0.99825878847118
1744315131.33122 44.4402542114258 34.7395057678223 0.368526041507721 -0.00487308731767236 -0.00722021016685308 0.0813054841985596 0.996651162556076
1744315131.63218 44.7739028930664 34.7874450683594 0.366539776325226 -0.016458107584472 0.0107736276653876 0.102713101537203 0.994516504847594
1744315131.83292 44.9874839782715 34.827995300293 0.345236152410507 -0.0261159796625052 -0.0050401230839345 0.0938147016125243 0.995234321417283
1744315132.13233 45.3147125244141 34.8886909484863 0.372801065444946 -0.040066926882997 0.00207186153149182 0.110453209623461 0.99307121458827
1744315132.33212 45.5388221740723 34.9065093994141 0.354992657899857 -0.0213305858050411 -0.0134452093832957 0.129830726819156 0.991215523903587
1744315132.63276 45.8879890441895 34.9377250671387 0.366784751415253 0.00590833410989469 0.00641017650625501 0.147669363925069 0.988998362073047
1744315132.83327 46.1034317016602 34.9631080627441 0.350228905677795 -0.00776788253100983 -0.0123669110410339 0.127555520716418 0.991723907469741
1744315133.13189 46.4209671020508 35.0200691223145 0.367579460144043 -0.0245828228185907 -0.0155797761924445 0.0820606615121181 0.996202290314702
1744315133.33096 46.6378974914551 35.0420074462891 0.343508958816528 -0.02014847769669 -0.0151338875511487 0.0748369378518803 0.996877343020218
1744315133.63063 47.0053062438965 35.0647621154785 0.321669191122055 -0.0134125091038689 -0.00869349585331604 0.113053851100787 0.993460293358858
1744315133.83202 47.2394638061523 35.0853424072266 0.317642658948898 -0.0220241893623572 0.0121888646258747 0.109231136735076 0.993697602608372
1744315134.03266 47.466194152832 35.1041603088379 0.292261958122253 -0.0292228307184929 -0.0014350515960925 0.0949955747513727 0.995047640854131
1744315134.23231 47.6993751525879 35.1250190734863 0.301379531621933 -0.0266422449235834 0.00678082808960204 0.0847854298820411 0.996019900421457
1744315134.53136 48.0328559875488 35.1341247558594 0.28163281083107 -0.00600218853785943 -0.00785543079440491 0.099996802541462 0.994938644048604
1744315134.73158 48.2731552124023 35.1399002075195 0.280801028013229 -0.000835095698932798 -0.0103189702584496 0.13176290400655 0.991227198272797
1744315135.03317 48.5995903015137 35.1715774536133 0.29103609919548 -0.0187555203842975 0.00407253238833854 0.127995780004074 0.991588990074118
1744315135.23293 48.8005065917969 35.1804542541504 0.289510756731033 -0.00349528431270408 -0.0206729712175698 0.105859553758978 0.994160030441056
1744315135.53145 49.1139183044434 35.1962242126465 0.3113734126091 0.00600395555732471 -0.0208372360408322 0.074112089598196 0.997014122411129
1744315135.73086 49.3399810791016 35.2097206115723 0.289254575967789 0.0223565908334304 -0.0278447271478304 0.0758359996739712 0.996480684795154
1744315136.03132 49.673583984375 35.2742691040039 0.287080347537994 0.0398808650201575 -0.00706403868399594 0.0876345636298408 0.995328990444929
1744315136.23236 49.8797149658203 35.3185653686523 0.276958465576172 0.0122414442487797 -0.0170165889927889 0.0797399702020195 0.996595263832784
1744315136.53235 50.1813926696777 35.3506546020508 0.286097854375839 0.00600951562789393 -0.0183237670694326 0.0421607828325117 0.998924718721713
1744315136.73154 50.4068489074707 35.3472747802734 0.25803554058075 0.0284422676427755 -0.0182704492257855 0.0545854190731843 0.997936701460082
1744315136.93155 50.6429328918457 35.3557090759277 0.249715819954872 0.0345583777769603 -0.00663155168816261 0.0872329556756962 0.995566247163751
1744315137.23281 50.9690055847168 35.3959884643555 0.248184785246849 0.0170780427393258 0.0212743613303902 0.100404999194154 0.994572560521855
1744315137.43321 51.1793174743652 35.408878326416 0.237046584486961 0.0222504413906738 0.00644494206708085 0.0832567070307694 0.996258852564967
1744315137.63248 51.4035797119141 35.4257583618164 0.24401281774044 0.00705460471801553 0.025297975072363 0.0550837611150236 0.998136275400776
1744315137.83115 51.633228302002 35.4280281066895 0.214342534542084 0.0168139342903833 0.0263378768975933 0.052335790101686 0.998140557701488
1744315138.03028 51.8753852844238 35.4480590820312 0.211621508002281 0.0298652920884396 0.0250632781897101 0.0874414875361091 0.995406390713024
1744315138.23161 52.1007461547852 35.4957656860352 0.214228600263596 0.0287104530823424 0.0495374939781606 0.0905938589509907 0.99424066467558
1744315138.43242 52.3091430664062 35.5505561828613 0.209547430276871 0.00340048411090272 0.0148614809363945 0.0812233732099161 0.996579317835059
1744315138.63238 52.522289276123 35.5988159179688 0.237015023827553 0.00470836268489298 0.0192361357903806 0.0700149019821469 0.997349344964497
1744315138.83189 52.7492065429688 35.6273307800293 0.232583239674568 -0.00678576026714931 0.0262860234822585 0.0774127579610371 0.996629451366932
1744315139.03166 52.9742813110352 35.6443824768066 0.211737126111984 0.00173588967900473 0.00772541303584241 0.0990405552903747 0.995051894670937
1744315139.23245 53.207878112793 35.6793098449707 0.202431604266167 0.00101405311973494 0.0357879569402369 0.11283920871547 0.992968029098007
1744315139.53292 53.5324859619141 35.7293663024902 0.176521956920624 -0.0164718741035889 0.0211708722392493 0.105438280618267 0.99406400222139
1744315139.73251 53.7551422119141 35.7575187683105 0.193886160850525 -0.0138970937043914 0.0189740310426959 0.0955786546168182 0.995143998481728
1744315140.03179 54.0726699829102 35.7931823730469 0.194493442773819 -0.000105860544462005 0.00591527792106736 0.116752212519238 0.993143453461042
1744315140.33229 54.4170951843262 35.8352966308594 0.205792486667633 0.00686535623043185 0.0281639185207899 0.146542609214906 0.988779512460625
1744315140.53307 54.645622253418 35.8746452331543 0.19470052421093 -0.00495979559194284 0.0350831138794338 0.131918631471113 0.990627099477395
1744315140.83216 54.9623031616211 35.917163848877 0.212922126054764 0.00339751176408644 0.0165302847613572 0.120135181452516 0.992614096603958
1744315141.03195 55.19189453125 35.9407958984375 0.219359338283539 0.00859868826237055 0.0205592964088509 0.102186061268499 0.994515654363354
1744315141.33096 55.5153846740723 35.9933013916016 0.210177481174469 0.0117694812234403 -0.0132150450599419 0.140211818780459 0.989963376984255
1744315141.53213 55.7381553649902 36.0408782958984 0.215290695428848 0.0238612362582832 0.000245247010716472 0.163267566404692 0.986293203372314
1744315141.83352 56.0710105895996 36.1008033752441 0.190485119819641 0.0165078884844427 -0.0112316205815312 0.137601604405906 0.99028639230367
1744315142.03253 56.2718086242676 36.1296195983887 0.211530402302742 -0.000138761216840418 0.0010085499971411 0.108137558333291 0.994135419372
1744315142.33084 56.5923004150391 36.1628684997559 0.177877485752106 0.0205146268849113 -0.0124456338491983 0.108347116475473 0.993823504769994
1744315142.53069 56.836986541748 36.1815948486328 0.177588984370232 0.0163394931958795 0.00345347719997568 0.133106440613049 0.990961033504676
1744315142.83189 57.1551322937012 36.234790802002 0.158860296010971 0.00901750981074978 0.00450127681318549 0.128294170508298 0.99168494434344
1744315143.03209 57.3773498535156 36.277286529541 0.152781575918198 0.0120459575151476 0.00210205028325112 0.12599297074924 0.991955768980619
1744315143.33195 57.7061805725098 36.3179168701172 0.15960781276226 0.00709915301743428 0.0235479629416411 0.124761700611773 0.991881854621906
1744315143.53151 57.919059753418 36.341609954834 0.14805343747139 0.00745741903814529 0.00291218075021447 0.158742143564957 0.987287616635077
1744315143.83289 58.2347259521484 36.3751106262207 0.156676113605499 0.0105894221458526 0.016467766729974 0.18939813371853 0.981705161309383
1744315144.23266 58.6391906738281 36.4118385314941 0.156125530600548 -0.0214319359465282 -0.00150884507535011 0.139181816258508 0.990033745652695
1744315144.43113 58.8496360778809 36.4078407287598 0.154296293854713 -0.014665891612988 -0.00142440434644197 0.123428705047522 0.992244041285079
1744315144.73004 59.1690368652344 36.3954277038574 0.138406842947006 0.00273574026611548 -0.0154949304771007 0.154736384920918 0.987830488513243
1744315144.93133 59.3804702758789 36.4151039123535 0.145471230149269 0.00677109914208294 0.000693948350578571 0.166784391672336 0.98596989677504
1744315145.23284 59.6915893554688 36.4496192932129 0.129844054579735 -0.0051876589616975 -0.0193940716036084 0.135372434431881 0.990591369928649
1744315145.43247 59.8978805541992 36.462158203125 0.146552205085754 -0.0174777814403232 -0.00809527042087946 0.100216151173054 0.99477923017964
1744315145.73099 60.2002372741699 36.4689903259277 0.1275734603405 0.00818508634506408 -0.0271920308877347 0.116375426203284 0.992799253622669
1744315145.93156 60.4006996154785 36.4849128723145 0.129980325698853 0.0174193729938549 -0.0276147221306257 0.140836024923208 0.989494419716442
1744315146.2333 60.6917457580566 36.5086555480957 0.113434806466103 -0.0143873725358824 -0.0304471574790026 0.128111535797771 0.991187877502797
1744315146.53291 61.0046348571777 36.4769592285156 0.118976406753063 -0.0175448596593818 -0.0213301424828136 0.0665441630169339 0.997401161664438
1744315146.7316 61.1996269226074 36.4289245605469 0.106990911066532 0.0067333436705769 -0.0167483108937929 0.0367961022088652 0.999159748502437
1744315146.93043 61.4238243103027 36.3736152648926 0.0882581621408463 0.00750780283719951 -0.0186603270118264 0.0249731431323792 0.999485751381409
1744315147.23122 61.7482032775879 36.2812538146973 0.08041962236166 0.0116839514201994 0.0139717765657593 -0.00504415536087189 0.999821399668712
1744315147.43221 61.9485244750977 36.2195053100586 0.0710729286074638 -0.00393305578573236 0.00433325043784824 -0.04626200625579 0.998912198739218
1744315147.83211 62.3198127746582 36.0110168457031 0.0819480046629906 0.00346458943005788 -0.00716477093949083 -0.124167006565708 0.992229417603599
1744315148.13104 62.6158676147461 35.8100357055664 0.0581092946231365 0.0292292451519769 -0.0264867486941037 -0.110331894687011 0.993111764297572
1744315148.43343 62.8984870910645 35.6197700500488 0.0353178046643734 0.0210438023339205 0.00607042183944434 -0.140707765201817 0.989808887196883
1744315148.73256 63.1701850891113 35.3805541992188 0.0371929109096527 0.00939895276226009 -0.00258853664047517 -0.204022344811884 0.978917689074262
1744315149.03066 63.4411888122559 35.167064666748 0.014755230396986 0.0226190521831402 -0.00923360110501083 -0.221722797297532 0.974803631634355
1744315149.33095 63.7234497070312 34.9518394470215 0.00990481115877628 0.0386414488332785 -0.00286728060545541 -0.204476687652214 0.978104238484209
1744315149.53208 63.9045944213867 34.8238334655762 0.00585638545453548 0.0200802419446396 0.00182863252249944 -0.216861609453915 0.975994099537287
1744315149.83289 64.1544036865234 34.6064872741699 0.00170134450308979 0.0122431703341807 -0.000315647754737448 -0.265258809434193 0.96409946020326
1744315150.0322 64.3131713867188 34.4525108337402 -0.00467108702287078 0.0207489865540726 0.0164672883726851 -0.282731954206262 0.958833118973963
1744315150.33152 64.5477676391602 34.2115631103516 -0.0267774667590857 0.02369826630179 -0.0121555641571796 -0.263624679926358 0.964257570656324
1744315150.63335 64.7664794921875 33.9899635314941 -0.0310335699468851 0.00588189523617339 -0.00389012087404762 -0.284617804234032 0.958615134337558
1744315150.83331 64.8998107910156 33.8251609802246 -0.0477025918662548 -0.00110962607410019 -0.0114727914472503 -0.328461867928299 0.944446899038499
1744315151.13141 65.070556640625 33.5743560791016 -0.0343658626079559 0.0125990353770854 -0.00975771909865534 -0.388606096856263 0.92126616822268
1744315151.33032 65.1799392700195 33.3880577087402 -0.0544637963175774 0.00464112116821855 -0.0220993633889756 -0.393982212300255 0.918840625202815
1744315151.63164 65.3585662841797 33.1083755493164 -0.0483576506376266 0.0144125013417722 -0.00536231293090401 -0.405373037952725 0.914022004935375
1744315151.83247 65.4553375244141 32.9177856445312 -0.0711670741438866 -0.0133758106785934 -0.00823139668865546 -0.436974778785928 0.899336630246002
1744315152.03271 65.539306640625 32.7210388183594 -0.0687468722462654 -0.00123070483657209 -0.0122234622946276 -0.476772603015672 0.878940815612062
1744315152.232 65.597412109375 32.5133934020996 -0.0704860538244247 0.0155442758121469 -0.00783825857480334 -0.505777638917986 0.862488212767304
1744315152.43132 65.6532745361328 32.3077430725098 -0.093167819082737 0.0163890309271009 -0.0242578869167056 -0.503920286464665 0.863253902091949
1744315152.63169 65.7282638549805 32.1110229492188 -0.0947620943188667 0.0109733587533584 -0.0186816078817701 -0.489868243317639 0.871527215360204
1744315152.83283 65.7926483154297 31.9080829620361 -0.0926567539572716 -0.00735115574768755 -0.0022104619647621 -0.502100740873489 0.864775069241343
1744315153.13306 65.8916015625 31.6041965484619 -0.108892180025578 -0.035474208868765 -0.000124330684314829 -0.542459731144843 0.839332475919573
1744315153.33191 65.9389877319336 31.3864974975586 -0.10172988474369 -0.0386227562390981 0.0111152852370269 -0.563165107274389 0.825366461084542
1744315153.53098 65.9816055297852 31.1590595245361 -0.127518609166145 -0.0293581479846237 -0.0133070254435523 -0.556911136313315 0.829946388913748
1744315153.73114 66.0386505126953 30.9160404205322 -0.12873712182045 -0.01267603191225 -0.0152638585523877 -0.541061230400668 0.840749117034545
1744315153.93239 66.0994720458984 30.6898593902588 -0.142297998070717 0.00339384017915534 -0.0165266058526305 -0.550902997631253 0.834398729834082
1744315154.13321 66.15869140625 30.4628410339355 -0.156584322452545 -0.0155480735893281 -0.0211786599897689 -0.581595747131349 0.81305357061354
1744315154.43219 66.199821472168 30.0915050506592 -0.133933529257774 0.0126770314172614 -0.0146156078405449 -0.616658369965435 0.786993095035445
1744315154.63133 66.2073669433594 29.8387813568115 -0.172639653086662 0.029522209459856 -0.0296648705315792 -0.620620924811897 0.782993041023085
1744315154.93211 66.26708984375 29.488597869873 -0.162100300192833 0.0358948394984396 -0.000492741784675281 -0.608058436493156 0.79308023270815
1744315155.23304 66.3218002319336 29.177734375 -0.194088518619537 -0.00432133326195121 0.00715800116940203 -0.625061780110665 0.780530499175391
1744315155.43259 66.3412857055664 28.9632186889648 -0.160180121660233 -0.0042187717224556 0.00495206126682328 -0.635680648632859 0.771924732087313
1744315155.63192 66.3393402099609 28.739221572876 -0.161236986517906 0.00969678929652701 -0.0278579664491396 -0.634870094085283 0.772055613034969
1744315155.93193 66.3723373413086 28.4056816101074 -0.153961554169655 -0.00121845657857923 -0.043490854265193 -0.611461568292468 0.79007709209935
1744315156.13284 66.4000854492188 28.1916465759277 -0.155308529734612 0.00484977420899771 -0.0273134474481011 -0.619554049133855 0.784463661032471
1744315156.43263 66.4606170654297 27.8935985565186 -0.164724111557007 -0.00467132240854894 -0.0359675716686369 -0.649408727650055 0.759574102367343
1744315156.93113 66.5142440795898 27.5340614318848 -0.186866998672485 -0.0203728535837881 -0.0600093922242813 -0.640271250982998 0.765530237708736
1744315157.43095 66.6250534057617 27.2738609313965 -0.208590462803841 0.0369130963105033 -0.00959623569940633 -0.638021805153595 0.769073151091443
1744315158.33091 66.6688995361328 27.0574226379395 -0.227279469370842 0.0364775930984648 -0.0103832726547502 -0.607596725598781 0.793339644724982
1744315158.93267 66.8776550292969 26.6683750152588 -0.215031459927559 -0.0689984748397911 0.0295140553933808 -0.601945608599952 0.795002902693602
1744315159.23082 66.9345397949219 26.3313655853271 -0.20558999478817 -0.0611922037525837 -0.0019002208411551 -0.619332092598088 0.782738565830719
1744315159.43078 66.9988784790039 26.1306648254395 -0.159122735261917 -0.0578493009498069 -0.00366595606821426 -0.631485952460861 0.773217634945249
1744315159.63114 67.0556945800781 25.9259300231934 -0.160469368100166 -0.0486194566238292 -0.00456463204115769 -0.642920127612517 0.764374922457976
1744315160.13237 67.1608047485352 25.4288368225098 -0.169975876808167 -0.0168738687697161 -0.0124650872700105 -0.696377360133152 0.717369128445095
1744315160.33166 67.196044921875 25.1945610046387 -0.177631482481956 -0.018708604603482 -0.0123480558839042 -0.687094580981264 0.726222108184445
1744315160.53185 67.2140121459961 24.9425964355469 -0.166181460022926 -0.00811749900063595 -0.00240822688533115 -0.678747458002735 0.73432295000774
1744315160.73289 67.241340637207 24.7266216278076 -0.167264938354492 -0.00192872559971491 0.00265932078524898 -0.685063929983387 0.728475545139464
1744315160.93279 67.2757339477539 24.5154781341553 -0.1724454164505 -0.00940758281135719 -0.00587787994254607 -0.688954563487889 0.724719640524694
1744315161.1332 67.2931671142578 24.3174896240234 -0.136664927005768 -0.0043866806073645 0.00132726793662688 -0.712484901504425 0.701672473823295
1744315161.53105 67.322509765625 23.9137649536133 -0.158659219741821 -0.0407529753025342 -0.00167121085717013 -0.715380982984318 0.697543153677715
1744315161.83155 67.3569564819336 23.5868358612061 -0.151727244257927 -0.0211102815269245 0.00476792133930898 -0.685832798236039 0.727437279635627
1744315162.03274 67.3968200683594 23.3599815368652 -0.178929209709167 -0.00711092902371459 0.0056674301814084 -0.689554841834634 0.724176383918981
1744315162.2329 67.4360198974609 23.1475601196289 -0.155699253082275 0.00892628977533696 -0.00440714339278616 -0.694284418173142 0.719631881672806
1744315162.63236 67.4637451171875 22.7422466278076 -0.16645835340023 0.0157959947354126 -0.0229230700313023 -0.704627123938332 0.709031477172243
1744315162.93214 67.4666900634766 22.380802154541 -0.154853522777557 0.0134869519941864 -0.018202607875588 -0.698323198413509 0.715423984606304
1744315163.1326 67.4866027832031 22.144344329834 -0.16058386862278 0.0321378767779418 0.00175179425464374 -0.693471717733194 0.719764589846755
1744315163.33267 67.5113067626953 21.9053249359131 -0.165819257497787 0.0287046366961291 -0.000507772588591493 -0.697486227928737 0.716022868244362
1744315163.5322 67.5320281982422 21.671480178833 -0.14558257162571 0.0549108871064522 0.0208158520551682 -0.683090764550505 0.727968750817098
1744315163.73268 67.5307922363281 21.4454193115234 -0.163796201348305 0.05977581522295 0.0175252281875175 -0.681051971791852 0.729580653533136
1744315164.03273 67.50927734375 21.1061744689941 -0.151376500725746 0.0331935089530401 0.0118147549651843 -0.679029341773757 0.733265133180895
1744315164.23274 67.5180053710938 20.8894119262695 -0.138481363654137 0.0321544974176796 0.0231037792820366 -0.680812551403691 0.731386746892435
1744315164.63319 67.5225219726562 20.492374420166 -0.108021251857281 0.0039279502237951 0.0138762914021077 -0.714584462383778 0.699400504620671
1744315165.0316 67.4810485839844 20.0879993438721 -0.117844998836517 0.00629645400078891 -0.00373458711554212 -0.67451982496971 0.738220436759187
1744315165.33245 67.4565124511719 19.7786617279053 -0.112631157040596 -0.0211945291615991 -0.00972722189305715 -0.68121097132397 0.731715645340261
1744315165.53266 67.4664611816406 19.5810260772705 -0.142863258719444 -0.0166575405797213 -0.00528438117715583 -0.692572843960368 0.721136226704814
1744315165.93182 67.5167388916016 19.1935596466064 -0.129739120602608 -0.0093596971201873 -0.00374712507955946 -0.677798848513975 0.735178261428197
1744315166.3321 67.531867980957 18.7896270751953 -0.153997048735619 -0.0181301204462382 -0.00968904628110812 -0.669973529373028 0.742100324116771
1744315166.53241 67.5206298828125 18.5590133666992 -0.152008086442947 0.0129286725680007 -0.0122954198739362 -0.653142407200026 0.757024879374984
1744315166.83351 67.552734375 18.2544746398926 -0.175851494073868 0.0047858447127305 -0.00457532469438261 -0.684825451377253 0.728677063753394
1744315167.331 67.6163711547852 17.7899627685547 -0.169423535466194 -0.00707445365626543 0.0101111208183644 -0.683299674609402 0.730033747178819
1744315167.53018 67.6076049804688 17.563793182373 -0.188689693808556 -0.00569365778956201 0.0129437864587683 -0.655023022242629 0.75547659195055
1744315167.73198 67.591667175293 17.3458652496338 -0.18121874332428 0.00876728039827861 0.022764543108654 -0.656776490345087 0.753690620945665
1744315168.0327 67.6154251098633 17.0566215515137 -0.194208234548569 -0.00446884903517827 0.0300018874530945 -0.68606897703553 0.726903896596361
1744315168.4322 67.6580657958984 16.661039352417 -0.163948103785515 0.0190276912279341 0.0201965602962729 -0.675863323925692 0.736504455716901
1744315168.83171 67.6681900024414 16.2452030181885 -0.189138129353523 -0.00866451825870266 0.0201023602073215 -0.67562825366279 0.73691742012929
1744315169.03194 67.674430847168 16.0229358673096 -0.173273384571075 0.0102929684284631 0.0306721484759247 -0.658813659920714 0.751610161992689
1744315169.23322 67.6994552612305 15.8176326751709 -0.195477247238159 0.0135834707040422 0.0354974555136574 -0.668415069013855 0.742816744218177
1744315169.43271 67.7356414794922 15.6064949035645 -0.191581651568413 0.0262361944984291 0.0124540532473465 -0.656242393485499 0.75399103419628
1744315169.63291 67.7548980712891 15.3988599777222 -0.158937156200409 0.0409177030257839 0.0200596073932076 -0.66242468298338 0.74774119393323
1744315170.03109 67.8148956298828 14.9951400756836 -0.190098583698273 -0.00266621130891354 0.0231596856788755 -0.681797422951153 0.731169470323863
1744315170.23033 67.8374481201172 14.7671823501587 -0.171545296907425 0.0238797855631391 0.00967261963762518 -0.641289654964699 0.766866203914387
1744315170.43266 67.8745269775391 14.5471954345703 -0.184683948755264 0.0213875650221095 0.0241015151234183 -0.645715006172562 0.762898302419627
1744315170.6327 67.9035949707031 14.3285341262817 -0.19682739675045 0.0396780389457556 0.0158844335461352 -0.638651689313862 0.768308113801285
1744315170.8328 67.9151000976562 14.1147193908691 -0.165617495775223 0.048606279355838 0.0342523006704569 -0.649834803030705 0.757745958930833
1744315171.23148 67.9385223388672 13.719952583313 -0.188565239310265 0.00580840099573134 0.0215061276308563 -0.660664233400386 0.750350931003407
1744315171.43182 67.9429931640625 13.502610206604 -0.162708088755608 0.0181238011419715 0.0240755152947274 -0.653185121358521 0.756598370756449
1744315171.63288 67.9642028808594 13.2912063598633 -0.181059971451759 0.0227019798874243 0.027193339370774 -0.654497567548363 0.755233789284042
1744315171.8328 67.9948883056641 13.0885257720947 -0.194042056798935 0.020822061052748 0.0238185654638369 -0.6621636022292 0.748691179055564
1744315172.2327 68.0140914916992 12.7201366424561 -0.168442830443382 0.0243277965598037 0.00240601249887986 -0.65806571752635 0.752563539400448
1744315172.43216 68.0182800292969 12.5055294036865 -0.18042403459549 0.015278807281745 0.00957542903552785 -0.654227296647932 0.75608300703532
1744315172.63199 68.0173950195312 12.2586250305176 -0.178119391202927 0.0475103812715451 0.0257913011629181 -0.628806144270506 0.775680607842826
1744315172.9334 68.0343017578125 11.9211854934692 -0.214792713522911 0.0619880098131196 0.0776867397771476 -0.671963109436798 0.733885438374571
1744315173.33106 68.0643768310547 11.5173110961914 -0.187683403491974 0.0758656682521793 0.0687772596706797 -0.683036766530395 0.723170010786222
1744315173.7306 68.0433197021484 11.108229637146 -0.206892073154449 0.0519110809881326 0.063030076623371 -0.672605697371883 0.735482171758349
1744315173.93169 68.0316696166992 10.893741607666 -0.185318171977997 0.0532692388600361 0.0616438594979016 -0.676395621023163 0.732018706481033
1744315174.33247 68.0400390625 10.4980440139771 -0.183396428823471 0.049256956588292 0.0299803435693241 -0.680535981548537 0.730442132577861
1744315174.73224 68.0411071777344 10.1235046386719 -0.176057934761047 0.0291883740332688 0.0323989275110823 -0.698991135716744 0.713799510021435
1744315174.9313 68.0434417724609 9.91363525390625 -0.153988927602768 0.0126224695812868 0.0181338669650311 -0.670281122820197 0.741778304159309
1744315175.13249 68.0518264770508 9.70450973510742 -0.13002122938633 0.00743844413362771 0.0236889745037976 -0.662049081107797 0.749049074654091
1744315175.33317 68.0724334716797 9.50619125366211 -0.149269267916679 0.00104459170396358 0.0211094202671228 -0.661619465065197 0.74954184983295
1744315175.53263 68.0899200439453 9.29398059844971 -0.144176051020622 0.0166301913274126 0.00175480887654468 -0.650925078261327 0.758957772127479
1744315175.7333 68.1082229614258 9.10182762145996 -0.123301714658737 0.0090902462758253 0.0209117548835896 -0.67974464003547 0.733094325631691
1744315176.03086 68.1125564575195 8.81448268890381 -0.151074647903442 -0.00088240448180681 0.00313249706624158 -0.677209375676002 0.735783168006023
1744315176.23077 68.1100845336914 8.59830474853516 -0.126877129077911 0.00118532648335981 0.00577304900497582 -0.647758650128452 0.761822812791846
1744315176.43195 68.1121520996094 8.38259601593018 -0.126913830637932 0.0139224351615618 -0.000971479099336246 -0.637255625227174 0.770526112564561
1744315176.63272 68.1226806640625 8.17836952209473 -0.154363304376602 0.0143864730818628 -0.00281705394931719 -0.653331395884285 0.756930102949541
1744315176.93299 68.1414260864258 7.88680410385132 -0.129711374640465 0.0118159970615853 0.0144139297786461 -0.683640363085138 0.729581026893242
1744315177.13185 68.1463851928711 7.68943643569946 -0.151363864541054 0.0100357433998476 0.0141055402609302 -0.686328100954597 0.727086002772998
1744315177.43112 68.1399917602539 7.37031364440918 -0.143610298633575 0.00505166228150468 0.00610671965241007 -0.652788565247782 0.757498698193616
1744315177.63239 68.1523513793945 7.15549087524414 -0.139427363872528 0.0137991081624478 0.0186767815820141 -0.644302603265467 0.764418025604447
1744315177.93297 68.1818237304688 6.84422445297241 -0.167366281151772 0.0185633444479211 -0.00341195248827586 -0.655240869511893 0.755184191932289
1744315178.13256 68.1887435913086 6.65379953384399 -0.148269101977348 0.0288104677306867 0.00264235194735542 -0.663450580229681 0.747660553003985
1744315178.43189 68.1965789794922 6.38209438323975 -0.161603704094887 -0.00329402639052658 -0.0109349974670219 -0.679400320066173 0.733678935444187
1744315178.63082 68.19775390625 6.16385316848755 -0.150620549917221 -0.0106491747724292 -0.0094527943077781 -0.651274766099511 0.758708388511995
1744315178.93308 68.2217178344727 5.84743165969849 -0.168727338314056 -0.00531933466518752 0.0229051226099247 -0.651291315363086 0.758463369299774
1744315179.13297 68.2492980957031 5.63940095901489 -0.178355932235718 0.00200314032024393 0.0142435566869786 -0.64438026626056 0.764569932037437
1744315179.43244 68.2620544433594 5.34298896789551 -0.156798750162125 0.00832586503318057 0.0392331066295535 -0.67444505478584 0.737234909232171
1744315179.93131 68.2354049682617 4.81625032424927 -0.170428976416588 0.0198153505779067 0.00890868493023354 -0.65675785600416 0.753788502028989
1744315180.13302 68.2486724853516 4.61691665649414 -0.168986558914185 0.00526403058208824 0.0149860044910133 -0.673518879478656 0.738999342785392
1744315180.43199 68.2669372558594 4.31277561187744 -0.153759807348251 -0.00491159983863834 -0.00262305672990596 -0.690346661364816 0.723457312426151
1744315180.73135 68.2782363891602 4.01385831832886 -0.16899448633194 -0.0011341753807989 0.000711361551161379 -0.694301581482773 0.719682931270062
1744315180.93128 68.2802658081055 3.78553152084351 -0.179922640323639 -0.0130530883306932 0.00680928651740204 -0.681573094907495 0.731601918259085
1744315181.13188 68.2837677001953 3.56203508377075 -0.158357918262482 -2.1337577050912e-05 0.00904729218819808 -0.65957427341695 0.751584941237697
1744315181.3332 68.3013229370117 3.34444999694824 -0.173956885933876 -0.00643174389917723 0.0240225388934182 -0.673345901878093 0.738909227658924
1744315181.63306 68.3353500366211 3.03156089782715 -0.17548280954361 -0.0069579022037103 0.00788445025163452 -0.686186010638091 0.727350109538546
1744315181.93198 68.3478164672852 2.72054290771484 -0.177133724093437 0.0124528598461081 0.00934885853046079 -0.680394960770611 0.73268016383944
1744315182.13148 68.3402862548828 2.49682092666626 -0.176232889294624 0.00398142706666944 -0.00693628087257976 -0.660165732959799 0.75107738700604
1744315182.4325 68.3449554443359 2.17273759841919 -0.158756986260414 0.00394592888662855 0.00715738290185633 -0.651665640971723 0.758462321999011
1744315182.73319 68.3566436767578 1.85478329658508 -0.1914122402668 0.00551566650425226 0.00483284186443251 -0.671103053577821 0.741327803701609
1744315182.93223 68.3630142211914 1.64316630363464 -0.16687636077404 0.0120334893085876 0.0298524853663889 -0.6794687171916 0.732998149118067
1744315183.23167 68.345329284668 1.32645916938782 -0.199704274535179 0.00578319121280008 0.0223520659938473 -0.674954044193196 0.737498459708529
1744315183.43149 68.3263320922852 1.09365475177765 -0.180607885122299 -0.00429774646469424 0.0312992219170469 -0.655479065505368 0.754552239919094
1744315183.7325 68.3167114257812 0.758632302284241 -0.197217911481857 0.00586452814697039 0.0412272193357073 -0.650322227249408 0.758516265112903
1744315184.03307 68.3050231933594 0.42349648475647 -0.165674760937691 0.0238271632582911 0.0242498666540227 -0.659299562083205 0.751111375027178
1744315184.53058 68.2701950073242 -0.096365824341774 -0.16527384519577 -0.00276757386999987 0.0129290587070378 -0.643690486101439 0.765171704964524
1744315184.73253 68.2548828125 -0.304078549146652 -0.159324452280998 -8.97184449892702e-05 0.014801355116141 -0.645057357284319 0.763990783747224
1744315185.03326 68.2498321533203 -0.625356018543243 -0.188395440578461 -0.00127124048470035 0.0218396094213613 -0.657613999027286 0.753037345482476
1744315185.4316 68.2432098388672 -1.01882290840149 -0.180042147636414 -0.00389865812029377 0.0270050419728458 -0.677540012124227 0.734979632468552
1744315185.73165 68.2026290893555 -1.36046957969666 -0.173640251159668 0.00390941783804616 0.0221485130149507 -0.644451109352461 0.764314678308468
1744315185.9327 68.1725387573242 -1.57060551643372 -0.173913061618805 0.0219586156060079 0.0150069180931446 -0.644866451223953 0.763832358371808
1744315186.23241 68.1530380249023 -1.875408411026 -0.190532237291336 0.0179170850876403 0.00186774625661159 -0.65920453406163 0.751747877854319
1744315186.53246 68.1290817260742 -2.1637237071991 -0.165560409426689 0.0191652427955544 0.0112236257003063 -0.692577580663848 0.721001399760457
1744315186.83164 68.0842132568359 -2.47374892234802 -0.182555928826332 0.00472385758970315 0.00451303768486437 -0.696233206677526 0.717785928797617
1744315187.13221 68.0628051757812 -2.78577351570129 -0.154250159859657 0.00378927727666673 0.00983322177420152 -0.679608564631826 0.733499248811019
1744315187.43263 68.0537185668945 -3.09059691429138 -0.17391511797905 0.00832297852047009 -0.000349191728754349 -0.673886929380515 0.738787528660159
1744315187.63262 68.0481033325195 -3.29050993919373 -0.149511575698853 0.00234658246523758 0.00558382924923507 -0.677260833807766 0.735718069230095
1744315187.93163 68.0234298706055 -3.58713674545288 -0.165214985609055 0.00540548988228381 -0.00204874478798012 -0.678221940642375 0.734834391244189
1744315188.23199 68.0000762939453 -3.92031693458557 -0.146738141775131 0.0104710347915201 0.00876762690879281 -0.657463356175772 0.753362742266216
1744315188.43303 68.014778137207 -4.12247562408447 -0.153897985816002 0.014155641697116 0.0167413361568054 -0.653218068665918 0.756852363569141
1744315188.73327 68.0367584228516 -4.42795753479004 -0.159889653325081 0.0104333761371555 0.0116743218329371 -0.663172785647253 0.748302553282417
1744315189.03248 68.034294128418 -4.7132420539856 -0.159955829381943 0.0260285218706583 0.00975882628991171 -0.662990713346733 0.748111352256241
1744315189.4316 68.0244445800781 -5.13177251815796 -0.137066543102264 0.0184340893841756 0.000647135027688229 -0.634897595196095 0.772376080144283
1744315189.73274 68.0437622070312 -5.41871929168701 -0.148963496088982 0.0165532383354768 0.00896949717455221 -0.631892135427336 0.77482763735306
1744315190.03289 68.0592575073242 -5.70286226272583 -0.123841777443886 0.0131005114735672 0.0154088801019891 -0.650960067027367 0.758842496272355
1744315190.43176 68.0339736938477 -6.08436489105225 -0.153297320008278 0.00593085618171892 0.010257973691203 -0.65347411545053 0.756856115359353
1744315190.73178 68.0056838989258 -6.39966297149658 -0.122490629553795 0.0182604257568422 0.00744142757971717 -0.626058472437672 0.779526760987564
1744315190.93286 67.9935607910156 -6.59177494049072 -0.138809487223625 0.0209425589294119 0.00631945384065345 -0.631361110834684 0.775180379946653
1744315191.33262 67.9749526977539 -6.98151731491089 -0.117713682353497 0.0301550049331661 0.0191971598299429 -0.653866175341575 0.755765287292374
1744315191.73101 67.9447326660156 -7.36583375930786 -0.136491283774376 0.0150635455883877 0.0178947019402534 -0.629297142386929 0.7768127031791
1744315192.03199 67.9533004760742 -7.6339259147644 -0.115235403180122 0.0236398875160736 0.00863125690516862 -0.579323087428781 0.814709406779159
1744315192.33294 68.0129165649414 -7.86547040939331 -0.124343536794186 0.00634002610085757 0.00457768293252726 -0.552651937900163 0.833375476254974
1744315192.73093 68.1737670898438 -8.12162017822266 -0.0974284633994102 -0.0126742961634352 -0.0157013043433654 -0.423929633240062 0.905470318298521
1744315193.13274 68.377197265625 -8.22793674468994 -0.109519444406033 -0.0384696950777824 -0.0417784203195473 -0.149565963600352 0.987119379147489
1744315193.63276 68.5609817504883 -8.17912197113037 -0.104515507817268 -0.0128920735407189 -0.0255375306682656 0.00865641273269042 0.999553247949197
1744315194.02731 68.6938629150391 -8.06939697265625 -0.12833933532238 -0.0208039303617378 -0.0174913281225215 0.214133101474508 0.976426272063038
1744315194.33021 68.7105331420898 -7.94365835189819 -0.144839063286781 -0.0263429439424709 -0.00581036925689713 0.370892731116943 0.928283831011915
1744315194.7323 68.6444396972656 -7.83761215209961 -0.15460692346096 0.00564878084647661 0.0283391051099379 0.515432252536938 0.856442980846486
1744315195.23191 68.6214370727539 -7.54939556121826 -0.167879164218903 -0.0129956066203942 0.0280631402247218 0.655442578900576 0.754611555791096
1744315195.73351 68.5742492675781 -7.13600635528564 -0.178255394101143 -0.0207219945220182 0.0435730913227803 0.720071521010097 0.692220332904063
1744315196.3303 68.6052474975586 -6.53100538253784 -0.168703943490982 -0.0103694672099903 0.0354108017883429 0.743250054380578 0.667995438554603
1744315196.83226 68.585075378418 -5.96553707122803 -0.160330906510353 -0.00852563703195378 0.0218712621635757 0.767158483875716 0.641027941685917
1744315197.43226 68.5831909179688 -5.29671716690063 -0.146722078323364 -0.00636967738641277 -0.0066820235520349 0.76179496705858 0.6477524264219
1744315197.9329 68.5898590087891 -4.70700788497925 -0.14221665263176 0.0244370493840908 0.00454440592262548 0.789619802268958 0.613092771819193
1744315198.43156 68.5886383056641 -4.12815141677856 -0.159377589821815 0.0148430240484262 0.0102729176473844 0.757596039862941 0.652474054797658
1744315198.93211 68.5446929931641 -3.4906153678894 -0.166441634297371 -0.00383252641223542 0.0206672985506351 0.804597016761141 0.593449083857234
1744315199.33256 68.5181198120117 -3.02258467674255 -0.15240541100502 -0.0247105554772686 0.0336011044223978 0.773842377815372 0.63200342445801
1744315199.83082 68.5013122558594 -2.42745113372803 -0.163016021251678 0.019948684817925 0.0369492170450853 0.789869743255351 0.611835430506861
1744315200.23296 68.4172897338867 -1.93445897102356 -0.192931786179543 -0.00351578174232788 0.0513290582087916 0.775817692073495 0.628856005559217
1744315200.6322 68.3452911376953 -1.47601711750031 -0.182191982865334 -0.0113613518633763 0.0556929113483048 0.776245070413228 0.627863687410371
1744315201.03203 68.2746658325195 -1.00107777118683 -0.168900489807129 -0.0201844810844273 0.0285153906321099 0.787419628199311 0.615426509298153
1744315201.33336 68.212287902832 -0.647466242313385 -0.183032020926476 -0.008331523035419 0.0335829352942993 0.786930696965986 0.61607049138354
1744315201.73211 68.1759719848633 -0.370658099651337 -0.17515242099762 -0.0307568470234694 0.0520507084642633 0.758526399191114 0.648831597442438
1744315202.63271 68.0339736938477 0.77517557144165 -0.0863683149218559 0.0131238076734758 0.0450631137669831 0.749801291449187 0.659996291497842
1744315203.63325 67.8227767944336 1.8142603635788 -0.0574074983596802 0.0333253879535884 0.000426924954214262 0.802969195283818 0.595087983140378
1744315204.12986 67.7703094482422 2.42538189888 -0.0474673174321651 0.0469865880693479 0.0409020904217638 0.801565513659443 0.5946528456609
1744315204.63299 67.6110305786133 2.99587249755859 -0.027086790651083 0.00524030131853998 0.0251998201921979 0.783416621762764 0.620963690605329
1744315205.0316 67.4988250732422 3.42702436447144 0.0156347788870335 0.0459684919231079 -0.0160152721038257 0.780396304269536 0.623387533635543
1744315205.43111 67.4882125854492 3.89190268516541 -0.0199155397713184 0.0293838379644712 0.032853545162653 0.763775324975432 0.643975533382594
1744315205.73145 67.4619522094727 4.23846530914307 -0.0101342210546136 0.024114548595811 0.0634945675527785 0.794265451162711 0.603762636742787
1744315206.13307 67.3919143676758 4.6127028465271 0.0257107093930244 0.0333131431382438 0.017512388876257 0.780578911079507 0.623923163785437
1744315206.73196 67.3441848754883 5.39245939254761 0.0143592031672597 -0.0248863509925219 0.0193710230406745 0.809979107076781 0.585610176738533
1744315207.13401 67.3463439941406 5.82614278793335 0.0245736055076122 0.0480870268249693 0.00175713748139751 0.801942347589965 0.595460344154757
1744315207.72974 67.3412094116211 6.58473110198975 0.013216963969171 0.0204320354964874 0.0186537314769744 0.778466323877288 0.627076353258864
1744315208.13143 67.3158187866211 7.05389928817749 -0.0103031871840358 -0.00468186936886194 0.0295100404846388 0.787625107535275 0.615429872194919
1744315208.5323 67.2708740234375 7.49787044525146 -0.000881333835422993 -0.0174460068560418 -0.0057683135661317 0.758154632081369 0.651815861464682
1744315208.83176 67.2460021972656 7.85460948944092 -0.00469701457768679 -0.029861500176238 -0.023439755232003 0.791901078644111 0.609468252105212
1744315209.2336 67.2468566894531 8.26138305664062 -0.0174873005598783 -0.0113118320000615 0.00279483927366347 0.816120089169199 0.577764858211967
1744315209.9309 67.2509078979492 9.11486434936523 -0.00255238357931376 0.0185487107498918 0.0124389803611476 0.804346741404503 0.593740293974604
1744315210.4319 67.2221374511719 9.72778129577637 -0.0227142702788115 0.0254546602179252 0.038529026594655 0.805388762555343 0.590945442094641
1744315210.83117 67.1708297729492 10.1675605773926 -0.00343702430836856 -0.00409813521555882 0.00723679818454845 0.741184239052404 0.671250145489816
1744315211.23025 67.1456146240234 10.6326293945312 -0.00987022649496794 -0.034641409911506 0.0246418288863501 0.767954577501714 0.639091949474129
1744315211.53232 67.1083145141602 10.973991394043 -0.0405432134866714 -0.0406435814243699 0.0243332936788288 0.774039770160984 0.631362355796472
1744315211.93299 67.0956726074219 11.3716897964478 -0.00768299819901586 -0.0113337557750056 0.00619448576992117 0.75738417997834 0.652841771216132
1744315212.73381 67.1257629394531 12.3159427642822 -0.0255429986864328 -0.00401189542478 0.00963966854302821 0.7550682523724 0.655563052455499
1744315213.33148 67.124397277832 13.0265340805054 -0.036940585821867 0.00527500865255925 0.0243093793137935 0.759167940097128 0.650419300981895
1744315213.8331 67.0737915039062 13.5848264694214 -0.0424477867782116 0.0182006934607586 0.0275178237292622 0.781673358130202 0.622814792152696
1744315214.13233 67.036376953125 13.9003229141235 -0.00314651406370103 0.0286228658882142 0.00708183400887991 0.760294644038164 0.648908802084159
1744315214.43192 67.0241241455078 14.2543573379517 -0.0445726476609707 0.0294540100493067 0.0256518059296289 0.77636037075082 0.629077913196937
1744315215.23181 66.9539413452148 15.1622896194458 -0.0168645530939102 0.0148950349420433 0.0223366131513668 0.745552157418927 0.665906295371192
1744315215.63144 66.915153503418 15.6229629516602 -0.037352692335844 -0.00109159901028765 0.0129217786794936 0.773810868631724 0.633283961296018
1744315216.03223 66.8825836181641 16.0589294433594 -0.0331524163484573 0.00148062452103137 0.0104238501799991 0.802961675281919 0.595937663792873
1744315216.43226 66.8321990966797 16.4617099761963 -0.0175276156514883 0.0267270294138309 -0.0136454077619598 0.788382762044871 0.614452674545584
1744315216.73232 66.7911758422852 16.8053169250488 -0.0443697348237038 0.0133631743283894 -0.0196669269402401 0.796459422203391 0.604224317898606
1744315217.03156 66.7812347412109 17.1256332397461 -0.0401007533073425 0.0294284250702432 0.0248665916763446 0.83934455634517 0.542232732459058
1744315217.63174 66.6830673217773 17.8033428192139 -0.0353186689317226 0.0151558580529765 0.0135492340085841 0.787328334924817 0.616198678389506
1744315218.0308 66.6810607910156 18.2813167572021 -0.0287598352879286 0.0254996245744992 0.012328617756419 0.807775495101179 0.588809412157126
1744315218.43261 66.6442337036133 18.7261829376221 -0.0496484450995922 0.015727995492222 0.019271838905777 0.797247111134236 0.603140340361265
1744315218.83305 66.6016693115234 19.1937313079834 -0.0283022318035364 0.0142300942401643 0.0286279486107381 0.75666699291065 0.653018381682944
1744315219.13152 66.5777435302734 19.5181198120117 -0.0329670682549477 0.020029099486838 0.00792395641530923 0.790554111435268 0.61201327026566
1744315219.43273 66.5587997436523 19.8022651672363 -0.0413848422467709 0.0146683941407642 0.0120758731992874 0.797203778407586 0.60341125875515
1744315220.03037 66.4767608642578 20.5293579101562 -0.0782403871417046 -0.00156645235340143 0.016707300709091 0.789862849737906 0.613053905406331
1744315220.4309 66.4635162353516 20.9918365478516 -0.0799591541290283 -0.0113063872374684 0.024065069380214 0.81445500073957 0.579617192475921
1744315220.83248 66.4208908081055 21.4070053100586 -0.0928549319505692 -0.00142770737140359 0.0128241222418277 0.812228529795753 0.58319663830154
1744315221.33069 66.3531646728516 21.9988307952881 -0.13046757876873 -0.0282919516396968 0.0375059699759315 0.811881165858192 0.581929411710153
1744315221.63119 66.3109130859375 22.3345603942871 -0.15423110127449 -0.0492258373081678 0.0565339637994942 0.842978036422534 0.532699500645192
1744315221.93389 66.2408447265625 22.6137256622314 -0.172927767038345 -0.0510994305339774 0.0351860442812341 0.839021459467555 0.540549517657611
1744315222.83187 66.0560073852539 23.578332901001 -0.145251631736755 -0.0651190978495078 -0.0125057551689691 0.863379885173058 0.500178251287956
1744315223.33301 66.0482864379883 24.1496963500977 -0.138847306370735 -0.0269661636654186 -0.00178069539924157 0.824242624928726 0.565591504879333
1744315223.73145 66.0532531738281 24.6201190948486 -0.168112590909004 -0.00922056058208061 0.0203630473441549 0.831119562701191 0.555644310742756
1744315224.2334 66.0622253417969 25.1853790283203 -0.21254101395607 -0.0151251303208313 0.033053624576253 0.829757525189045 0.556939079008917
1744315224.53276 66.0651626586914 25.5178451538086 -0.189257949590683 -0.0103054807455883 0.0263478331667151 0.790458982048953 0.611861247712383
1744315224.83061 66.0757675170898 25.815860748291 -0.222264006733894 -0.000582201601677754 0.0372135650418465 0.790838169271041 0.610892626933899
1744315225.53287 66.0058898925781 26.5835628509521 -0.23812361061573 -0.0158694833124244 0.0568842749899213 0.796210491056465 0.602130544558146
1744315225.93207 65.9510955810547 27.0199775695801 -0.219547003507614 -0.0154782888810367 0.0595945262433252 0.776781396041246 0.626753203246192
1744315226.33183 65.8848571777344 27.4144248962402 -0.19742839038372 -0.0126606620668241 0.0347229727982905 0.804912572148217 0.592241313987651
1744315226.8337 65.7492294311523 27.9750709533691 -0.215308576822281 -0.0217412064740427 0.0589611647916594 0.797509441251081 0.600024659578965
1744315227.23101 65.666374206543 28.3777103424072 -0.223752498626709 -0.0283313728268849 0.0447767212961183 0.814320343553536 0.57799200393999
1744315227.6324 65.6124496459961 28.7713451385498 -0.208071425557137 -0.0210368279215558 0.0599293400469611 0.854888169256942 0.51490984078482
1744315228.03261 65.5117263793945 29.1738872528076 -0.199468344449997 -0.00751811301505368 0.0396333020251459 0.835867623207738 0.547446797250951
1744315228.33045 65.4320220947266 29.4823455810547 -0.217424169182777 -0.0120356047049965 0.0639481586615354 0.84995500148212 0.522821453919705
1744315228.63149 65.4545364379883 29.6338157653809 -0.185600414872169 -0.0129570928689906 0.0369176255244881 0.863713570577296 0.502462009181428
1744315229.23387 65.1788864135742 30.3371543884277 -0.176447972655296 0.0144398276282164 0.0291157971763336 0.86418469654582 0.502124060356466
1744315230.13224 64.8168334960938 31.2123832702637 -0.152872830629349 -0.0305772783582472 0.0403422198497631 0.906222954281653 0.41975885038773
1744315231.13044 64.3230819702148 32.1730117797852 -0.106369435787201 -0.0711184347847541 -0.00582278436502844 0.921059897319246 0.382827544680714
1744315231.73349 64.0131072998047 32.6941680908203 -0.0492448508739471 -0.0221051971132642 0.0075784156219578 0.952923060771937 0.302310383755319
1744315232.53203 63.6519432067871 33.4163818359375 -0.0251142643392086 -0.0435187262518803 0.0436767057523214 0.969860315031421 0.235731701659304
1744315233.0329 63.4019584655762 33.8669548034668 0.0109524792060256 -0.0189359038037003 0.0338169756470557 0.94742138191694 0.317632757743623
1744315233.52975 63.1222801208496 34.2605247497559 -0.000196947323274799 -0.0383773358329734 0.0122243311160482 0.962826166372039 0.267102076316248
1744315233.93254 62.8934326171875 34.5316925048828 0.0124621214345098 -0.0332643680345763 0.00915789747243245 0.984026948344269 0.174644151535085
1744315234.33306 62.5974540710449 34.8013000488281 0.0518197603523731 -0.018168451567422 0.0254425809176973 0.988791898111248 0.145990289654634
1744315234.93249 62.1585159301758 35.1199150085449 0.0689697787165642 -0.0228622553021462 0.0101921018189271 0.996147895629801 0.0840405162723956
1744315235.23317 61.9428215026855 35.2567100524902 0.0591730028390884 -0.0350714949844292 0.0364996791280581 0.997901206177138 0.0403849770746286
1744315235.63432 61.8695106506348 35.4566497802734 0.105106681585312 -0.00840784066585445 0.0218613952953189 0.991983564069145 0.124177277421253
1744315236.029 61.4579849243164 35.5954933166504 0.062425971031189 -0.0519085102847374 -0.00475616762523157 0.996724207284942 0.0618363973865237
1744315236.53299 60.9908561706543 35.7730484008789 0.0637973323464394 0.0879810737040201 0.0215453964947146 -0.995833506577723 0.010523960133407
1744315237.03245 60.4989356994629 35.9134674072266 0.0985523983836174 0.0597883982756659 0.0203667037872434 -0.997032986834609 0.0439973632406732
1744315237.53208 60.0251502990723 36.1062850952148 0.147946119308472 0.0490514240283542 0.00103034935980813 -0.996009950527684 0.0745457888202109
1744315238.13343 59.4398078918457 36.1844787597656 0.148894712328911 0.0588093610776586 -0.0113634783866645 -0.996609889084356 0.0564008810911745
1744315238.53109 59.0347862243652 36.1974067687988 0.116792105138302 0.0878334819912484 0.0252248718358267 -0.992835967238861 0.0769787466709766
1744315239.03374 58.5787048339844 36.2363624572754 0.139570340514183 0.0869732228788672 0.0259969518578553 -0.988006781384441 0.124909635074806
1744315239.53179 58.0766944885254 36.2146415710449 0.165295839309692 0.0769205697893763 0.0318897642740887 -0.990784895641742 0.106824900870557
1744315239.93107 57.6683959960938 36.2167701721191 0.159073442220688 0.0904622605990646 0.0292880942645382 -0.986802678976233 0.131069675009092
1744315240.43367 57.1975479125977 36.1824111938477 0.147793665528297 0.098927924716976 0.00822878993389202 -0.989153546501431 0.108262709050986
1744315240.73226 56.8880157470703 36.1253318786621 0.19601608812809 0.08043165758016 0.00939469821145688 -0.994283252436443 0.0695938361410881
1744315241.13048 56.4976425170898 36.0264930725098 0.178489878773689 0.082737193140443 0.00879614657729441 -0.991215598949337 0.10280477166036
1744315241.63291 56.0429992675781 35.9706573486328 0.178627043962479 0.0778744605922389 0.00120511827955594 -0.986746667088613 0.142355649929722
1744315242.13183 55.569278717041 35.9104804992676 0.226059526205063 0.0402581415052865 0.00903405768389936 -0.997651143668691 0.0546796432034614
1744315243.13288 54.5847587585449 35.7900619506836 0.214024409651756 0.0579661156554318 0.00273798279272512 -0.994032113960838 0.0923720157872288
1744315243.83224 53.6116065979004 35.655517578125 0.244534432888031 0.0644026593671601 -0.00024957696353222 -0.993705709846535 0.0916580459979967
1744315244.7317 52.7358779907227 35.5085868835449 0.253807932138443 0.0669872349308195 0.0273375218429612 -0.996114789088268 0.050206545543817
1744315245.23194 52.2140464782715 35.496265411377 0.2635358273983 0.0912399213803207 -0.00616302305301394 -0.987081904024072 0.131554584266659
1744315245.93211 51.5432662963867 35.3942070007324 0.278472930192947 0.0664401025194909 0.0142308022675079 -0.996512847425963 0.0484287307186682
1744315246.53108 50.9089088439941 35.3413848876953 0.295397847890854 0.0876617021670037 -0.00737860794950953 -0.990397647997436 0.10664652342696
1744315247.03317 50.436107635498 35.2407073974609 0.289920151233673 0.0646109085026482 0.0326717567667037 -0.997302626472471 0.0120605987973519
1744315247.53052 49.9151573181152 35.1344223022461 0.274840533733368 0.079920096315208 0.0562316317825327 -0.994243391355829 0.0439415582029208
1744315247.83137 49.6351890563965 35.1175384521484 0.302606135606766 0.0635591053168739 0.0361397616701091 -0.994986783174284 0.0682309245594369
1744315248.13274 49.3899383544922 35.0850028991699 0.280038148164749 0.0602439438589754 0.0319446505995087 -0.997232418633893 0.0296261666772452
1744315248.93164 48.5962524414062 35.0138893127441 0.321855902671814 0.0365494892466612 0.0223733365581329 -0.99855829113117 0.0323250345748018
1744315249.4338 48.1128768920898 34.9755668640137 0.299594223499298 0.0318405481543508 0.00399786305913698 -0.998754893413695 0.0381950188688197
1744315249.93114 47.6127548217773 34.9263610839844 0.305090546607971 0.0359498884948934 0.00290715970051278 -0.99922648578112 0.0156711216316523
1744315250.43277 47.1045532226562 34.8413581848145 0.322670221328735 0.0518292944873277 0.0552815838097749 -0.996331354454372 0.0397681135527458
1744315250.93301 46.5941123962402 34.7659454345703 0.35164213180542 0.0330330191791134 0.0540857219643491 -0.997599581651163 0.0279039246869087
1744315251.23198 46.2637023925781 34.7707252502441 0.327886283397675 0.0499833112159191 0.0123857382086077 -0.996526972344909 0.0654389446584329
1744315251.63304 45.9078712463379 34.7828903198242 0.364934861660004 0.07662077506559 0.0165850003118126 -0.995947653152943 0.0440734247835371
1744315252.43109 45.1436347961426 34.6888580322266 0.354572385549545 -0.0439500040884168 -0.00214438126043011 0.999028774782202 0.00230345974807818
1744315253.03312 44.5471954345703 34.6687431335449 0.365802079439163 0.0652081031998118 -0.005781369458773 -0.997435900709131 0.0289154460596397
1744315253.63218 43.9365234375 34.5538558959961 0.359256595373154 -0.0664421191993998 -0.0226398163495367 0.997074775242622 0.0302452655274624
1744315254.13109 43.4129753112793 34.4902229309082 0.39915257692337 0.0771778764779865 0.0269288000239809 -0.994820761876757 0.0604157831246505
1744315254.63378 42.896053314209 34.4460220336914 0.40786200761795 0.0589338530920762 0.00475683848720363 -0.998203221731612 0.00972119190010773
1744315255.22904 42.2798233032227 34.3476104736328 0.418115764856339 0.0498589655144739 0.0236547405084371 -0.99772949152474 0.0386056802956305
1744315255.53169 41.9790954589844 34.2971572875977 0.393427222967148 0.0719522354848075 0.0299012635422499 -0.996402175340552 0.03333909452776
1744315255.93228 41.5861129760742 34.1989898681641 0.442971229553223 0.0567594244586628 0.0221767588000552 -0.998043605793122 0.0139828480543071
1744315256.733 40.8068771362305 34.1041488647461 0.443231761455536 0.0679049065759939 0.0160648795467934 -0.997259290049752 0.0245917001753951
1744315257.33271 40.1876678466797 34.0245971679688 0.452888965606689 -0.0612747548721483 -0.0121531344494643 0.997118234242505 0.0430457045420257
1744315257.9322 39.5903129577637 33.9522323608398 0.468601256608963 0.0556003527783443 0.05101115677884 -0.996971864757259 0.0188032852832016
1744315258.53249 39.0062866210938 33.861011505127 0.488499134778976 -0.04187149968124 -0.0148030397597021 0.998997251047433 0.00566920876208682
1744315259.03101 38.4634971618652 33.8098487854004 0.499800235033035 0.0602470348636769 -0.000344312988868301 -0.997371695510823 0.040247698475397
1744315259.53353 37.9535636901855 33.764892578125 0.464564323425293 -0.0485111687826065 0.0089817877712153 0.998547929750323 0.021633908179588
1744315259.92975 37.523853302002 33.6627197265625 0.463199704885483 -0.0598690309456583 -0.0481146087518702 0.996378069485242 0.036488713421332
1744315260.13051 37.3051300048828 33.63037109375 0.467233151197433 -0.0521489205412528 -0.0730493037597145 0.995739682881902 0.0211370111617513
1744315260.53297 36.9641761779785 33.586784362793 0.478717833757401 0.0603706020359488 0.0755513763729276 -0.994782627274419 0.0324792920331896
1744315261.43186 36.0262413024902 33.5810241699219 0.524854898452759 0.0278090727318738 -0.00208782686702978 -0.99936857930086 0.0220167926580601
1744315261.93267 35.5344772338867 33.5217208862305 0.490243881940842 0.0400232128797548 0.0202701161775904 -0.998625162058366 0.0271118152256834
1744315262.63169 34.799934387207 33.4254608154297 0.495821803808212 0.0671885931401073 0.0128434853792456 -0.997640692475665 0.00581262004963694
1744315263.0316 34.3873863220215 33.3708992004395 0.496677070856094 0.0633392551270199 0.0108855764926279 -0.99555974837128 0.0687781244822189
1744315263.53171 33.8503875732422 33.3041839599609 0.533352911472321 0.0586206550315574 0.0168512536365589 -0.998113632533543 0.00698788989920463
1744315264.13233 33.2271614074707 33.3325843811035 0.543077766895294 0.0702283946409956 0.0123300753582523 -0.997451227933025 0.002643808372034
1744315264.43261 32.9029693603516 33.3158760070801 0.501095533370972 0.0900287453548414 0.011776849632035 -0.995819744978277 0.00995822945992096
1744315264.83234 32.5160675048828 33.2750244140625 0.554419100284576 -0.0850972415136139 -0.0258934565563519 0.996029328747363 0.00368302449283683
1744315265.73156 31.620080947876 33.2578620910645 0.546736359596252 0.0675931308775966 0.0112171769063576 -0.995618293275935 0.0636361351334986
1744315266.22997 31.0945625305176 33.1863594055176 0.563886880874634 0.0687061399732356 0.0195052051018895 -0.996545594635399 0.0423779555510817
1744315266.93337 30.3624134063721 33.1045417785645 0.560793936252594 0.0844449177492498 0.0192955519048345 -0.994100563356711 0.0652748609870594
1744315267.53125 29.7094478607178 33.0245666503906 0.566269218921661 0.0880694232616657 0.024700239559983 -0.994715914727311 0.0466253561943134
1744315267.83172 29.3856525421143 32.9837493896484 0.599179685115814 0.113307034761042 0.0316272728846551 -0.988303518928742 0.0970432169530943
1744315268.43288 28.80615234375 32.8944778442383 0.631454885005951 0.0704185428497861 -0.00271372186373149 -0.993454158089362 0.0899038392479191
1744315269.33396 27.9215030670166 32.7320938110352 0.633762538433075 0.0485656367879468 0.00506702601727671 -0.992674104232294 0.110516184142116
1744315269.73264 27.5194568634033 32.6141815185547 0.665903747081757 0.0345037259387281 -0.0208717536288879 -0.986532501623183 0.158516516609171
1744315270.43088 26.8015689849854 32.4044075012207 0.645736932754517 0.06544549390096 0.0328512936353808 -0.987981344849462 0.136126933646465
1744315271.03164 26.2017364501953 32.2251052856445 0.659620702266693 0.044173813935872 0.00933282761202979 -0.995938660369755 0.077895810362435
1744315271.33113 25.8568248748779 32.1605110168457 0.659272193908691 0.0643536437849647 0.0134467179959086 -0.992108428977808 0.1067645046723
1744315271.83356 25.367654800415 32.0958938598633 0.649077296257019 0.0816655880356228 0.0035225339816624 -0.994201188236417 0.0698736058497147
1744315272.72978 24.5041751861572 31.9755001068115 0.687441229820251 0.0901563568287532 -0.0175608826719867 -0.992582769849612 0.0796422734533542
1744315273.3335 23.9695281982422 31.7983531951904 0.707166016101837 0.0374730811677078 0.011096545002753 -0.997910563703292 0.0514503812053762
1744315273.93128 23.3825778961182 31.6239128112793 0.699678361415863 0.0596140447780305 0.0139988560196717 -0.987184072270757 0.147369620852702
1744315274.63272 22.6629791259766 31.3640270233154 0.676664233207703 0.0845968267089171 0.067148416613399 -0.987584354354655 0.114068444764512
1744315275.03064 22.2230167388916 31.2537212371826 0.682366907596588 0.081403638590727 0.053171135095484 -0.97713677283615 0.189076717731726
1744315275.53329 21.717716217041 31.157901763916 0.667169332504272 0.0786763397191187 0.0274341889583696 -0.98864904828331 0.125021830786084
1744315275.93079 21.2910022735596 31.0399074554443 0.681156635284424 0.0825068686525965 0.016673066496422 -0.993360145981271 0.0784235032041846
1744315276.33102 20.8910999298096 30.9375171661377 0.706665337085724 0.0733066624158465 0.0083137337290754 -0.986717906076609 0.144723145711818
1744315276.93334 20.3926467895508 30.7341594696045 0.718661665916443 0.0173764762235462 0.00243874004975929 -0.994486833450002 0.103383019474239
1744315277.332 20.0051307678223 30.6013221740723 0.699927985668182 0.0305647223842639 0.0176043261974249 -0.994423897586459 0.0993830838405765
1744315277.63199 19.7001495361328 30.5212001800537 0.722769618034363 0.0521405761045189 0.01672570440225 -0.992041179736201 0.113383900282817
1744315277.93348 19.4831218719482 30.4567832946777 0.718059420585632 0.0446920231497552 0.0138929120014958 -0.996851280062186 0.0640088704890348
1744315278.83043 18.7115268707275 30.1405181884766 0.739886164665222 0.0502158959029385 -0.00633947786815224 -0.995701717546402 0.0775645827305803
1744315279.43392 18.1791000366211 29.8729228973389 0.708141326904297 0.0569774313044852 -0.00938961310469588 -0.992880268230839 0.104183398128227
1744315280.03169 17.657678604126 29.6422214508057 0.729951977729797 0.0523609854142129 0.025815849352327 -0.994325230708804 0.0889337096075185
1744315280.83312 16.8596210479736 29.414514541626 0.714620530605316 0.0884957902116293 0.0271319441293183 -0.993485564785551 0.0664739444092063
1744315281.13128 16.5691909790039 29.3403205871582 0.701118350028992 0.0836317535521412 0.026019113850346 -0.99240755129812 0.0863480610014207
1744315281.73302 16.079345703125 29.2145671844482 0.711045563220978 0.076518555462388 0.00853870136429352 -0.989270813363948 0.124158201803964
1744315282.83263 15.0550479888916 28.9013729095459 0.747651934623718 0.099488593861425 0.0724320219727175 -0.985650864813094 0.115533521445595
1744315283.43302 14.5562524795532 28.750675201416 0.820153534412384 -0.00776485589238459 0.0575498276657062 -0.996883293807999 0.0533987160438612
1744315284.13323 13.8650665283203 28.6377410888672 0.835033178329468 0.0023251201113977 0.0128312490061094 -0.994517474359155 0.103754258031648
1744315284.7321 13.3649930953979 28.4736728668213 0.851003289222717 -0.0157517229449895 -0.00315691751239355 -0.999588103088902 0.0237811113956931
1744315285.03122 13.1099014282227 28.3926105499268 0.850326776504517 -0.0192947164474839 -0.025601410160582 -0.997383406661903 0.0647967733031323
1744315285.43335 12.7983112335205 28.278133392334 0.836506009101868 0.00692183786243818 -0.0220573943668469 -0.995860699627426 0.087903506482541
1744315286.33023 12.0132389068604 28.023588180542 0.799536168575287 0.0396456980652122 -0.0266626630628761 -0.997371793127406 0.0544685900050608
1744315286.83232 11.5755481719971 27.8621959686279 0.825270235538483 0.0497686891373156 0.00538338878919928 -0.99564923954259 0.078591911192945
1744315287.53205 10.975399017334 27.5271034240723 0.836167454719543 0.021424816646608 0.0301094515657663 -0.993673751943355 0.106051274659398
1744315288.13248 10.4470281600952 27.3025283813477 0.853115022182465 0.0262369760087391 0.0339584845052162 -0.982274142392212 0.182471783045134
1744315288.53293 10.1032209396362 27.1099185943604 0.877806663513184 0.0248639059221975 0.0229860859053484 -0.988745978485222 0.145721707601666
1744315289.03211 9.67775821685791 26.9488945007324 0.856628954410553 0.0570664192328409 0.0594433236636526 -0.985763557565902 0.146560989498489
1744315289.43341 9.39681243896484 26.840259552002 0.884945929050446 0.0532455972664227 0.0662344199686336 -0.980745901473676 0.175827713190345
1744315289.7335 9.19109630584717 26.7263584136963 0.863453686237335 0.0529481891982821 0.0302604736820325 -0.979108913597141 0.193975586886052
1744315290.13229 8.99985790252686 26.5792045593262 0.874024391174316 0.053920364119875 0.0403993342816646 -0.97855403738517 0.194659918935465
1744315291.13321 8.40826988220215 26.1625823974609 0.855284333229065 0.0812373032611451 0.0569845560064301 -0.948503592537802 0.300822532198786
1744315291.73231 8.12565135955811 25.8379211425781 0.835583388805389 0.0657389699669848 -0.0308560386945292 -0.972858149531473 0.219711887693768
1744315292.33138 7.83570051193237 25.4535808563232 0.822469055652618 0.068717914025695 0.00286474979554844 -0.943551532197184 0.324006400536953
1744315292.93177 7.52390241622925 25.0916709899902 0.782456517219543 0.0562993722864578 -0.00278113674143047 -0.953573322888368 0.295838746336939
1744315293.33094 7.32526397705078 24.824291229248 0.7550208568573 0.0532964977223409 0.00536913409385631 -0.934824720827716 0.351046146623201
1744315293.73213 7.13000011444092 24.5187282562256 0.753655254840851 0.0790523731586325 0.0350015659890877 -0.890779002138792 0.446137178483163
1744315294.13456 6.97516107559204 24.1893005371094 0.713100731372833 0.0471160554576262 0.0332619544587948 -0.89280539718567 0.446735092039828
1744315294.5301 6.81148290634155 23.8506088256836 0.68880569934845 0.0320005096388411 0.0608701102268829 -0.872832686551609 0.483149975008715
1744315294.83016 6.67391920089722 23.6148414611816 0.671024203300476 0.0360101912826695 0.089613339957017 -0.837649965380607 0.537601386645721
1744315295.03178 6.65491724014282 23.5628681182861 0.654228985309601 0.0270491004443895 0.0956397764022589 -0.82020844599911 0.563364433068507
1744315295.73044 6.42027616500854 22.9455661773682 0.56808865070343 0.0216016482737871 0.0600620973946659 -0.78896152588274 0.611118338724333
1744315296.03278 6.35626459121704 22.6908302307129 0.510446608066559 0.0127452129592611 0.0640340742612215 -0.760517417673179 0.646026666861245
1744315296.63201 6.25411176681519 22.2130241394043 0.462289929389954 0.00365632922029755 0.015433806537665 -0.735330015494698 0.677523576848038
1744315297.13011 6.11175346374512 21.7339820861816 0.371154636144638 -0.0013575137743462 0.0291521856604138 -0.705524095183303 0.708084781889397
1744315297.93185 5.87889099121094 20.935525894165 0.277650654315948 0.028334303594974 -0.0256757759982752 -0.731985929438001 0.680245926758449
1744315298.53297 5.76247596740723 20.3396263122559 0.227821990847588 0.0327181038928584 0.00183109953628472 -0.678247632215689 0.734102392140195
1744315298.83368 5.72006320953369 20.0054111480713 0.198121100664139 -0.00370723145674328 -0.00583244929711584 -0.714802732278984 0.69929199401725
1744315299.43216 5.65797805786133 19.4984531402588 0.183791667222977 -0.0249487304798593 0.0283545556962203 -0.66819072888535 0.743030773151677
1744315299.83375 5.57818937301636 19.0721797943115 0.143951565027237 0.0179226869404728 0.00430132217806161 -0.644649633390982 0.764255929704983
1744315300.42927 5.54866790771484 18.4287490844727 0.114092722535133 0.0132122367381889 0.00146169670267115 -0.645142862307655 0.763946324984033
1744315301.23316 5.54833984375 17.5154266357422 0.0974707305431366 0.0149794441674929 0.0118659229995378 -0.627414120763356 0.778451242654636
1744315301.83129 5.56092882156372 16.847635269165 0.124366022646427 0.0159847629219456 0.0426559571864637 -0.612382979406713 0.789247770477556
1744315302.13318 5.55611801147461 16.5180854797363 0.113839566707611 0.033944245614672 0.0528459706405889 -0.61634088704474 0.784970701703961
1744315302.43349 5.56636714935303 16.3490600585938 0.145572304725647 0.00355741152724987 0.0125271155938286 -0.648402621613742 0.76118621669244
1744315302.83175 5.56525278091431 15.8955602645874 0.142367482185364 -0.00871526131343815 0.0186567351829191 -0.645584265642685 0.763411374297729
1744315303.13205 5.52910661697388 15.5593509674072 0.158597722649574 -8.85486128419273e-05 0.0255061715506852 -0.616168948540788 0.787200898263023
1744315303.43365 5.51106977462769 15.2818088531494 0.142992034554482 0.0136776326579021 0.00444366452359244 -0.628511504648439 0.777667322661196
1744315303.63401 5.52875804901123 15.0687522888184 0.150745719671249 -0.001055350550463 -0.00642584023604169 -0.652991818305597 0.757336965979099
1744315303.83141 5.53278732299805 14.8526182174683 0.15609484910965 0.0297277789840941 -0.0119293943294325 -0.643604352198875 0.764687770621626
1744315304.13235 5.50866079330444 14.5194997787476 0.0966619849205017 0.0754107450310882 -0.0819939019812966 -0.638625910172665 0.761411299120175
1744315304.33063 5.53390407562256 14.2764101028442 0.113599143922329 0.0971088517853709 -0.0390910941311597 -0.576991308109946 0.810014066316215
1744315304.63392 5.59719133377075 13.9394302368164 0.076187863945961 0.0683394201329658 0.0511623525384568 -0.609088630520914 0.788494246972531
1744315304.83242 5.60741901397705 13.7325315475464 0.0931302011013031 0.0586136716487522 0.0344442785690638 -0.608533114120377 0.790610826000166
1744315305.13175 5.60942792892456 13.444185256958 0.103772155940533 0.0148598309305217 0.0245344239670502 -0.672015132378602 0.739981695259748
1744315305.3316 5.64154767990112 13.2087745666504 0.0832983404397964 -0.00296368825800664 0.00923149842942048 -0.69287793513962 0.720989710734705
1744315305.73236 5.73371171951294 12.7276391983032 0.0495358183979988 0.0346819976761056 0.0293220596380682 -0.70107867561771 0.711636189671306
1744315305.93254 5.7988715171814 12.4960641860962 0.0223186630755663 0.0399376328504705 0.0277779397784674 -0.703416675751691 0.709110958749338
1744315306.23294 5.85576009750366 12.1952037811279 0.0474861524999142 0.0491609144333738 0.0278189568478606 -0.724361574951968 0.687102335074678
1744315306.43257 5.88338565826416 11.9891977310181 0.0168425012379885 0.0449660593905809 0.0109515026221078 -0.722979467225029 0.689317639455291
1744315306.73317 5.93829536437988 11.6351547241211 0.0146268764510751 0.0452165925880232 0.0183852658164177 -0.729203732472508 0.682553557095523
1744315307.03313 6.02693891525269 11.3064832687378 -0.013964606449008 0.0493087001031603 0.0320984516204833 -0.711906463379833 0.699805350719558
1744315307.33361 6.0709662437439 11.0140790939331 0.00383249064907432 0.0540056180629317 0.0426878800999634 -0.749578360441172 0.658326225870226
1744315307.53148 6.08642625808716 10.8123407363892 -0.00871990155428648 0.0546775441434798 0.0246991585008804 -0.751941360011083 0.656494104193228
1744315307.7305 6.09924983978271 10.6071224212646 -0.00211678422056139 0.0252160348624235 0.0033008700535401 -0.742130775577666 0.669772474638364
1744315307.93108 6.10682201385498 10.3783836364746 0.00157575029879808 0.052211316389177 0.00333381916010425 -0.729169926104891 0.682329893053869
1744315308.13242 6.12315511703491 10.1591320037842 -0.0259906202554703 0.0638032821350067 0.0269802098115139 -0.732105848117381 0.677659380972224
1744315308.33288 6.15458536148071 9.97392845153809 -0.0200058836489916 0.0516160098454306 0.0272056347732901 -0.739768908147086 0.670326490229267
1744315308.53302 6.17827653884888 9.77402973175049 0.00400596065446734 0.0408548761867007 0.0436766819396242 -0.754957060422822 0.653041394908658
1744315308.93213 6.23460102081299 9.36780738830566 -0.029547369107604 0.00444473071129718 0.0333059391590821 -0.737456341275054 0.674558450765274
1744315309.13245 6.27139139175415 9.14890289306641 -0.0330991148948669 0.0357124681766574 0.0458129110708391 -0.718472079710746 0.693126011250524
1744315309.33342 6.31252479553223 8.92430114746094 -0.0486854650080204 0.0428658622819462 0.047231335497518 -0.725662939054963 0.68508759854493
1744315309.5332 6.37183523178101 8.71090793609619 -0.0513163767755032 0.0627048227579532 0.0258826345115048 -0.723008120359782 0.687500874419409
1744315309.73297 6.4451642036438 8.49431896209717 -0.0561222247779369 0.071345574014696 0.0646461934705301 -0.720777835289404 0.686447369354567
1744315309.93231 6.51030111312866 8.2893180847168 -0.083971843123436 0.0699885119405654 0.0629981140070281 -0.701369527785426 0.70655051576087
1744315310.1322 6.57669734954834 8.0637378692627 -0.0793397724628448 0.0451315874342612 0.0519227931976951 -0.679655896164334 0.730297902346206
1744315310.3326 6.64821434020996 7.84270715713501 -0.0746164843440056 0.0593885797928154 0.0652608174683601 -0.657595400712798 0.748186013806011
1744315310.53345 6.72901678085327 7.64801025390625 -0.0886677801609039 0.0548696216246704 0.0661944185460467 -0.651685877708488 0.753600119673182
1744315310.93268 6.86031150817871 7.26444864273071 -0.0757128223776817 0.0454532503841099 0.0919636148323271 -0.674510426780014 0.731103535582707
1744315311.13115 6.90504693984985 7.07253694534302 -0.0953772738575935 0.0487315434548333 0.0710337412312905 -0.671588705135704 0.735899487303357
1744315311.33155 6.95833587646484 6.85358381271362 -0.0999005511403084 0.0331730134515815 0.066216301447057 -0.683561972453881 0.726125321426111
1744315311.53131 7.0363507270813 6.62689113616943 -0.0824018865823746 0.0587837838887162 0.0743374156540167 -0.67320365197324 0.73335888782744
1744315311.73244 7.10283231735229 6.43477630615234 -0.0967843011021614 0.0537446938475087 0.0849445857951378 -0.690803304310166 0.716021452179672
1744315311.93358 7.15754318237305 6.24236917495728 -0.084883414208889 0.0755811951449251 0.0593794286912333 -0.741682495393625 0.663828774922761
1744315312.13145 7.20776891708374 6.03813362121582 -0.0706785768270493 0.0929422954562884 0.0586179993133182 -0.734308324661842 0.669863377267439
1744315312.33225 7.24084949493408 5.82859563827515 -0.0574059970676899 0.0676613727856492 0.0288937283970449 -0.75583245873244 0.650618463785461
1744315312.53137 7.28832912445068 5.60805130004883 -0.0403180867433548 0.0477034512584576 0.0121667816311271 -0.73118401827052 0.68040155907269
1744315312.73231 7.3461742401123 5.37805652618408 -0.0443994924426079 0.0471485137880931 0.0130999256549595 -0.723015032416276 0.689096997886002
1744315312.93315 7.38867044448853 5.15991401672363 -0.0573777481913567 0.035515610769488 0.0247286420609413 -0.723980505680326 0.688461591556385
1744315313.1335 7.41403865814209 4.94857311248779 -0.0490223988890648 0.0503020485086592 0.0251334090109882 -0.729983232582245 0.681147925061873
1744315313.33324 7.42394018173218 4.73932504653931 -0.0579890385270119 0.0434620375106339 0.0368417621823547 -0.738356819286143 0.671999213740889
1744315313.53203 7.43846130371094 4.51787233352661 -0.0737380981445312 0.0188763540769643 0.0253121736462588 -0.724619797293504 0.688425105942821
1744315313.73279 7.44969320297241 4.27556657791138 -0.0636749640107155 0.0171272797561794 0.0282369331579512 -0.724912847601648 0.688048468696833
1744315313.93323 7.47063207626343 4.04967975616455 -0.0755470618605614 0.0225530791473189 0.0347068663572043 -0.724113806171186 0.688437352095974
1744315314.13323 7.49916553497314 3.84536671638489 -0.0877053439617157 0.0179551106023406 0.0234686394348868 -0.734227764512432 0.678259851963397
1744315314.33274 7.5174503326416 3.64024066925049 -0.0664807185530663 0.0267701332861992 0.0364584330685743 -0.73602168755183 0.675445199905499
1744315314.53319 7.5205078125 3.42772698402405 -0.0893277004361153 0.0173321362681558 0.0328574973209067 -0.755196022603802 0.654445528188242
1744315314.73179 7.53143692016602 3.19237327575684 -0.10076379776001 0.00821273488921493 0.0212479844472157 -0.730139031635544 0.682918786258571
1744315314.93277 7.55554389953613 2.95941948890686 -0.0888345018029213 0.0168586369542627 0.0333135474925529 -0.721975127629903 0.690910926963304
1744315315.13318 7.59247732162476 2.75504851341248 -0.105074942111969 0.0223980817334 0.0253651991115902 -0.723445884692628 0.689551292167591
1744315315.33367 7.62745380401611 2.54577898979187 -0.101482003927231 0.0338045375321059 0.0180897610090243 -0.736809157434941 0.675012799366715
1744315315.53297 7.6788387298584 2.34897303581238 -0.100879363715649 0.0341965430075616 0.0292585472297458 -0.742811194067985 0.667986574586369
1744315315.73232 7.74868249893188 2.1397819519043 -0.114659354090691 0.0072970179831844 0.0309256419465676 -0.75015541488194 0.660497700012688
1744315315.93154 7.83015060424805 1.91893661022186 -0.129643902182579 0.00769299424883613 0.0223053606718117 -0.732181358134468 0.680700923699354
1744315316.13299 7.91135311126709 1.70195293426514 -0.126909300684929 0.0130002560264653 0.036426550699303 -0.73463478167941 0.677359459441029
1744315316.33326 7.99841547012329 1.4884444475174 -0.153947249054909 0.0164468809081729 0.0349053558261896 -0.733810568989823 0.678257447494586
1744315316.53274 8.07620334625244 1.28420460224152 -0.133684143424034 0.0355434331949049 0.0370178739382042 -0.723517230318493 0.688396076977543
1744315316.93325 8.14910507202148 0.884545087814331 -0.159058570861816 0.0141817049420092 0.0306439470557659 -0.734508692877069 0.677758664896142
1744315317.13253 8.17702674865723 0.659032762050629 -0.154702350497246 0.0367143975694147 0.0182457011593999 -0.713025506737952 0.699938407391253
1744315317.3336 8.20893478393555 0.431339651346207 -0.173580482602119 0.0501693268724433 0.0376936966383649 -0.717724284243201 0.693494106451154
1744315317.53309 8.25234127044678 0.220847010612488 -0.180312484502792 0.0499586796550635 0.0156475840926095 -0.721555852907012 0.690374126524757
1744315317.73268 8.29471111297607 0.0269657503813505 -0.166425779461861 0.0602500742124277 0.020312795559206 -0.723453741545514 0.687438726533328
1744315318.132 8.32108116149902 -0.376397132873535 -0.196963906288147 0.0407395738871831 0.0190393550959295 -0.719884882300079 0.692635218793286
1744315318.3324 8.31970977783203 -0.603166103363037 -0.174235671758652 0.0365157008398492 0.0229701005290196 -0.714601727750879 0.698200077892662
1744315318.53321 8.33457183837891 -0.821290612220764 -0.176208198070526 0.0473107297926751 0.0376275456302643 -0.713540610869202 0.698001188606962
1744315318.73353 8.36857795715332 -1.03031873703003 -0.176538854837418 0.0374911361316336 0.0340135064131988 -0.723074713035625 0.688912516551621
1744315319.13303 8.39985466003418 -1.41748917102814 -0.172013625502586 0.03177448373945 0.0388181172003553 -0.732908423210322 0.678475334221864
1744315319.33208 8.41173362731934 -1.62093496322632 -0.191378504037857 0.0151362054947228 0.0281828886400819 -0.717967107225707 0.695341536953656
1744315319.53249 8.41980171203613 -1.83641946315765 -0.1663458943367 0.0202822971304202 0.0167878945710855 -0.706150273133067 0.707572319111678
1744315319.73344 8.43578624725342 -2.04702734947205 -0.182604447007179 0.0190345606281558 0.0404585978355572 -0.704541593653066 0.70825273043997
1744315319.93313 8.46162605285645 -2.25309991836548 -0.191525295376778 0.0330927657887988 0.0105639603532835 -0.697107734158407 0.716124345746347
1744315320.13345 8.47507286071777 -2.46725392341614 -0.167770206928253 0.0412803489894472 0.0336743008088742 -0.709487613501269 0.702701430581023
1744315320.3329 8.49623489379883 -2.66724586486816 -0.192231103777885 0.0359396652375719 0.0392391750698721 -0.714322261062243 0.697791039605247
1744315320.53179 8.51344680786133 -2.88399767875671 -0.202562138438225 0.0261261461577424 0.0344407310300376 -0.691684285959165 0.720905062466772
1744315320.73266 8.52016544342041 -3.10541987419128 -0.171807959675789 0.0265354737010592 0.0340742504851443 -0.676754515651487 0.734940908940751
1744315320.93344 8.54587745666504 -3.31982851028442 -0.186063274741173 0.0169738939258509 0.0456893392894791 -0.676706152355131 0.734638111293581
1744315321.13317 8.58726501464844 -3.54084229469299 -0.196826487779617 0.021185776560744 0.0294700757120352 -0.679426030775459 0.732845786106293
1744315321.33255 8.61514854431152 -3.7626519203186 -0.169870421290398 0.0469256948698545 0.0460057073324613 -0.675286261709635 0.734622296694055
1744315321.53309 8.62437915802002 -3.97433876991272 -0.18757227063179 0.0478667018666279 0.0477852480179939 -0.692066882707627 0.718657622782656
1744315321.73216 8.63477516174316 -4.19437122344971 -0.201870918273926 0.0388414101726488 0.0361235233290638 -0.675543594103072 0.735409605855402
1744315321.93258 8.64598846435547 -4.43261241912842 -0.181723594665527 0.0610327792004754 0.0321258531694582 -0.658683076349611 0.749252650547072
1744315322.1338 8.67193412780762 -4.64378643035889 -0.194474041461945 0.0583483364866727 0.0343239811773764 -0.669476520507062 0.739742201334445
1744315322.33292 8.71689891815186 -4.85959815979004 -0.18075367808342 0.0572667227881136 0.0113431754917136 -0.670337458011016 0.739756410731399
1744315322.53264 8.74970531463623 -5.05829477310181 -0.155397519469261 0.0654893045577668 0.0262328445715104 -0.68465551177385 0.725444566491413
1744315322.93175 8.77371215820312 -5.47757863998413 -0.17876024544239 0.0363657831598126 0.0114384647227803 -0.674284471940496 0.737487045472587
1744315323.13266 8.78371238708496 -5.69433259963989 -0.170405268669128 0.0389002630648649 0.0215276633304184 -0.669326886733547 0.741636600998491
1744315323.33357 8.80765056610107 -5.897376537323 -0.183889865875244 0.0396108947118632 0.0378251312065713 -0.676831994198669 0.73409719254223
1744315323.53307 8.84451675415039 -6.10528373718262 -0.176214024424553 0.0454273200062346 0.01249870377552 -0.674981790769652 0.736328542927935
1744315323.73332 8.87522506713867 -6.30628681182861 -0.156997457146645 0.0541941415353853 0.0334054050881498 -0.687424525225317 0.723460155124584
1744315324.13171 8.93160533905029 -6.69282674789429 -0.183124020695686 0.0184453703610432 0.0123303957362072 -0.679999099430779 0.732877175539368
1744315324.33294 8.94833087921143 -6.91307258605957 -0.141886740922928 0.0124687026948349 0.00701329010550536 -0.681210463302871 0.731947846435585
1744315324.53377 8.96376609802246 -7.12172746658325 -0.153279051184654 0.0221406320086013 0.0115524783248803 -0.685316594732151 0.727816939651408
1744315324.73312 8.99846649169922 -7.3393988609314 -0.1754499822855 0.0373067581863611 -0.0138038446862599 -0.683450335787721 0.728912407753602
1744315324.93245 9.02611541748047 -7.5476336479187 -0.149725645780563 0.0557581011337157 0.00778154810812775 -0.686088105927562 0.725336882125632
1744315325.13319 9.03444385528564 -7.75214529037476 -0.167933091521263 0.0547834423340166 0.0328879258842572 -0.709733540504925 0.701566433247352
1744315325.33133 9.05113124847412 -7.95969915390015 -0.182136103510857 0.0384393502317484 0.0257115385821243 -0.687822571182834 0.724404199124312
1744315325.53189 9.06663608551025 -8.18277168273926 -0.155618622899055 0.0497013350128271 0.0111690418503481 -0.663715911130507 0.746248094881514
1744315325.73402 9.09545135498047 -8.3954381942749 -0.1737991720438 0.045688435321063 0.044413000905807 -0.679540578093175 0.73086568872348
1744315325.93291 9.13271331787109 -8.60838413238525 -0.183344528079033 0.0509913997936798 0.027087888383214 -0.680327740543237 0.73063006295755
1744315326.13253 9.15762329101562 -8.80972671508789 -0.163830325007439 0.0674720918211351 0.0481467212593523 -0.691985909700751 0.717136605419691
1744315326.53126 9.18176174163818 -9.19677925109863 -0.191250532865524 0.0497077019047029 0.0270411129230461 -0.675977396680206 0.734746542530611
1744315326.73221 9.19877815246582 -9.40806770324707 -0.170439198613167 0.0580258485161346 0.0213507011793614 -0.660947860186289 0.747880387881844
1744315326.9333 9.2111177444458 -9.609375 -0.183376476168633 0.0703439485272565 0.0203102769740818 -0.656752325400432 0.750543539467202
1744315327.13392 9.24808979034424 -9.81796646118164 -0.196022927761078 0.0701237525092781 0.0154227629173871 -0.675852374485235 0.733531434650677
1744315327.33267 9.26696586608887 -10.0181932449341 -0.169283524155617 0.0763778142514025 0.0259819486254069 -0.69401055160772 0.715430445321523
1744315327.73072 9.31659317016602 -10.4173498153687 -0.206676155328751 0.0459456291492781 0.0204787547855887 -0.710613844288397 0.701781721100069
1744315327.93101 9.36298561096191 -10.6457424163818 -0.155591771006584 0.0385882127269128 0.0183823806101125 -0.698701218966703 0.714135592542545
1744315328.13193 9.4386625289917 -10.8411283493042 -0.168084532022476 0.0378665576156822 0.0216364329782292 -0.675577164721391 0.735998290140217
1744315328.33311 9.5261116027832 -11.0508003234863 -0.163930907845497 0.0425497924417388 0.0143527893039194 -0.676803343364751 0.734792996028581
1744315328.53343 9.61228370666504 -11.2478485107422 -0.126099482178688 0.0403023862196595 0.0471334262853836 -0.693439125189344 0.717841443111387
1744315328.93137 9.75549507141113 -11.6704950332642 -0.170300349593163 0.0341706500033705 0.0260928640385198 -0.668442581020833 0.742520063703885
1744315329.13197 9.81066417694092 -11.8980674743652 -0.142833203077316 0.0722559189462925 0.0150412108626423 -0.647430938234125 0.758542038630881
1744315329.33345 9.88745880126953 -12.0949506759644 -0.163737267255783 0.0772819830103543 0.0205085564042284 -0.654334136219318 0.751966576647075
1744315329.5335 9.9777774810791 -12.2923622131348 -0.156857654452324 0.0823455020087606 -0.00202376449248824 -0.66536666621444 0.741958436953773
1744315329.73269 10.0468130111694 -12.4844655990601 -0.13137249648571 0.0878292947366531 0.0187848603340779 -0.675795678655413 0.731596435693177
1744315330.13112 10.131160736084 -12.9155197143555 -0.169233798980713 0.053313998164863 0.00059518876547229 -0.681243992511408 0.730112242067702
1744315330.33141 10.1919612884521 -13.1554498672485 -0.150486305356026 0.0779836455743245 0.0128716632631649 -0.646418020936804 0.758878523556915
1744315330.53354 10.2632369995117 -13.3682222366333 -0.171885907649994 0.0666538358642835 0.0233829195949492 -0.669022553494703 0.739877914355619
1744315330.73373 10.3202066421509 -13.5661878585815 -0.161217421293259 0.0886697019151581 0.00597751630954419 -0.684641866389511 0.723441406091559
1744315331.13128 10.4221181869507 -13.9470462799072 -0.191202864050865 0.0913513688705353 0.0300435794533142 -0.698024993629274 0.709586794555793
1744315331.33135 10.4700231552124 -14.1652641296387 -0.194660216569901 0.0765412028953027 0.0228284505706538 -0.683940276581804 0.725152400653193
1744315331.53131 10.5413255691528 -14.3867254257202 -0.180007115006447 0.0886838014500748 0.0190566785394195 -0.651670307806865 0.753058985927606
1744315331.73298 10.6319532394409 -14.5974092483521 -0.185470506548882 0.0808501770171758 0.0222181850739199 -0.652937306597874 0.752756584017055
1744315332.0331 10.7749700546265 -14.899600982666 -0.156381905078888 0.0801492600841873 0.0481899399260817 -0.661304018713335 0.744265289148614
1744315332.23197 10.8782434463501 -15.0942068099976 -0.189257323741913 0.0678789748230902 0.0507864896042165 -0.634242603020306 0.768472184119031
1744315332.53219 10.9996175765991 -15.4306116104126 -0.194060727953911 0.073778910483448 0.00583924579092431 -0.606216298323351 0.791848707281638
1744315332.73289 11.0791311264038 -15.6561374664307 -0.205044165253639 0.0896646945167344 0.0190814943028727 -0.603014833580539 0.792445108265692
1744315333.03301 11.2504682540894 -15.9209995269775 -0.222907274961472 0.0739785430775981 0.0293356453723907 -0.594452922514079 0.800182677886226
1744315333.23294 11.3693895339966 -16.0953464508057 -0.209891691803932 0.0553650898651399 0.0597185699862691 -0.580020657758232 0.81052108905119
1744315333.53179 11.5681076049805 -16.3504962921143 -0.243892535567284 0.0439916246133172 0.0247780470662553 -0.487029400578331 0.871924967138672
1744315333.73229 11.7095079421997 -16.5160388946533 -0.231512516736984 0.0399817036448122 0.020212723846557 -0.412412159983097 0.909895114541472
1744315334.0341 12.0046062469482 -16.6900196075439 -0.249432072043419 0.0245253849347046 0.0334983679271199 -0.334585519212339 0.941450420985319
1744315334.23446 12.1708946228027 -16.8048515319824 -0.237714722752571 0.0100557017314041 0.0464152843726381 -0.339406394127969 0.939440154487951
1744315334.53109 12.45241355896 -16.9540882110596 -0.247157916426659 0.0101369482598037 0.0335312046067672 -0.294585966700324 0.954982726975118
1744315334.72953 12.6530475616455 -17.0669994354248 -0.263279587030411 0.00854041924048151 0.0160858115010822 -0.223674809588779 0.97449365696395
1744315334.93085 12.885778427124 -17.1707801818848 -0.254739195108414 0.0186569860993808 0.0186681117059199 -0.173120758913163 0.98454691168494
1744315335.23213 13.2390651702881 -17.2670059204102 -0.270468473434448 0.0132897496865827 0.0284087234383595 -0.125754209407641 0.991565532782443
1744315335.53305 13.5572195053101 -17.3717632293701 -0.240996763110161 0.00459372692199484 0.0500327615211606 -0.111723536763092 0.99246837318913
1744315335.73215 13.7851572036743 -17.4302043914795 -0.280038833618164 0.0151446528913524 0.0410720198149781 -0.0886874085223932 0.995097116992458
1744315336.03277 14.1454410552979 -17.5081005096436 -0.258724868297577 -0.00699565239588503 0.0345664431848403 -0.0653790504422286 0.997237083955655
1744315336.33288 14.5118007659912 -17.5524940490723 -0.269765138626099 -0.00648359310289884 0.0431881518621405 -0.0332605325897291 0.998492104891699
1744315336.63358 14.844898223877 -17.6048336029053 -0.216179639101028 0.0173062438216626 0.0729934327774836 -0.0354483906717792 0.996551987753236
1744315336.93302 15.1522769927979 -17.6553230285645 -0.221353933215141 -8.59212132811385e-05 0.0624312463322245 -0.0512845656512335 0.996730768776059
1744315337.23152 15.5100069046021 -17.7146492004395 -0.198469623923302 0.0183758317876881 0.0812728755619131 0.0228965147048095 0.996259403026331
1744315337.53351 15.8204441070557 -17.7462520599365 -0.208388552069664 0.00594332569791263 0.0882273150574303 0.0227976536183113 0.99582171333372
1744315337.93291 16.1807994842529 -17.788049697876 -0.157961875200272 0.00460814957009799 0.077209495841543 -0.00432140904985947 0.996994876683556
1744315338.23202 16.4632415771484 -17.8436470031738 -0.193452119827271 -0.011553419535902 0.0663272274856505 -0.0163553692625537 0.997596972372801
1744315338.43175 16.676197052002 -17.8671550750732 -0.18740901350975 -0.0068540243425845 0.0697419324843049 0.00825399501512845 0.997507371787275
1744315338.7333 16.9865016937256 -17.8939380645752 -0.205493614077568 0.00888748895090934 0.0802329128967558 0.019740891686869 0.996541012414269
1744315339.03404 17.3158664703369 -17.8838958740234 -0.188412338495255 0.00506028631650629 0.0919945092522554 -0.0148763283245791 0.995635524991656
1744315339.33174 17.6021881103516 -17.9021759033203 -0.224047854542732 0.0112000238541076 0.0884576338927278 -0.02290282763965 0.995753617597183
1744315339.63177 17.910608291626 -17.9125881195068 -0.2166528403759 0.0263741220705959 0.0762906764149189 -0.00298429058369597 0.996732277187245
1744315340.0333 18.2548084259033 -17.881908416748 -0.175525635480881 0.0351377218407202 0.0421220675251337 0.00326850554969135 0.998489052920824
1744315340.33273 18.509937286377 -17.8243980407715 -0.0911836996674538 0.034217319570534 0.0330659555502627 -0.0204000500449816 0.998658928555249
1744315340.83171 18.8481826782227 -17.7937297821045 -0.0962291285395622 0.017987783986385 0.0369705904999461 -0.00253805351026127 0.999151226466606
1744315341.13281 19.0533981323242 -17.7802505493164 -0.106781706213951 0.0089263431719501 0.0375421405661164 0.0583487300630807 0.997550166046458
1744315341.63428 19.2915725708008 -17.7759666442871 -0.161502435803413 -0.00390322242369677 0.0849340114815756 0.0672252099291563 0.994108520081354
1744315342.13135 19.559606552124 -17.722469329834 -0.111059442162514 -0.0166725655421598 0.088496579271359 0.0047114033437963 0.995925792262678
1744315342.83135 19.8548336029053 -17.6472759246826 -0.120932750403881 -0.0165199884814424 0.0654290938200327 0.0947091403345165 0.993215133996436
1744315343.13105 20.015453338623 -17.5750560760498 -0.103598207235336 -0.0121718126567999 0.0606916124838722 0.232306135691728 0.97067102278307
1744315343.63457 20.1115837097168 -17.4108066558838 -0.136838808655739 -0.0148197089845662 0.0733817504984965 0.354792291841152 0.931943090842725
1744315343.93199 20.1330833435059 -17.3182048797607 -0.0835655108094215 -0.00695843952950843 0.0653169631012292 0.447464374223443 0.891886152068396
1744315344.43106 20.055103302002 -17.15159034729 -0.0791024789214134 -0.0120923014973361 0.00928169100697357 0.557075531112756 0.830321912930154
1744315344.73102 20.0077819824219 -17.0342960357666 -0.0831047967076302 -0.0163551012346183 0.00971871570766122 0.679010194924993 0.733882287847664
1744315344.93208 19.9845886230469 -16.9666690826416 -0.0876698940992355 -0.0280985046004211 0.020708563239634 0.763280633454365 0.645123479685302
1744315345.33371 19.9214286804199 -16.9428730010986 -0.0866710394620895 -0.0318957121006102 0.0230964738526878 0.86616315866892 0.498207385543256
1744315345.63265 19.8365077972412 -16.9719047546387 -0.101096220314503 -0.0249430278735642 0.037874567780175 0.931175385550118 0.361739911844895
1744315346.13326 19.6107540130615 -17.0799560546875 -0.127301514148712 -0.0399804411448119 0.0441841629937205 0.979578965868037 0.1920270129313
1744315346.53322 19.4832077026367 -17.1720771789551 -0.0976439788937569 -0.0428614748591815 0.027599253404821 0.992634866757476 0.109896298762785
1744315347.03302 19.0833873748779 -17.1840572357178 -0.133444562554359 -0.0568325578600772 0.00955356254714697 0.998265783153544 0.0120089964018529
1744315347.33287 18.8287467956543 -17.1694965362549 -0.142109543085098 0.0721804353184985 -0.0160265425865773 -0.996787859162633 0.0307749657339778
1744315347.73335 18.4942798614502 -17.1650142669678 -0.13149257004261 0.061200491231698 -0.00452684300330046 -0.996582321165654 0.055296335371334
1744315348.13282 18.1236972808838 -17.1641693115234 -0.127452999353409 0.0677118481232777 -0.00355856663001279 -0.996158543397531 0.0554129826248267
1744315348.53247 17.6891670227051 -17.1529407501221 -0.192704632878304 0.0919622204598341 -0.0122634140411661 -0.990949552150482 0.0970131113660009
1744315349.03318 17.147533416748 -17.2036056518555 -0.162991002202034 0.0797270802697163 -0.0145255735282024 -0.991597304421226 0.100833457988418
1744315349.4317 16.7466983795166 -17.237133026123 -0.163254365324974 0.0876472549346959 -0.0141877189464989 -0.991912886291747 0.0906945055771498
1744315349.832 16.299129486084 -17.2758045196533 -0.163172453641891 0.083068215696303 -0.00524264291711478 -0.989358592570307 0.119338851777519
1744315350.33436 15.7890090942383 -17.3327217102051 -0.223670855164528 0.126846702071957 -0.0391407173279494 -0.986246430343714 0.0984677462665028
1744315350.63174 15.4951477050781 -17.369966506958 -0.190956592559814 0.0947113492344079 -0.0211809469100192 -0.991077628470364 0.0913578795712381
1744315351.0311 15.1356925964355 -17.423318862915 -0.154512509703636 0.0737914554528787 -0.0205267394143084 -0.983854273162654 0.161753649883857
1744315351.83153 14.3567132949829 -17.393217086792 -0.188145205378532 0.0500792773607951 -0.0222185742010566 -0.990712755500269 0.124445317423182
1744315352.33341 13.8098878860474 -17.3619365692139 -0.227515682578087 0.0796808802379753 -0.0110016947173769 -0.988856545189504 0.12527032000329
1744315352.9337 13.2409963607788 -17.2558937072754 -0.251443356275558 0.0403050206225746 -0.0247997834785967 -0.997309035441452 0.0559925341350811
1744315353.33402 12.8898439407349 -17.0298042297363 -0.250203341245651 -0.0330510152259008 0.0351130374225037 0.994206099612303 0.0960673539200202
1744315353.73256 12.5808115005493 -16.7741165161133 -0.252351552248001 -0.0330214922412096 0.0340408984308743 0.955352154850065 0.291638575136281
1744315354.13057 12.3589859008789 -16.4465675354004 -0.276304990053177 -0.0418827884558232 0.0389176549092481 0.904659120632433 0.422283226785154
1744315354.53151 12.1357517242432 -16.0996856689453 -0.238421335816383 -0.0215112678652322 0.0309971092385722 0.901376828938353 0.431388753709137
1744315354.83341 11.947943687439 -15.8447999954224 -0.252152979373932 -0.020280235675603 0.0545363768764297 0.892164647414775 0.447947248614616
1744315355.13485 11.9079942703247 -15.6991415023804 -0.224042028188705 -0.0295822757401881 0.0668570029794023 0.870357852556211 0.486962255835484
1744315355.73137 11.6498432159424 -15.109414100647 -0.212500885128975 -0.0369788941184175 0.0685611652861031 0.872350206136511 0.482635520717215
1744315356.43271 11.2125043869019 -14.4312925338745 -0.182081013917923 -0.0191116031146372 0.0353254925205646 0.85746567957685 0.512971212206278
1744315357.0332 10.8798084259033 -13.8508739471436 -0.206602454185486 -0.05169329693899 0.0241348321029215 0.882684838576851 0.466489859136831
1744315357.4345 10.6145372390747 -13.5383319854736 -0.226124659180641 -0.0430643020321119 0.021139569458872 0.879259736084244 0.473920775019039
1744315357.93088 10.3129253387451 -13.0997638702393 -0.253687620162964 -0.0279392944738931 0.0572865516685708 0.904470742931303 0.421746751029005
1744315358.33204 10.0216207504272 -12.7995853424072 -0.228416442871094 -0.0456883884292603 0.00701170084347403 0.90411439321835 0.424782969514354
1744315358.63274 9.78782558441162 -12.6002225875854 -0.237497508525848 -0.0240820938785377 0.00875572722071987 0.909002602929529 0.416001992618549
1744315358.93318 9.61126708984375 -12.4189701080322 -0.211531654000282 -0.041381202329007 -0.00255708976641142 0.885233958457804 0.463294610565307
1744315359.6331 9.1650972366333 -11.8377075195312 -0.237335428595543 -0.0373681239115306 0.0245340771587815 0.883532234566695 0.466232230604966
1744315360.13324 8.83774566650391 -11.4661569595337 -0.237563356757164 -0.037859998398844 0.0521418548596475 0.88596936586263 0.45924517443954
1744315360.63284 8.57668781280518 -10.9938287734985 -0.247500449419022 -0.0362158727278196 0.0520139943932371 0.888753073048189 0.4539834028874
1744315360.9329 8.38168716430664 -10.7359628677368 -0.266203433275223 -0.0447242176619159 0.0560242713636696 0.888114048708093 0.453998306010075
1744315361.23324 8.23376750946045 -10.6188220977783 -0.238064557313919 -0.0485293344221897 0.0534229003956891 0.879165802075714 0.471018460226792
1744315361.73234 7.97992563247681 -10.1631498336792 -0.258500576019287 -0.0320258554489853 0.0294587159527803 0.882002020948352 0.469232313124531
1744315362.03365 7.79206132888794 -9.8700008392334 -0.252817660570145 -0.0515307593331784 0.04092864255824 0.881813774245125 0.466983826928143
1744315362.83223 7.3509087562561 -9.28306484222412 -0.268057554960251 -0.0362440484532983 0.0244397057534159 0.871335052811473 0.488737450454157
1744315363.1318 7.18161201477051 -9.004958152771 -0.228427693247795 -0.0224561989332846 0.0407211096642422 0.898478295267197 0.436548122537405
1744315363.43351 6.99905157089233 -8.77680587768555 -0.269175738096237 -0.0252481260790766 0.0352006442892566 0.892528655333354 0.448905386668451
1744315363.73352 6.81028366088867 -8.51423263549805 -0.237719535827637 -0.0277240429353382 0.0275685125512079 0.87784483819166 0.477346618946119
1744315364.03202 6.64652061462402 -8.26708984375 -0.291297048330307 -0.0330072388311958 0.0347821594692451 0.8828222077949 0.467253328497011
1744315364.23241 6.52803897857666 -8.09809494018555 -0.274975568056107 -0.0337726225335609 0.0194050940118506 0.881232873529664 0.471074808182574
1744315364.5331 6.33282947540283 -7.84668731689453 -0.286198019981384 -0.0399869828578185 0.0366654782924329 0.890112086108323 0.452501003388285
1744315364.73344 6.19596529006958 -7.67721700668335 -0.287162810564041 -0.0158209933197458 0.051515857975349 0.887880221284027 0.45690756745765
1744315365.03294 6.01877689361572 -7.44753456115723 -0.275200098752975 -0.0215852558161526 0.04623548868422 0.875218314712586 0.481029373229061
1744315365.23222 5.89547872543335 -7.27275896072388 -0.303218096494675 -0.016254133036451 0.0452459510216251 0.881254145968956 0.470191171001656
1744315365.4326 5.77229881286621 -7.09455442428589 -0.284053236246109 -0.0183414208363368 0.0312231102985111 0.883077911406956 0.46782701081716
1744315365.73299 5.5606107711792 -6.85371828079224 -0.298843681812286 -0.0345599230444515 0.0381010845250241 0.883970501700158 0.464704283605336
1744315366.03362 5.35333681106567 -6.60828733444214 -0.29579222202301 -0.0234736132808679 0.036002065503925 0.864438903731613 0.500897417116797
1744315366.23297 5.24769496917725 -6.46525859832764 -0.300526887178421 -0.0388916547871952 0.0393813708289842 0.852710887628985 0.519442671464842
1744315366.43194 5.14168691635132 -6.28540086746216 -0.334737479686737 -0.034972986680525 0.054586234975308 0.856761966894151 0.51162111492542
1744315366.63263 5.0313925743103 -6.10616254806519 -0.311005443334579 -0.0285688586219312 0.0450956125149135 0.845714118528189 0.53095935416097
1744315366.93306 4.82972717285156 -5.8616418838501 -0.312994658946991 -0.0278797980288482 0.0448596924336137 0.85538778393793 0.515288330885136
1744315367.23376 4.61441516876221 -5.63310480117798 -0.301282852888107 -0.0130728835906108 0.0298058412282631 0.834863285237408 0.549494318902301
1744315367.43242 4.49531412124634 -5.4994421005249 -0.291987031698227 -0.0152539001137364 0.0310544982660167 0.835933770522981 0.54773868584207
1744315367.63203 4.36493062973022 -5.33124017715454 -0.318587243556976 -0.0125783237131587 0.0321849686145316 0.836814897941973 0.546394308306935
1744315367.83195 4.22958374023438 -5.16821479797363 -0.316074252128601 -0.0116238525618912 0.0212206582900041 0.844543073693208 0.534940712967508
1744315368.13297 4.01084852218628 -4.95501899719238 -0.321832865476608 -0.0223436386654167 0.00540982180908961 0.839241658788601 0.543272430547456
1744315368.33319 3.85984253883362 -4.80638742446899 -0.335781812667847 -0.0157655931728963 0.0191159150228274 0.837847538328345 0.545341663896937
1744315368.5334 3.73131465911865 -4.66249513626099 -0.295488357543945 -0.0153739544442245 0.019907092055599 0.824540622749509 0.565243408317592
1744315368.93237 3.5040397644043 -4.33765411376953 -0.33121532201767 -0.0102755310888908 0.0155073573721937 0.819945749556514 0.572138884461088
1744315369.13237 3.37945175170898 -4.15700054168701 -0.315144121646881 -0.0138267433328534 0.0359279039953275 0.830602380311719 0.555533700781345
1744315369.33306 3.2547755241394 -3.98651146888733 -0.330177664756775 -0.0332351873129959 0.0524415064768254 0.831064984351175 0.552699106664821
1744315369.83307 3.00668787956238 -3.64118933677673 -0.308889091014862 -0.0441897545307713 0.0383051136304395 0.776591335852754 0.627284529494156
1744315370.33058 2.80316400527954 -3.17716813087463 -0.333091616630554 -0.032595591951593 0.0613528233960668 0.806881133919202 0.58661417829091
1744315370.83381 2.55223178863525 -2.78602838516235 -0.349755674600601 -0.0518357220280705 0.0754652183018278 0.801195941874353 0.591357016930174
1744315371.3313 2.34856224060059 -2.43210387229919 -0.349441319704056 -0.0609543886352213 0.0572983148210019 0.783379555981468 0.615887925596093
1744315371.63166 2.22242307662964 -2.18694806098938 -0.344799429178238 -0.0444928134444648 0.0516780026108061 0.807765762238456 0.585546110014642
1744315372.23409 1.97441637516022 -1.73295819759369 -0.334948271512985 -0.0447101065562312 0.0528688239307494 0.816789322545057 0.57276617952206
1744315372.532 1.91609764099121 -1.51171565055847 -0.311772346496582 -0.0432647810774776 0.0660894762867608 0.805643763632455 0.587110267294478
1744315372.83084 1.82756125926971 -1.26633179187775 -0.316673099994659 -0.0372597642161684 0.0458548136872787 0.836162483196465 0.545290150036641
1744315373.43365 1.57698976993561 -0.855941653251648 -0.31855371594429 -0.0493574308052269 0.0443403162612623 0.915583651709847 0.396616133181469
1744315373.73306 1.44816207885742 -0.688203811645508 -0.308285683393478 -0.067023751547541 0.0326495965536055 0.921408301459077 0.381377191997214
1744315374.03037 1.31848537921906 -0.574363946914673 -0.30002149939537 -0.045936513726909 0.0176642458566787 0.955737256041208 0.290076039237567
1744315374.33034 1.14336121082306 -0.507544934749603 -0.30987936258316 -0.0274666860906534 -0.0144688024039084 0.995962091542718 0.084236257763802
1744315374.73296 0.966056942939758 -0.543339967727661 -0.302921950817108 0.0552642054739672 0.0137139291124329 -0.979305105208335 0.194214589190725
1744315375.03502 0.86881697177887 -0.640678286552429 -0.302544355392456 0.0675073880353928 0.0168861425955649 -0.949500201873099 0.305952573762382
1744315375.43045 0.805298984050751 -0.729438602924347 -0.307077467441559 0.0735561217690397 0.0590602307079386 -0.911755607487547 0.399753797122726
1744315375.93003 0.741102516651154 -0.881115853786469 -0.262487262487411 0.0846188924262637 0.0795611817394255 -0.818406059787812 0.562779870559854
1744315376.83317 0.784591436386108 -0.951140999794006 -0.145846337080002 0.092826498933732 0.066994546636281 -0.715705853230205 0.688955806615148
1744315377.9337 0.665549695491791 -0.990827083587646 -0.386496365070343 -0.0535200013737281 0.044245237155932 -0.713583991331621 0.697119685389249
