1744315058.93231 0.553524680915492 -0.77230929904649 -0.327170994181048 -0.032487047254119 -0.00357051204269321 -0.739572221069896 0.672283253566682
1744315062.93136 0.47162735986634 -0.74365736265838 -0.237819230360691 -0.00864840445128003 -0.0661277668119588 -0.663508047296985 0.74519084450163
1744315063.33153 0.559866850314207 -0.739528928149021 -0.236071082704286 -0.00967298966585828 -0.0302727526945502 -0.539817412187312 0.841181998865057
1744315063.73335 0.762081539993867 -0.651552236317407 -0.244801146940937 0.00049133601455204 -0.0348840165536981 -0.418108853905574 0.907726748677029
1744315064.13149 0.993336926997604 -0.575153499689312 -0.269465809306589 0.0184104814465652 -0.0138920063929402 -0.28064161015077 0.959535488131246
1744315064.53117 1.23897596320763 -0.521999358979925 -0.274946945531327 0.00952465807539023 -0.0193575085474041 -0.134244730359129 0.990713339025063
1744315064.9324 1.49173632463795 -0.442035452339343 -0.269772546982442 0.0130621736492456 0.0128777208201023 0.0130252520453729 0.999746911340661
1744315065.33174 1.65681986583361 -0.286326556728338 -0.265775872075836 -0.00349371435685928 -0.00116032188647326 0.114194262561543 0.993451618354481
1744315065.73128 1.76326339451683 -0.0590078667289178 -0.263708320429788 0.0086021329161872 0.00156899479042245 0.282082413590266 0.959350328872477
1744315066.13184 1.84182049826995 0.220455084521225 -0.267685873280004 -0.00268842509462861 -0.00727948461296477 0.468579337303621 0.883387336408203
1744315066.33232 1.85861480808927 0.340790510315357 -0.253120865349865 -0.00973892570013028 -0.00126397006701361 0.560372548201555 0.82818244543577
1744315066.73178 1.81363932820781 0.510886338011809 -0.206129769935527 -0.0308519887382879 0.0209485815681121 0.713940475042699 0.699212635624516
1744315066.93113 1.80281249813255 0.550788172304291 -0.148880021964868 -0.00564135104000819 0.0710630519578934 0.813125882852737 0.577706254457947
1744315067.33404 1.83468902035371 0.60041025002387 -0.111590229932806 0.00360962281974502 0.0683518577385845 0.86735519318971 0.492960407146076
1744315068.53105 1.87095001592347 0.723899214737846 -0.129174298945413 0.00784405469554306 0.0198407817965336 0.758999424611397 0.650741644297645
1744315069.13021 1.8706740680423 0.948959561331287 -0.190648754453395 0.0114852633786285 -0.0151432305169694 0.701277228155444 0.712635264749964
1744315069.53185 1.92947601114537 1.15348958419924 -0.160653785161411 0.0151357141448473 -0.0159555088162716 0.741944300912019 0.670100728428133
1744315069.93277 1.96493602160007 1.38734146605799 -0.158469429507707 0.0185103332135011 -0.0114266349992558 0.736767168241665 0.675796522170747
1744315070.33152 1.99108955222466 1.62740994982988 -0.162537081349924 -0.0203185586987226 -0.0386065457427512 0.697931138014925 0.714834818253428
1744315070.73108 2.03326967827053 1.86381679602909 -0.145652164782878 -0.00437273566891496 -0.0653244660407564 0.721038977150052 0.689794452536164
1744315071.13238 2.04443314195162 2.11838010505086 -0.159262370928513 0.00707970244700545 -0.0475665000724472 0.732111112441684 0.679485559025002
1744315071.53186 2.05576972839868 2.36703504439619 -0.145088837696277 0.0105311024009333 -0.00124818787626991 0.708033705408993 0.70609900857745
1744315071.93128 2.06945242613665 2.65249143541409 -0.174614534486566 0.00295091273037612 0.00725697763307414 0.71394009852503 0.700162955395214
1744315072.33209 2.0703486707306 2.89634250065719 -0.146716524839388 0.0238315521311623 -0.00458003514809319 0.722540762535721 0.690902255659482
1744315072.73255 2.02373042986735 3.13517309628755 -0.164628209868776 -0.000613459356723464 -0.0379477838250503 0.702376771475427 0.710792839202915
1744315073.13184 2.02197155496088 3.38880894904492 -0.183731731056001 0.000552062345780677 -0.00753014022225528 0.693032853540525 0.720866462064144
1744315073.53233 2.04667138775667 3.70113506911656 -0.193210688866954 0.0113868112632895 -0.0227412310094449 0.705601509538517 0.708152304718692
1744315073.93268 2.05002992404984 4.01867975294121 -0.216306697606554 -0.0078162120291458 0.00739215276633478 0.708017632535509 0.706112806091072
1744315074.33266 2.02973497205164 4.36722987668248 -0.200462793714811 -0.0178149820070922 -0.011073552765228 0.686792608413098 0.726550697387578
1744315074.73103 2.04078006208509 4.74906861915793 -0.214122843383435 0.00411843305597439 -0.013421966947863 0.714401089955585 0.699595577446489
1744315074.93141 2.05223129780029 4.95454926722171 -0.19035555206707 0.013092249373369 0.00613967134356153 0.749831009136322 0.661471356280636
1744315075.13313 2.04169114253743 5.15390510929669 -0.184936564126275 0.00897747524100368 0.018820780242589 0.751303300143295 0.659627572470368
1744315075.33311 2.01860566804082 5.35104379554238 -0.20183788044335 0.00745451028643033 -0.00546196721566663 0.736453799633826 0.676424717315552
1744315075.73024 1.96129135074246 5.72909111291487 -0.193684468643078 0.00165482257126058 -0.020125514144156 0.729885795563495 0.683270774054719
1744315075.93004 1.95753422955229 5.94412923854723 -0.200153333925162 0.0139739853324956 -0.013855902509891 0.740744670877313 0.671498379943262
1744315076.13113 1.95948957020963 6.18135914356039 -0.16078263827336 0.0065639069986048 -0.0126325252736502 0.745771687410934 0.666049491168917
1744315076.33153 1.96944862657605 6.41235020715175 -0.151525164112198 -0.00695081191264716 0.0440636819507425 0.742587810662122 0.668261491934659
1744315076.5321 1.96683953212685 6.6202536040063 -0.173486481994362 -0.0118811476551952 0.0512491952446866 0.725361887669366 0.686354493125747
1744315076.73212 1.96068622402655 6.82020379820882 -0.178680259633693 -0.0153427263638758 0.0561384087840414 0.709732081323109 0.702063709749825
1744315077.13159 1.98682164187469 7.20860429765677 -0.182496605228489 -0.0043163550853038 0.038752092225594 0.703008280993118 0.710111963905706
1744315077.33196 1.99238465702572 7.41075008215345 -0.148777461484497 0.00526050029293459 0.0220168051025598 0.715193065827162 0.698560280879531
1744315077.5323 1.98549548779064 7.61651297407576 -0.130446498069308 -0.00228674005480651 0.0137835105343467 0.726451374691262 0.687075822501743
1744315077.9315 1.94559140908938 7.99017732664615 -0.12573959154157 0.0125325596787174 -0.00232965770459472 0.718893878528871 0.695002948955323
1744315078.33183 1.89175106698687 8.40744237411366 -0.116042544031908 -0.00796172405392322 -0.006101490506399 0.700449242618949 0.713631726647737
1744315078.5313 1.85199154853568 8.6252692365128 -0.0928752364104931 0.00630592572201502 -0.0161764025361874 0.702985257089436 0.710992466638484
1744315078.73143 1.78780076343203 8.84733972473445 -0.095123528299868 0.014336737111244 0.000673210390697268 0.715735115634496 0.698224354347832
1744315078.93254 1.72315392034181 9.05334690279353 -0.111546748711687 0.0156594507669405 0.0100437633891744 0.702735670677549 0.711207762595456
1744315079.13228 1.68197504550412 9.25634113198464 -0.0930496161967149 -0.00162136257819673 0.0358703143420604 0.69843402556085 0.714773113422195
1744315079.53166 1.66790496911735 9.65864794309297 -0.0856277012837671 -0.00230544534452508 0.00979857811299699 0.690488016271907 0.723273787838059
1744315079.7319 1.66293731796167 9.87771708786122 -0.0550168573646037 0.000134931543550125 0.00147225832282343 0.696578934108155 0.717478642752281
1744315079.93224 1.65876622804204 10.1211777568168 -0.047712977829475 -0.00260726667545628 0.0117876568181288 0.702404350313357 0.711675756203689
1744315080.13282 1.65685013967054 10.3589586668556 -0.0389992304320874 0.00285030916565459 0.0265869315039669 0.696770209712272 0.716795846575844
1744315080.33298 1.66360680930816 10.5868835892343 -0.0192325777652947 -0.0100770346056645 0.0366377144728259 0.681701736370753 0.730642781310309
1744315080.5317 1.72278428412525 10.81480465684 -0.0353148342167773 0.000930564204169001 0.0390739455866788 0.678537364551371 0.733525327261596
1744315080.73089 1.71817212464313 11.0509750125335 -0.0164859630813702 0.0154031614362929 0.00944009692193812 0.694826344600267 0.718950608899737
1744315080.93131 1.69367061034164 11.2886442192944 0.00494682861466559 0.00910102937149045 0.00904690901661084 0.709236307400045 0.704854016777356
1744315081.13268 1.69021596152436 11.5104859429598 -0.00863540018558554 -0.0033844076597639 -0.0136224626751784 0.699924355842446 0.714079036517662
1744315081.33228 1.65830007444822 11.7295105605458 -0.0080007424039732 -0.00372553482849394 -0.0270570202277091 0.698103828853261 0.71547542388754
1744315081.53159 1.64880191324106 11.9416844269707 -0.00281427546527753 -0.00621981871517863 -0.00973187393105755 0.70963619247171 0.704473618256351
1744315081.73166 1.67766973358396 12.1711630235544 -0.0173275816195149 0.0128477433405587 -0.0200599114897291 0.721118636089603 0.692401941163043
1744315081.93235 1.67402247406468 12.4001170973503 -0.000787803008139309 0.0162641778679818 -0.0454066925449797 0.725747151053239 0.686268738562752
1744315082.1324 1.66152763963887 12.6196370843714 0.0113961866052719 0.0109015773306628 -0.0423370122266276 0.727027827409994 0.685214762814499
1744315082.33246 1.66330436907788 12.8291076694326 0.0106010622939749 0.0267741335801706 -0.0486579001426997 0.721235679754192 0.690459737257896
1744315082.7316 1.66592940556869 13.2272799069816 0.00961959324142308 0.0581659265092592 -0.00894840996832961 0.738767749278547 0.67138577850463
1744315082.93221 1.68336955358624 13.4653732902449 0.0194257921170301 0.0524033875590703 -0.0192580891385506 0.747149984789786 0.662306508501682
1744315083.13283 1.70665236911631 13.7034424162503 0.027161909155915 0.027925398468778 0.00115396072095872 0.750761225036514 0.659982138755805
1744315083.3326 1.74266650179334 13.9471560329139 0.0100125031111296 0.0104210397736232 0.0259532182032304 0.755970746206793 0.654007693589667
1744315083.53297 1.78996163550284 14.1940594678106 0.00364001594832794 0.0178899872331357 0.0355023767096384 0.730260490785984 0.68201110342998
1744315083.73231 1.83594737565212 14.4139954728128 0.0395662157846005 0.000615666507187655 0.0432754199704216 0.696124242834588 0.716615585596006
1744315083.93078 1.8890257672594 14.6358274864817 0.0136200829497775 0.0401481070193176 0.0323081360919507 0.682721454773247 0.72885919699029
1744315084.1295 1.97756768451905 14.8772240395955 0.0144357954780599 0.0373730317441601 0.0353630499973539 0.710686953223738 0.701624376508325
1744315084.33168 2.02299027552865 15.0904926762065 0.0413012500331208 0.0220529059884928 0.0394689421916073 0.698214805805333 0.71445920589909
1744315084.53202 2.05133398225124 15.3265038238047 0.0366534281038735 0.00909727583363885 0.0209672858546149 0.696891454660313 0.716812327543082
1744315084.73202 2.07540244742522 15.5500118995586 0.0776897912371586 -0.00849136926030146 0.00196417773840526 0.685813308731882 0.727725321958859
1744315084.93154 2.10584343802406 15.7625065597696 0.0857848692235128 -0.00626678058347093 -0.000749511374898675 0.691173405148669 0.722661393537119
1744315085.13182 2.16029926746681 15.9957312985247 0.0553339569165436 0.00998974781567065 0.00789280083810919 0.700221148802764 0.713812476356954
1744315085.33198 2.23929208791314 16.2514021790209 0.080491001852741 0.0143593170859313 0.0404653756923525 0.711432633499956 0.701441352768868
1744315085.53301 2.2806949207443 16.4881606692087 0.0730943845075795 -0.00624126531631602 0.0536977846999903 0.69758882691437 0.71445603299979
1744315085.73297 2.31126666492887 16.7186088696599 0.0432988043558 -0.0174809445211859 0.0317464427530353 0.679045185998956 0.733201347054695
1744315085.93186 2.34770799411181 16.9477359488664 0.0876361924295579 -0.0326071805752906 0.023589199381479 0.657072941642415 0.752751931786863
1744315086.13093 2.39288506753505 17.1742126479295 0.0990031055970278 -0.0261143477136127 0.0277901048634408 0.647321132331003 0.761262834080897
1744315086.33035 2.45448083654101 17.419992043269 0.0696844784121671 -0.0124426252766803 0.0183199949847824 0.667020428200531 0.7447102169456
1744315086.5314 2.50171866210613 17.6612133967586 0.0941120730094671 -0.0281046377076956 0.0277702471474142 0.680704814902845 0.731491556807578
1744315086.73263 2.5539229540535 17.8729561160436 0.0987814199168654 -0.0255372085018054 0.0248413227660786 0.67297808565242 0.738803936032268
1744315086.93283 2.59649988946385 18.1050281268484 0.0963742377063766 -0.0187646209064809 0.0145953307923138 0.660846264546303 0.750144706011111
1744315087.13249 2.64521579895176 18.3303639712787 0.121579852802641 -0.0273790295475917 0.0233110071587034 0.649003319303153 0.759935311207321
1744315087.33192 2.71126186105751 18.5374279405269 0.122088129895934 -0.0141712971803563 0.0265083866213895 0.647406139705937 0.76155221097835
1744315087.53144 2.78043001567666 18.7635096367662 0.126875274225278 -0.00576993442095655 0.0227541417985394 0.667042252976806 0.744649977930179
1744315087.73247 2.8539811654566 18.9665945013463 0.163328260727488 -0.00141492645733555 0.0357249648108255 0.67021507622262 0.741305251887705
1744315087.93283 2.91357482790173 19.1728211586408 0.174923273502447 0.0131877585683388 0.0239745312106201 0.663789946403421 0.747418364726822
1744315088.13284 2.96577317111626 19.4012084279026 0.182579714074829 0.01108104242648 0.0171451671403579 0.645056802615215 0.763861882242011
1744315088.33218 3.02049549245851 19.6171494674098 0.204295484822446 -0.00550697699021011 0.0312363152146389 0.629475281708646 0.77637287145679
1744315088.53126 3.07604062380427 19.8386289960395 0.196649690539703 0.00431776606177523 0.0412525298701755 0.637076720077184 0.769683596298663
1744315088.73137 3.12309095931131 20.0669897365259 0.19797752989526 0.00402636144626138 0.0323841619837723 0.649506930031845 0.759655054815487
1744315088.9324 3.16172663745795 20.2826335727932 0.225674818877272 -0.00679132712993799 0.0322125188583433 0.651953197315826 0.757544229741265
1744315089.13264 3.18836931280957 20.5046660405521 0.224262879502378 -0.00519734468335168 0.019922106882214 0.649393542015431 0.76017374649107
1744315089.33245 3.22205557426381 20.7278886008839 0.241818296486653 0.00319799259622347 0.0212724972180371 0.637641371864204 0.770032943835911
1744315089.53241 3.25713673919476 20.9351910637011 0.273568646383284 -0.0181147467328659 0.0357258408424507 0.623361612458086 0.780907049757242
1744315089.7318 3.31522649472295 21.1398494506569 0.264652974442468 -0.0149230512125148 0.0427909722039889 0.628893987663305 0.776169174549784
1744315089.93174 3.39007749095805 21.3525216863872 0.280028180117496 -0.0156217828552758 0.0364680438918783 0.645753525384498 0.762514541585021
1744315090.1326 3.47391927056263 21.5519725966153 0.324449406775213 -0.0161268763755806 0.0338329106669141 0.647165133578165 0.76142796632047
1744315090.3328 3.54943798054668 21.7573868988493 0.320822039718718 -0.00774998009833436 0.0308052084758292 0.641542946020571 0.766429139158007
1744315090.53245 3.6165990376302 21.9703292492889 0.324139962731796 -0.0036614939491782 0.0114623486597612 0.635646906390469 0.771886143431457
1744315090.73247 3.68631287742901 22.1797145258764 0.363153529013806 -0.021094087805292 0.00809538886851219 0.622403431750333 0.78237041884528
1744315090.932 3.78865146146734 22.3735129915637 0.380598468988702 -0.0153035288947489 0.0155695928973689 0.618752719840123 0.785282408736391
1744315091.13154 3.90031688769035 22.5864649122791 0.375127379169357 -0.00836360224755035 0.0152865105069562 0.632566361766912 0.774310125669901
1744315091.33217 4.00825871317211 22.8014290997972 0.414505580720555 -0.0234531979313213 0.0262401723919313 0.648375815910583 0.760506543168382
1744315091.53282 4.10423723765877 23.0255027721075 0.428143781390618 -0.025472490975661 0.0408958172141729 0.641399610365793 0.765692643402357
1744315091.73242 4.18687300329673 23.2469414456287 0.438053728732026 -0.017323003337583 0.0388860000497677 0.633267363268193 0.77276143742739
1744315091.93209 4.25600886764593 23.4652078188847 0.515809563130155 -0.0223892833011476 0.0422411929913479 0.623181359962822 0.780614754025836
1744315092.13178 4.31418539347865 23.6672879665818 0.571671622941507 -0.0285914092763046 0.0358865321889222 0.609776083637943 0.791244472932495
1744315092.33158 4.3985262861562 23.8597185683629 0.596333229981951 -0.0293175353682519 0.0186434399400643 0.605629062868383 0.794988265621762
1744315092.63258 4.56776144537161 24.1418497194289 0.708972977982469 -0.00944013704019716 0.0279384270472931 0.611439027791656 0.790741831067498
1744315092.83263 4.66929172684025 24.3224482298156 0.72157902190792 0.00818357240287755 0.025964879346921 0.596222931442819 0.802357196144559
1744315093.03179 4.76630202215484 24.5197104400653 0.74317351661529 0.0188432404731914 0.0223833886644724 0.592349861078551 0.805149401217305
1744315093.23254 4.86697869686181 24.6944381831253 0.78943683615705 0.0204161815936925 0.0423465659903099 0.557953014463142 0.828539909436748
1744315093.43185 4.9856080891001 24.8685810186208 0.80143888482007 0.00791884938660999 0.0450570657132812 0.550012094060351 0.833902781528548
1744315093.63112 5.10909938312618 25.0515788251224 0.798791363803732 0.017087037289236 0.0358565423984205 0.562779782803205 0.825652019674078
1744315093.83189 5.22267124536765 25.2190734906351 0.831901641714772 0.0109808096968564 0.0395858644705781 0.567127062272543 0.822605176491513
1744315094.23294 5.4368472957024 25.5461814466995 0.829610426482189 0.0102486020235902 0.00672670331564694 0.540669141054066 0.841146002505465
1744315094.43244 5.55372458456548 25.7121032916244 0.857224745655423 -0.00300352068753853 0.00956886924348599 0.520437832377406 0.853840663259362
1744315094.63155 5.70737460252596 25.8841300057658 0.850419195921539 0.00465686890081646 0.0152566258542052 0.515390441108535 0.856807004029224
1744315094.9312 5.92081267659105 26.134418003162 0.863218035142327 0.00506644050825322 0.0301655102992709 0.543480311170142 0.838864425601281
1744315095.33288 6.15219521097079 26.4452200453024 0.867664774926857 -0.0036638660524523 0.0118382586008017 0.525694479953133 0.850583179627751
1744315095.53264 6.24382298362947 26.6246439550168 0.881290367682175 -0.00632626130361709 -0.00284653051612243 0.506866717241523 0.861996523563025
1744315095.73178 6.34183331279513 26.7889651888377 0.924122302158975 -0.020002094411622 0.00631782804993095 0.500854013155856 0.86527756169541
1744315096.13123 6.54814301724267 27.1163670226347 0.894806460763729 -0.00412395020391727 0.00164820237578298 0.553091939071633 0.833108386344553
1744315096.33215 6.67962763424287 27.2959667635729 0.929056051431019 0.0108485942267817 0.0167953343412433 0.579557725584323 0.814685870420737
1744315096.53291 6.79344340713282 27.4615983235433 0.944580245696965 0.0172297304776293 0.0124522817438277 0.586093731769996 0.809964329243554
1744315096.73305 6.91989660757743 27.6451687578652 0.910245653991051 0.0246571453416105 -0.00180880589226419 0.574415291334155 0.818190580785641
1744315096.93275 7.03403128283785 27.852511821533 0.912036338131488 0.000536517268459894 -0.0158149867546613 0.531879353060284 0.846672281423778
1744315097.13102 7.17570476451624 28.0352603097827 0.902502221917182 -0.0188246829747257 -0.000877749539153754 0.504890007220875 0.862977949588025
1744315097.32993 7.32669676805335 28.2203845528685 0.896707451892139 -0.00559257525549708 -0.0106912895368608 0.507323268844858 0.861671352847835
1744315097.53046 7.47956948890161 28.3969326963547 0.928271127909177 -0.00288568818262729 -0.00991135949679667 0.515972632949019 0.856542865129524
1744315097.73175 7.61634838641563 28.5534833422143 0.916188060225347 -0.0121044281139065 -0.0171416390340886 0.506091334038828 0.862224569727667
1744315097.93236 7.76439381782978 28.7155351204688 0.889133030529557 -0.0266369475390012 -0.0311819359385065 0.481177098816138 0.875663610909929
1744315098.13247 7.92859021085454 28.8652035307372 0.916022329248034 -0.0331358378041198 -0.027847760873918 0.448077016543603 0.89294653015324
1744315098.3321 8.09615994802241 29.0017719169713 0.916362327028491 -0.0169104691880218 -0.0247052998277391 0.425026956901423 0.904685453679553
1744315098.53179 8.27506026618504 29.1391067481147 0.902217758992269 -0.00190264654815695 -0.0298663741506619 0.417101596209471 0.908367017273699
1744315098.73232 8.45653213611984 29.2649322458586 0.921601975987786 0.00829032436652128 -0.0130975399778323 0.401867036073095 0.915566824588054
1744315099.13295 8.77388208171748 29.5279360713358 0.903342471268656 0.00324675902112511 -0.0330387780004275 0.335369135478167 0.941501694460888
1744315099.33267 8.9766789401984 29.6192073371649 0.927808623655468 0.0127443181265366 -0.0150966952162332 0.29203816241538 0.956202585147147
1744315099.53205 9.16599434367447 29.7033407310956 0.908580549457816 0.0272533946555818 0.000520677068269627 0.263536110989661 0.964264330761842
1744315099.83151 9.48208102098099 29.8313821042133 0.899567324504497 0.0443487694445596 0.00959245740425646 0.255723311219151 0.965684606643812
1744315100.03229 9.68607915230645 29.9225063280793 0.918045239841933 0.0161059516545315 0.0159498107593981 0.239170827741125 0.970712891134998
1744315100.23267 9.85830816679168 30.0214279229141 0.910820125433888 0.0132997537162387 -0.0228533510138775 0.216832697209487 0.975850614755856
1744315100.53242 10.1500192459628 30.1550782684925 0.948082705906775 0.0254069909725072 -0.0187729577209602 0.182909130943423 0.982622160693342
1744315100.73185 10.3724890290983 30.2074728608442 0.928857407918763 0.0478941377284168 -0.024101506210788 0.1814829157059 0.981931372488174
1744315101.03228 10.6821988445765 30.3370602428275 0.930698085097582 0.0562339507489806 -0.0262484098592834 0.200091623255992 0.977809851691934
1744315101.43302 11.1008789959068 30.5294784216257 0.900586755287352 0.0169976218131264 -0.0414720649776898 0.167799531542948 0.984801739383695
1744315101.83134 11.5360060037222 30.6802394870902 0.908485899466457 0.0205541051955212 -0.0145416860406108 0.147220563228242 0.988783178401345
1744315102.03096 11.7553515011233 30.7544502794794 0.896893599065137 0.0231968979625161 -0.0189719422859334 0.165423679328443 0.985767201548244
1744315102.33218 12.0904006617657 30.873479289196 0.90547033376805 0.0245252350489395 -0.00248854548677289 0.176068685892699 0.98406917329788
1744315102.73253 12.509609783666 31.0186518240457 0.901472903468848 -0.00678644660711734 -0.0141420442792227 0.136730418091439 0.990484093509125
1744315102.93161 12.7157088159434 31.0712230560672 0.899622807033666 0.00212354069153134 -0.0132781981100575 0.140455932766255 0.989995611596659
1744315103.13139 12.9358292188887 31.1324257240176 0.884049329586998 0.00534184399932479 -0.0331826570018528 0.17000234957616 0.984870335178987
1744315103.43289 13.256944994269 31.2203765879005 0.880600876700448 0.004868992841731 -0.0237913645827522 0.172969721085057 0.98462771617894
1744315103.63332 13.4859829878478 31.3025923803709 0.84879829688059 -0.0141752477602121 -0.026727221089491 0.142703588441005 0.989302988901697
1744315103.83223 13.7329562865296 31.3495463413724 0.869806161985465 -0.00557880105366258 -0.00681557543838339 0.118281971029566 0.992940985275363
1744315104.0311 13.9602241202496 31.3776972497288 0.878976994916125 0.00353051444609915 0.0141431897590542 0.102053615380794 0.994672089303251
1744315104.33067 14.3082299652092 31.4121981205344 0.841353878498553 0.0136293216894951 0.00542688645121408 0.117344398744333 0.992982921593851
1744315104.53176 14.5197613689573 31.4347836265245 0.854773121706223 0.0268452039114562 0.0120128719221385 0.113403002234239 0.993113681820664
1744315104.83239 14.8265606601719 31.505805692963 0.836095823805784 0.00320799967601944 -0.0227505105037954 0.100650809921877 0.994656492198169
1744315105.03293 15.0427472812589 31.5266774283242 0.838783201688941 -0.00533729937081758 -0.0106489419853561 0.064381934500322 0.997854237742174
1744315105.33124 15.3723660698151 31.5332683013687 0.802507495163282 0.0264609617540878 -0.0148023622794088 0.0803458364225326 0.996305803527994
1744315105.53122 15.6123941541942 31.5564402854749 0.807257994964583 0.0236078176553578 0.00528758347748852 0.116151041945606 0.99293688009937
1744315105.83301 15.9172946031122 31.6278786488281 0.806359098871673 -0.00970707614976475 -0.0127899000830979 0.106839348512733 0.994146641465866
1744315106.13254 16.2486963177454 31.6670964469165 0.798244204651406 -0.0176968711093854 -0.0147427691333409 0.0778806416803556 0.996696582297077
1744315106.33164 16.4628160143787 31.6841829753227 0.798865075961442 -0.0101153409907885 -0.0124493934831262 0.0799869430214619 0.996666835720254
1744315106.63123 16.8175084898768 31.7116571075842 0.78101693746956 -0.014116209561585 -0.0242890505515126 0.114419259336543 0.993035250000621
1744315106.83238 17.0440086686813 31.7481058994274 0.800032267081788 -0.00890156986226475 -0.00806649783943998 0.12397331677238 0.992212835229946
1744315107.13306 17.3779437261153 31.779337645022 0.770547495784693 -0.0197436528324033 -0.0324022930207217 0.106754825497294 0.993561113778551
1744315107.33253 17.6155538251675 31.7965041254016 0.789830815891814 -0.0361002039034628 -0.0103083121406926 0.0774794535601544 0.996286830312917
1744315107.63094 17.9723605383492 31.7873440739526 0.765648014119544 -0.00119706863976876 -0.0152862069673371 0.0994301379451147 0.994926402590382
1744315107.83132 18.2089790485444 31.8234831382894 0.767874514289506 0.00983791922947672 0.00896743820472605 0.124811354309957 0.992091188466359
1744315108.03225 18.4233446824872 31.8571752518046 0.760485170794115 -0.00778523841934657 0.00208844358605017 0.130647079362128 0.991396171628824
1744315108.23305 18.6419952105058 31.8807356229058 0.748304943172049 -0.0159769659219549 -0.0123810303623182 0.106221167561071 0.994137068119411
1744315108.53183 18.9772976138163 31.9115050587594 0.774366770176259 -0.00540245364869983 0.00374564302590083 0.0940121877097505 0.995549341928828
1744315108.73122 19.2005099396669 31.921023538045 0.753457341371739 0.00433172117467471 -0.00783561052073504 0.110319998829289 0.993855792988972
1744315108.93178 19.4155786215094 31.9702864140268 0.736789117181582 0.00253653916783811 0.00297300697543468 0.122506004474373 0.992460077819909
1744315109.43218 19.8967210106338 32.0157311981543 0.717940218243407 -0.0174516960555321 -0.0417642848225895 0.0722426895233435 0.996359461554151
1744315109.93115 20.414670327669 32.0047587660749 0.718073671103148 -0.00106544563541572 -0.0259340255721093 0.033864340512943 0.999089334136266
1744315110.13132 20.6302481874255 32.0222556313929 0.724497159627004 -0.00210175766939573 -0.0176595038431042 0.0560253184831283 0.998270949305637
1744315110.43265 20.9613812858561 32.0882022170565 0.716239493936267 -0.0337706189082614 -0.00637197038340442 0.0654920397555535 0.99726111727102
1744315110.6323 21.1869001222518 32.1210743109034 0.725417063429563 -0.0301360278883701 0.00303510625251793 0.0841486072013206 0.995992781027667
1744315110.93224 21.5284352679835 32.1167164340501 0.724167839917356 -0.00356320636808985 -0.0010576275962599 0.101776672480288 0.994800328670576
1744315111.1324 21.7586428494248 32.1237478608539 0.710381088677471 0.000596527126139395 -0.00907163683693148 0.117811737879077 0.992994332299232
1744315111.33264 21.9740018773001 32.1460226865894 0.716013113180761 0.0110542964401113 0.0106294465181093 0.131856781471386 0.991150143306724
1744315111.53304 22.1915836458551 32.1741908372529 0.693585907138565 -0.0121992266603142 -0.00282966138031958 0.12836419271079 0.99164802521614
1744315111.83233 22.523127287582 32.2218734281301 0.716078574924196 -0.024121934047879 0.00110306480019265 0.103321704249061 0.994354836553283
1744315112.03119 22.7474348735558 32.2298640571793 0.701689123106574 -0.00824637833477264 -0.0119184655329014 0.110674943179155 0.993750977044044
1744315112.23102 22.9843110159134 32.2511226321448 0.687260193278195 0.000878195484604951 -0.0108614897859027 0.136670492727238 0.990556627977429
1744315112.43208 23.2024983775271 32.2795255150228 0.696084399273747 0.00607305112978161 0.000950580311814629 0.140521931060652 0.990058483796806
1744315112.73266 23.5345718318508 32.3147960193926 0.649295615399935 0.00318232076342884 -0.019941280821643 0.128916061093851 0.991449881408938
1744315112.93269 23.7660487630456 32.3514950668303 0.684024037585933 0.00854914289838269 -0.000918356933891893 0.10686789739676 0.994236049075993
1744315113.13204 23.9878642993897 32.3793601273109 0.677790090101947 0.0176859799564493 -0.00586767388187708 0.10207273265597 0.994602399838417
1744315113.33168 24.2009141655792 32.4115076992779 0.663266462421058 0.0102660401394346 -0.0164332636501167 0.117345885796963 0.992902059294968
1744315113.63233 24.5257647831768 32.4931212915751 0.684266974271194 0.00435993936575437 -0.0137894156656162 0.144704870802998 0.989369164321496
1744315113.93309 24.873732341185 32.548674451984 0.655459860717257 0.00992209514544641 -0.0183283791255798 0.12766659335825 0.991598136084802
1744315114.13266 25.1088496734571 32.5612492730917 0.680367909977427 0.0150616749960249 0.00322814302881093 0.0990992192674694 0.994958325649611
1744315114.43056 25.4742485389564 32.5915701799004 0.643862036871505 0.036551961406404 -0.000319567863824517 0.120234276478074 0.99207236165187
1744315114.73167 25.8221316692277 32.6548176094792 0.653000774248389 0.023501891918614 0.0214820193969123 0.137241496047526 0.990025734858197
1744315115.03254 26.1709008400645 32.7066191700223 0.634568174939501 0.0159706227288826 0.000703848343621235 0.116044568026371 0.993115351829149
1744315115.23246 26.3959657089574 32.7139553205435 0.673334484709765 0.0196649042027394 0.0130841348206779 0.10057498502153 0.99464906843902
1744315115.53163 26.7463375211306 32.7283558982004 0.647350768001344 0.0389280981455381 -0.0124473335133733 0.116933509843833 0.992298453762164
1744315115.8325 27.1030305050895 32.7821141900968 0.651425218172042 0.0333194416832182 0.0122665779138088 0.136108961902508 0.99005742073984
1744315116.13315 27.437130481747 32.8302917372819 0.621920039874517 0.0106688864122619 -0.00105580985158583 0.103713160187252 0.994549466106263
1744315116.3323 27.6760586476378 32.8391494142948 0.654425500125779 0.00321915823153787 0.0202849692779742 0.0762070486911964 0.996880455607115
1744315116.63067 28.0251092588449 32.8555195295637 0.630863733604127 0.0311661968532946 0.00552337056801354 0.0814271635235191 0.996176579523823
1744315116.83086 28.2504875621023 32.8920037770194 0.63789737378586 0.029062741185064 0.00905838446538079 0.110915498450482 0.993363505947933
1744315117.13266 28.5855492774002 32.9585076995119 0.623300478764497 0.0069195873050227 -0.00431006199472903 0.104306561055323 0.994511781729076
1744315117.33272 28.8066767545443 33.0026661964385 0.628763953883514 -0.0029718865513426 -0.00979141152591372 0.0776308653508394 0.996929658950688
1744315117.63136 29.1549138271642 33.0315667353131 0.619873081473382 0.0272896401369425 0.00129109500429585 0.075097294080547 0.996801888559941
1744315117.83139 29.4073358785654 33.0605631265968 0.581657564931988 0.0228096537606203 -0.000463681778392129 0.0905707132796437 0.995628671036821
1744315118.13272 29.7449550092425 33.1013386492146 0.607555070239688 0.0160788128261858 0.0076199009454479 0.0838627510637295 0.996318447019679
1744315118.43269 30.0733180559169 33.088869541775 0.598400373800162 0.0466082905949689 -0.0391557230993314 0.0352489604347962 0.997522935768722
1744315118.63141 30.3290589436345 33.113431932062 0.588216558597854 0.048704170718773 0.0208788705476405 0.0401566065961489 0.997787263631849
1744315118.93094 30.6303942386481 33.1476383905103 0.570705996690876 0.0233683691007914 -0.0426315150400298 0.0568230727390731 0.997199885507139
1744315119.23193 30.9668200681576 33.2051386552429 0.579337633127139 0.037055299866584 -0.0203999849545042 0.124756518262055 0.991285305306592
1744315119.4342 31.1836482935952 33.2534685354043 0.539555317909062 0.0231666255196206 -0.0450403763439182 0.0732198856371101 0.996028875238123
1744315119.73103 31.5127945222745 33.2642081247409 0.565551370281377 0.030024954225873 -0.0413925741877615 0.0143257039940349 0.998588970062718
1744315120.02868 31.8573808211971 33.2338594117676 0.568749217482171 0.048067394145172 -0.0500835427032934 0.0427049623247891 0.996673191454059
1744315120.22954 32.070407709174 33.2523583955842 0.58208248462121 0.0256142057425306 -0.0523287869679976 0.0442313558610834 0.99732101034588
1744315120.53141 32.3961001965439 33.2900184500599 0.5576920029945 0.000694237063430517 -0.0599908346555512 0.0485708617963001 0.997016293335568
1744315120.83182 32.7398065200663 33.3347250113875 0.569717915929882 0.00362978530312847 -0.0268254106171939 0.0246264718734212 0.999330155097373
1744315121.03126 32.9795771058678 33.352505452645 0.568946791468143 0.0319066299977489 -0.0288043737173652 0.0358182555635128 0.998433436732426
1744315121.33137 33.3122973468212 33.4030781028341 0.56380406873345 0.035746499057695 -0.0470698021297769 0.0950260467588246 0.993718608042524
1744315121.63304 33.6710009973564 33.5052697691346 0.552373902537236 0.00620463671856039 -0.0327469827760975 0.092245808252904 0.995178299834769
1744315121.93284 34.0275189253429 33.5581448535756 0.563401480129414 0.000378882569061059 -0.0206796725429637 0.0456163091517508 0.998744892317796
1744315122.13111 34.2531563089656 33.56379529664 0.559468466760137 0.0169135579894185 -0.0255824650972587 0.0507382933458474 0.998241000271997
1744315122.43052 34.6130907087989 33.5990940673574 0.543849293483218 0.0275243401989042 -0.0170904209530733 0.0892468914991365 0.995482456181928
1744315122.63173 34.8471374998267 33.677259669679 0.540496449291279 -0.00403277907136374 -0.00513757451092108 0.0949709714716303 0.995458616216084
1744315122.83264 35.0758406252295 33.7141576650746 0.512005123397073 -0.0153126583400985 -0.0193544913936971 0.083237533247865 0.996224090863226
1744315123.03269 35.2960899274876 33.7452401205861 0.529960424134076 -0.0124601131136729 -0.0104735128791375 0.0715017389562833 0.997307651848412
1744315123.23219 35.5174181165103 33.7606353630093 0.505771903503903 -0.00119663128554291 -0.0141627504206766 0.0674687594467262 0.997620143678348
1744315123.43167 35.7727014458893 33.7757531742056 0.479914110728833 0.00461337035553072 -0.00589476016518139 0.0892981503117706 0.995976811460716
1744315123.63293 36.0078667280132 33.792009921265 0.48264227091654 0.0206685647848634 0.020223722983312 0.0744085748409712 0.99680849487179
1744315123.833 36.2469597368774 33.8395650758482 0.468095370558988 -0.0034181727262637 0.0270636594296154 0.0553066347040481 0.998096714046892
1744315124.13206 36.5786746925312 33.9077251477442 0.484851993633179 -0.0152956467853681 0.032243189076396 0.0306526014535441 0.99889280604664
1744315124.33139 36.7787671096436 33.9366305529908 0.48225303556047 -0.0170542019865002 0.0196744616920197 0.030350423340535 0.999200140890094
1744315124.53114 37.0031338577796 33.9745620279099 0.470576341383515 -0.0264869065283942 0.00583007871610157 0.0587750636925623 0.99790277374735
1744315124.7318 37.2296693991861 34.0181887395333 0.478134262536566 -0.0130437580841191 0.00285921917017577 0.0859192908764207 0.996212608179636
1744315124.93248 37.4686047333217 34.0940292120918 0.472566820003149 -0.0227003230886635 0.0096164536364644 0.106279394223666 0.994030638116642
1744315125.13293 37.6996074808919 34.1565457974081 0.469361751117749 -0.021098643736955 -0.0017145141099741 0.0981051328123568 0.994950898582286
1744315125.33249 37.9152471198485 34.2029025218466 0.491703911407235 -0.0410664931138894 0.0165833924138501 0.0808713245009199 0.995740108217421
1744315125.53161 38.1483918314816 34.2281288853757 0.463053886156076 -0.0252982236436981 0.00224822345809771 0.0799089686478043 0.996478550748284
1744315125.73111 38.3801501931614 34.2551597557658 0.460267706746396 -0.0113791997457891 -0.00888130097460224 0.100872921901502 0.994794596855651
1744315125.93186 38.6173156776719 34.300111601856 0.483087549769586 -0.00447446470028851 -0.000118590014556384 0.105935182885974 0.994362962971253
1744315126.13259 38.8438416009414 34.3558025683783 0.455806636858328 -0.00726251870118324 -0.0211885514670998 0.0985421894540775 0.99488076572343
1744315126.43242 39.1776016091641 34.4155143314765 0.480262083421281 -0.00553809851476436 -0.00580831427254524 0.0884240137497177 0.996050594469248
1744315126.63203 39.4006647060249 34.4296018377606 0.459964991322864 0.00980617992525151 -0.0207228168713081 0.0969442172050654 0.995025739590031
1744315126.93222 39.7637284422295 34.452829388884 0.466260095314444 0.0283530413853073 0.00205350221452617 0.115947511883633 0.992848459061529
1744315127.13289 39.9921849726407 34.4923689486385 0.452456738427401 0.0196651517060455 0.00497945729263995 0.109351934728247 0.993796076257417
1744315127.43276 40.2907111194773 34.5197013680069 0.453892387457014 0.0146698279415571 -0.0187377608661044 0.0690528525698048 0.997329131238962
1744315127.63149 40.4952777355349 34.5158225953523 0.472502579003236 0.0207512104060699 -0.0192643102569007 0.0578325730075125 0.997924680081788
1744315127.93062 40.8301369844799 34.5417774229918 0.451632688819849 0.0198747709084054 -0.026782831738125 0.0901726748642935 0.995367551265985
1744315128.2322 41.1474468725902 34.5982623042543 0.452001397845076 -0.00361154509864506 -0.0135891230647879 0.104877075834571 0.994385786021059
1744315128.43303 41.3584930207601 34.6215905049799 0.432080449040027 -0.0184389260141353 -0.0270394451984995 0.0803651735168615 0.996228042817711
1744315128.63269 41.5734228638166 34.6357070513557 0.432233196109711 -0.0289434597504342 -0.013618001108621 0.0492872876633374 0.998272302259395
1744315128.93101 41.8999709664035 34.6190721597576 0.406840337976781 0.00169169019211119 -0.0126271753657718 0.0619293010019266 0.9979992256029
1744315129.13128 42.1156103931945 34.6083419036935 0.414142393429654 0.011377253667572 -0.00668937133563026 0.0854906437675678 0.996251554698071
1744315129.43253 42.4204184941224 34.657091620481 0.417873370161326 -0.011013111317361 -0.00619223566167873 0.0967852533077499 0.995225091292807
1744315129.63308 42.6307798034474 34.6837141811795 0.410269580853141 -0.00253081150960654 -0.0103277983523117 0.0732334514361674 0.997258137678025
1744315129.93165 42.9403903884816 34.6795812766989 0.429260016041768 0.0146658406060758 0.00238318389290968 0.0547376358040453 0.998390216689063
1744315130.23094 43.2481757889169 34.675213902406 0.401045489293054 0.0115339184523304 -0.00601288474565329 0.098048202229513 0.995096660622339
1744315130.43213 43.4511139536863 34.702119008928 0.406932301105669 0.00198440091462997 0.00137351897224949 0.105797231155828 0.994384795478291
1744315130.73271 43.7622012335632 34.7498539170021 0.367399533814203 -0.0107527436851153 -0.0198444479888427 0.0913977829198747 0.995558648028629
1744315130.93277 43.9700728277606 34.7627109309605 0.385377051600648 -0.00886407084729734 -0.0138012560044255 0.0604026453617271 0.998039314863909
1744315131.13184 44.2038735719202 34.7340047953922 0.388280478875588 0.00112457805249268 -0.011207329359544 0.058143125889089 0.998244713486967
1744315131.33122 44.4396354434373 34.7329566985019 0.375164010159466 -0.00210093216519517 -0.00512952029036747 0.0820543381446552 0.996612442074285
1744315131.63218 44.7729949957151 34.7780247467899 0.375427750480793 -0.0136401900318141 0.0128602362813413 0.103568128813598 0.99444567585803
1744315131.83292 44.9847552676353 34.8277751669062 0.335825622056822 -0.0230539185773297 -0.00227713552619061 0.0951451777501159 0.995193813607643
1744315132.13233 45.3099341624748 34.8883110311151 0.35730818871203 -0.0369516281220631 0.00481624726439419 0.111880230794266 0.993022756485892
1744315132.33212 45.5381681960639 34.8986167664588 0.345497211877013 -0.0179986576255444 -0.011263796155296 0.131094469156532 0.991142479856664
1744315132.63276 45.8869039453209 34.9234614595592 0.35091829305218 0.00927322442251339 0.00860603135482822 0.148972941738427 0.988760338081443
1744315132.83327 46.099041512076 34.9664843988146 0.333697073887866 -0.00444127277201684 -0.0105713477613984 0.129648998215112 0.991493650491263
1744315133.13189 46.4129047432278 35.0264551012272 0.340727281990996 -0.0213181047236116 -0.0136574132702911 0.0842409393960804 0.996123726051851
1744315133.33096 46.6337768005527 35.0399064264289 0.335218515201711 -0.0166538490832741 -0.0143038876372907 0.0766580935642496 0.996815722588817
1744315133.63063 46.9977322718972 35.0614866196655 0.307985638292773 -0.00987988242392138 -0.00798501213509504 0.114938595328668 0.993291370549631
1744315133.83202 47.2362787562813 35.090292106129 0.308472500437648 -0.0185247238813099 0.0123393601604255 0.111425157871355 0.993523532176916
1744315134.03266 47.460325796296 35.1132893070967 0.277478889066583 -0.025679968826431 -0.00126340746108767 0.0971977878674176 0.994932928913473
1744315134.23231 47.6908529557773 35.1381373193099 0.280995395705064 -0.0231024210779906 0.00697463096207143 0.0870619141587025 0.995910566148538
1744315134.53136 48.0253235155625 35.1313598667996 0.27374216270364 -0.00255940606908306 -0.00844334931050961 0.101658371787474 0.994780244445231
1744315134.73158 48.2593474001761 35.1345190416816 0.268168723288308 0.00260785294758766 -0.0110415104518721 0.133464511384741 0.990988651978809
1744315135.03317 48.5971219563166 35.1702090372208 0.284621663746112 -0.0154990124722606 0.00277332261691922 0.130030808488733 0.991384929347735
1744315135.23293 48.7960581239981 35.1775667881178 0.278928810823939 -0.000143493549630496 -0.0219132242802981 0.107888169023334 0.993921492370517
1744315135.53145 49.1101607792642 35.1960975408211 0.314601615988159 0.00930035248445304 -0.0225539533566278 0.0763467286411132 0.996782824720336
1744315135.73086 49.3332043709396 35.2094495964452 0.29426895447346 0.0256839339230734 -0.0295695191345381 0.0781338029038137 0.996173221844562
1744315136.03132 49.6738693780737 35.2780632995866 0.295342548096742 0.0431751293146674 -0.00871957681901318 0.0901059907327511 0.994957681322592
1744315136.23236 49.8803185112523 35.3250423555566 0.290024332735322 0.0155932591859336 -0.0187454847799227 0.0821995426321869 0.996317565969498
1744315136.53235 50.1768698720354 35.357112681124 0.29539607428547 0.0092414599589513 -0.0195192043848717 0.0444198140730905 0.998779493279533
1744315136.73154 50.3987854663493 35.3590233410341 0.272636541256505 0.031674638826649 -0.0194705620546605 0.056914649237946 0.997686492426653
1744315136.93155 50.6419108689572 35.354490314 0.264772142355275 0.0377065668476139 -0.00754766407900999 0.0890455787457173 0.995284950398305
1744315137.23281 50.9670068991679 35.3940671875907 0.27277174552078 0.0201780102765081 0.0202908366967234 0.102346276164633 0.994337150871203
1744315137.43321 51.1798764000235 35.4121792330783 0.245179452396039 0.0254962968375211 0.00660083551800826 0.0852964572460033 0.996007470955574
1744315137.63248 51.4046075155405 35.4317243727732 0.257106472263902 0.0102718029649069 0.0255320458968217 0.0572439889612365 0.997980826681544
1744315137.83115 51.6347545991719 35.4369424010793 0.232291074895568 0.0200420226137123 0.0266248303093586 0.0545427690658993 0.997955170377494
1744315138.03028 51.8764395387373 35.4465511204521 0.210491520944001 0.033241753981933 0.0260450010611038 0.0892843264996946 0.995110522883477
1744315138.23161 52.102589058475 35.4929511270806 0.212639195391097 0.0320564588411904 0.0505281661219905 0.0925698138869073 0.993906493304
1744315138.43242 52.3117254254624 35.5464441252655 0.207579313841762 0.00682266616401896 0.0158614869430928 0.0831743486948591 0.996385413470889
1744315138.63238 52.52126050601 35.591879549655 0.235448414707709 0.00813497081687322 0.0202467342755083 0.0721859934875589 0.997152482996056
1744315138.83189 52.7473247459723 35.614912999758 0.229938369058122 -0.00335347838478205 0.0272660618015387 0.0796897058029711 0.996441100540114
1744315139.03166 52.9715514749102 35.6266185888784 0.207932008977195 0.00524670148548417 0.00866781519345454 0.101315846742589 0.99480271426154
1744315139.23245 53.2100280725236 35.6737340381024 0.206837816369274 0.00444375264419066 0.0364686686345909 0.115968526399685 0.992573216521151
1744315139.53292 53.5362844707928 35.7199471075981 0.183424537149741 -0.0129863541509323 0.0218510878664813 0.108633461664135 0.993756839257866
1744315139.73251 53.7564494749159 35.7512615888307 0.198821266921869 -0.010360973923964 0.0199811761804132 0.0993348869354874 0.994799468765091
1744315140.03179 54.0749913388793 35.7824955040805 0.202223152837836 0.00351741545787909 0.00693318273779135 0.120547619383094 0.992677102700918
1744315140.33229 54.4164760719861 35.8288612190835 0.214049678198614 0.0103047841788903 0.0293754866263045 0.150998741957467 0.9880436590231
1744315140.53307 54.6444120802484 35.8622205692714 0.208235748618266 -0.00155651039338154 0.0363465935444244 0.136561139661049 0.989963412226728
1744315140.83216 54.9586609397433 35.9179953957401 0.210183563100584 0.00669987920492439 0.0186933790082155 0.125489336963093 0.991896212064779
1744315141.03195 55.1853460825855 35.9416044171748 0.215149814971414 0.0118525706680589 0.0228644733106628 0.107690219425352 0.993850868626126
1744315141.33096 55.5136602466027 35.9837143833705 0.19870936558636 0.0153647884283126 -0.0109608428656743 0.145562216110143 0.989169057563636
1744315141.53213 55.7350623700831 36.0223926954505 0.197220618705931 0.0274515465530817 0.00252195562079123 0.168776174379095 0.985268823871763
1744315141.83352 56.067129487458 36.1101037834276 0.175654463049025 0.020281003101925 -0.00948654165679741 0.144246249129675 0.989288484746787
1744315142.03253 56.2652417859781 36.1448459622813 0.187860674125326 0.00352082265439868 0.00276410292968861 0.115047432276996 0.993349914113501
1744315142.33084 56.5870903541692 36.1636371245134 0.16313951430564 0.0245602206160022 -0.0114459347662571 0.114555992747061 0.993047184511569
1744315142.53069 56.8276850306672 36.1820615000657 0.153854516057959 0.0203235202509672 0.00431911740600671 0.139532042312312 0.98999954995828
1744315142.83189 57.1540889004313 36.2310907878929 0.155835652320875 0.0128944969297474 0.00416559657862572 0.134826015726477 0.990776627316872
1744315143.03209 57.3755089074081 36.26936924035 0.147910185960793 0.015958722087181 0.00178095806972709 0.132705114628477 0.991025478950537
1744315143.33195 57.7057563594525 36.3150293188848 0.158142491969896 0.010997445331622 0.0229654993599384 0.13209996667009 0.990909300007366
1744315143.53151 57.9185313327171 36.3350703605008 0.145534475363209 0.01150193718843 0.00217429596259682 0.166166318872306 0.986028261435953
1744315143.83289 58.2335527930759 36.3822082315314 0.147316757695892 0.014511101499298 0.0156570180245106 0.197399159020859 0.980090739542883
1744315144.23266 58.6369487240827 36.4266160982162 0.141111997160765 -0.0173043626946356 -0.00241707877042075 0.147375055433475 0.988926341947635
1744315144.43113 58.8478255247408 36.4073742213527 0.150733846592776 -0.0104778129859314 -0.00306295133161632 0.130945124917577 0.991329515360302
1744315144.73004 59.1659436614732 36.39612456272 0.13263480865118 0.00699994880014804 -0.0171814143385881 0.162385758149035 0.986552920662893
1744315144.93133 59.3761463497342 36.4164330689107 0.146365279449956 0.0106699272515053 -0.00134909710073373 0.174699347595308 0.984563086114462
1744315145.23284 59.6833769326938 36.4537683088335 0.131723310290857 -0.00104099864936994 -0.0214583438718701 0.143440854279894 0.989425680444743
1744315145.43247 59.8980073729885 36.4619339759708 0.158682782811287 -0.0133713720656251 -0.010305523710547 0.108346396228607 0.993969849147552
1744315145.73099 60.2006811658868 36.4704126677161 0.147311543284681 0.0124391753964476 -0.0292865162567828 0.124676318564903 0.991687139409451
1744315145.93156 60.3970412582628 36.5010242148738 0.130934626409337 0.0222004976079097 -0.0283870053073624 0.149223343541231 0.988146603282133
1744315146.2333 60.6848546164221 36.5397819626576 0.115136857041629 -0.00954278281409607 -0.0314569294841884 0.136689068869029 0.990068429622573
1744315146.53291 60.9954578058452 36.5234066129799 0.120935996244737 -0.0127079608003791 -0.0221043507901537 0.0754043762718438 0.99682700878713
1744315146.7316 61.1970984798761 36.4414701028645 0.11882051703794 0.0114794383139121 -0.0173435856792298 0.0438038164166068 0.998823632178937
1744315146.93043 61.4194246062393 36.3969947144401 0.106918481323707 0.0123029370728018 -0.0191963350801296 0.032144809870766 0.999223123059733
1744315147.23122 61.7424653105208 36.3169014756778 0.105665092135733 0.0162838153699131 0.0136166091862625 0.00244515217171631 0.99977169720998
1744315147.43221 61.9442437017351 36.2431965297452 0.0659324071278168 0.00256557628448336 0.00546830567844423 -0.0400381522238332 0.999179894622503
1744315147.83211 62.3138230654722 36.0560532220917 0.0715617013097354 0.00994935405847318 -0.00546966505566182 -0.117947501169469 0.992954923491432
1744315148.13104 62.6080624086791 35.8760093339433 0.0426903559863515 0.035876616296535 -0.0247130573809992 -0.104162232759798 0.993605737938589
1744315148.43343 62.8995238408939 35.6589592690305 0.0221284224551546 0.025929254206297 0.00719112036986116 -0.136871559004912 0.9902232767915
1744315148.73256 63.1725456322124 35.4506257316678 0.0162333382056073 0.0142519905797645 -0.00121161539983368 -0.200249328263309 0.979640556164724
1744315149.03066 63.4383084493738 35.181920555182 0.0174356722214883 0.0238770311123091 -0.00959921083402598 -0.22103358833543 0.974926610245196
1744315149.33095 63.7182073422125 34.9786479168474 0.0140672975368812 0.0398983861469972 -0.00325206264860743 -0.203776086834425 0.978198778012855
1744315149.53208 63.9040725756244 34.8485586192281 0.0162652582724901 0.0212122240467978 0.00139619312801849 -0.217011441421006 0.975937562802106
1744315149.83289 64.1534135521945 34.6516333048039 0.0183905995963329 0.0134124899401896 -0.000682260461716093 -0.265464734922715 0.964027029780119
1744315150.0322 64.3080741153691 34.468401123604 -0.00542848808301114 0.0236643369678436 0.0171185138005718 -0.284451981819937 0.958245284715684
1744315150.33152 64.5380695332246 34.2404306028143 -0.0284379736068861 0.0265893220250499 -0.0115605778571725 -0.265509072200203 0.963672295738154
1744315150.63335 64.7690912438355 34.0096928232232 -0.0261674619448377 0.0082217340464559 -0.00345932557735824 -0.287017039646142 0.957883946576298
1744315150.83331 64.9047902869245 33.8611981912533 -0.0399311275258944 0.00120550693174025 -0.0108993625205086 -0.33094734959709 0.943585503515365
1744315151.13141 65.0792349727471 33.5907114255443 -0.0357485158657382 0.0154573296659565 -0.00863318396336274 -0.392171592081113 0.919721686956885
1744315151.33032 65.1962476739394 33.4185427197211 -0.0564412372617345 0.007458899337919 -0.0209081499652886 -0.397714011661926 0.917240851147327
1744315151.63164 65.3659619386045 33.1240224257831 -0.0464438337992018 0.0170114364030949 -0.00432932940241903 -0.410292305938299 0.911785112636888
1744315151.83247 65.469681899363 32.9472670383862 -0.0677437411335113 -0.0108147237537744 -0.00692915697573655 -0.441994385432683 0.896925856344726
1744315152.03271 65.5459633795203 32.7280116035991 -0.0758664646631531 0.00175151247860513 -0.0104917344927401 -0.482919625851515 0.875600074622429
1744315152.232 65.6094763614436 32.5265814421801 -0.081948656700218 0.0185082531756995 -0.00610247353692435 -0.51197670777106 0.858778233935294
1744315152.43132 65.6706881620293 32.3273004434984 -0.108969387883572 0.0192421516831768 -0.0225165258263187 -0.510374540343409 0.859442013304311
1744315152.63169 65.7324965617195 32.1187758308118 -0.099311408401202 0.0126717801303388 -0.0175599820686318 -0.497229372764975 0.867348847856401
1744315152.83283 65.800211657415 31.9223555388035 -0.0999417823633229 -0.00552357538974309 -0.00088908518407798 -0.509572399575451 0.860409593875711
1744315153.13306 65.9006423157355 31.6244548075472 -0.119382533510729 -0.0336870271558918 0.00155178409247558 -0.549912346300905 0.834541303683264
1744315153.33191 65.9380672030989 31.3954116278029 -0.109180480511944 -0.0373748065683267 0.0125240816258816 -0.57119935583131 0.81986435897123
1744315153.53098 65.9796138534184 31.1755652883108 -0.139399358358868 -0.0283486380705317 -0.0119782266947231 -0.565248472177637 0.824346432942875
1744315153.73114 66.0351636531732 30.9397550346715 -0.145104626705055 -0.0116778370559025 -0.0141141217439184 -0.549741924697109 0.835133663505077
1744315153.93239 66.1014041463901 30.696337085538 -0.144501629905751 0.00311177095763631 -0.0162107639793461 -0.559747744828545 0.828498636192041
1744315154.13321 66.1620610165521 30.4746039581655 -0.160103074270498 -0.0159076856789098 -0.0206562061108813 -0.590439425660383 0.806660741149142
1744315154.43219 66.2013775796183 30.1089421926469 -0.138780547635219 0.0123568730144476 -0.0144091123125777 -0.625461229699254 0.780024317130412
1744315154.63133 66.1951905230551 29.8445179131159 -0.176715843762065 0.0287552066354054 -0.0298285386099328 -0.629858299900384 0.775604227955437
1744315154.93211 66.2423418913531 29.498071212463 -0.168587511658283 0.0354591304310937 -0.000741322257375681 -0.61765430694005 0.785649576865403
1744315155.23304 66.3086336139711 29.1804671119173 -0.194702791763567 -0.00519038885611495 0.00701249230535823 -0.633810747353978 0.773438957742485
1744315155.43259 66.3190511556723 28.9689887475567 -0.16128094940975 -0.00512640094711128 0.00478798614900209 -0.644545599255266 0.764533691659587
1744315155.63192 66.3168439253079 28.747317770082 -0.169895213710908 0.00852954676629866 -0.0280840521772816 -0.64327259970409 0.765074437760933
1744315155.93193 66.328573557526 28.4199395174074 -0.167790763117962 -0.00259965747847357 -0.0435854977986333 -0.620235607648795 0.783199423625407
1744315156.13284 66.3827668734569 28.1924823113334 -0.151004507721739 0.00249910841386184 -0.0280556722337359 -0.626868336879073 0.778615901411675
1744315156.43263 66.4272347522338 27.8944453685253 -0.157568134361166 -0.00710778869366803 -0.0367127370491108 -0.656624406337361 0.753290145482043
1744315156.93113 66.48459709642 27.5216113665737 -0.172013865793621 -0.0229049693340275 -0.0605664773964658 -0.646625052890264 0.760054672487614
1744315157.43095 66.5717978651439 27.2499940598443 -0.18493568034372 0.0347934069417076 -0.010635673728596 -0.644665201401311 0.763598768581992
1744315158.33091 66.6550034691624 27.0680873559913 -0.227255195150777 0.0359947951473421 -0.010273963476361 -0.61216979756481 0.789839831450812
1744315158.93267 66.850222357585 26.6860936485852 -0.215106265586741 -0.0692504063820022 0.030246051120802 -0.606586084954039 0.791418270668334
1744315159.23082 66.9167980037169 26.3331914842519 -0.203955036645859 -0.0616909977261884 -0.00132471009250373 -0.623270806664756 0.779567808148966
1744315159.43078 66.9675408566047 26.1340318572203 -0.156529269107214 -0.0583690101304515 -0.00309891348142168 -0.635457232482438 0.769920490101015
1744315159.63114 67.0620865474279 25.9258013558153 -0.141036800415562 -0.0496094155606568 -0.0041204605801477 -0.645797398929966 0.761884274170053
1744315160.13237 67.1703092982476 25.4282151328488 -0.138394795732371 -0.0178983616046194 -0.0121647312288626 -0.699188377515411 0.714609880083789
1744315160.33166 67.19362325284 25.1955240825192 -0.172459745862586 -0.0182229124006741 -0.0104611845909086 -0.690476197649361 0.723049866579251
1744315160.53185 67.2095080498119 24.9445156119719 -0.157772489848965 -0.00754276787652124 -0.000523538408723498 -0.682255568789725 0.731074668837393
1744315160.73289 67.2350104640982 24.729442234962 -0.155542553929934 -0.00132084640954971 0.00457551143570244 -0.688635626863036 0.725091920707173
1744315160.93279 67.2771276664355 24.5197923079603 -0.182686318886288 -0.00814679250780417 -0.00334227203035149 -0.692436356525227 0.7214252221482
1744315161.1332 67.2958921503693 24.3252795427719 -0.15288801134588 -0.00315685240774305 0.00392933484647905 -0.715937007133167 0.698146686898781
1744315161.53105 67.3243695468039 23.9252305070647 -0.18201300513514 -0.0395417201301637 0.00116193931205378 -0.718886135015641 0.694001316388129
1744315161.83155 67.3450602426143 23.5885104923163 -0.145620661326381 -0.020947870867448 0.00665072975398048 -0.689746022155753 0.723717748449059
1744315162.03274 67.3757937193534 23.3630461417647 -0.169041155566269 -0.00693244924336901 0.00752601946119209 -0.693556899013404 0.720329180312355
1744315162.2329 67.4299066518177 23.1512781173437 -0.15078792340771 0.00946024247527487 -0.00233206225910176 -0.697719261078794 0.716305031406027
1744315162.63236 67.4506273390901 22.7492511717178 -0.159210542194806 0.0162333355209333 -0.0208149035691122 -0.708139185172109 0.705579274802665
1744315162.93214 67.4564758859691 22.3778069002802 -0.149269648831487 0.0142290575658386 -0.0158105169565382 -0.701538284958038 0.712314253832176
1744315163.1326 67.4687209969869 22.1388180712499 -0.151196165608779 0.0330208764931064 0.00412217211913741 -0.696755601997125 0.716536293915578
1744315163.33267 67.5036210012935 21.9026146088318 -0.161159668401415 0.0299698990692768 0.00224338586751977 -0.700217200531775 0.713297024001271
1744315163.5322 67.5180010875818 21.6664016889127 -0.137995022882378 0.0563539443649871 0.0235125924760354 -0.685900624899541 0.725128763539264
1744315163.73268 67.5103526046806 21.4383658149679 -0.153221796112423 0.0612632614774877 0.0202746241924893 -0.683945374737971 0.726673569618113
1744315164.03273 67.4975895555473 21.101746772064 -0.158135082469169 0.0352500600540713 0.0151106794630276 -0.68140131592075 0.730904472071296
1744315164.23274 67.4971971859655 20.8811558660435 -0.148772813517732 0.0342839180948779 0.0264832121823395 -0.683179628714296 0.728964229124012
1744315164.63319 67.5162884423964 20.4971807780689 -0.12060633016456 0.00549608644936161 0.0174127535982208 -0.716238850259186 0.697616297419483
1744315165.0316 67.4693051746444 20.0972548857702 -0.138466599769954 0.0080453021552984 -0.000230448654909143 -0.676372565463666 0.736515697520932
1744315165.33245 67.4547885934848 19.7791329546285 -0.121122306239099 -0.0206521249430381 -0.00655963124716951 -0.682489705336181 0.730573927185587
1744315165.53266 67.4635604779483 19.5819500031416 -0.1560320129857 -0.0161361986940949 -0.00205656481414012 -0.693864457653843 0.719921876343266
1744315165.93182 67.5100899002368 19.1977451473693 -0.143261125831138 -0.00916461304592437 -0.000691306805077581 -0.679092391796787 0.733995269307874
1744315166.3321 67.5193471056948 18.7975286359398 -0.17606702950225 -0.0179106848068724 -0.0065813369396564 -0.67129780944383 0.740942065488086
1744315166.53241 67.5168217693225 18.5599830751435 -0.156579869488891 0.0121807817397152 -0.00998039042931391 -0.654051355137191 0.756286219103781
1744315166.83351 67.5454927116256 18.2562146823918 -0.183432717038047 0.00394681192036463 -0.00225020905318795 -0.6856945811124 0.727875195804866
1744315167.331 67.6137307267722 17.7950637541586 -0.174110730187373 -0.00812360430655882 0.0122794079129569 -0.683925622248564 0.729403157675022
1744315167.53018 67.6029972440145 17.5732571987805 -0.19577613621699 -0.00666239135521045 0.0151779538827098 -0.655688772234585 0.754849306963229
1744315167.73198 67.5912289932345 17.3474635251037 -0.179819117406534 0.00746056578207415 0.0247386705290268 -0.65733922309373 0.75315170047023
1744315168.0327 67.614441335314 17.0595134673288 -0.192097548625129 -0.00585175988954961 0.0319611930880279 -0.686593393589943 0.726315187037439
1744315168.4322 67.6578712013172 16.6655274170142 -0.171520527703695 0.0178477573847482 0.0223110370642145 -0.676437617086751 0.73594553152489
1744315168.83171 67.6675191088064 16.2534959187777 -0.20132707580668 -0.00985901845365857 0.0222562098398347 -0.676154065694127 0.736358024553273
1744315169.03194 67.6663287813539 16.0230955833774 -0.175228205786512 0.00859481499715377 0.0324329998261289 -0.65947936762922 0.750973497101467
1744315169.23322 67.6844523125563 15.8178880023036 -0.198701535774272 0.01184984598364 0.0372484281114025 -0.669089557174107 0.742153151468046
1744315169.43271 67.7138524865547 15.6068328538045 -0.196129747007839 0.0244936307446439 0.0142390177846747 -0.656957808726251 0.753394816798652
1744315169.63291 67.7531840656193 15.4027677366047 -0.164014880472936 0.0390565558557915 0.0217904950416192 -0.662605350537971 0.747632201827193
1744315170.03109 67.8114194763777 15.0022506174094 -0.198315551986321 -0.00459647708813379 0.0248557087861138 -0.681866440196929 0.731039823725278
1744315170.23033 67.8293972142464 14.768486094318 -0.168287338962314 0.0217081506773493 0.0111438968644273 -0.641377421344422 0.766837383769482
1744315170.43266 67.8595866415497 14.5495360775327 -0.179523093925844 0.0191861938255764 0.0255717956299746 -0.645795673787245 0.762840691725621
1744315170.6327 67.8817766219488 14.3319139422683 -0.189722368095414 0.0374702982188057 0.0173874257187022 -0.638756554464683 0.768299237476308
1744315170.8328 67.9190140206577 14.1196070007681 -0.161660680532735 0.0464819633651628 0.0359284078048445 -0.649329163472366 0.758234933288229
1744315171.23148 67.945765028462 13.7288557805123 -0.182085911672332 0.00365532010277403 0.023138127675772 -0.660036386432633 0.750868320191735
1744315171.43182 67.9449523758085 13.5014696738564 -0.16163840869668 0.0162275844402704 0.0259317016801992 -0.652851175108165 0.75686825505572
1744315171.63288 67.9675776025303 13.2891189607995 -0.179410489858538 0.0207866021695966 0.0290665307918822 -0.654169228634147 0.755503589843339
1744315171.8328 67.9997016376217 13.0855042193443 -0.191868541462311 0.0188753839271129 0.0256907219976466 -0.66182599313923 0.748979346504371
1744315172.2327 68.0183961493956 12.7215982252023 -0.162556249704822 0.0223878856239507 0.00430839807156911 -0.657835159636278 0.752816792473214
1744315172.43216 68.0259002408245 12.5081677648386 -0.171017150796071 0.0133396001069893 0.0115102884763749 -0.653972442768634 0.756313170867334
1744315172.63199 68.0330853085319 12.2559320823494 -0.162500676989992 0.0457924473353818 0.0278978658701558 -0.628839057865179 0.775684343112688
1744315172.9334 68.0629319763076 11.9162504393209 -0.189702176082533 0.0601618256653182 0.0797253424933247 -0.672066752250317 0.733723861556001
1744315173.33106 68.0694261176904 11.516500263952 -0.188506457978149 0.0750069903066066 0.0716481244413705 -0.684129120288373 0.721947258768004
1744315173.7306 68.0522731654634 11.1069768416949 -0.208162798734845 0.0511085101422176 0.065999052098081 -0.673696194634072 0.7342788861521
1744315173.93169 68.0338332810968 10.8940338522589 -0.192719223906787 0.0526087466940709 0.0646692521797069 -0.677931808448035 0.73038255091984
1744315174.33247 68.0432687234466 10.4985581513366 -0.195825698300995 0.0485252288501875 0.0330531897878417 -0.68215554327224 0.728846076749296
1744315174.73224 68.0369235510696 10.1268396708315 -0.187289566262584 0.028031476213532 0.0352640254067302 -0.700715443779565 0.712017241155164
1744315174.9313 68.0365138572825 9.91970206682982 -0.171812063057909 0.0115438939037558 0.0211153544419728 -0.672084478150781 0.740083329463055
1744315175.13249 68.0506224975479 9.70831852745701 -0.13746587762716 0.00572053968317558 0.0263849588470903 -0.663677392451008 0.747531556606008
1744315175.33317 68.0700259151319 9.51313087993864 -0.161316186350235 -0.000688861789011547 0.0238432979265415 -0.663275167298197 0.7479953710144
1744315175.53263 68.0863792638528 9.30403940845761 -0.160821675801431 0.0148769484982132 0.00449819611180426 -0.652708095342224 0.757450054399528
1744315175.7333 68.1077370077556 9.10337766928427 -0.124645868372242 0.00682236765358436 0.0232118879703386 -0.681421658549852 0.731491070906283
1744315176.03086 68.1109222813333 8.81736538016449 -0.153123277168859 -0.00319977452210235 0.00548224892828483 -0.678903209111386 0.734200339858242
1744315176.23077 68.1079377582596 8.60256213429496 -0.129604179485324 -0.00104897979946013 0.00822555183295612 -0.649567578173482 0.760258641071748
1744315176.43195 68.1159497565091 8.3866499360983 -0.124535735229321 0.01156721840905 0.00142234158081359 -0.639097244516005 0.769037637866154
1744315176.63272 68.1294816489567 8.18570869831844 -0.150629446364823 0.0119599120879367 -0.000455440516631752 -0.655196396391223 0.755363776754445
1744315176.93299 68.1511335809229 7.89741495968513 -0.12463171057488 0.00932132612851181 0.0167003705857828 -0.685491848440915 0.727829057006218
1744315177.13185 68.1429989832401 7.69526822008774 -0.159273924917085 0.0077740489506877 0.0166370233126859 -0.688539958415901 0.724965860770585
1744315177.43112 68.1332316628382 7.38101561147717 -0.15612775944335 0.00286103126900958 0.00876807975170907 -0.655131540124438 0.755458536527139
1744315177.63239 68.1441620347448 7.16346941200353 -0.146503324781258 0.0109326951849973 0.0214529496098463 -0.646574118212754 0.762471085869116
1744315177.93297 68.1659719731375 6.85871316962283 -0.178858328168843 0.0155580693918514 -0.000685803255931183 -0.657541228413561 0.753257598094489
1744315178.13256 68.1884059857788 6.65974010357319 -0.154629118166665 0.0255133619768897 0.00492271165937514 -0.665297642591519 0.746125915668878
1744315178.43189 68.1953942116432 6.3929076137346 -0.17170092299402 -0.0067144570349938 -0.00865074705009671 -0.681120258067658 0.732089663014065
1744315178.63082 68.1961367143053 6.17961373069809 -0.164488505285099 -0.0140227877138951 -0.00702684524065948 -0.653073465453092 0.757132111055781
1744315178.93308 68.2132217778203 5.85340034565222 -0.165347762735977 -0.00915450226914585 0.0249310060917923 -0.653200560060405 0.756719015460976
1744315179.13297 68.2341766894949 5.65029227557387 -0.173248982271822 -0.00187727983931774 0.0162863882159503 -0.646358443639977 0.76285777948094
1744315179.43244 68.2703750194514 5.34638978009594 -0.151702263805552 0.0045375210903548 0.0411056655043273 -0.675918835121044 0.735814829623874
1744315179.93131 68.2495345163105 4.82252721883836 -0.161086638807484 0.0159809800910229 0.0108571453772772 -0.658323105329932 0.752487488041059
1744315180.13302 68.2571306708808 4.62035164171344 -0.177219897525148 0.00208498612705386 0.0173008570980969 -0.675709105437683 0.736962372177256
1744315180.43199 68.2821161298334 4.31902631026069 -0.167012221339993 -0.0082382967141019 -0.000358998401682627 -0.692511263798041 0.721359931726346
1744315180.73135 68.2851870009934 4.01837591376818 -0.161764464961951 -0.00499572534011699 0.00235131805705088 -0.697025555414632 0.717025026850977
1744315180.93128 68.2934560990705 3.79387686573156 -0.168370407404506 -0.0168982233800316 0.00856353171385318 -0.684397154520642 0.7288632593671
1744315181.13188 68.2861325322337 3.56434582114518 -0.157687820385531 -0.00350822608570713 0.0112636624759549 -0.663071799990557 0.748462831618673
1744315181.3332 68.3054534686097 3.3484719625797 -0.173009356364564 -0.00992284119084162 0.0262029691991333 -0.676874845483627 0.73556467097011
1744315181.63306 68.3403879497649 3.03716892302364 -0.174143795703826 -0.010600216265595 0.0100065372052391 -0.689738691538114 0.723911625838109
1744315181.93198 68.3433109570924 2.72373263416001 -0.171908875337218 0.00878743733408641 0.0113777491164197 -0.684348906050051 0.729012964602305
1744315182.13148 68.3327585171595 2.50287328164347 -0.167852902340392 0.000254261925355308 -0.00475566709321285 -0.664265764022164 0.747481313297812
1744315182.4325 68.3430262635486 2.1747469461005 -0.15195634831288 0.00050739546408932 0.00955028784333644 -0.655670524925862 0.754986554380538
1744315182.73319 68.35255918379 1.85828012418195 -0.180466642644713 0.00197966055595379 0.00713899381986381 -0.67512662112252 0.737664667151012
1744315182.93223 68.3651223251841 1.64354106623361 -0.152297086260272 0.00881361113164491 0.0322610560660109 -0.683431355966715 0.729248329584527
1744315183.23167 68.3477322350436 1.32732408098783 -0.175864117842546 0.00253434429193851 0.0248433952477045 -0.679021182257668 0.733693816831637
1744315183.43149 68.3304256581075 1.09512732970132 -0.168349578846783 -0.0066158519937693 0.0344375653516476 -0.659757980253758 0.750659504760001
1744315183.7325 68.3227716774053 0.761266194036154 -0.177550555150815 0.00364131579556873 0.0443623415695067 -0.654789628182634 0.754499348107204
1744315184.03307 68.3036770964793 0.431099404130625 -0.173928798886907 0.0225668036730764 0.0277502930046541 -0.664115654267005 0.746773766523466
1744315184.53058 68.2649445924999 -0.0820496632860148 -0.17899119788373 -0.00402378245314491 0.0166604812857408 -0.648650231260409 0.760893629243875
1744315184.73253 68.2535924064735 -0.302909761494838 -0.158682278945029 -0.00224111958904457 0.0182564973840323 -0.649887750914686 0.759807599920734
1744315185.03326 68.2460563443243 -0.623324535677646 -0.187534014258105 -0.00343381215936372 0.0252950456099501 -0.662503548854555 0.748623682070482
1744315185.4316 68.2418104047809 -1.01303978957538 -0.18651313253746 -0.00594585399013661 0.0305006208202108 -0.682303665779145 0.730408150703598
1744315185.73165 68.2003391655659 -1.34953063153865 -0.183524381132593 0.00197820588641586 0.025711697827982 -0.649592342156004 0.759845237076966
1744315185.9327 68.1721833561781 -1.57087634915446 -0.16921061935511 0.0192931578222249 0.0182251962632953 -0.650138328048316 0.759352204635604
1744315186.23241 68.1512430104573 -1.87597906071623 -0.18366257010482 0.015091441671274 0.00508555780855076 -0.664529443319402 0.74709236674702
1744315186.53246 68.1420654063731 -2.16568909256968 -0.161447479728672 0.0164862467305098 0.0143886816883877 -0.697701855537017 0.716053971630781
1744315186.83164 68.1065422832225 -2.47687695010475 -0.176417927150207 0.00197803434727356 0.00779561937097022 -0.701449919300831 0.712673365863774
1744315187.13221 68.05648921658 -2.78117652462794 -0.156803089692524 0.00158695911794263 0.0132772863707186 -0.685946413639191 0.727529183499136
1744315187.43263 68.0419661744961 -3.08269906273368 -0.17778606338709 0.00605319902955087 0.00309967837482484 -0.680476362428067 0.732738473776386
1744315187.63262 68.0493875063138 -3.28764071122545 -0.143986671638347 -0.000234106614527165 0.00899069119303461 -0.68354224183873 0.72985554480873
1744315187.93163 68.0239802515197 -3.58176851178581 -0.157120240580165 0.00275328358204473 0.0013592918265837 -0.684698542562188 0.728819921220916
1744315188.23199 67.9871604818532 -3.91624292951374 -0.151486113870303 0.00845595010401875 0.0124225411106352 -0.664385190660049 0.74723924937854
1744315188.43303 67.9934388574958 -4.11593659712877 -0.160936185605185 0.0122348480772874 0.0203983959183233 -0.660363310587333 0.750569458455794
1744315188.73327 68.0343362328494 -4.42444633836938 -0.157252791454036 0.00803430975506861 0.015232229692753 -0.669726449564273 0.742408184087016
1744315189.03248 68.0300085884575 -4.70676963938307 -0.156069374112009 0.0236140818862593 0.0132049054447867 -0.669800246174273 0.742048270555054
1744315189.4316 68.0140593105085 -5.12872114131686 -0.139303024793059 0.0162452203803678 0.00443951483844061 -0.641999684036195 0.766519920954582
1744315189.73274 68.0266237601785 -5.41377119693606 -0.152342074218353 0.0144570021002519 0.0128139462660627 -0.639192363427569 0.768804214613345
1744315190.03289 68.0558469540032 -5.70057915310966 -0.128935972849263 0.0108965002530176 0.0192807705268618 -0.657602123196065 0.753039816834511
1744315190.43176 68.0257678388602 -6.07959101036081 -0.160533876494719 0.0036652512058564 0.0142114051196977 -0.660261685969107 0.750892207936235
1744315190.73178 67.9942295570354 -6.39244309844362 -0.131746975889601 0.0161076571740291 0.0113860570610932 -0.633309860470382 0.77364689730907
1744315190.93286 67.9847873238074 -6.59564119439927 -0.146079490016205 0.0185009098706041 0.0101603416301381 -0.638413395987614 0.769404197815089
1744315191.33262 67.9564550707237 -6.98815756481161 -0.128184822088078 0.0277008512273257 0.0228893175777809 -0.660965908506773 0.749555074543506
1744315191.73101 67.9160421395275 -7.37496580112734 -0.150044575920889 0.0127126671136275 0.0218250549502558 -0.63671207316787 0.77068786869494
1744315192.03199 67.9168095253502 -7.64634013490663 -0.132105593319601 0.0214416804153943 0.0126409358898077 -0.587343520146131 0.808954912478529
1744315192.33294 67.995787704572 -7.91990563949944 -0.127047351863215 0.00352123150691614 0.00855721439476128 -0.559685987772345 0.828653106011057
1744315192.73093 68.1433757502993 -8.21861132808094 -0.10262938281866 -0.0150644037788132 -0.0111655468649555 -0.431638639634514 0.901851694613067
1744315193.13274 68.335271708371 -8.36820840101032 -0.117543486014892 -0.0397701539045819 -0.0365450562662319 -0.157987611365852 0.985962833161482
1744315193.63276 68.5108723360082 -8.36252747944775 -0.115376793206583 -0.0132791442577517 -0.0204119231684842 -0.000109660905873602 0.999703458879098
1744315194.02731 68.6363695682196 -8.29508953093227 -0.141565658159114 -0.0200880845315382 -0.0123465728983061 0.205525208076868 0.978367732420934
1744315194.33021 68.6460484382212 -8.20958519427143 -0.159276349790722 -0.0247187582462424 -0.000804437174275848 0.362659131702781 0.931593629252681
1744315194.7323 68.6465845789099 -7.86560748916416 -0.154438238613667 0.00767080250999855 0.0319173379299209 0.512705629773415 0.857936699020951
1744315195.23191 68.625269376959 -7.60004769418226 -0.167162061749288 -0.0103679675942599 0.0313332174712686 0.653049537571495 0.756595688732443
1744315195.73351 68.580642324867 -7.20915780101198 -0.176846502377954 -0.017748406776144 0.0466451361312918 0.717848036996061 0.69440868450294
1744315196.3303 68.6156956189034 -6.62716288295268 -0.167333598889051 -0.00730617924536224 0.0383742701370117 0.741010393701178 0.670356346701597
1744315196.83226 68.5992029675221 -6.08439252112866 -0.158577445463696 -0.00539367198409775 0.024747374561301 0.764951311118821 0.643589906207709
1744315197.43226 68.6020455226164 -5.43836417714674 -0.144782937740737 -0.00335110253876306 -0.00376186457240692 0.759508933914659 0.650477361474272
1744315197.9329 68.612907776145 -4.87150965661136 -0.140138725216691 0.0276304873135119 0.00723888750954695 0.787274460775099 0.615940807293785
1744315198.43156 68.6157111954365 -4.31546228204257 -0.157103756265506 0.0179226003396044 0.0131839300211835 0.755094121563889 0.655238759511311
1744315198.93211 68.5764020531715 -3.70041553695025 -0.163657231684181 -0.000486832543494412 0.0234344468645827 0.802339547294062 0.596407445076087
1744315199.33256 68.5534591789478 -3.25498408823113 -0.149175317493631 -0.0214466279223578 0.0366325386816906 0.771469173811023 0.634849126265314
1744315199.83082 68.5411349651745 -2.68253901218998 -0.159515321598413 0.0233109047607694 0.0397505304242013 0.787326836290691 0.614811312442053
1744315200.23296 68.4607221239722 -2.21170723315205 -0.188532425171998 -0.000148032111247405 0.0543181202761505 0.773241899671894 0.631780408439484
1744315200.6322 68.3924933543096 -1.77548332733944 -0.176986093303413 -0.0079604418814129 0.0587379218549312 0.773638942373393 0.630848059951518
1744315201.03203 68.32588956152 -1.32275783089258 -0.162923633721259 -0.01683489230829 0.0315786008899512 0.784843155231336 0.618660326878427
1744315201.33336 68.2663541621441 -0.991429779387836 -0.176278516770245 -0.0049525409567008 0.0366271243118121 0.784223446612279 0.619376712418442
1744315201.73211 68.1828630861099 -0.425232585028589 -0.176565206542252 -0.0277048374534836 0.0555070718295751 0.756596145024042 0.650932930718166
1744315202.63271 68.0507828784767 0.68113428313412 -0.0884194487521558 0.0161083862760176 0.0484638022804443 0.747549354843337 0.662239942795219
1744315203.63325 67.8482248191197 1.68110465331438 -0.0593602011636882 0.0364394053786669 0.00355050224745037 0.800763987798374 0.597860016654974
1744315204.12986 67.801927116905 2.25212171527724 -0.0501603725177259 0.050235306007545 0.0440105882512736 0.799161470575819 0.597394698753847
1744315204.63299 67.6488292813948 2.78331440916433 -0.0295477265974848 0.00832765214737609 0.0286075856507772 0.780987520434499 0.623835514521672
1744315205.0316 67.5421573035287 3.17491265781148 0.0131805830377069 0.048864384461775 -0.012711806541516 0.777671045572296 0.626640588203569
1744315205.43111 67.5368144031925 3.59933073804616 -0.0233686528017257 0.0323815405251867 0.0363406499240631 0.760855973623397 0.647092713911928
1744315205.73145 67.5154116207767 3.90565123113426 -0.0142605784310244 0.02742270924971 0.0668919646432627 0.791376385828842 0.607039435321998
1744315206.13307 67.3987338939005 4.55870359080504 0.025361381721913 0.0359207106202864 0.0210180605814224 0.777576693689941 0.627409299507226
1744315206.73196 67.3576631969046 5.29369350557104 0.0128194220375023 -0.022103073649746 0.0230756203274414 0.807243076483274 0.589353531720611
1744315207.13401 67.3631752508935 5.68216402676894 0.0223529159568775 0.0507209844760691 0.00519165968148584 0.798717876197072 0.599541643796966
1744315207.72974 67.3651088294027 6.39558019019419 0.00934968450812321 0.0229950374983204 0.022380253308791 0.775017422426481 0.631124668704764
1744315208.13143 67.3439878433384 6.81976998771855 -0.0148719827273823 -0.00200951953470235 0.0333843525722649 0.784169114293242 0.619645259017708
1744315208.5323 67.3035407039259 7.21908537291649 -0.00594818345148496 -0.0151696360314061 -0.00165061397089274 0.754430821331538 0.656202174212501
1744315208.83176 67.2822496010097 7.53092285821315 -0.0102032779985316 -0.0274948436442708 -0.019321248825287 0.788338513258979 0.614323295528854
1744315209.2336 67.2546979041667 8.20201069200259 -0.0157968655737138 -0.00845569904880569 0.00656125563784287 0.812826551306088 0.582407459232712
1744315209.9309 67.2674605358364 9.00653522357182 -0.000928354516930229 0.0213591949007982 0.0161543104404064 0.800646141809409 0.598538702719459
1744315210.4319 67.244953075232 9.57083377535987 -0.0203157587030135 0.0284165960824182 0.0422532401297882 0.801461892636103 0.595874143941302
1744315210.83117 67.1984068361891 9.96242067515276 0.000393700581061068 -0.00178057565566318 0.0114860761965722 0.73673075440915 0.676086307442819
1744315211.23025 67.1782854408678 10.3788979844041 -0.0049866258792945 -0.0320655926486969 0.0290777571661082 0.763625018129384 0.644207352871088
1744315211.53232 67.1444049446655 10.6717780022818 -0.0341406294084222 -0.0380562697185368 0.0288727219922829 0.769590549723797 0.636748358486844
1744315211.93299 67.1069214843494 11.3013624469594 -0.0115859692926467 -0.00904300518125984 0.0109575793237095 0.753051238289587 0.657808473663251
1744315212.73381 67.1497795491579 12.1864305007601 -0.0338421884428581 -0.00175294116093957 0.0144396692325002 0.750476453121536 0.660737100865285
1744315213.33148 67.1589791721987 12.8383627787537 -0.0485366077880947 0.00764182061044944 0.0290946340311548 0.754340445188048 0.65579386822526
1744315213.8331 67.1171803914527 13.3387454252717 -0.0562724789111083 0.0207411824927298 0.0321878568259408 0.776782871828671 0.628603305157838
1744315214.13233 67.0856441012855 13.59638944618 -0.0182590957172952 0.0308107904372837 0.0118150118953159 0.755000564005988 0.65489331118678
1744315214.43192 67.0367031355624 14.1934337344953 -0.0501111738359067 0.0320052651463237 0.0299150101733711 0.772163177320281 0.633912283174801
1744315215.23181 66.9809386646366 15.0517926574773 -0.0266723663504764 0.0171835362784645 0.0268715184852115 0.740989368458815 0.670758826558602
1744315215.63144 66.9510955880585 15.4624340718119 -0.0500427361180029 0.0013172347886275 0.017527116837741 0.769358293826782 0.638575665671509
1744315216.03223 66.927615342458 15.8484006523513 -0.0487287067474485 0.00407442263957269 0.0149542361716418 0.798573497890068 0.601697713447789
1744315216.43226 66.8861901405133 16.2015056792878 -0.0357226889755748 0.0290141656578882 -0.00919100868918097 0.783598343001896 0.620521829104453
1744315216.73232 66.853046953642 16.4951447629077 -0.0650449686392049 0.0156490889412801 -0.0150944579763541 0.791636082158334 0.610605909551088
1744315217.03156 66.7928926042113 17.0654703750243 -0.0463331306412648 0.0332395920731918 0.0287117658431859 0.835440891002997 0.547822308473371
1744315217.63174 66.7053127949992 17.6939618475766 -0.0451979005124684 0.018513368507155 0.0178531506741708 0.782806181111157 0.621733868316412
1744315218.0308 66.7119037537935 18.1214981667694 -0.0427648366765972 0.0290021748807718 0.0164744181060666 0.803195336079248 0.594781236675129
1744315218.43261 66.6831812596195 18.5163648158364 -0.0673359035216452 0.0192204815225514 0.0235753934163205 0.792396516564811 0.609247514932364
1744315218.83305 66.6497927126021 18.9341410067691 -0.0496997449155305 0.0175208613253388 0.0331724424754905 0.751198533054399 0.659009387198352
1744315219.13152 66.6327180920102 19.2084180008653 -0.0578362278338485 0.0234115401652709 0.0122722645455482 0.78520686316948 0.618669114585139
1744315219.43273 66.5747088235868 19.7458953742502 -0.0378651167705582 0.0189216129305394 0.0158043668754455 0.792438159644422 0.609453819161989
1744315220.03037 66.5079257849193 20.426966601095 -0.0727999108556326 0.00267623706235958 0.0206531341029954 0.784902054682452 0.619269771878279
1744315220.4309 66.5069092790299 20.8425319073538 -0.0730180792579026 -0.00683205064562356 0.0279519468052218 0.809620420168671 0.586248059271566
1744315220.83248 66.4758747621992 21.211271887356 -0.084038943032271 0.00294617677354986 0.0166836012354681 0.807123515755655 0.590139481653672
1744315221.33069 66.4227668219974 21.7570658899584 -0.119751599985489 -0.0236846146703054 0.0416316267878771 0.806734794277332 0.588969284751952
1744315221.63119 66.3910290144006 22.0463950670764 -0.14156637862523 -0.0442067094119575 0.060631522969163 0.838206666307957 0.540165872507981
1744315221.93389 66.2501540355494 22.5564669472155 -0.175388252067579 -0.0460374311694358 0.0397659044836736 0.835284242395218 0.546442551580823
1744315222.83187 66.0801421555411 23.4747837937442 -0.149054956897323 -0.0602092738807763 -0.00799404213043051 0.859877651969716 0.506874108899058
1744315223.33301 66.0818695386048 23.9972990085406 -0.145463552591991 -0.0222559083969422 0.00283431685275156 0.819763164226218 0.572263047703784
1744315223.73145 66.0944773337782 24.4185945154726 -0.177550144922677 -0.00424046587737832 0.0247862187668771 0.826371864233028 0.562563066520025
1744315224.2334 66.1128340760161 24.9346061498483 -0.225033731937812 -0.00999577257473352 0.0375330867209306 0.824814348687312 0.564067941059727
1744315224.53276 66.1222724830432 25.2180716491144 -0.204257145986418 -0.00549297091452673 0.0311048485015 0.784775413554898 0.618974850821881
1744315224.83061 66.0933050928863 25.7776505962318 -0.218327727775233 0.00521370387285263 0.0413159309652536 0.785775185034568 0.617108717913052
1744315225.53287 66.0417062928341 26.5143095256366 -0.23150592078604 -0.00982244702427472 0.0610587616264737 0.791116068235179 0.608531604555761
1744315225.93207 66.0000336935907 26.9192759184739 -0.210661701233239 -0.0095036692079834 0.0639561102414173 0.771256646013528 0.633231776061765
1744315226.33183 65.9469229380474 27.2827040502237 -0.185947079650057 -0.00668435858836084 0.0388358288975767 0.799470034640922 0.599412013105629
1744315226.8337 65.8272119934961 27.8136362245413 -0.200239502059992 -0.0155498165969918 0.063232506482717 0.791855828870034 0.607226645999881
1744315227.23101 65.7577197131239 28.1856545371527 -0.205845613229154 -0.0221271577733058 0.0489812753215254 0.808722784318447 0.585729188004979
1744315227.6324 65.7175604922361 28.5481312083069 -0.187732575506238 -0.0143712638194784 0.0636397600189109 0.849690199830722 0.523230362300006
1744315228.03261 65.6309449478533 28.9205022369075 -0.176045284350818 -0.00116552097795994 0.0434612364514961 0.830052115647099 0.555988532073038
1744315228.33045 65.5632251527468 29.1984320550003 -0.191223225046447 -0.00529406334540965 0.0676729859117818 0.844252923881964 0.531628949915101
1744315228.63149 65.4837164559056 29.62366605272 -0.186467023882575 -0.00788498337679704 0.0407581282836744 0.859652125065623 0.509190363111988
1744315229.23387 65.2372047566068 30.3216093602051 -0.176058737671849 0.0194732836980877 0.0327485517922114 0.859836374185507 0.509146082382107
1744315230.13224 64.9077114588694 31.1930128231284 -0.150496940681621 -0.0250998735131672 0.0439097139348635 0.902738114195622 0.427207011354348
1744315231.13044 64.448653096755 32.1522971894153 -0.100784990934671 -0.0659093860208547 -0.00208106666809791 0.918123227381566 0.390770215521006
1744315231.73349 64.1661717226633 32.6692400818727 -0.0416396249523211 -0.0165069352498995 0.010446270688734 0.950343407466038 0.310589446702867
1744315232.53203 63.8357431987841 33.3881140969033 -0.0152372600509863 -0.0374273713568406 0.0463510350520409 0.967950129298892 0.243974016266446
1744315233.0329 63.6118980865577 33.8334827441891 0.0222560507760462 -0.0131330478144612 0.0367635997092493 0.944640878833279 0.325775337968687
1744315233.52975 63.3568027681966 34.2223165818165 0.0130059715246513 -0.0326146231944417 0.0150566676964581 0.960629921098868 0.275499070418296
1744315233.93254 63.1506539326754 34.4879084431818 0.0271765375569908 -0.027305947266336 0.0114038177908035 0.982621826974452 0.183244872607864
1744315234.33306 62.877627825063 34.7532029090196 0.0691268044221569 -0.0116078310398923 0.0268347975504824 0.987573560092774 0.154413779516787
1744315234.93249 62.4623211295543 35.0698859868464 0.0903518502296003 -0.0163457831923142 0.0112009427181608 0.995506939867682 0.0925920457131002
1744315235.23317 62.266685332842 35.2008650312095 0.0818958649698835 -0.028281193029508 0.0373004927341832 0.997713944940583 0.0487414754979107
1744315235.63432 61.874188039317 35.4533256357591 0.105316700242379 -0.00645106800774094 0.0219476622030427 0.992106216659817 0.123296142317286
1744315236.029 61.4664760633341 35.5893376549128 0.0631272378630018 -0.0498998813124704 -0.00486307925618979 0.996879426692483 0.0609734445674091
1744315236.53299 61.0032564565556 35.7639174377139 0.0652573786801783 -0.0859423488414518 -0.0218657630191586 0.995995132445972 -0.0113796848433915
1744315237.03245 60.5154364233242 35.9012657924261 0.100894652089397 -0.0577244562937712 -0.0207667000106895 0.997106335866678 -0.0448952813865936
1744315237.53208 60.045703970748 36.091003134182 0.151163047635818 -0.0469846892589074 -0.00152150767634094 0.9960357414545 -0.0755177180191466
1744315238.13343 59.4644304608111 36.1658868785317 0.15343266444645 -0.0567136169979681 0.0108616657075308 0.996678486597814 -0.0574245959337721
1744315238.53109 59.0634637499101 36.1758603130523 0.121888485662695 -0.0856770247484867 -0.0258394827520413 0.992934186621187 -0.0779324682034104
1744315239.03374 58.6116189191836 36.2116967769618 0.145498150569925 -0.0848055170908309 -0.0267552853567037 0.988052603472409 -0.125873872379591
1744315239.53179 58.1139888403274 36.1867348348443 0.172251291836205 -0.0746921282366084 -0.032639083388978 0.990825982831605 -0.107794470919421
1744315239.93107 57.7098764505837 36.1858353828187 0.166696681260851 -0.088213516715996 -0.0301471037119575 0.986850830087041 -0.132041534234099
1744315240.43367 57.2432713013246 36.1483067703377 0.156377405555491 -0.0966401850497798 -0.00908628460735145 0.989259942186232 -0.109283488465878
1744315240.73226 56.938309851754 36.0883500478888 0.204820641226854 -0.0780628458440529 -0.0101808356768245 0.994391623744627 -0.0706246508676193
1744315241.13048 56.5293277261744 36.0309945441367 0.176770820684608 -0.0811595176672641 -0.00993834922998324 0.991349743905353 -0.10266473184785
1744315241.63291 56.1009600751242 35.9788407753864 0.17619406294788 -0.0762844071070901 -0.002457792433677 0.986887237907356 -0.142225975631256
1744315242.13183 55.6536807038686 35.9222549281679 0.223022024670034 -0.0384987285820896 -0.0101882243035109 0.997715554755093 -0.0545684870858708
1744315243.13288 54.695387112154 35.8056043272112 0.21201562396302 -0.0561823315012821 -0.00400076387837052 0.994141563848448 -0.0922501520022182
1744315243.83224 53.7486198311727 35.6747377187856 0.243740153130926 -0.0625420929540613 -0.00105553930841316 0.993835721159647 -0.0915310427820973
1744315244.7317 52.8991949367344 35.5315230594403 0.25395753986756 -0.0649905728109731 -0.0286031745020208 0.996221276354171 -0.0500125223656495
1744315245.23194 52.403683226688 35.5228831714982 0.263622236875001 -0.0892690173829644 0.00469329004012109 0.987290495996195 -0.131402024640671
1744315245.93211 51.7592382521464 35.4245058799747 0.279012635465072 -0.0642549585077905 -0.0155739745257248 0.996644227991623 -0.0482600708206656
1744315246.53108 51.1512338577805 35.3753520722715 0.296466709129848 -0.0854651645216929 0.005866759582668 0.990614998464229 -0.106504514472368
1744315247.03317 50.7046779738998 35.2783763183001 0.290754709565365 -0.0621734936024111 -0.0340059648128272 0.997415473987324 -0.0118500337999827
1744315247.53052 50.2099251597322 35.1758207591248 0.275751749242168 -0.0774216077013204 -0.0576767253252358 0.994371516305802 -0.0436414662494216
1744315247.83137 49.9563772728254 35.1625329014073 0.302698368756767 -0.0609805684322099 -0.037689800080982 0.995106546724742 -0.0679986022584264
1744315248.13274 49.4409940065028 35.0924737281704 0.282564337558557 -0.0576787444533736 -0.0335022252336342 0.997338322507288 -0.0294454376946024
1744315248.93164 48.6898776542827 35.0273283451721 0.327424165533054 -0.0338721248571844 -0.0239772019264787 0.998619158173134 -0.0322110210179329
1744315249.4338 48.248731051045 34.9952029773447 0.306543918811933 -0.0290536454968541 -0.00565443970763529 0.998833371707693 -0.03815505940209
1744315249.93114 47.7909879225473 34.9520779325611 0.313781880971156 -0.0330083645940794 -0.0045354262133103 0.999322275143135 -0.0156482643969054
1744315250.43277 47.3252436608242 34.8730969883316 0.333144310550106 -0.0488160783237486 -0.0570153684903142 0.996393509385411 -0.039575405337503
1744315250.93301 46.8573371556833 34.8036505445016 0.364046994816879 -0.0298849980102129 -0.0558207889553726 0.997607377127779 -0.0277569363324438
1744315251.23198 46.5691181876237 34.8145815939106 0.34143654641674 -0.0467879987894021 -0.0142824889221295 0.996657738549855 -0.0654235880104456
1744315251.63304 45.9549819914244 34.7884311284962 0.369975001890505 -0.0739102857329381 -0.0186223329554662 0.996097364617854 -0.044503017645297
1744315252.43109 45.2297287730562 34.698837128835 0.363602954548882 -0.0410393179691414 -0.00407259205998779 0.999147737073872 0.00172854699128523
1744315253.03312 44.6723122469503 34.6832952110946 0.378139755635635 -0.0622596439193461 0.00371148812836195 0.997616183504083 -0.0295281561506648
1744315253.63218 44.1006880798596 34.5729280467696 0.374902598693273 -0.0632486877412534 -0.0245649793581947 0.99725396128197 0.0296766237223893
1744315254.13109 43.6164081439336 34.513711133837 0.417882223665286 -0.0740683092295579 -0.0291858839122809 0.994958319443913 -0.0609919037043312
1744315254.63378 43.1385360325308 34.474010014201 0.429804942210991 -0.0556328369759056 -0.00688195650097871 0.998372771298309 -0.0104611497869404
1744315255.22904 42.5614699885781 34.3798626134627 0.44379953608986 -0.0465082939088443 -0.0259087668497636 0.997806283691156 -0.0393488833953146
1744315255.53169 42.2995833987053 34.3343481481807 0.420999987495454 -0.0684909449821649 -0.0321971208204579 0.996550228732467 -0.0340584421192562
1744315255.93228 41.6299932619001 34.2005733892919 0.442407236048691 -0.0545378943614555 -0.0247222142081454 0.998095570876503 -0.0148209851215206
1744315256.733 40.8872729746561 34.1068255028128 0.443357690707899 -0.0656072538556949 -0.0186813187981847 0.997346246267962 -0.0254393715464816
1744315257.33271 40.3045937075949 34.0285908748699 0.452946661127236 -0.0586997524982471 -0.0146352649182678 0.997277878402634 0.0421542563231598
1744315257.9322 39.7437935086395 33.9575047667158 0.468824423251271 -0.0530221072569084 -0.0536736520879327 0.996956778286704 -0.0196208420251354
1744315258.53249 39.1963907378421 33.8675502171496 0.488850061951494 -0.0391440567258211 -0.0174236735515238 0.999070521650362 0.00471711694676851
1744315259.03101 38.6900964879549 33.8177789444106 0.500390985627711 -0.0575365667312504 -0.00245243134034046 0.997490163275468 -0.0411934853827886
1744315259.53353 38.2163846729222 33.7745244807843 0.465366343193494 -0.0455079373667381 0.00634252875066761 0.998730827024545 0.0206285025278406
1744315259.92975 37.8232120718236 33.6740523867951 0.463560100929802 -0.0566282675499861 -0.0507391010074702 0.996465783026459 0.0357033079798835
1744315260.13051 37.6409008903367 33.6438493154316 0.466324803977724 -0.0487825025708696 -0.0757355555002155 0.995724280215333 0.020434061408708
1744315260.53297 37.0111921376327 33.5925861392535 0.483291620648115 -0.0571294431009117 -0.0783782542996097 0.994778513533835 -0.0317613758414174
1744315261.43186 36.1124877392161 33.5916077194466 0.535058754091568 -0.0243664647344554 -0.000759546529188827 0.999468148848547 -0.0216591302381638
1744315261.93267 35.6593760558437 33.5372791341288 0.50266483288314 -0.0364618236538553 -0.0231606703735205 0.998711074674741 -0.0266516056872351
1744315262.63169 34.9637393653334 33.4459045982074 0.512358885095181 -0.063428115735664 -0.0156761149755453 0.997849163414095 -0.00530854285908175
1744315263.0316 34.5900799075772 33.3960789992275 0.515318488154371 -0.0596258984113291 -0.0139904476049693 0.995783447503246 -0.0682960122774691
1744315263.53171 34.0922503649677 33.3339518862138 0.555108883600903 -0.0545872737315279 -0.0197522385185389 0.998292467976366 -0.00649823066087921
1744315264.13233 33.5080393697251 33.3671281958525 0.569331371789088 -0.0660499237059262 -0.015240340347273 0.997697583695239 -0.0021612712053488
1744315264.43261 33.222398586247 33.3553396166777 0.52923260027151 -0.0857361228895674 -0.0147412778571746 0.996164035433168 -0.00944597631310548
1744315264.83234 32.5729430205429 33.2844674809053 0.56394141902035 -0.0817596770726868 -0.028900369191565 0.996226912367362 0.0034731744201236
1744315265.73156 31.7241787142233 33.2750323167641 0.564061607283633 -0.064347611387784 -0.0144774094390231 0.995766371528319 -0.0640243926792586
1744315266.22997 31.2461021126644 33.2114470129336 0.586469300754712 -0.0652813174339456 -0.022738235906576 0.996688767530981 -0.0428114809311712
1744315266.93337 30.5612860889392 33.1372916701592 0.590139090440475 -0.0810006026560766 -0.0226613663115368 0.994285033961376 -0.0657467572331315
1744315267.53125 29.9557258423511 33.0649283399839 0.601942084276151 -0.0844710713841556 -0.0280505345808246 0.994913794053108 -0.0471629940927516
1744315267.83172 29.6794781440937 33.0320336948911 0.639066455816188 -0.109806414382331 -0.0352249415597279 0.988525319121667 -0.0975676601544606
1744315268.43288 28.8714326172456 32.9036474026724 0.634875016938879 -0.0688897445748775 -0.00101351672527578 0.993404812584927 -0.0916518096349588
1744315269.33396 28.0411798610892 32.7483287070613 0.639365575148849 -0.0470269493535823 -0.0088380213456754 0.992506037427347 -0.112437187280071
1744315269.73264 27.6935024491435 32.6390225817221 0.672341786180063 -0.0331419626823769 0.0170062193860774 0.986312298057834 -0.160625183304573
1744315270.43088 27.030214201879 32.4367405155432 0.653655727600006 -0.0638149827104044 -0.0367986778937605 0.987674835318146 -0.138101140350884
1744315271.03164 26.4850119496751 32.2651214412536 0.668829373766955 -0.0423106042729178 -0.0131870890467168 0.995802994145053 -0.0800769024143796
1744315271.33113 26.1941475001027 32.2094469919043 0.669575020632771 -0.0625306274272526 -0.0174470643897373 0.991928705093612 -0.108917237336633
1744315271.83356 25.3993464510844 32.1016548560334 0.651599334288487 -0.08017981334673 -0.00775632848037709 0.994234388869776 -0.0707744084322224
1744315272.72978 24.5624033605102 31.9851989588398 0.692115217131384 -0.0886816691235086 0.0132524604623061 0.992702707320868 -0.0806304454345992
1744315273.3335 24.0543976630503 31.8128717952226 0.712421826990074 -0.0357777704120732 -0.0153514580400617 0.997851769694223 -0.0526889893477935
1744315273.93128 23.4940064159288 31.6432676218678 0.705716053544827 -0.0582791550880519 -0.0184772595254108 0.987009903307195 -0.148571806666593
1744315274.63272 22.801196502314 31.3878125191917 0.683410598844827 -0.0829815472188897 -0.071653060000237 0.987282438482609 -0.115122927679917
1744315275.03064 22.38770160996 31.2824778757789 0.690020495785915 -0.0800904087712798 -0.0578348471635222 0.976759591764771 -0.190213976279188
1744315275.53329 21.9087507555495 31.1915343383464 0.676166328871566 -0.077050978268574 -0.0320629098001323 0.988474293961028 -0.126307904508194
1744315275.93079 21.5085969292905 31.0783690499696 0.691024244055705 -0.0806322402187335 -0.0212799683494579 0.993317414938162 -0.0797879562648525
1744315276.33102 21.1352677056627 30.9807462306353 0.71745985328362 -0.071696985274814 -0.0130758064926227 0.986567470458993 -0.146195731193542
1744315276.93334 20.6637136200788 30.7818609621956 0.729979716214884 -0.0155300144714479 -0.00708748240740053 0.994306401756434 -0.105182535003744
1744315277.332 20.3027105108309 30.654132876394 0.711917105905146 -0.0286181106779934 -0.0223170421143846 0.994210276194277 -0.101137926032654
1744315277.63199 20.0242453445536 30.5790338445868 0.73553804826153 -0.0502134543938504 -0.0215538394348099 0.991851347706313 -0.115086684966705
1744315277.93348 19.539160314789 30.4642049606544 0.720086375414754 -0.0430036214244824 -0.0189031351289037 0.996792904848402 -0.0647863015657031
1744315278.83043 18.8148778359699 30.1529093267551 0.742246711547088 -0.0485849855684024 0.00125029634045733 0.995740866482335 -0.0783457896340787
1744315279.43392 18.3294511480706 29.8912905855941 0.710462697002666 -0.0554355489027307 0.0042071907071214 0.9929295572327 -0.104881332170605
1744315280.03169 17.8551526135962 29.6661050962275 0.732581206089932 -0.0506649641859742 -0.0310132134222658 0.994214440423343 -0.0894923932575198
1744315280.83312 17.1040206514638 29.443870661855 0.718790792630791 -0.086644516370574 -0.0323472394375307 0.9934753859252 -0.0667311130167614
1744315281.13128 16.8602348319307 29.3760846718384 0.706224356356428 -0.0818392889945418 -0.0313074861289522 0.99239046221501 -0.0865063153407437
1744315281.73302 16.1389822766882 29.2277456699875 0.707678906161216 -0.0750488869968724 -0.0140844287697514 0.989670295290151 -0.12133424927474
1744315282.83263 15.163629649474 28.9264090623395 0.742407759355266 -0.0980884427830699 -0.0779132062742148 0.985749665544997 -0.112275494024256
1744315283.43302 14.7146528494191 28.7849168558652 0.812617093282254 0.00961395341951005 -0.063274494030426 0.996668557831061 -0.0505538933791867
1744315284.13323 14.0731907726987 28.6830495333328 0.826566192678518 -0.000585640350276342 -0.0186776990694457 0.994733795446359 -0.10077438553389
1744315284.7321 13.6225022872227 28.5291555928713 0.840186651966546 0.0180642695793702 -0.0026247590800873 0.999618660722128 -0.0207201819595066
1744315285.03122 13.4171718905543 28.4570955703482 0.836945681374266 0.0215101167602424 0.0196749485368479 0.997675048585213 -0.0616012070297733
1744315285.43335 12.8306501770372 28.2975169370144 0.840387982500619 -0.00462982170988894 0.0163184719411837 0.996362658754838 -0.0835088286555968
1744315286.33023 12.0713751527971 28.0614163726565 0.805910382952299 -0.0370743674591194 0.0211174963718092 0.997852474203588 -0.0496989169929263
1744315286.83232 11.6605715934994 27.9148558630601 0.83332035719286 -0.047430508655507 -0.0109717410243009 0.99610744527965 -0.0734841833731932
1744315287.53205 11.0857206994509 27.5960958226517 0.845037304498764 -0.019314720542124 -0.0359428425055827 0.99406607089178 -0.100835015469716
1744315288.13248 10.583467120764 27.3876565877319 0.863595721333742 -0.0245796526146323 -0.0399697463888991 0.983080512044821 -0.177062042484106
1744315288.53293 10.266059597528 27.2093701197599 0.889201820678795 -0.0228887383349961 -0.0289812031196479 0.989448223698038 -0.140101420920583
1744315289.03211 9.86700460737402 27.0642218295974 0.869808359952108 -0.0552790561241224 -0.0652861009001312 0.986385981573062 -0.140444459981271
1744315289.43341 9.61328306452004 26.9694164993466 0.899653503986972 -0.0516669445097772 -0.0722005125531307 0.981518853429572 -0.16952390154308
1744315289.7335 9.43438330350049 26.8691531207423 0.879178352186247 -0.0512448841602491 -0.0363186177387614 0.980240268944179 -0.187573812119902
1744315290.13229 9.01340577362912 26.6084636511515 0.877460758103812 -0.0527838425974736 -0.0469114849355897 0.979369182040405 -0.189338806934267
1744315291.13321 8.43129595894372 26.2180746571498 0.859298979546951 -0.0809403654338196 -0.063495217644769 0.949860321281359 -0.295266633121585
1744315291.73231 8.15894823347321 25.9166791134498 0.839685314843153 -0.0643853178822322 0.0242705091592767 0.974360558677896 -0.214212452764193
1744315292.33138 7.87857477085026 25.5556929249986 0.825902471424781 -0.0682995817292232 -0.0095774160823701 0.945445000814779 -0.318397849664755
1744315292.93177 7.57666343622282 25.2176660610744 0.786091391196099 -0.0556242280932414 -0.00404222038263099 0.955360367497748 -0.290131304615647
1744315293.33094 7.38860953723106 24.9729734407206 0.759031884678201 -0.0530866486010003 -0.0122929192610696 0.936908210251598 -0.345302327590624
1744315293.73213 7.20356291582068 24.6897721387421 0.757489426013836 -0.0797862631186908 -0.0417994165387097 0.893343905247364 -0.440254049330573
1744315294.13456 7.0583570299067 24.3828492185056 0.716002408405076 -0.048264762266592 -0.0399945004106446 0.895380295128733 -0.440868551560933
1744315294.5301 6.90419697783894 24.0665571176609 0.690909341257375 -0.0336505021441918 -0.0677011555505545 0.875481852056155 -0.477300454601594
1744315294.83016 6.7773710183746 23.8528095791483 0.673557065061908 0.0383419222164206 0.0963599237113405 -0.840534676209494 0.531738770631308
1744315295.03178 6.67483069586781 23.6350885836508 0.658502405003119 0.0289389391840813 0.101318026178347 -0.822026527262256 0.559615567910131
1744315295.73044 6.45386444327721 23.0787279708943 0.571538089265734 0.0237248102885092 0.0657298902920535 -0.791247905921467 0.607489478323585
1744315296.03278 6.40630518284874 22.8832825885758 0.516110579886686 0.0151776712976183 0.069688760280054 -0.76300061065482 0.642450918845153
1744315296.63201 6.25666703493236 22.2650202281304 0.462029927547675 0.00500281531874544 0.0190235349322843 -0.737770927759647 0.674764503445636
1744315297.13011 6.11706991171742 21.8293566593433 0.370968180548957 0.000213696592749939 0.0327312774220793 -0.708103924267772 0.705349169028125
1744315297.93185 5.8846434851463 21.0750332423214 0.275583164300712 0.0295685488733441 -0.0221385025161214 -0.734762310323013 0.677318193283376
1744315298.53297 5.769990357455 20.5221023082734 0.224772157764975 0.0343434351743823 0.00525684289791116 -0.681205486443899 0.731267378803336
1744315298.83368 5.73139046402716 20.2301281889149 0.195723827234449 -0.00228606218231225 -0.00216254280112145 -0.71765406630546 0.696392661106915
1744315299.43216 5.64957794878748 19.540880052427 0.192749017816539 -0.0247752288997281 0.0292349300687058 -0.669723959425546 0.741620742069835
1744315299.83375 5.56376915304783 19.1496441320997 0.158249554952894 0.0181030515503449 0.00511783111299722 -0.646292923673251 0.762857486126436
1744315300.42927 5.52725110561693 18.5409623098982 0.133711901676347 0.0134219500997345 0.00232986954799885 -0.646795962032139 0.762541412949047
1744315301.23316 5.5186887266266 17.6622851541096 0.121741179377234 0.0152944188792094 0.0127774241181606 -0.629087027117866 0.777079359200885
1744315301.83129 5.52415659511001 17.0290116387997 0.153532211229915 0.0164641943419761 0.0436255360288489 -0.614036251679706 0.787899247704935
1744315302.13318 5.51365041348032 16.7341131911058 0.148411315209342 0.0345253850750307 0.0538503908695508 -0.617959607002677 0.783603252482858
1744315302.43349 5.56143535603207 16.386333270725 0.133668357347782 0.00534837057610675 0.0160228540794899 -0.64793723879545 0.761506400276095
1744315302.83175 5.55632618301061 15.9634749615061 0.12350817778757 -0.00684335105351924 0.022200414178862 -0.645047192060177 0.763789519548368
1744315303.13205 5.51613675853337 15.6577187912537 0.13368099709684 0.00198189622553198 0.0290383232220412 -0.615563932673523 0.787549295386206
1744315303.43365 5.51286714829402 15.3158333293653 0.12591293220211 0.0152712703099702 0.00727820888915673 -0.62760379617527 0.778349080429132
1744315303.63401 5.53182584296556 15.1307210907705 0.124417201782904 0.000513654046464251 -0.00351131922129215 -0.652087200675677 0.758135666956651
1744315303.83141 5.52379647427789 14.8915790145963 0.15098942436329 0.0308902861271022 -0.00982709262281536 -0.642802870241426 0.765345470021841
1744315304.13235 5.49278326726518 14.5909116116573 0.0881231589569789 0.0766969797312289 -0.0798130729119865 -0.637971801116107 0.762062614010899
1744315304.33063 5.53076631200392 14.3059594435349 0.123941932194222 0.0981582201436925 -0.0375311137366516 -0.57567382928867 0.810898280669054
1744315304.63392 5.59191030109343 13.9937410651726 0.0923061089792452 0.0692295059426107 0.0527624799752749 -0.607588395880107 0.789468009108437
1744315304.83242 5.61074683342334 13.7603783422703 0.088060496365305 0.0599171615807204 0.0367388878770233 -0.607005804450912 0.791583312879049
1744315305.13175 5.61564560517542 13.4950291990743 0.0954155036319652 0.0160531338566566 0.0269058236961918 -0.670518520185259 0.741230927331814
1744315305.3316 5.65042650177338 13.2828870853304 0.0718268442834839 -0.00175967981113454 0.0116512298798998 -0.691397658779768 0.72237831487601
1744315305.73236 5.74091146739067 12.760109966758 0.0544491338753408 0.0356633625739882 0.0313457312748457 -0.699845675225747 0.712714248888417
1744315305.93254 5.81093863489471 12.55467818194 0.0304617024657255 0.0409624783985789 0.0298719008923052 -0.702176442685819 0.710195739382894
1744315306.23294 5.86036475848413 12.2274198725183 0.0434606756650109 0.0501915639996547 0.0303445683580211 -0.723808874677574 0.687503256001321
1744315306.43257 5.89127195479502 12.0477219867827 0.0110928659639517 0.0460618346773917 0.0135294944043956 -0.722460232105038 0.689743773581211
1744315306.73317 5.94439361497386 11.6682942057976 0.00825429399876188 0.0458946606669069 0.0210950588630125 -0.728937372987962 0.682714424100769
1744315307.03313 6.03764797952238 11.3666524249534 -0.0241691968135336 0.0500784492700131 0.0348403754409935 -0.711620677093502 0.69991021502106
1744315307.33361 6.08573994689413 11.0395524156542 0.0104119696565171 0.0544811774277628 0.0446690131116589 -0.749889305130167 0.657801269856718
1744315307.53148 6.11272494759037 10.8590038120114 0.00213353275201766 0.0551755769697801 0.0267421924731201 -0.75232248820303 0.655935503378026
1744315307.7305 6.10789769140381 10.62623013444 -0.00586833709865914 0.0259979705074828 0.00587675726435323 -0.743266763139137 0.66846397664064
1744315307.93108 6.12176918564392 10.4124150010943 -0.00413927289014079 0.0530772584511643 0.00590414897948336 -0.73041085469065 0.680916976591281
1744315308.13242 6.14432837507326 10.2082124781418 -0.0336720122151254 0.064731954687297 0.0295858118364016 -0.733349001589647 0.676116628731915
1744315308.33288 6.16553181101887 9.99798019813758 -0.0379506264859672 0.0525857908489661 0.029907571688214 -0.741482001457513 0.668240011725626
1744315308.53302 6.19687310969655 9.81559337885495 -0.0217716678655964 0.0418344271502731 0.046472157378724 -0.75663467220707 0.650841141990637
1744315308.93213 6.25955737616298 9.42702369361154 -0.0644016162353736 0.00550121278958751 0.0362143800798032 -0.739260333821475 0.672422794208703
1744315309.13245 6.27054430152436 9.16097461968513 -0.0396964933438511 0.0364263561576453 0.0473403974379338 -0.721345157979839 0.689995051001481
1744315309.33342 6.31102082337026 8.9451975504142 -0.058125543870902 0.0435897433259808 0.0487601325156258 -0.728596407589882 0.681813507200431
1744315309.5332 6.36973323556742 8.74041915170385 -0.063608572902141 0.0633600911637244 0.0273444222680527 -0.726097334995379 0.684120195237035
1744315309.73297 6.4360186784122 8.5037741901986 -0.0583643464791061 0.0720436064862875 0.0656075675945115 -0.724047119890134 0.682833167045642
1744315309.93231 6.49421552627581 8.3064462073 -0.0873979234342129 0.0707384586693888 0.0639724716963683 -0.704830427741366 0.702935033598454
1744315310.1322 6.55345442869452 8.08843251044001 -0.0840155176680487 0.0458925166495987 0.0530286644123239 -0.683327410305531 0.726736188717301
1744315310.3326 6.64234497876161 7.84248487148316 -0.0698151076129558 0.0601669482141718 0.0659744191735024 -0.661080273457907 0.744983346392476
1744315310.53345 6.71885185290669 7.64751963093412 -0.0812775301564113 0.0556885499277774 0.066950029805396 -0.655286807108632 0.750343707473696
1744315310.93268 6.84399116338628 7.26313437751646 -0.0661908239014263 0.0463960582587753 0.0928102247260694 -0.678056524191744 0.727648966167998
1744315311.13115 6.88410703490231 7.07684537508813 -0.0995456806851813 0.0496842294292988 0.0725306176023607 -0.674867217223303 0.732683441858428
1744315311.33155 6.92144040331177 6.86131300734087 -0.106325919625961 0.0341043375771526 0.0678258997512503 -0.686857202187162 0.722816522559481
1744315311.53131 6.98342235562997 6.63773016460608 -0.0911701614559681 0.0597988637213982 0.0758444889462073 -0.676598431077108 0.729990597513498
1744315311.73244 7.09454155054557 6.43352067050327 -0.0850188956760351 0.054445876331498 0.0860107582716953 -0.692935412989678 0.713777492946399
1744315311.93358 7.14323485824304 6.24015026254298 -0.067296509582442 0.0761377517864249 0.0604486593249388 -0.743741997362423 0.661359844334444
1744315312.13145 7.1873442151817 6.03496546788177 -0.0473140342213869 0.0935365275705999 0.059672790067462 -0.736440843034879 0.667341712202733
1744315312.33225 7.22952622411608 5.83084327606335 -0.0432285014709682 0.0682233619605469 0.0307852055557421 -0.757557385354225 0.648463300347029
1744315312.53137 7.26896758426342 5.61187641685263 -0.020107483381109 0.0483352994859066 0.0141568847758163 -0.733035184440453 0.678323447780927
1744315312.73231 7.31865900344742 5.38347908188217 -0.0182459206159293 0.0478463021343453 0.0151543927684805 -0.724918024590151 0.687004318309719
1744315312.93315 7.39215398134933 5.15699406560964 -0.0411894927121813 0.0364229593107941 0.0276566291348528 -0.725135824694425 0.687085522074711
1744315313.1335 7.41987517904322 4.94357731282401 -0.0264523714773561 0.0512284765077043 0.0281261064008628 -0.73117928673619 0.679677435245119
1744315313.33324 7.43204957646572 4.73239870860893 -0.0290007475975359 0.0448611402005071 0.0396679829366693 -0.739485917856526 0.670503174132336
1744315313.53203 7.43793274071124 4.51634137856454 -0.0685376713635589 0.0209246669823712 0.0291745915351479 -0.725995055718926 0.686762098977592
1744315313.73279 7.44868737423772 4.27266728941773 -0.0562084566339571 0.0192452181102414 0.0322000455280605 -0.726306801141426 0.68634627504168
1744315313.93323 7.46913978824432 4.04555494388774 -0.0657527492197677 0.0247565914795586 0.0387548605998927 -0.725521025832482 0.686661789408133
1744315314.13323 7.49606391143658 3.84676411927873 -0.0910490053580693 0.0204487481149959 0.028053578149913 -0.735646329973121 0.676475663014269
1744315314.33274 7.51209668954382 3.64245519921558 -0.0715848307365849 0.0293436130999331 0.0411300544884272 -0.73741090749394 0.673552094864966
1744315314.53319 7.51272825902931 3.43127924371356 -0.0962739163613406 0.0198271089001568 0.0377253339175773 -0.756571317208303 0.652520901512865
1744315314.73179 7.51921522996407 3.19098322922686 -0.109505529356696 0.0108684119967066 0.0260639676688406 -0.731557736191785 0.681194411183752
1744315314.93277 7.53494767558845 2.95671841863134 -0.101793091420575 0.019661699900146 0.0381756588633513 -0.723378802143502 0.689114754766446
1744315315.13318 7.56354250568378 2.75127953995735 -0.12203033857239 0.0252389162259445 0.0303171887047821 -0.724912074551177 0.687710948979793
1744315315.33367 7.63633849871796 2.5514701302331 -0.129319804962256 0.036508241476654 0.0230654245172212 -0.737384498603851 0.674091414954137
1744315315.53297 7.6939090986605 2.35911851318303 -0.142853618920827 0.0369147165745796 0.0343328554883559 -0.743343444124769 0.667007558286231
1744315315.73232 7.76985472319703 2.15450470549615 -0.170976300198366 0.00959430011202926 0.0364172002012492 -0.750799966942998 0.659455189207922
1744315315.93154 7.83285865799378 1.92444966819842 -0.153877036144143 0.00950464788371698 0.0261495729599166 -0.733618462695009 0.678991761876116
1744315316.13299 7.91536122275869 1.71075953197921 -0.159333595931695 0.014863969933915 0.0403178265388915 -0.736054183302621 0.675557380615219
1744315316.33326 8.00363315226448 1.50075184074633 -0.194578326838707 0.0183460990715077 0.038833058615991 -0.735285658935415 0.676395161108725
1744315316.53274 8.09338403658261 1.29372676574109 -0.173786929181382 0.0374143344772852 0.0403326219576357 -0.725072901657744 0.686471218962066
1744315316.93325 8.17327557825198 0.900055424407711 -0.211783962527919 0.016006927494418 0.0340600511204312 -0.736104825756449 0.675820521061568
1744315317.13253 8.18139109275752 0.66132617239404 -0.178895229478109 0.0380620087311695 0.0197165386277439 -0.71578663819465 0.69700217372537
1744315317.3336 8.21545171892807 0.435208566769999 -0.204675431940471 0.0515938110032983 0.0391237773976563 -0.720496376870544 0.690429127155506
1744315317.53309 8.26110829041932 0.226139490171941 -0.218250449120612 0.0512930497111331 0.017085489006647 -0.724437314599336 0.687217350139559
1744315317.73268 8.28955556649263 0.0250697795127758 -0.169819980348905 0.0608868131820885 0.0201764545163707 -0.726789103072488 0.683859127539266
1744315318.132 8.31151599892997 -0.379291082318879 -0.201531939103929 0.0413784902867094 0.0189942316173532 -0.72332769858554 0.689002235240064
1744315318.3324 8.31519326850325 -0.605777515537991 -0.175121029529001 0.0370735600545559 0.0227772947873386 -0.717879984276235 0.694805781612822
1744315318.53321 8.32801994100236 -0.825760761899858 -0.177436482573226 0.0479457135656994 0.0373806763074361 -0.716886246783732 0.694534378387282
1744315318.73353 8.36002826223038 -1.03683711778478 -0.178093767994067 0.0381168677684319 0.0338186411024263 -0.726455793032145 0.685321373280847
1744315319.13303 8.39479695659084 -1.42209635757007 -0.179149061450595 0.0324741055021924 0.0387680563214437 -0.736094019506666 0.674987455237065
1744315319.33208 8.40510573288017 -1.62854667225184 -0.201225872744309 0.015790487035426 0.0281955803164167 -0.721319063027769 0.691848595490767
1744315319.53249 8.40167674735357 -1.83740205234212 -0.170701467331909 0.0206340446785677 0.0165113425302552 -0.709722897714442 0.703985099435966
1744315319.73344 8.40890144789333 -2.04869791266964 -0.188417637743341 0.0195068042799588 0.0401807519789475 -0.708184521225724 0.704613139001454
1744315319.93313 8.42598255937455 -2.25556308400573 -0.198786942488848 0.0334056010568448 0.0102015022531256 -0.700852514294084 0.712450523459329
1744315320.13345 8.46756821199215 -2.46812166956536 -0.166939973518897 0.0413987501625337 0.033091620322992 -0.712261090280563 0.699910871055538
1744315320.3329 8.48521129595862 -2.66882773436848 -0.191088008604503 0.036082978455234 0.0386681347943886 -0.717138912476946 0.694920552458124
1744315320.53179 8.49872671457865 -2.88625546274785 -0.201095122992814 0.026235855388331 0.0339016396415262 -0.694655659371859 0.718063975996782
1744315320.73266 8.5086162338946 -3.10936375724208 -0.169868356934073 0.0266276431191223 0.0335387306156047 -0.679568215101268 0.732361361074362
1744315320.93344 8.52871730347974 -3.3264268823347 -0.183503959283694 0.0171109373266901 0.045184036795231 -0.679579644503458 0.732008965395399
1744315321.13317 8.56440773953008 -3.55021819197692 -0.193631275315905 0.021260289307101 0.028941796947588 -0.682336514124835 0.730155636819981
1744315321.33255 8.62032851391697 -3.76098081239543 -0.184421656478821 0.0473374623655008 0.0458156553217743 -0.67739295819487 0.732665592594762
1744315321.53309 8.63197654495606 -3.97133752071658 -0.207820217981579 0.0481833847238663 0.0475936236192032 -0.693822149128975 0.716954694388282
1744315321.73216 8.64475170969738 -4.19006469858341 -0.227802270264439 0.0391139378336165 0.035927787463826 -0.67739461788489 0.733700092419025
1744315321.93258 8.64322255702902 -4.4323163998406 -0.19331338505459 0.0606722780342485 0.0312551134502743 -0.66102150243246 0.747256693434912
1744315322.1338 8.6678700197783 -4.64340143576064 -0.210723542498618 0.0579827272426972 0.0334238685312822 -0.671839786743635 0.737666692553059
1744315322.33292 8.71146652476755 -4.85920549281227 -0.201631613700556 0.0568016659645439 0.0104104244045901 -0.672733211604696 0.737628104000518
1744315322.53264 8.75126477550328 -5.0621816094511 -0.164127457557309 0.0645739150272976 0.0247354604781872 -0.686887856380564 0.72346626683619
1744315322.93175 8.77468565757601 -5.48440428639294 -0.190276584776527 0.0353481706316448 0.00999962200832884 -0.67659254261086 0.735440715269463
1744315323.13266 8.78732081086688 -5.69587856946025 -0.173023750805795 0.0374797171937667 0.0196571634480672 -0.671678006719757 0.739633369997072
1744315323.33357 8.81324463612003 -5.90013657835171 -0.187719843256212 0.0382249456577525 0.0358896298182641 -0.679257839717083 0.732024299585644
1744315323.53307 8.85201917375878 -6.10924748930208 -0.181200439573194 0.0439150022437757 0.0104981090796977 -0.677416261087173 0.734212824389737
1744315323.73332 8.87306410237021 -6.3106338093972 -0.147187240263869 0.0524513803553758 0.0309078292676995 -0.690210505653676 0.721043006119657
1744315324.13171 8.92704091733002 -6.70078195842301 -0.16797672534515 0.0165600249147679 0.00994433733026458 -0.682834331288883 0.730317842958221
1744315324.33294 8.9442419528436 -6.91290555105529 -0.128639838560469 0.0107901872406553 0.00494520997650317 -0.683950510420274 0.729431844693832
1744315324.53377 8.95785212968926 -7.12160008598926 -0.134180079850413 0.0200583089276219 0.00927936466295446 -0.687763712062304 0.72559812155538
1744315324.73312 8.99061311648715 -7.33953652764403 -0.150423641827281 0.0351043841216549 -0.0161581291135731 -0.685872927733246 0.726694519094243
1744315324.93245 9.03397628665267 -7.54844235629204 -0.143116385073879 0.054227371335299 0.0060998903696235 -0.688229628303498 0.723437739035483
1744315325.13319 9.04607789835849 -7.75359976519471 -0.158461649897751 0.0533548803006869 0.031121940498374 -0.711918289854903 0.699540585054066
1744315325.33133 9.06648605172621 -7.96183527554203 -0.169771110737811 0.0369132944309354 0.0240099989165847 -0.690125071003931 0.722349164198381
1744315325.53189 9.07411945852877 -8.1830955764477 -0.157528113670141 0.0484740261954316 0.00983345235627809 -0.666472108697662 0.743887424498663
1744315325.73402 9.10645169640219 -8.39621324775904 -0.17650436030987 0.0445853720037738 0.0430288712221374 -0.682370518975751 0.728375683062936
1744315325.93291 9.14718619197033 -8.60965160074341 -0.186825475403944 0.0497959320863665 0.0256444033908294 -0.683202671353527 0.728077495585314
1744315326.13253 9.16598999024384 -8.80834126763984 -0.162744868485744 0.0662676096071574 0.0464085412578735 -0.695240122456074 0.714210069477134
1744315326.53126 9.19241768760109 -9.19453537749485 -0.188924044910538 0.0483456820178309 0.0253739447172336 -0.679357152250477 0.731773679251884
1744315326.73221 9.18994299811109 -9.40883781835419 -0.152224949836572 0.0562964259847725 0.0193218597015057 -0.665087626409449 0.744389566931229
1744315326.9333 9.19813156823515 -9.61081158623052 -0.157017031664979 0.0685822353360448 0.018194195021525 -0.660990996122671 0.747031693643978
1744315327.13392 9.23082230191087 -9.82034558174164 -0.161464876525795 0.06836448142121 0.0132357594537165 -0.680066803060811 0.72983577312046
1744315327.33267 9.26651068616815 -10.024048090993 -0.14652336138337 0.0753356259529071 0.0244542447418675 -0.697670628458069 0.712026844692889
1744315327.73072 9.31387864647875 -10.4279892221061 -0.173943647347597 0.044901273199485 0.0190761737243862 -0.714278326730968 0.698159327964262
1744315327.93101 9.35565273697282 -10.6460369769038 -0.151526401051247 0.0385563543365821 0.0182881047827315 -0.702483954236792 0.710419064217429
1744315328.13193 9.42812629925389 -10.8420079464404 -0.162354266036719 0.0378605013724957 0.0215523144961561 -0.679561222015284 0.732324126127752
1744315328.33311 9.51217652146907 -11.0524079004547 -0.156542510349619 0.0425088660599616 0.0142467911569922 -0.680865893458086 0.731034650597047
1744315328.53343 9.59991108378103 -11.2505979616668 -0.108879356550815 0.0403498108360363 0.0469406198821397 -0.697248600233101 0.714151846909015
1744315328.93137 9.73487786447434 -11.6759305523464 -0.146390719057654 0.0341235089081172 0.0259642479244059 -0.67245479844805 0.738895112998936
1744315329.13197 9.81180348645561 -11.8984709818439 -0.151055054013114 0.0723754267989351 0.0166236016796591 -0.650745910289334 0.755655486120874
1744315329.33345 9.88959974713111 -12.0956974686611 -0.176402829081573 0.0774186463827118 0.022080984856746 -0.657702411172053 0.748963498201676
1744315329.5335 9.98094992014826 -12.2936586156575 -0.174016481450835 0.0823625138800353 -0.000465504225749253 -0.668810044220835 0.738856768502868
1744315329.73269 10.0566524138971 -12.4795269595505 -0.139572325193509 0.0878663249310913 0.019641678712084 -0.679152233323862 0.728454499177324
1744315330.13112 10.1436738416645 -12.9067735521007 -0.181703782477807 0.0532642455916139 0.0016114517810072 -0.684674252284177 0.726898542868134
1744315330.33141 10.2005600407851 -13.1564235111809 -0.156670632272353 0.0778609388152459 0.0132152504619924 -0.650529269376659 0.755363952705121
1744315330.53354 10.2764788392771 -13.3699898140238 -0.180968062783725 0.0665664857967283 0.023774224903399 -0.67313122082732 0.736137248579664
1744315330.73373 10.3382363851496 -13.5686379554229 -0.173167401860579 0.0884668243180863 0.00622752964805694 -0.688795148829235 0.719511001874792
1744315331.13128 10.417323198765 -13.9533593556144 -0.18808906888792 0.0911569936989135 0.029514932448356 -0.702784554552481 0.70492066301451
1744315331.33135 10.4638589930503 -14.175630879262 -0.190197959699454 0.0763029251496584 0.0223988897274466 -0.688912980753402 0.720468637972567
1744315331.53131 10.5361534512322 -14.3849855466643 -0.183496024898865 0.088603731720918 0.0188920843523612 -0.65672394922955 0.748669568222386
1744315331.73298 10.6244790328806 -14.5946186581384 -0.190585123560219 0.0807920566503959 0.0220936729282888 -0.658107001299749 0.748251086226401
1744315332.0331 10.7638998921301 -14.8965049002793 -0.163192896264291 0.0802688650057805 0.0480522812511199 -0.666534340838312 0.739580867830209
1744315332.23197 10.8555833968338 -15.0939879737601 -0.20330722058854 0.068056619860841 0.0507603759461619 -0.639830087932094 0.763812240870575
1744315332.53219 10.9641294539347 -15.4305829717567 -0.21461990459025 0.0736366716961953 0.00574973013605367 -0.61209836349973 0.787324694510353
1744315332.73289 11.0714481170805 -15.6584248361979 -0.206213356400719 0.0896423419645629 0.017582914551439 -0.60769542816614 0.788898826357954
1744315333.03301 11.2370389349993 -15.9260192009589 -0.224489386361422 0.073998109324545 0.0279004680088829 -0.599308243877291 0.796602455759456
1744315333.23294 11.3363917747747 -16.1007143218999 -0.211632328664471 0.0555710185983813 0.0583061965912209 -0.584846165259325 0.807135188374578
1744315333.53179 11.510437792424 -16.360878403923 -0.246382030572941 0.0438560544141045 0.0234273603784434 -0.492281956283593 0.869014545789957
1744315333.73229 11.6685912760348 -16.5341056127029 -0.234191584168486 0.0398842571772018 0.0185847507558669 -0.415992045352122 0.908303072367656
1744315334.0341 11.9321412008317 -16.7228310883897 -0.253284897440368 0.0243380883085358 0.0319238037297538 -0.338330596314317 0.940170695039209
1744315334.23446 12.1417527791844 -16.8126006382191 -0.237767009771594 0.00991522855193332 0.0444148881188773 -0.340027330744216 0.939313802891831
1744315334.53109 12.4007780825388 -16.9681154379094 -0.24683975431257 0.00987035001940018 0.0315117320364348 -0.295174876497276 0.954872441334117
1744315334.72953 12.6270266890047 -17.0832366709201 -0.263245009615259 0.00802429249396605 0.0141670439631599 -0.222645284638122 0.974763552264716
1744315334.93085 12.8395540892586 -17.1998849753694 -0.254608608355018 0.0180123650839621 0.0167617686622919 -0.171982193192973 0.984792731004818
1744315335.23213 13.1727266461126 -17.3087146969987 -0.269807617699988 0.0125133016449677 0.026499860466833 -0.124510236661975 0.991785448392725
1744315335.53305 13.532515099192 -17.3849974613825 -0.235982819574275 0.00372497255493721 0.0477851291210536 -0.107371664914942 0.993062954493693
1744315335.73215 13.7407342889405 -17.4549599314282 -0.272411867001312 0.0142302787107217 0.0388627572032012 -0.084123637650615 0.995595499617595
1744315336.03277 14.1263969998007 -17.5175351927617 -0.259978067753067 -0.00816011105381691 0.0331079446843649 -0.058902654084849 0.997681188520725
1744315336.33288 14.4764632801585 -17.5693562794759 -0.271713630911607 -0.00778704675966766 0.0417326604420544 -0.0265613031889848 0.99874533497188
1744315336.63358 14.8376086661266 -17.6007245981067 -0.204063182109608 0.0157826531812872 0.0709592987958081 -0.0270840544104743 0.996986529382246
1744315336.93302 15.1390740730201 -17.6481885551933 -0.201914170496458 -0.00152692389092461 0.0602249619062499 -0.0427119326941021 0.997269428626164
1744315337.23152 15.5080861192818 -17.7094699774252 -0.186534554198223 0.0163290942223551 0.0810062771173712 0.0314280885939902 0.996084142528526
1744315337.53351 15.8165217049784 -17.7373611824779 -0.189271868826293 0.00379271893906528 0.0878689879442501 0.0315493241684355 0.995625078222328
1744315337.93291 16.1743615870008 -17.7654750170556 -0.16084159988545 0.00214637721645029 0.0788300633040982 0.00437233788439121 0.996876169263636
1744315338.23202 16.4513869155208 -17.8036483291928 -0.197862523644941 -0.0139752315668964 0.0677940254091569 -0.00740794625613964 0.997573949817125
1744315338.43175 16.6721182918903 -17.8512506546369 -0.1857811113711 -0.00903313737135659 0.0708715874371292 0.0155125848703777 0.99732390938652
1744315338.7333 16.9789370867195 -17.8635761542572 -0.203039066169855 0.00660803458024869 0.0815145683039576 0.0271327562529928 0.996280845229557
1744315339.03404 17.3143525699314 -17.8622043286202 -0.186816839758283 0.00265027757548421 0.0933271497170861 -0.00851719381498728 0.995595538642061
1744315339.33174 17.599561448058 -17.8628965663005 -0.22139363278671 0.00876499794185481 0.0898385756848723 -0.0164110254686822 0.995782548236842
1744315339.63177 17.904241120539 -17.8947904175572 -0.232745203229456 0.023833888068025 0.0785404583733705 0.00179937423392928 0.996624354724702
1744315340.0333 18.2429637833015 -17.8491355838899 -0.201044368715842 0.0327531538329322 0.0444344052099446 0.00821379748413794 0.998441459515041
1744315340.33273 18.5071353721495 -17.8039335789458 -0.0860192265584782 0.03276543827593 0.0331264701277625 -0.0167315288989964 0.998773807712318
1744315340.83171 18.8433125996662 -17.7573841181992 -0.0886351200492794 0.0165010831992321 0.0370008698719376 0.00118388153005471 0.999178286546748
1744315341.13281 19.0609871288076 -17.7700949186591 -0.0995717918723925 0.0077447677133382 0.0378363465929244 0.0604571405142791 0.997423362274217
1744315341.63428 19.3051076051403 -17.7584352758127 -0.15108836234152 -0.0052033100500121 0.0852252804269548 0.0693187036943504 0.993933848130149
1744315342.13135 19.5789149876995 -17.6971729351227 -0.0975744226523971 -0.0180183388627414 0.0887061806283933 0.00684393652672413 0.995871333815653
1744315342.83135 19.879273519842 -17.6689349145902 -0.110416977574529 -0.017889785901518 0.066235835737885 0.0957560521743766 0.993037536096436
1744315343.13105 20.0587636150524 -17.6130969497542 -0.0885091194920427 -0.0134300520501293 0.0617078542142008 0.233416846683013 0.970323837754576
1744315343.63457 20.1734583963873 -17.4654940574035 -0.117351405180268 -0.0159690697603868 0.0745756934963679 0.355944102509648 0.931389956269191
1744315343.93199 20.1803703590969 -17.3129686729763 -0.0754502399587601 -0.00764546234262387 0.0672011895969183 0.451393003175274 0.889758340060229
1744315344.43106 20.1380893577828 -17.1437215887913 -0.0671259522732507 -0.0122903304668237 0.0112096586483436 0.560944846079992 0.82768603406503
1744315344.73102 20.1268000582199 -17.0227110993935 -0.0674132702689007 -0.0162536172759426 0.0116574809261392 0.682575619978551 0.730541200805814
1744315344.93208 20.1400930836237 -16.9516476171666 -0.0680967235174106 -0.0278078531317687 0.0225829286840151 0.766551472227422 0.641182949759447
1744315345.33371 20.1138540207278 -16.9247983905912 -0.0629794876679727 -0.0312623296899821 0.0248729962053981 0.86879686200358 0.493554468498516
1744315345.63265 20.0663516936732 -16.9510560714414 -0.0730778108342562 -0.0240996345120013 0.0395761189855754 0.933131703855924 0.356536339916939
1744315346.13326 19.8788644413755 -17.0579230158928 -0.0942773351565843 -0.0388563797524627 0.0456069164516231 0.980656459866794 0.186341349801469
1744315346.53322 19.5596139526215 -17.1559351644844 -0.0906782064466803 -0.0418807854527522 0.0287587793934401 0.9934844662941 0.102017388958878
1744315347.03302 19.2168216859002 -17.1568081180124 -0.123344663517979 -0.055550613529909 0.0104865829369332 0.998393234286707 0.00388724134660019
1744315347.33287 19.0189640597739 -17.1294644438527 -0.129216016820668 -0.0708749827321861 0.0167761973857523 0.996575654022214 -0.0391441162140953
1744315347.73335 18.5357732370012 -17.1642829086109 -0.123855284895355 -0.0596968475841761 0.00538455176386594 0.996063527496688 -0.0653049935431242
1744315348.13282 18.1937126076048 -17.1616808919313 -0.116469351319712 -0.0661882332217762 0.0043501322382809 0.995632958947597 -0.0656902214164537
1744315348.53247 17.7873049121184 -17.1504007758834 -0.178208796968633 -0.0904552628564847 0.012730510308052 0.989992176979722 -0.107569833354017
1744315349.03318 17.2753272123071 -17.2019316316119 -0.14442212991638 -0.0782388378762024 0.0151291819206619 0.990544547999986 -0.111674932414113
1744315349.4317 16.903737767339 -17.2346985402428 -0.141057869077447 -0.0861753080119469 0.01471288545035 0.990950068108947 -0.101859264702057
1744315349.832 16.4855644628411 -17.273872947706 -0.137190453086653 -0.0814604996185095 0.00576415967359151 0.988043429411591 -0.13077133883899
1744315350.33436 16.0051247680196 -17.3331879875728 -0.193659175501103 -0.125677800507993 0.0391631672254367 0.985139919622777 -0.110320784795856
1744315350.63174 15.7407344804993 -17.3677614512072 -0.157629599013052 -0.0933567159795538 0.0215871674706088 0.990000400451681 -0.10352644535393
1744315351.0311 15.166212601786 -17.4581398825675 -0.153872202907937 -0.0742824820008163 0.0209887527896635 0.981898499128201 -0.172965090506492
1744315351.83153 14.410741287022 -17.4619633436148 -0.187611221908223 -0.0506580423282548 0.0229454278521212 0.989158628443838 -0.135913494044033
1744315352.33341 13.8876618754378 -17.4593253364266 -0.226805164283039 -0.0801344462304127 0.0113867084085403 0.987269659319223 -0.136921266378415
1744315352.9337 13.3403975135784 -17.3829346389531 -0.250854998466474 -0.0410281067767009 0.0256254894656893 0.996524406170721 -0.0678169348323567
1744315353.33402 13.0079301225401 -17.1814574814195 -0.24984505884475 -0.034106621486756 0.0359476228540145 0.99521933792577 0.0841604194410693
1744315353.73256 12.7168193190056 -16.9494737524805 -0.252269542593835 -0.0343157840007505 0.0347268058539795 0.958740509737918 0.280059120385449
1744315354.13057 12.5111214031057 -16.6436738943531 -0.276609207699629 -0.0433974201777046 0.0393591563521897 0.909676845061918 0.411163663632085
1744315354.53151 12.3033858303856 -16.3184808292016 -0.239174490982854 -0.0229660541542271 0.0316809648868653 0.906597416766115 0.420178534355848
1744315354.83341 12.1332933313151 -16.0845827760897 -0.253087340136025 -0.0220723993126322 0.0552139465492735 0.897639095693641 0.436701595116551
1744315355.13485 11.9328550816803 -15.7391959227622 -0.227668964026737 -0.0307969810726675 0.0672496782356134 0.873067595737377 0.48195642957364
1744315355.73137 11.6901839371344 -15.1786996577737 -0.218646068008882 -0.0382355289260616 0.0689098817485389 0.875136324377397 0.477415842091951
1744315356.43271 11.2674029231265 -14.5318214022416 -0.191178221446677 -0.0202256571828383 0.0357449788443257 0.86059195099442 0.507636398579297
1744315357.0332 10.9498845661766 -13.9818202281879 -0.218393122038434 -0.0527244371756678 0.0243834716896339 0.88563436327487 0.460735666754362
1744315357.4345 10.7029603259919 -13.6989577382145 -0.240055812587237 -0.0440925664636166 0.0214222625477313 0.882384114760552 0.467969236454945
1744315357.93088 10.4178670329554 -13.2907130047348 -0.270033610431825 -0.0291890570007707 0.057705297859747 0.907327922709438 0.415420435489276
1744315358.33204 10.1447434541 -13.0207550055127 -0.246906899925441 -0.0465905302387288 0.00728760875810397 0.907137491399477 0.418183912827989
1744315358.63274 9.93048082511885 -12.8509729300902 -0.257887407835196 -0.0249904295781626 0.00918345798091326 0.912072856565471 0.409162861029093
1744315358.93318 9.64381092633126 -12.4829233132495 -0.203401890730937 -0.0410692031305036 -0.00369687887111781 0.888015882802087 0.457960091636889
1744315359.6331 9.20976449888304 -11.9496401730386 -0.225629653461642 -0.0372341918890828 0.0234210006062237 0.886440067027839 0.460748390396159
1744315360.13324 8.89666076997625 -11.6248988861289 -0.222629916597938 -0.0379342086739373 0.0510254534263866 0.888922095447221 0.453624191529327
1744315360.63284 8.64846702952147 -11.1986155668401 -0.229155755298236 -0.036327167189472 0.0509112987038237 0.891728803538442 0.448227751849633
1744315360.9329 8.46901017828652 -10.9859656274493 -0.244823167976587 -0.0448939738627523 0.0548702012881327 0.891139615841467 0.448156197323359
1744315361.23324 8.25532129259576 -10.6775405787612 -0.239376378196667 -0.0494079661651595 0.0535820696369631 0.880456754196102 0.468490894984424
1744315361.73234 8.01687153538709 -10.2680136019503 -0.260523273427566 -0.032861954040481 0.0296738557986608 0.883343828625178 0.466629654746131
1744315362.03365 7.84513649662355 -10.0206694078864 -0.255351849530586 -0.0524274459745182 0.0410920507679772 0.883156248988101 0.464325151316981
1744315362.83223 7.37120596305083 -9.32646860938183 -0.288973805209833 -0.0372729644186573 0.024948945772308 0.871981302572866 0.487480137227788
1744315363.1318 7.21808947127037 -9.082262819177 -0.259952070937447 -0.0234521825307003 0.0412865715081307 0.899058044422937 0.435247110163933
1744315363.43351 7.01258041186709 -8.82488708904072 -0.282349618892681 -0.0251667240222541 0.0344928984728607 0.89297318872893 0.44808008231589
1744315363.73352 6.83346540059821 -8.59806173451585 -0.257052008347277 -0.0275707393940661 0.0268342221490366 0.878308467077535 0.476543823284733
1744315364.03202 6.65717771460996 -8.29859388983555 -0.299024801907602 -0.032248007063118 0.033485781482076 0.882807495493645 0.467428812097874
1744315364.23241 6.54625865090931 -8.153295546459 -0.286517322726401 -0.0329542547845974 0.0180754517640408 0.881184011359114 0.471277023904389
1744315364.5331 6.34826408540096 -7.87092010755476 -0.289262181443562 -0.0388053191993266 0.0348554721348304 0.889877341830211 0.453208075569373
1744315364.73344 6.22290934509811 -7.72092588943189 -0.292147893893442 -0.0145557502293069 0.0496535533740014 0.887657238298434 0.457588551068527
1744315365.03294 6.02881968623567 -7.46829408606977 -0.278268096711279 -0.0200729503428077 0.044274019550749 0.874886196881983 0.481882797330155
1744315365.23222 5.91257885039588 -7.308945401915 -0.307914048444801 -0.0146955614582271 0.043217750226712 0.880910134191071 0.471077065901364
1744315365.4326 5.7965100549065 -7.14639110924206 -0.290328270591219 -0.0167296143354124 0.0291478732499803 0.882681350339214 0.468768765227092
1744315365.73299 5.56641874546287 -6.88429157386946 -0.294938246289159 -0.0326469789298179 0.0358355428936498 0.883476522023564 0.465960538742735
1744315366.03362 5.36331215266235 -6.66143488988744 -0.289912387360676 -0.0213939278574784 0.0337590300682232 0.863842844950336 0.502173443112826
1744315366.23297 5.24729463361112 -6.48328830292664 -0.301984918157956 -0.0368626870060396 0.0372763934604864 0.851541985115386 0.521658758560634
1744315366.43194 5.14107420620621 -6.31670450128426 -0.33685591520485 -0.0328441015896412 0.0524139696286021 0.85560576035109 0.513919082767486
1744315366.63263 5.03065869142082 -6.15103414358705 -0.313748980971181 -0.0263294740697063 0.0429102886410949 0.84441964356154 0.533311289484249
1744315366.93306 4.83042242096894 -5.88864110963422 -0.314089237535016 -0.025516616390494 0.0425269932057166 0.853743521452764 0.518326496249512
1744315367.23376 4.61574176607745 -5.68011516152225 -0.302573112404376 -0.0105754958179656 0.0274696593502158 0.832955786446577 0.552556091748659
1744315367.43242 4.49751605535758 -5.51106967036123 -0.288811100148665 -0.0125120758051233 0.0287127308857742 0.833276074217832 0.551969212166989
1744315367.63203 4.36886310077772 -5.3513201773936 -0.313982248123351 -0.00974413241027539 0.0297846283966438 0.834073124011585 0.550763063028378
1744315367.83195 4.23529701935485 -5.19685224336898 -0.310029661568134 -0.00879226579017194 0.0187361587265171 0.841726318438071 0.539507606310737
1744315368.13297 4.01291854045322 -4.96610959053993 -0.314516843870124 -0.0195493016714989 0.00298696811528777 0.836017327419934 0.548346542871628
1744315368.33319 3.86295289831735 -4.82616601836723 -0.325557989746907 -0.0127981340730214 0.0166204263781222 0.834546238937785 0.550538413070383
1744315368.5334 3.73355145235031 -4.68020187139814 -0.283487111349378 -0.0124098033622075 0.0174426271870884 0.820781007875057 0.570841736954236
1744315368.93237 3.51044077000971 -4.36784569627801 -0.311445850153587 -0.00724764593869699 0.0129983393075572 0.815987690686488 0.577877671702001
1744315369.13237 3.37336422516926 -4.16053101081668 -0.302362250714694 -0.011150737112557 0.0336005601508611 0.826383131867171 0.561994290704808
1744315369.33306 3.24371101760581 -3.99262034379484 -0.311622969323297 -0.0303676533872929 0.0502355463508646 0.826800866694201 0.559423383801837
1744315369.83307 2.99359830773713 -3.6481081559945 -0.283168828402671 -0.0411537855709517 0.0364107014446175 0.771523829061461 0.633823009951384
1744315370.33058 2.81359213055014 -3.17571845167387 -0.321753389895206 -0.0302085217644389 0.0597082531522986 0.801579481241756 0.594131891898176
1744315370.83381 2.57072726337129 -2.78228358155315 -0.332698334076945 -0.0492491865165718 0.0740087108449049 0.795736943814066 0.599082585789289
1744315371.3313 2.35883300793249 -2.42793834475042 -0.343737044948344 -0.0592208120958768 0.056642465382378 0.778097824720017 0.62277467971658
1744315371.63166 2.23956322887985 -2.18058120096899 -0.336020415084564 -0.0428112087276344 0.0508247240571373 0.80258133840868 0.592829860136892
1744315372.23409 1.98699327520533 -1.73191685596391 -0.32411477267003 -0.0432616484063357 0.0521301730817069 0.812054365320586 0.579636595286579
1744315372.532 1.93601776506497 -1.51263445828604 -0.294854025498974 -0.0416580002858907 0.0653610931419983 0.800659436394162 0.594085015320574
1744315372.83084 1.85870321398888 -1.25386703896799 -0.310319175324396 -0.0364823667509201 0.0456570074226945 0.831696587196357 0.552146050819335
1744315373.43365 1.63706649693363 -0.830584332960406 -0.30809872617721 -0.0486746663521332 0.0441890674523282 0.912266668926216 0.404286566607732
1744315373.73306 1.53320565479336 -0.651884826634185 -0.294046384401794 -0.0664557232170443 0.032624875373155 0.918157177803987 0.3892385530823
1744315374.03037 1.33978999235677 -0.511418428707406 -0.30306048648785 -0.0460888943013654 0.0178777868400836 0.954283314176233 0.294787304415578
1744315374.33034 1.18073963200294 -0.39555247312987 -0.31436148781559 -0.0277773777076974 -0.0142933797678635 0.995523990710885 0.0891969758543957
1744315374.73296 1.01825762394076 -0.382177235807833 -0.308838546437731 -0.0555515842927206 -0.0133350101193067 0.98025220728634 -0.189319331020224
1744315375.03502 0.935222959599754 -0.431138673649904 -0.309850925604609 -0.0677970130902877 -0.0164213347301422 0.951003976925339 -0.301206475119486
1744315375.43045 0.805298982330442 -0.729438621741866 -0.307077462863596 -0.0735561214276308 -0.0590602336542983 0.911755592531247 -0.399753830862466
1744315375.93003 0.741102526005305 -0.881115877436567 -0.262487258403976 0.0846188913321724 0.0795611847446037 -0.818406038765869 0.562779900870055
1744315376.83317 0.784591442651199 -0.951141025750172 -0.14584633322927 0.0928265014663649 0.066994545785843 -0.715705868426602 0.688955790570184
1744315377.9337 0.6655496999528 -0.990827103484241 -0.386496361326487 -0.0535199993328611 0.0442452395519399 -0.713584006733105 0.69711966962863
