1 3.79867640352446e-28 -3.94483642326721e-30 5.61158562592017e-24 -3.79867640352446e-28 1 -1.99379221314433e-30 -2.48138815346821e-23 3.94483642326721e-30 1.99379221314433e-30 1 -9.0535153440262e-23
0.945365940848525 -0.323485901664365 -0.0404982630241757 -0.0291471648961306 0.318391098238086 0.942819080713107 -0.098586457518452 0.00166502117644995 0.070073864217183 0.0803059927258524 0.994304078783743 0.0987695455551147
0.778302442553552 -0.627705471267741 0.0152035935133467 -0.118867270648479 0.626573301313829 0.774876103225863 -0.0835040282273307 0.182750582695007 0.0406350340945392 0.0745175549118833 0.996391453202048 0.0962007567286491
0.577718528864892 -0.813538784755884 0.0663019389166301 -0.260769665241241 0.815496539353289 0.571830800593182 -0.089302462428368 0.42588946223259 0.0347375259481057 0.105660688957054 0.99379531247643 0.0893572345376015
0.395204027143398 -0.915973158288122 0.0693321730895744 -0.35881170630455 0.918315472572972 0.392101116343226 -0.0543452610213191 0.609430015087128 0.0225935779087661 0.0851462733070481 0.99611226394378 0.0972397401928902
0.179056870778614 -0.981682222921278 0.0651049170747442 -0.432000577449799 0.982061957442228 0.174366503298844 -0.0717679195189211 0.810601353645325 0.0591011740298855 0.0767876013928866 0.995294285877607 0.104748606681824
-0.0618969677197717 -0.994323960084588 0.0865368579785474 -0.524281203746796 0.997921087054729 -0.0632133731511388 -0.0125528270267033 0.990194499492645 0.0179518633741735 0.085579973454989 0.99616956324957 0.115154564380646
-0.314107542167773 -0.948451063777371 0.0421548523054486 -0.774431169033051 0.948307298220511 -0.315558168933708 -0.0337091999448357 1.17243278026581 0.0452738345519418 0.0293874401535503 0.998542266639818 0.130025953054428
-0.527682967629968 -0.84633154739619 0.0726195397616973 -0.968552768230438 0.846679272133733 -0.530930200557086 -0.0353175915869853 1.23463642597198 0.0684462987481612 0.0428489675299569 0.996734202367559 0.140094608068466
-0.750437238185419 -0.659220467490454 0.0476689289402196 -1.19373786449432 0.658377138277741 -0.751926010260282 -0.0338647144867031 1.26500499248505 0.0581678204667554 0.00597079020908757 0.998288963339987 0.143164753913879
-0.921104717669151 -0.386399213066378 0.0475578303680514 -1.4090496301651 0.384255746027421 -0.921955640789986 -0.0484284839783006 1.2572215795517 0.0625589380707713 -0.0263333354744565 0.997693808094571 0.163788393139839
-0.956588532316244 0.287120111275317 -0.0500042152453457 -1.66443908214569 -0.286572947127106 -0.957890396375995 -0.017942533419892 1.12895047664642 -0.0530502197539153 -0.00283376637853283 0.998587824856769 0.261119276285172
-0.860238479377938 0.501103800733975 -0.0942588960655584 -1.69779932498932 -0.507279877231264 -0.859768813352186 0.0588618190613139 1.13149571418762 -0.0515449779684323 0.098450842946815 0.99380609113111 0.307953804731369
-0.977626640651329 0.208597137869418 0.0270810923244102 -1.90305054187775 -0.208732395468413 -0.977970238103235 -0.00223617224726373 1.17553508281708 0.0260180431780369 -0.00783884283478558 0.999630738809185 0.315240681171417
-0.98180420419056 0.1634553608103 0.0966584174095346 -2.2578125 -0.168006166195078 -0.984935921361106 -0.0409287054887177 1.1954026222229 0.0885123310854094 -0.0564231852603598 0.994475736964408 0.308237731456757
-0.98651596009203 0.146574713842784 0.0728156147100689 -2.60294222831726 -0.150803917087289 -0.986952401254139 -0.0564192896961635 1.23156690597534 0.0635959045444704 -0.0666394096657184 0.995748336681802 0.342464804649353
-0.994612916744877 0.0522030913953466 0.0895543583139205 -2.84491014480591 -0.062562108820437 -0.991151432638298 -0.117067587824252 1.24767315387726 0.0826506405552236 -0.122039644492347 0.98907795283688 0.343880176544189
-0.980026402030445 0.128644368196859 0.151653809231722 -3.08765840530396 -0.145753702390652 -0.983445014540067 -0.107665043610745 1.26911246776581 0.135292681112755 -0.127618689491459 0.982552472150879 0.374580353498459
-0.981920631346562 0.139343699078304 0.128121845378313 -3.3436267375946 -0.148308692000821 -0.986914739634717 -0.0632758134577861 1.24862813949585 0.11762825176366 -0.0811334100042255 0.989737825976208 0.375836402177811
-0.989706000468635 0.132838643773447 0.0532534257753374 -3.88087773323059 -0.134259397335358 -0.990654622363947 -0.0240381658221106 1.23293852806091 0.049562555054443 -0.030940489805043 0.998291660401458 0.381349235773087
-0.988827467248113 0.120958245613589 0.0871168343878778 -4.18415307998657 -0.124698531143841 -0.991434380352792 -0.0388348527104686 1.18720245361328 0.0816732290671221 -0.0492643103327159 0.995440862824704 0.398143529891968
-0.996365904146032 0.0435591678168631 0.0731955186767749 -4.48651599884033 -0.048012341428326 -0.997029567908643 -0.0602233823898521 1.14017868041992 0.0703548159391352 -0.0635188130793299 0.99549764452718 0.403777331113815
-0.993832682205082 0.0752836028780417 0.0814185416152476 -4.79310274124146 -0.0796862775986217 -0.995449887484259 -0.0522457526508191 1.14249801635742 0.077114829595402 -0.0584114769996143 0.995309701756793 0.397813051939011
-0.994661460040999 0.0765853982027425 0.0691610923224642 -5.03038501739502 -0.077403934826836 -0.996957089568261 -0.00922997469690309 1.14283061027527 0.0682437600256022 -0.0145340407908439 0.997562805479363 0.410780340433121
-0.997896675242963 0.0498499299612297 0.0414392328826239 -5.44346904754639 -0.0523389144081312 -0.996744775452015 -0.0613228395273012 1.09445059299469 0.038247399619035 -0.0633627421437339 0.997257388706852 0.427974134683609
-0.996878840142962 0.0510429076174909 0.0602262372822209 -5.80306434631348 -0.0547260901281562 -0.996625353238098 -0.0611797380046824 1.0591094493866 0.0569002032905596 -0.0642847327519446 0.996308104955743 0.433454096317291
-0.973991624413886 0.223964356307213 0.0343552423291634 -6.22045278549194 -0.223589524581247 -0.974576438961635 0.0144391522739853 1.02613031864166 0.036715665173485 0.00638214107924724 0.999305372849618 0.4837906062603
-0.984385871361065 0.162897470543701 0.0666998527373228 -6.51132202148438 -0.16502205750884 -0.985902156676775 -0.0276524500837076 0.969195187091827 0.061255014490778 -0.0382276281051686 0.997389829329128 0.473082721233368
-0.986462732825563 0.141896632344273 0.0821986768486897 -6.88930034637451 -0.146618390808349 -0.987687836044779 -0.0545507654020752 0.884012460708618 0.0734460633600694 -0.0658641348423877 0.995121897818741 0.491249144077301
-0.979151936865039 0.188002307121515 0.0769195492084409 -7.33131885528564 -0.191295431363913 -0.980800912210842 -0.0378896891736317 0.84642767906189 0.0683194150497258 -0.0518141208877222 0.996317095308464 0.539756536483765
-0.990290916440298 0.131364461922008 -0.0454673394842477 -7.77045440673828 -0.132080652243853 -0.991152270974554 0.0131101885883492 0.824023127555847 -0.0433428439153785 0.0189882565267336 0.998879794567596 0.547686994075775
-0.993805022080052 0.0804656621719376 -0.0766606502692173 -8.06813144683838 -0.0805602414774387 -0.996748000696327 -0.00186295490349976 0.807175934314728 -0.0765612537878292 0.0043243865584989 0.997055502015474 0.564637541770935
-0.994456728023246 0.104112855871207 0.0147081382792536 -8.46649646759033 -0.104056382346259 -0.994560963753144 0.0045561685028106 0.800161182880402 0.015102495896687 0.00300043676123993 0.999881448971293 0.594207644462585
-0.994571319831126 0.0904182224028562 0.051501794404462 -8.85219097137451 -0.0929491383722676 -0.994460995431981 -0.0490691984883286 0.749342441558838 0.0467797760279469 -0.0535898649181129 0.997466680612858 0.651655733585358
-0.991702042154416 0.108595213659252 0.0688050808956829 -9.13586807250977 -0.109953019935207 -0.993803890918828 -0.0162529936235287 0.692623972892761 0.0666137597939648 -0.0236834533989427 0.99749771981755 0.667341768741608
-0.996704497818918 0.0409408866084628 0.0700284787158161 -9.65572261810303 -0.0457859113175644 -0.996562554777688 -0.0690414711589228 0.581765294075012 0.0669611406142297 -0.0720202625563197 0.995152896508351 0.708063721656799
-0.992879632574271 0.0986049948354551 0.0668362941273707 -9.97475051879883 -0.0995017139483389 -0.994984955080548 -0.0102150910276811 0.475695461034775 0.065493848112044 -0.0167926816459054 0.997711662607296 0.732805371284485
-0.996547539935139 0.062454271721218 0.054703423960433 -10.1763019561768 -0.0623498557750779 -0.998047808055013 0.00361501333467281 0.396749794483185 0.0548224054018938 0.000191782051164972 0.998496102689237 0.727482199668884
-0.999658498463557 0.0117921424276849 -0.0233202021121365 -10.567702293396 -0.0120193579878978 -0.999881418579034 0.00962724331970723 0.319556951522827 -0.0232039109450208 0.00990424945885774 0.999681691519612 0.759840488433838
-0.998014831852585 0.0418275444083313 0.0470834570844817 -10.9947471618652 -0.0433167045742354 -0.998578312195192 -0.0310647310986171 0.285704076290131 0.0457171576881762 -0.0330425625847943 0.998407797721324 0.814135551452637
-0.998962583670351 0.0434446340023117 0.0136499158628561 -11.4723443984985 -0.0433654755595283 -0.999041000474272 0.00604275606508848 0.249945804476738 0.0138993509256304 0.00544455211853016 0.99988857624041 0.842828571796417
-0.999959513330281 -0.006227489085688 -0.00649538913042729 -11.92799949646 0.00608585238265121 -0.999748122490882 0.0216021752778297 0.243758276104927 -0.00662828039876217 0.0215617706982783 0.999745545598134 0.8710618019104
-0.997718847167962 0.0376626984346414 0.056023416108389 -12.1628532409668 -0.0375842770105097 -0.999290450379572 0.00245314120848825 0.229761302471161 0.0560760566323072 0.000341945628380374 0.998426441429592 0.899086177349091
-0.995264335342427 0.0860367777606488 0.0452390944644313 -12.5117053985596 -0.0874711707510456 -0.995692574270839 -0.0307423458661046 0.178149908781052 0.0423992580458483 -0.0345538769818165 0.998503045815428 0.930274724960327
-0.995406189408166 0.0706921247006516 0.0645688902895332 -12.947434425354 -0.0752900091530461 -0.994573860077422 -0.0717931150768046 0.112549610435963 0.0591433226125189 -0.0763247034452449 0.995327386860397 0.95265144109726
-0.989318092432009 0.108867498910466 0.0969411144338165 -13.2802019119263 -0.113065728349366 -0.992825516012682 -0.0389054729694912 0.101692676544189 0.092010070424481 -0.0494506060138008 0.994529428677377 0.955438733100891
-0.983993796622595 0.123248925964887 0.12870862619402 -13.727837562561 -0.132949123294853 -0.988670360404073 -0.0696810524720321 0.0640292465686798 0.118662288969074 -0.0856774223875931 0.989231338196298 1.01406240463257
-0.985870353969396 0.110492575697303 0.125900897058096 -14.1299819946289 -0.119760915699519 -0.990431770520426 -0.0685728154197179 0.00537989102303982 0.11711946138482 -0.0826819125295838 0.989670012229016 1.03146016597748
-0.967308614042314 0.217407692935823 0.130567761150526 -14.6800441741943 -0.21836480901411 -0.975841257650462 0.00711688495028721 0.0101851634681225 0.128960673787666 -0.0216271801094736 0.991413843809306 1.05623233318329
-0.984291415929145 0.175416007006341 0.0199908232484352 -15.1756687164307 -0.174851596738265 -0.984220026980648 0.0271635345323854 0.057390071451664 0.0244402873607902 0.0232414065014205 0.999431092861113 1.04452538490295
-0.999137498992882 0.0392578966807826 -0.0135305452384496 -15.528148651123 -0.0395951754367049 -0.998886976982943 0.0256325827027687 0.111936524510384 -0.0125092041467589 0.0261462188868433 0.99957985926565 1.10505747795105
-0.99683255385883 0.076023013788633 0.0233529643038364 -16.1013641357422 -0.0741273701825465 -0.994539973012619 0.073453216879043 0.229649186134338 0.028809591408117 0.0714894639408727 0.997025207298363 1.13153433799744
-0.999495103220385 -0.0062700906584683 0.0311484285575888 -16.5577430725098 0.00569553960244995 -0.999812634305241 -0.018500192222024 0.266323655843735 0.0312585902930626 -0.018313444426145 0.999343543675618 1.17480635643005
-0.998159224063549 0.0353176603793169 0.0493034104518549 -16.9980068206787 -0.0368737794842903 -0.998838446472955 -0.0310174504761028 0.309481859207153 0.048150678119802 -0.0327783573844815 0.998302104317014 1.20689606666565
-0.999009299025188 0.0355793828494295 -0.0267306561321795 -17.7344532012939 -0.0359099275386959 -0.999283112967037 0.0119890467959087 0.420484781265259 -0.0262849303854644 0.0129370651603292 0.999570775272901 1.20852291584015
-0.99502337772656 -0.0925169778965799 -0.0370011699613997 -18.1930446624756 0.0939084778767334 -0.99486211057071 -0.0378229921300325 0.464800447225571 -0.0333117931145069 -0.0411094849356833 0.998599186204264 1.28298282623291
-0.999061333924751 -0.0425387872474053 0.00817940315770067 -18.5498371124268 0.0423193004619194 -0.998782291230806 -0.0253576720570874 0.518609225749969 0.00924812764347469 -0.0249877230507503 0.999644979896278 1.29425978660583
-0.99946593028146 -0.0261089621030079 -0.0196513690240487 -19.0072460174561 0.0267986083425629 -0.999003545599416 -0.0356896409438006 0.58912855386734 -0.0186999678480355 -0.0361972095291776 0.999169691906627 1.34303414821625
-0.995726987269363 -0.09007124208458 -0.0203700312424659 -19.4626159667969 0.0908053647979268 -0.995121807091608 -0.038561311889626 0.652620136737823 -0.0167973970422056 -0.0402462470309288 0.999048590936663 1.40042901039124
-0.997460220858796 -0.070405419167676 0.0107789032904799 -19.7940654754639 0.0702807094154776 -0.997460476492372 -0.0115420847193224 0.718895435333252 0.01156415532492 -0.0107552214033305 0.999875289985799 1.41034913063049
-0.999471058188122 -0.032462627918393 -0.00194464211289324 -20.1162281036377 0.0324321706332922 -0.999375142535268 0.0140527147066558 0.80493289232254 -0.00239961503751826 0.0139822126734511 0.999899364724484 1.48277485370636
-0.99413776360286 -0.0990962430708366 0.0432439774760479 -20.5559310913086 0.0994678803630872 -0.995019390535124 0.00652328407968991 0.890570521354675 0.0423821631677507 0.0107864298243406 0.999043244898271 1.51996648311615
-0.990576263774427 -0.136935625587113 0.00270186819854958 -20.8822593688965 0.136961278857648 -0.990300914868348 0.0233603532633822 0.948106110095978 -0.000523202039179863 0.0235102627798701 0.999723458664269 1.56090223789215
-0.996118247149845 -0.0872623342828199 0.0115638536238447 -21.2304515838623 0.0874681985740917 -0.995992049577797 0.0186855938097108 0.993469595909119 0.00988695773853473 0.0196245303977353 0.999758533783706 1.56982731819153
-0.992193984888583 -0.122174034796172 0.0249920301803851 -21.7746620178223 0.122017901580225 -0.992498143922777 -0.00768544102839998 1.04230844974518 0.025743504906522 -0.00457597328075414 0.999658107766681 1.6162486076355
-0.98825017503933 -0.14964185586841 -0.0311272630822396 -22.202091217041 0.149640430539122 -0.988737597459353 0.00238849709484809 1.08958089351654 -0.0311341144534282 -0.00229746437706629 0.999512575495995 1.68438994884491
-0.995940672934305 -0.087835065359051 -0.0196768210983269 -22.6350116729736 0.0880781223848616 -0.996043143033103 -0.0118448965337015 1.20536386966705 -0.0185585654704688 -0.0135299116814554 0.999736225780366 1.75180208683014
-0.993866311149494 -0.110562802569082 -0.00237112845861904 -22.9349002838135 0.110560713198892 -0.993868873726324 0.000995256208548191 1.30633699893951 -0.00246662908631951 0.000726997963167311 0.99999669360199 1.78710210323334
-0.986870279036453 -0.161262236896232 0.00903013320705786 -23.359317779541 0.160632859280943 -0.985780859998006 -0.0493272802901314 1.41766548156738 0.016856360038344 -0.0472290907472938 0.998741846581709 1.86333060264587
-0.986635267314213 -0.162034918752463 0.0171911138875305 -23.6717052459717 0.16161785983953 -0.986576400149164 -0.0233810617724548 1.53739416599274 0.0207488956983602 -0.0202901890971958 0.999578807075109 1.88769793510437
-0.995519505686406 -0.0926174255568559 -0.0190506241659923 -24.0093441009521 0.0931340015538631 -0.99525136336872 -0.0282980823956054 1.67801594734192 -0.0163392641345522 -0.0299455538590238 0.999417976750277 1.95144534111023
-0.990955820490897 -0.131370018971487 -0.0273583616220641 -24.4568023681641 0.131420118883535 -0.991326763096544 -3.34838146077394e-05 1.81881964206696 -0.0271166773010653 -0.00362862011780817 0.999625689409886 2.00269412994385
-0.980785541599145 -0.19100933004092 -0.0396882504954775 -24.8789920806885 0.19178622520265 -0.98129372720377 -0.016753052648749 1.92067277431488 -0.0357458418923262 -0.0240428115629671 0.999071658090428 2.15553450584412
-0.987861825915719 -0.15530868778185 -0.00286782111380089 -25.1864719390869 0.155269220722999 -0.986736265871941 -0.0473604340053109 2.04080271720886 0.00452570376112314 -0.0472308491621601 0.998873748224913 2.23110842704773
-0.974232561224058 -0.223575146232284 0.0297501367732138 -25.5507869720459 0.224146391733745 -0.974399164026818 0.0174546330978275 2.22653102874756 0.0250860862542254 0.023673257719424 0.999404955533739 2.35133266448975
-0.965818656001641 -0.256260593071947 0.0390490993186527 -25.837553024292 0.257993179156587 -0.964914048678187 0.0487893243665669 2.35546827316284 0.0251762433230418 0.0571960409633663 0.998045474750653 2.41760158538818
-0.942698260321886 -0.333261249584003 0.016029020924504 -26.2049789428711 0.33364524714204 -0.94173809139454 0.0425466364839281 2.56073665618896 0.000915994332135283 0.0454566468437478 0.998965892416806 2.46606469154358
-0.953246045639899 -0.301619466534516 0.0186460151058992 -26.5561275482178 0.302081797063578 -0.952763194794889 0.0314465026207338 2.76067519187927 0.00828035957764827 0.0356088760236838 0.999331498349569 2.53405332565308
-0.9277020499017 -0.370195110707187 0.0482129299739844 -26.9063148498535 0.369639464187225 -0.928953474126113 -0.0203004784280082 2.9665048122406 0.0523027066561971 -0.00101139384916868 0.998630764576637 2.56851983070374
-0.9181775449796 -0.394224952510914 0.0392005448049175 -27.2605075836182 0.394503801434948 -0.918894061290237 -0.000674372975571744 3.22331118583679 0.0362870024748499 0.0148455698207499 0.999231135677871 2.5956015586853
-0.933799230278821 -0.357524518514346 0.0139719788063755 -27.5101108551025 0.357796359179887 -0.932988876551652 0.0389040047874763 3.41183257102966 -0.000873434770158481 0.0413276528727686 0.99914526582461 2.64328050613403
-0.902538233171862 -0.428467306632018 0.0429011050034528 -27.9515342712402 0.426725791246679 -0.903298719072617 -0.0442326034353094 3.65407133102417 0.0577047376556679 -0.0216146077751406 0.998099680384087 2.68230414390564
-0.929411559247858 -0.367520244675972 0.0335115396509652 -28.3774814605713 0.366327847153245 -0.929755981045839 -0.0368473080367905 3.85383486747742 0.0446996860898719 -0.0219701038414309 0.998758856081218 2.72298192977905
-0.966699012325747 -0.248868566568823 0.0596444141760531 -28.8335647583008 0.249788403385728 -0.968264204129732 0.00837762108394604 4.12316370010376 0.0556666246725417 0.0229971210154034 0.998184531698708 2.78640055656433
-0.923889686434356 -0.376495441630561 0.0684034336246144 -29.2280349731445 0.373085685708612 -0.926002151501445 -0.0576809026804396 4.34200477600098 0.0850583236348007 -0.0277704491520191 0.995988897395113 2.7900812625885
-0.901618491204838 -0.42941772074818 0.0518123288894655 -29.6230335235596 0.426654213901197 -0.902643158721918 -0.056581885554204 4.61434030532837 0.0710653085398466 -0.028909325830181 0.997052642944283 2.80663657188416
-0.873958570414544 -0.484575822469882 0.0371845327603249 -30.1395874023438 0.478086244144612 -0.870958148982062 -0.113425948889306 5.02592515945435 0.0873496442961577 -0.081352166531555 0.992850373743172 2.83487606048584
-0.799583054387433 -0.597151761234123 0.0638491440149994 -30.5073318481445 0.59097485160903 -0.801282489764225 -0.0932475005720269 5.43851566314697 0.106844110282919 -0.0368258829117473 0.993593574076253 2.88579344749451
-0.709319340492491 -0.700624517815756 0.0774038644948501 -30.9153594970703 0.69373699686611 -0.713331594253204 -0.099433474340251 5.92542362213135 0.124880152075854 -0.0168321619414152 0.992029044908409 2.92777609825134
-0.55330081222556 -0.824118512642998 0.121189472767349 -31.2306613922119 0.829859900786225 -0.557945923201443 -0.00537511394910607 6.49428939819336 0.0720469031784984 0.0975962289332016 0.992614839623308 2.95201325416565
-0.510798738878313 -0.856871378855746 0.0696856402580746 -31.482141494751 0.857454823778785 -0.513642879557096 -0.0306955608971062 6.98050785064697 0.0620956805165913 0.0440730345919949 0.997096632269428 2.99943327903748
-0.412187863975942 -0.898368466146031 0.151773725741243 -31.7567825317383 0.904039850448097 -0.423975907465853 -0.0543725913516074 7.57143449783325 0.113195024593546 0.114797774033008 0.986918617457556 3.05151748657227
-0.443981175168043 -0.888130977413279 0.118760612390373 -32.0130615234375 0.889835054146036 -0.452584822366668 -0.0579702939120726 8.07651424407959 0.105234464455918 0.0799396367408853 0.991229217672891 3.07428479194641
-0.359300639133056 -0.930287927842659 0.0739420180194562 -32.2527770996094 0.93033132658408 -0.363292995696582 -0.0500182172224211 8.59354400634766 0.073393960888369 0.0508189982980327 0.99600740756136 3.08675718307495
-0.408764918070779 -0.907602240867111 0.0957570578473882 -32.5164947509766 0.910572252103456 -0.412646227254912 -0.0241094344920545 9.24264526367188 0.0613955654247827 0.0773386288040198 0.995112717756579 3.11127018928528
-0.342351243666795 -0.937860541776116 0.0566853608898098 -32.7567977905273 0.936782269275723 -0.345358684859465 -0.056270407522663 9.85767650604248 0.0723505765728565 0.0338375970120483 0.996805101861957 3.12958455085754
-0.402421971913614 -0.912929414506781 0.0679443938045247 -32.9566230773926 0.91040615105237 -0.406882678469369 -0.0748807457735445 10.3884944915771 0.0960062323350357 0.031723336676612 0.994875084250748 3.13690829277039
-0.280956387895635 -0.959465411899403 0.0221276177964661 -33.116584777832 0.959658774613773 -0.281125193408686 -0.00486435378254248 10.9662294387817 0.0108878100382966 0.019868291311489 0.999743320354246 3.14712166786194
-0.301850024527562 -0.950746055015472 0.0704875986626482 -33.198673248291 0.952642000384461 -0.303658398601559 -0.0162725554916814 11.4230728149414 0.0368752192699056 0.0622375757179921 0.997379918773455 3.14228796958923
-0.266951437930467 -0.9618552598367 0.0597610986456083 -33.3169364929199 0.95961330006935 -0.271016795712042 -0.0754467412946931 11.9371175765991 0.0887651064150033 0.0372069290112959 0.995357423399595 3.1640944480896
-0.228386557598956 -0.968205768538032 0.102064538786879 -33.3928871154785 0.970702896212685 -0.234499510523631 -0.0524010195366718 12.4812908172607 0.0746690537800229 0.0871066549343789 0.993396679616828 3.15185308456421
-0.290061716530379 -0.954564864847733 0.0683382718663524 -33.4940338134766 0.955674049524865 -0.292686878884275 -0.0319609448190851 12.916111946106 0.0505105104725435 0.0560384664958916 0.99715012841828 3.19028663635254
-0.225845746747055 -0.974054266332794 0.0145597017533902 -33.5883598327637 0.971841048906963 -0.226313575129707 -0.0656288150999534 13.3496475219727 0.0672210854991077 -0.000672272930586128 0.997737878259329 3.19790554046631
-0.295939330995201 -0.954846386732134 0.0262352837739687 -33.6764297485352 0.951172234614691 -0.297099885701664 -0.0836841562910951 13.9181671142578 0.0877000140718762 0.000188840265351887 0.996146912795069 3.19878816604614
-0.302955416931928 -0.952989386510171 0.00540782308963941 -33.7672386169434 0.948322543762249 -0.302023924216304 -0.0972928681522012 14.352258682251 0.0943523626831816 -0.0243470408869702 0.995241103078118 3.20272588729858
-0.230119505180313 -0.973161939330298 0.000923674434462508 -33.8215560913086 0.971399153920876 -0.229759569896341 -0.0599518457001532 14.8106098175049 0.0585550774687783 -0.0128988325030305 0.998200843028438 3.22995185852051
-0.325458941612768 -0.944106277909898 0.0523432262610565 -33.9133453369141 0.945278047792709 -0.326206864445944 -0.00620434924474708 15.3979244232178 0.0229322847859151 0.0474596417966321 0.998609880140905 3.23608875274658
-0.253200605513499 -0.967336780275836 0.0122068379679615 -34.0197257995605 0.967151752597165 -0.253405537484663 -0.0200778738999191 15.9383316040039 0.0225153462293915 0.00672213490550043 0.999723897927064 3.2593400478363
-0.313516452044953 -0.948330486631866 0.0487516401951097 -34.1191596984863 0.948847472563788 -0.314880551787025 -0.0232101683666741 16.4789447784424 0.0373618536271343 0.0389811009447834 0.998541218810058 3.25527048110962
-0.213471062648034 -0.976693095728394 0.0223763752293522 -34.2010612487793 0.969646144313378 -0.214615047155694 -0.11716115547637 16.9532413482666 0.119232798466353 -0.00331335039576152 0.992860796627119 3.25813746452332
-0.124756648676609 -0.991017602026837 0.0481652476787912 -34.2058639526367 0.988087857331926 -0.128503044753471 -0.0846720360112545 17.2527770996094 0.0901008590646331 0.0370280969274091 0.995244068173104 3.26783394813538
-0.21064422727662 -0.977519779737231 -0.00917004566570017 -34.3269500732422 0.976556910711205 -0.209992790275797 -0.0473247099766385 17.9093036651611 0.0443351965961952 -0.018923748430496 0.998837465300594 3.27633619308472
-0.274037914242249 -0.96097441564346 0.0378337684677026 -34.4393196105957 0.960789856677685 -0.275290013248186 -0.0331400046935249 18.5843658447266 0.0422619552674843 0.0272686832194688 0.998734372119256 3.29533243179321
-0.32460671943584 -0.94560530116791 0.0214730552145752 -34.5455932617188 0.944765745449004 -0.325237620539036 -0.0404743920558831 19.2385501861572 0.0452566450732832 0.00714874739044555 0.998949814298726 3.29352402687073
-0.289560357494204 -0.95661765403997 0.0322096778452339 -34.6441917419434 0.95504585903781 -0.290992478961642 -0.0566637831642811 19.7862033843994 0.0635783493223846 0.0143541341370092 0.997873615409596 3.32143545150757
-0.347766278115127 -0.936963458733653 0.0340307626100651 -34.7560195922852 0.936281056239992 -0.348966030178817 -0.0400061683664165 20.3460350036621 0.0493598980152707 0.0179495620867684 0.998619754305319 3.33697509765625
-0.297602917796617 -0.951292251627904 0.0804708351618909 -34.9128112792969 0.95230703198414 -0.301755188793012 -0.0453334630273466 21.110933303833 0.0674078641739826 0.0631415713235419 0.995725525342349 3.3507673740387
-0.353114001568113 -0.933777662420163 0.0580497981192887 -35.0374908447266 0.9328496674147 -0.356142062568517 -0.0543537420397785 21.5422496795654 0.0714282850195825 0.0349586675172018 0.996832930668215 3.39273309707642
-0.268646201019887 -0.9578983911428 0.101291119668102 -35.1706886291504 0.962269095961634 -0.27160536697113 -0.0163924247643987 22.2232532501221 0.0432134890371184 0.0930655515135064 0.994721768881493 3.3861985206604
-0.335220707980987 -0.940237963232124 0.0598301716346628 -35.3275375366211 0.941928097850005 -0.33581459141137 0.000136659748493379 22.9348983764648 0.0199633519579872 0.0564015309395196 0.998208561316862 3.39972758293152
-0.26853253240964 -0.958859757297553 0.0920773852416714 -35.4147529602051 0.962694048568628 -0.270449696681648 -0.0087823923476627 23.4993591308594 0.0333233835048211 0.086283992722185 0.995713123701656 3.43998599052429
-0.33932549661102 -0.935076291250085 0.102423322010527 -35.5143890380859 0.940288929804884 -0.340266735068126 0.00867626028099539 24.0849590301514 0.0267382840898799 0.099251592168915 0.994703064042664 3.45297026634216
-0.212993169903858 -0.975280719955119 0.0588338920872221 -35.6258926391602 0.977035054554068 -0.212230728974655 0.0189899934548459 24.7663440704346 -0.00603421468249776 0.0615275138674684 0.998087147142199 3.46310901641846
-0.300977554511116 -0.950307010635872 0.079555623414191 -35.7470397949219 0.953505101038457 -0.301245470092884 0.00889882251538007 25.340368270874 0.0155091577511704 0.0785350385804331 0.996790707090019 3.47796511650085
-0.208713254376263 -0.977403688045661 0.0334784713272439 -35.879020690918 0.977429088093639 -0.209619694452648 -0.0263051600644504 25.8874053955078 0.0327285073919839 0.0272325961362171 0.9990932041164 3.48991250991821
-0.250106483128168 -0.964282161459843 0.0872161693013028 -35.9557228088379 0.967200675694133 -0.252956843868162 -0.0231449363159866 26.368932723999 0.0443801761383588 0.0785668392554571 0.995920504726826 3.45974731445313
-0.174915641193656 -0.977520233259286 0.117723031028445 -36.0243148803711 0.977045170312924 -0.187098504631404 -0.10186699530703 26.906831741333 0.121602852080049 0.0972025881003401 0.987807877693124 3.4943528175354
-0.134361779073678 -0.982156678759427 0.13158712206142 -36.0993995666504 0.990612225241938 -0.136503930039177 -0.00735501768017391 27.3887615203857 0.0251859390409051 0.129363578537819 0.99127732397272 3.49593830108643
-0.28458774330725 -0.950078092556784 0.127911822764551 -36.198673248291 0.953756037593932 -0.294068353576805 -0.0622352326078258 27.8182983398438 0.0967431502092506 0.104285288839273 0.98983096608426 3.51923060417175
-0.209739082676733 -0.97253409569131 0.100930421161357 -36.2682456970215 0.969071192022633 -0.220494297088936 -0.110830003803527 28.1367588043213 0.130040539793391 0.0745633802153726 0.988701047001115 3.50151824951172
-0.147215349534467 -0.977939053056544 0.148198682073475 -36.2993774414062 0.979471257202275 -0.164996277287922 -0.115811419107621 28.8117160797119 0.137708740376341 0.128107130902216 0.982153178397323 3.54667806625366
-0.162936634150313 -0.984944157992151 0.0577638198953222 -36.3931541442871 0.974639106590361 -0.169781629086565 -0.145783436402956 29.3451271057129 0.153395779461203 0.0325454153736595 0.987628741370787 3.55846858024597
-0.215988756942538 -0.972950786709994 0.081948907953802 -36.5708198547363 0.968798168729991 -0.224001847459331 -0.106081480948482 30.1409606933594 0.121568767123113 0.0564795447503799 0.990974821014619 3.58756470680237
-0.250702728557646 -0.965927210501455 0.064286591966198 -36.7011451721191 0.962556462470246 -0.255799797074689 -0.0897302645338457 30.5983963012695 0.103117401298312 0.0393838523944172 0.99388918583515 3.60498976707459
-0.170268980766208 -0.981994300848121 0.0818270572038746 -36.8347587585449 0.981365258436264 -0.17649119754721 -0.075980831284457 31.2910861968994 0.0890544986127153 0.0673650524393856 0.993746067155326 3.62220811843872
-0.235454297500265 -0.971741180316541 0.016743723172365 -37.0190658569336 0.969273590316009 -0.236048880821565 -0.0692071743304068 31.9859085083008 0.071203798385825 -6.58779394087474e-05 0.997461786112896 3.60757422447205
-0.222281351528474 -0.973284757330729 0.0575133194167958 -37.1206436157227 0.973018905088504 -0.225189360331603 -0.0502390518801134 32.5438385009766 0.0618482910276775 0.0447943427355153 0.997079864281618 3.6108832359314
-0.183403569515984 -0.982670041167178 0.0268834685502334 -37.2293243408203 0.982809983311661 -0.182703901886893 0.0265296237862164 33.1425361633301 -0.0211581518977698 0.0312869689775227 0.999286474530938 3.6074812412262
-0.133526779685195 -0.991041532266004 0.00269822733514386 -37.3712005615234 0.99099780204449 -0.133493269149476 0.0101441330223306 33.6690254211426 -0.00969306194608387 0.00402845077371398 0.999944906549592 3.64304494857788
-0.270278392542761 -0.962751474881228 0.00769338277490806 -37.5359230041504 0.962727572047349 -0.270339557044318 -0.0084938752579734 34.2299270629883 0.0102573166236121 0.00511092076853435 0.99993433081607 3.65896320343018
-0.231134817479724 -0.971823714087683 -0.046210008498563 -37.7162628173828 0.97290392469886 -0.23115709969432 -0.00493442666027763 34.7738838195801 -0.00588637869749341 -0.0460984164341099 0.998919559598318 3.67610120773315
-0.269923909144339 -0.9626544290698 0.0209173006034627 -37.8151168823242 0.961536703595882 -0.270631061779839 -0.0469680320844169 35.2385444641113 0.0508748553826396 0.00743495744533509 0.998677360561248 3.66879653930664
-0.263730637180864 -0.964031964170577 0.0329927729903707 -37.9450492858887 0.961588935245595 -0.265453365335843 -0.0698658031165325 35.6919746398926 0.0761109100288411 0.0132997326775343 0.997010655151332 3.68510174751282
-0.240778937718549 -0.969461211302455 0.0465882273874336 -38.0445137023926 0.968742660900071 -0.24299822405524 -0.049895090522505 36.1240005493164 0.0596922114130215 0.0331183164725404 0.997667287732061 3.713862657547
-0.298439383892045 -0.949696954580513 0.0949190634310928 -38.1180648803711 0.953603145940744 -0.300838289666768 -0.011720218525712 36.6059646606445 0.0396859445402682 0.0870173427017455 0.995415997397608 3.72049403190613
-0.233767997394299 -0.969664901716444 0.0714317980558894 -38.1928520202637 0.969967871624007 -0.237656034779368 -0.0517874227022458 37.0259666442871 0.0671926440278445 0.0571803070312309 0.996100176225444 3.71526193618774
-0.18547475006436 -0.977671217498384 0.0987831340046963 -38.2475433349609 0.979222779433429 -0.192279228550385 -0.0644317197251363 37.4368667602539 0.081986982669401 0.084780237928987 0.993020868828783 3.7353253364563
-0.275838685219985 -0.960495157083303 0.0369062725783861 -38.3589096069336 0.959215397441565 -0.277533557300041 -0.053674443484818 37.9689521789551 0.0617967721416736 0.0205955769985968 0.997876235392428 3.73572611808777
-0.16885449849167 -0.985640934631093 0.000326065440596968 -38.4193840026855 0.984456762749145 -0.168667826017775 -0.048949430475868 38.5016326904297 0.0483015591528993 -0.00794433420636109 0.998801204913879 3.73600697517395
-0.238572133619862 -0.969097095999929 0.0627228473888934 -38.4388961791992 0.969822548192829 -0.241098450165692 -0.0362734385531651 38.9381828308105 0.0502748652592456 0.0521762000552489 0.997371586757393 3.72541427612305
-0.214706837422702 -0.976012336526723 0.0360678930849627 -38.5505676269531 0.975124303738507 -0.216301486435764 -0.0484382000509062 39.4382247924805 0.0550778196957174 0.0247706663884109 0.998174758178266 3.74027276039124
-0.198812901981764 -0.976908265797762 0.0782538831087586 -38.5713119506836 0.979297553374072 -0.201130645585519 -0.0228640626728578 39.8577194213867 0.0380753458440712 0.0720881656193442 0.996671241892979 3.75509524345398
-0.27841963534932 -0.959575908945421 0.041189581492427 -38.6310844421387 0.959824109774255 -0.279539166778159 -0.0244035352568173 40.2643547058105 0.0349311458158763 0.0327403300005055 0.998853285444588 3.76329445838928
-0.220696582763384 -0.974744646655442 0.0341451632463717 -38.7015724182129 0.972171340699678 -0.222664932847964 -0.0728231556718135 40.665340423584 0.0785869116249923 0.0171231275288194 0.99676019975964 3.7580201625824
-0.210684496220083 -0.976633634257677 0.0424121148863354 -38.7237548828125 0.975922861336118 -0.212640249078147 -0.0485663792505386 41.1286201477051 0.0564500821435516 0.0311587693695554 0.997919094574987 3.75110697746277
-0.261929705612763 -0.96440705396379 0.0362196574044269 -38.7795944213867 0.965057552929742 -0.262030150637032 0.00202970204527257 41.4675598144531 0.00753318331579808 0.0354856932018697 0.999341791744503 3.76568174362183
-0.272553018329507 -0.961998390829115 -0.0165513818658499 -38.9016418457031 0.961398732644041 -0.271627026391059 -0.0439458235146752 41.8897399902344 0.0377800088658941 -0.0278900443912362 0.998896799651469 3.75301003456116
-0.325952774417164 -0.945365952734976 0.00616475946358852 -38.9836463928223 0.943732622066277 -0.32576127847639 -0.0569941005134572 42.3269424438477 0.0558885220565354 -0.0127595005747918 0.998355481903825 3.76897883415222
-0.343401128590151 -0.938292027878312 0.041033343795208 -39.0604133605957 0.938605791641543 -0.344399481981581 -0.0202030865901818 42.7817611694336 0.0330882574331446 0.0315763714005279 0.99895350241601 3.79672527313232
-0.220059658224895 -0.975454036668165 0.00794790347977418 -39.1982383728027 0.973567633274827 -0.220130292030281 -0.0608992444149684 43.4161071777344 0.0611539881086533 -0.00566364533181179 0.998112274676533 3.80785131454468
-0.288109404250267 -0.957587319061909 -0.00441560351284677 -39.2865867614746 0.957565467159825 -0.288058988220001 -0.00950765000696581 44.0088043212891 0.007832450800458 -0.00696747281989865 0.99994505200884 3.80262637138367
-0.224487828145427 -0.974258010915033 -0.020652921886076 -39.375301361084 0.974475616568189 -0.224471414450371 -0.00313955549358646 44.5770263671875 -0.0015772534979616 -0.0208305607829659 0.99978177619362 3.80647587776184
-0.32899990581896 -0.943226061234354 0.0456471179752076 -39.4175987243652 0.942401803054947 -0.331031731504642 -0.0479252995381739 45.0430793762207 0.060315036018398 0.0272505072496928 0.997807349283785 3.80545258522034
-0.278520174853571 -0.959447199891348 0.0434463211352623 -39.493839263916 0.957175368905113 -0.281013235754766 -0.0696194979298004 45.565486907959 0.0790052236304492 0.0221953137235888 0.996627083059563 3.83450198173523
-0.210900171055792 -0.973235701516618 0.0912873876397744 -39.544246673584 0.973090862798434 -0.217897321324373 -0.0749328372468388 45.9873352050781 0.0928185896619643 0.0730275746079491 0.993001350834954 3.86115097999573
-0.24366396843933 -0.961976653398772 0.123404978830258 -39.6513175964355 0.968086629588381 -0.248932046267265 -0.0290019646472626 46.4296073913574 0.0586186667931479 0.112399976231721 0.991932506396732 3.86733484268189
-0.153954975798565 -0.986358676080169 0.0582617159740463 -39.7642478942871 0.985497888004162 -0.157544105598351 -0.0630378261883409 46.930305480957 0.07135669671586 0.0477118110387008 0.996309091056188 3.88578581809998
-0.21918332762406 -0.969477806786542 0.10987015536532 -39.7866439819336 0.973096010370555 -0.225407521452312 -0.047703289966556 47.2801895141602 0.0710128403357564 0.0964584440113009 0.99280055655019 3.85817766189575
-0.236335238273632 -0.968074085537585 0.083535741217243 -39.8923149108887 0.971337582357808 -0.237633234439848 -0.00580921586324899 47.9226722717285 0.0254746197112887 0.0797684824992004 0.996487848872398 3.85937476158142
-0.21280577173042 -0.973691507804719 0.0814773044914554 -39.954273223877 0.977064166779005 -0.212715313126402 0.0098898714847765 48.4950752258301 0.00770178645958825 0.0817131763579757 0.996626128141753 3.84412813186646
-0.23240849559952 -0.971629924788306 0.0438358349873565 -40.115406036377 0.972612078970657 -0.232331609432336 0.00691137460694046 49.0439529418945 0.00346915170389746 0.0442415247753912 0.999014840966842 3.86351728439331
-0.234514824471055 -0.971608097841288 0.0313129575821947 -40.2335968017578 0.972112164883381 -0.234421466213148 0.00667196104782812 49.586986541748 0.000857898045336733 0.0320043807581379 0.999487360411942 3.89175343513489
-0.287409971736368 -0.957797897649083 -0.00432381839326686 -40.3406600952148 0.956485461670398 -0.287247412268425 0.0512297350984633 50.0421104431152 -0.0503097382190121 0.0105882672846481 0.998677534961232 3.88270735740662
-0.261629531363413 -0.96513881940951 0.00755298532895127 -40.4300231933594 0.965144393096692 -0.26155985682091 0.00909625053761546 50.4650268554688 -0.00680358674371637 0.00966956920669942 0.999930102876585 3.89456415176392
-0.356516141050857 -0.933330590029936 0.0423113564492571 -40.5312690734863 0.934147775363504 -0.356884304972665 -0.00123557581483417 51.0165061950684 0.0162534597431297 0.0390845567782054 0.999103709565643 3.91344690322876
-0.334719337956314 -0.941481894587145 0.0396838375499028 -40.6623878479004 0.942317293262564 -0.334375667127516 0.0151997385287876 51.5635643005371 -0.00104096897238349 0.0424824128037605 0.999096672492692 3.92007231712341
-0.29767906357095 -0.95240477408208 0.0656682679624289 -40.7700538635254 0.953732214270618 -0.299725163633835 -0.0236577629359682 52.0947456359863 0.0422141987249077 0.0555875218941611 0.997561020106379 3.95243501663208
-0.391450928470475 -0.917837825057625 0.0658778983657773 -40.8976402282715 0.919363495204794 -0.393142020678544 -0.0144953531042414 52.5371208190918 0.0392037534482167 0.0548915154671445 0.997722399891519 3.96765756607056
-0.288638915781007 -0.956595080672771 0.0401674984212276 -40.9978446960449 0.956917701264662 -0.289611005494722 -0.0208321506976815 52.9439086914062 0.0315608824832154 0.0324240208640277 0.998975772262716 3.98803520202637
-0.311472935055981 -0.94802743600455 0.0650276195954585 -41.0692939758301 0.94857822387531 -0.314257962188235 -0.0379642778261388 53.3937835693359 0.0564266241872993 0.0498589388569112 0.997161031277741 3.96951961517334
-0.321238840743857 -0.944798334270352 0.0645113537101051 -41.2239532470703 0.946279508078622 -0.322902873343552 -0.0169949103251099 54.0405464172363 0.036887664442513 0.0555863467629002 0.997772247692594 3.97458386421204
-0.383335207980938 -0.921991211273116 0.0546472749306281 -41.3285217285156 0.922884299098414 -0.384707127883199 -0.016881831461327 54.5791320800781 0.036588096422743 0.0439617116476641 0.998362999669543 3.99493217468262
-0.379397242923287 -0.925064825693509 0.0176861620157187 -41.4489212036133 0.92418994715164 -0.379807718496023 -0.040237278172051 55.1952171325684 0.0439394315627508 0.00107946073740886 0.9990336136079 4.00245666503906
-0.322084534186474 -0.945956634305359 0.0377835791258421 -41.4682693481445 0.944825697375134 -0.323704474775331 -0.0501977548304527 55.6099243164062 0.0597156128451635 0.0195309760151291 0.998024341666286 4.02992534637451
-0.397359560796153 -0.916028634493332 0.054744134226145 -41.509822845459 0.916646957719772 -0.399019173407115 -0.0232820565369488 56.0295372009277 0.0431709896455423 0.0409296963314455 0.998228944486805 4.04505062103272
-0.27074507532051 -0.962593699183664 0.0105106841643027 -41.5959968566895 0.961319355386358 -0.27092852802073 -0.0496269046392956 56.539867401123 0.0506181899048998 -0.0033321159089928 0.998712519123657 4.06371879577637
-0.324663608063048 -0.942845749293311 0.0750695320287722 -41.6338157653809 0.940162805054359 -0.330375480309806 -0.0833423181966053 56.9494972229004 0.103380083148558 0.04351936407624 0.993689399842122 4.0550971031189
-0.3226845013902 -0.946151920256868 0.0259086154936975 -41.7024192810059 0.941685124950759 -0.323679831044821 -0.0919809350967319 57.3321685791016 0.0954140346544004 -0.00528306436060957 0.995423654140251 4.05304288864136
-0.141462430945878 -0.988202008469519 0.0586955797968717 -41.6447067260742 0.987714962966702 -0.144871968809316 -0.058576997063692 57.8468780517578 0.0663892503540307 0.0496880580232368 0.996555851082773 4.0597939491272
-0.06137896992093 -0.996120355982695 0.0630623377964528 -41.534294128418 0.998113746166944 -0.0613356500581565 0.0026244512821732 58.4037475585938 0.00125370013747488 0.0631044723363702 0.998006139163038 4.04139709472656
0.151385705311945 -0.987503576999327 0.04380700447119 -41.3524131774902 0.988340917250608 0.150487186068677 -0.0231481774090059 58.9068336486816 0.016266515159441 0.0468005581448057 0.998771799883188 4.04200458526611
0.15616170788821 -0.982565488368057 0.100888959046463 -41.118091583252 0.985724242209647 0.148520756237003 -0.0793051277472443 59.3065185546875 0.0629383770815175 0.111833116896697 0.991731876393773 4.01102018356323
0.300295609390014 -0.952104279532506 0.0576193359643071 -40.7795104980469 0.953480389660048 0.297959460318647 -0.0457745184610711 59.7960929870605 0.0264138886724818 0.0686847938230026 0.997288677155561 3.98633670806885
0.372248042525758 -0.925479511647307 0.0701360702976917 -40.4170074462891 0.927776262385481 0.368945120201342 -0.0557736966108987 60.2636909484863 0.025741052615788 0.0858322305470303 0.995977021024859 3.97651124000549
0.371455064030881 -0.925467334708611 0.0743730313564946 -40.1654815673828 0.928450915283624 0.37024562978046 -0.0299511525232618 60.6520004272461 0.000182523463886985 0.080177216313682 0.99678060809256 3.97901439666748
0.462374741739151 -0.883820270670953 0.0712132526484827 -39.8845291137695 0.885878124511753 0.463886587395706 0.00540208718046744 61.0090255737305 -0.0378093469024817 0.0605884740316984 0.997446484830799 3.97040152549744
0.471287172161195 -0.878784721694767 0.0750054282845914 -39.4346389770508 0.881979458258324 0.469656605446653 -0.0391779041129217 61.4819183349609 -0.000797851275755392 0.0846172906454588 0.996413206233821 3.94165992736816
0.622410666943233 -0.781592454490111 0.0414511370097847 -39.1238632202148 0.782683266792361 0.621298107814413 -0.0373572631420847 61.7679290771484 0.00344464200131971 0.0556946703945149 0.998441905235918 3.92085981369019
0.68989936968625 -0.723251208505695 0.0307660381194419 -38.772289276123 0.723293066203536 0.686945557861639 -0.0703771334742242 61.9994125366211 0.0297657536172468 0.0708060020705383 0.997045891613011 3.89071679115295
0.755864182149183 -0.654703003655893 0.00577192757216519 -38.3081741333008 0.654541522873609 0.755408378904137 -0.0305544745613615 62.296012878418 0.0156439438200095 0.0268729991883227 0.99951643755187 3.86586785316467
0.853578655392029 -0.517763398863966 0.0576588402239357 -37.7989692687988 0.520906776060132 0.849881693544342 -0.0797322872670888 62.4833221435547 -0.00772073272271503 0.0980926591291893 0.995147336082044 3.83806753158569
0.842198107790965 -0.537878735726174 0.0372667799377797 -37.4042053222656 0.539133290401532 0.840916049581742 -0.0468560853748542 62.632152557373 -0.00613534140340554 0.0595538681317191 0.998206238397864 3.83115005493164
0.914258953637272 -0.404632115092301 -0.0200852465758471 -36.7845344543457 0.405104617557589 0.913635084152217 0.0340761183189947 62.8395957946777 0.00456229411599183 -0.0392910224110024 0.999217394279292 3.8010458946228
0.898802166497798 -0.437911044472318 0.0197124992841465 -36.2077941894531 0.438312298898104 0.897182513086989 -0.0542758403488613 62.9929733276367 0.00608228028980666 0.0574234737723066 0.998331383122056 3.75999116897583
0.939482073846905 -0.342259165128389 -0.0152347236908864 -35.7494163513184 0.340734281225029 0.938078982299124 -0.0625137790147338 63.1263961791992 0.0356872879101585 0.0535395821262931 0.997927818345275 3.73431825637817
0.953840168919646 -0.29648418702315 0.047812749351651 -35.1251907348633 0.300018339445262 0.947816049264631 -0.107859782833515 63.1998519897461 -0.0133389711690737 0.117225695142351 0.993015713997791 3.6913275718689
0.958548990315495 -0.280198038749642 0.0517000217214458 -34.6933860778809 0.281277450160688 0.95951249124061 -0.0147910508193256 63.3003273010254 -0.0454623932085168 0.0287199971116302 0.998553119553317 3.67138195037842
0.972455888114021 -0.23135322876483 0.0283765609695451 -34.2679405212402 0.232432953225031 0.971627798583278 -0.0437532087429428 63.3561820983887 -0.0174490093547019 0.0491437133344782 0.998639287987529 3.69355988502502
0.959930510792724 -0.280238014821431 -0.000263625044574541 -33.7049827575684 0.278994576366265 0.955758900975681 -0.0932038065958988 63.4367218017578 0.0263712117171075 0.0893956277157968 0.995647016235106 3.69571089744568
0.978689763150092 -0.203887028535765 -0.0244218570152419 -33.3141784667969 0.20154837282728 0.976541983165328 -0.0757892375354431 63.5374374389648 0.0393014111183372 0.0692519653900464 0.996824741052169 3.66690611839294
0.97854141950826 -0.198632782136119 -0.0547878468971447 -33.0022392272949 0.191042246561197 0.974227558793282 -0.119931329170213 63.5904769897461 0.0771981239125075 0.106890979734251 0.991269271245629 3.6482241153717
0.969972270460003 -0.231509123762884 0.0745474355910889 -32.7024536132812 0.237421247139194 0.967795331874119 -0.0836860024707418 63.7472457885742 -0.0527725870650225 0.0988722469513319 0.993699820286418 3.61101770401001
0.894157690171835 -0.447645955445673 -0.00975313691583626 -32.3882522583008 0.447746904048688 0.893829121082596 0.0243354108148784 63.9385643005371 -0.00217601042810904 -0.026126631582443 0.999656272976253 3.61132335662842
0.962811659728067 -0.267240395057316 -0.0397023820606972 -31.8905181884766 0.269333978565934 0.960975372773188 0.0631311405985774 64.1088333129883 0.0212818204467792 -0.0714765987791946 0.99721521245187 3.57565975189209
0.972634898374024 -0.225274612365003 -0.056856868439528 -31.4777069091797 0.227729833398286 0.972855432249759 0.0411270096472234 64.2454528808594 0.0460486421660947 -0.0529495700259366 0.997534894421607 3.63297176361084
0.989306153121166 -0.145020504705095 -0.0155688346281761 -31.00341796875 0.144564676372219 0.989120459739705 -0.027235463456858 64.4055709838867 0.0193491535214237 0.0246935080414614 0.999507799328555 3.62889719009399
0.987646709630697 -0.153969418496675 0.0291100519314779 -30.3092823028564 0.154806632329402 0.987516274537228 -0.0290949155514177 64.5298461914062 -0.0242669228062966 0.0332419267177868 0.999152686412644 3.5863344669342
0.998489376864159 -0.0461557251836506 0.029809617947821 -29.7929153442383 0.0466483554654717 0.998782469413854 -0.0160471095194896 64.6260375976562 -0.0290326578492347 0.0174134380389059 0.999426774183019 3.58659934997559
0.998948521404076 -0.0361968774440559 -0.0281360560120008 -29.3982410430908 0.0369990485346299 0.998907880280169 0.0285327377184925 64.6800079345703 0.0270725320600521 -0.0295437434574594 0.999196800050109 3.55324792861939
0.993501693962071 -0.110221377024698 0.0283836597582841 -28.8483867645264 0.110423863699076 0.993868450477148 -0.00566334458782852 64.7905731201172 -0.0275854023038006 0.00876077581792826 0.999581059437805 3.52872514724731
0.992997937330512 -0.0930861318842049 0.0727328571430048 -28.442798614502 0.0963902732099081 0.994400683495448 -0.0433150769860202 64.8790054321289 -0.0682935698866856 0.0500225220737818 0.996410425275403 3.5458984375
0.996135606466757 -0.0877645639585626 0.00335184162371832 -28.006046295166 0.0878246784391633 0.9950079411509 -0.0473922240848136 64.9205703735352 0.000824248848750302 0.0475034562933163 0.998870733505604 3.52702593803406
0.989666853913379 -0.106748901504851 0.0957297774608428 -27.2815933227539 0.113539144733942 0.991167592462784 -0.0685249317009008 65.0286178588867 -0.0875692918680955 0.0786859306295343 0.99304589191169 3.50072288513184
0.984953183977438 -0.140102620797477 0.101185379469493 -26.6040287017822 0.145412084060824 0.98824844627433 -0.0471204228064731 65.0657653808594 -0.0933945993181328 0.0611249873787431 0.993751067791202 3.47221660614014
0.993564757954826 -0.0984876994034402 0.0559396533452335 -26.0942325592041 0.100929879758519 0.993979069557767 -0.0426470239642462 65.1143951416016 -0.0514026373068372 0.0480185625283976 0.997522925315809 3.47762012481689
0.989353248081914 -0.132344867347579 0.060539132769795 -25.6958236694336 0.134944393940482 0.990001878903259 -0.0410644653204419 65.1142349243164 -0.0544991839737377 0.0487966787268286 0.997320772415489 3.48227381706238
0.99161994167342 -0.129188194311987 0.000549295923877034 -25.1827087402344 0.12918795742516 0.991580369158856 -0.0088793668187562 65.1253356933594 0.000602438310973438 0.00887591962533956 0.999960426776423 3.46882891654968
0.988588617716993 -0.150151481259082 0.0121275552403704 -24.7017822265625 0.150340920647354 0.988494767471314 -0.0166042844091021 65.2132415771484 -0.00949486699805166 0.018238074392213 0.999788587724001 3.4489426612854
0.985269893146978 -0.170769529558168 -0.00900030180742201 -24.3009452819824 0.170619958499664 0.985217020924811 -0.0153704730445357 65.2579193115234 0.0114920589850344 0.0136084332133414 0.999841358979395 3.41364717483521
0.988351577668979 -0.14115038102159 0.0569010444253978 -23.8659782409668 0.143614168459564 0.988750338607975 -0.0418059627359938 65.2998199462891 -0.0503599993735995 0.0494907854057242 0.997504151682095 3.39767408370972
0.987037680288487 -0.154391522336838 0.0438163841643238 -23.3973026275635 0.154053807257454 0.988001197437518 0.0110026511129273 65.4081573486328 -0.0449893560768002 -0.00410995043075804 0.99897901186524 3.39968109130859
0.968512266035576 -0.245448813540558 0.041699765828658 -22.9754219055176 0.245416204663181 0.969399370058911 0.00597894790968737 65.427734375 -0.0418912523965587 0.00444311387649267 0.999112296847421 3.36470890045166
0.989683586135485 -0.13057508344484 0.0589622499348497 -22.5747966766357 0.128976363674082 0.991188684323074 0.0301676927076587 65.4723281860352 -0.0623818639302928 -0.0222517337137097 0.997804271086928 3.33723092079163
0.984227837646057 -0.156301695670387 0.0828573686109327 -22.18577003479 0.157979734501521 0.987342284204955 -0.0140576423262022 65.544059753418 -0.079611350254817 0.0269257080037694 0.996462261783707 3.36166024208069
0.975949000642053 -0.202555545911977 0.0805903155849349 -21.5483818054199 0.20204493477817 0.979268511553102 0.0145267550078041 65.6061630249023 -0.0818620331793893 0.00210549302367196 0.996641447273223 3.33818173408508
0.974769265213448 -0.206752806788287 0.0841317804423515 -21.1364345550537 0.210143988295464 0.977093630856165 -0.0335788731733663 65.697380065918 -0.0752621005454295 0.0504114414144519 0.995888700004176 3.31311130523682
0.99061447245875 -0.106233648667503 0.0860080161732739 -20.7401294708252 0.108464235899846 0.993863970521583 -0.0216775835769895 65.780143737793 -0.0831773796529762 0.0308029217747956 0.996058584383569 3.32294988632202
0.966097998098265 -0.246750846445758 0.0759518126763671 -20.3024158477783 0.249840067194732 0.967685134788369 -0.0341382590907643 65.86669921875 -0.0650737957603206 0.0519567097487725 0.996526919564859 3.31894207000732
0.96596347110339 -0.229387131308546 0.11956636853198 -19.7673149108887 0.235660507871484 0.970966676584633 -0.0410833055138761 65.9847412109375 -0.10667097788829 0.0678620435311802 0.99197582910277 3.30104207992554
0.981338213465573 -0.172246487048646 0.0854778245605154 -19.3789958953857 0.173012998558325 0.984918264313473 -0.00158585989056596 66.0406494140625 -0.0839155118083331 0.016345039649272 0.996338811126421 3.27927446365356
0.962487141199293 -0.252930996128034 0.0982059785537095 -18.9440975189209 0.255359921671278 0.966761372766782 -0.012796817187348 66.0895538330078 -0.0917050349220251 0.037394642982227 0.995083829255697 3.29211735725403
0.964334681069186 -0.244764180962686 0.100742834012437 -18.4528579711914 0.248988904327301 0.967992191569166 -0.0315538045727301 66.187858581543 -0.0897950355480871 0.0555122759287471 0.994412006570782 3.29478716850281
0.974412319807432 -0.216093427461954 0.0618406146092094 -18.0585861206055 0.217914959490505 0.975664555667714 -0.0243258143537523 66.2181777954102 -0.0550790471754071 0.0371793682230785 0.997789553533601 3.25478649139404
0.961340347371682 -0.187191409218281 0.201950768332698 -17.5954685211182 0.185548843237764 0.982258285239774 0.0272082313086685 66.2677154541016 -0.203460962566338 0.0113153609174654 0.979017670585617 3.2303614616394
0.96464542496971 -0.125885292554547 0.231542862562126 -17.0825691223145 0.131858934598163 0.991213484907505 -0.0104426387544414 66.327392578125 -0.22819383307102 0.0406044388703342 0.972768653942129 3.21995282173157
0.970501359443445 -0.144055992264276 0.193326103801791 -16.5676040649414 0.143156796377466 0.989523561973178 0.0186882837856841 66.3335342407227 -0.193992894120808 0.00953894085673053 0.98095655644782 3.1940495967865
0.973424374427785 -0.171013383048688 0.152313525624347 -16.1590785980225 0.177725376510188 0.983575908189719 -0.0314979899847823 66.3657608032227 -0.144425336469014 0.0577308898858505 0.987830181022427 3.17868375778198
0.984748686582718 -0.0915981048484062 0.147918259392792 -15.7824153900146 0.0938181921199534 0.99555649920703 -0.00808725627060571 66.3965530395508 -0.146520207142074 0.0218413386682989 0.988966523611503 3.19731426239014
0.980947889805003 -0.18327508079824 0.0644319970628792 -15.3774709701538 0.183622545634509 0.982996679332457 0.00053773233551929 66.4276580810547 -0.063434992092809 0.0113036799211935 0.997921955164042 3.22839164733887
0.973872747186014 -0.220261256700454 0.0552887971030482 -14.8624229431152 0.222482592565679 0.974203179405399 -0.037810861424542 66.5103225708008 -0.0455342540689932 0.0491237624083124 0.997754222077377 3.20773506164551
0.992599581114084 -0.118809699722683 0.0251063104408082 -14.489275932312 0.118906355860017 0.992902602895468 -0.00238740434267311 66.5587158203125 -0.0246444741927105 0.00535503643409407 0.999681936155973 3.20227885246277
0.965635160586684 -0.255617091885259 0.0469961591499921 -13.9526300430298 0.257459979860127 0.965522528687434 -0.0384786352076833 66.5976715087891 -0.0355400535895958 0.049255953276188 0.998153673367835 3.20604705810547
0.984214348178139 -0.172443328648238 0.0398172731989235 -13.5579214096069 0.174497058798383 0.983083045511453 -0.0556641904516644 66.6507415771484 -0.0295447679123649 0.0617334919848325 0.997655292501555 3.19431614875794
0.981164418490704 -0.19002273540461 0.0347526102206386 -13.043514251709 0.190824087494315 0.981391307957504 -0.0213838326177082 66.6890182495117 -0.0300424952319186 0.0276126908288552 0.999167147070714 3.15391612052918
0.976582157095942 -0.209080578498291 0.0507208254729365 -12.4160089492798 0.21151220419597 0.976170485841112 -0.0485156680763045 66.7755355834961 -0.0393684888965538 0.0581076093773281 0.997533772768849 3.13278031349182
0.98681817764757 -0.161775708656021 -0.00430166864975823 -11.8511018753052 0.161608592092966 0.986501256032012 -0.0264184558404097 66.8335037231445 0.00851746594120008 0.025375025834558 0.99964171623529 3.12827086448669
0.967879190213288 -0.248981340813226 0.0349022216902766 -11.3196573257446 0.248862830329031 0.968507579618532 0.00776916353780534 66.9097518920898 -0.0357374430071992 0.00116625396100789 0.999360533050513 3.10723114013672
0.982972732051834 -0.16301739657291 0.0847934930118082 -10.9213695526123 0.160992189474408 0.986492190810878 0.0302435513356406 66.9712371826172 -0.0885783436895808 -0.0160774961901906 0.995939451545858 3.11736440658569
0.97595414793987 -0.207729064760791 0.066046474338667 -10.3940048217773 0.210062799269749 0.977211043559942 -0.0305318965582854 66.9841995239258 -0.0581989817945179 0.0436716383720077 0.997349320208314 3.09407734870911
0.991140928893119 -0.132024068156946 0.0144673598204727 -9.99151515960693 0.132124033383778 0.991213910638092 -0.00618248816762028 67.0336380004883 -0.0135240110650377 0.00803920299722115 0.99987622851025 3.07798671722412
0.994019974238718 -0.108278961390867 0.0141406270926658 -9.48346042633057 0.108365741076318 0.994095768878234 -0.00551982421569371 67.0870666503906 -0.0134594567289686 0.00701917505886671 0.999884780465256 3.06594491004944
0.98343031476993 -0.177703542590739 0.0358645638788144 -9.03638553619385 0.177286013577007 0.984052109207015 0.0145298229582394 67.1266632080078 -0.0378746007436325 -0.00793078280661986 0.999251028171893 3.06981039047241
0.986791834054575 -0.152328600074173 0.0551169106776696 -8.5048942565918 0.152795178034364 0.988248401553036 -0.00432786290413478 67.2132568359375 -0.0538099415782487 0.0126922979524066 0.998470528238081 3.0540566444397
0.976880906313553 -0.213407610904544 0.0126841037533398 -7.97387552261353 0.213642628875301 0.976673161005985 -0.0215954554901526 67.2501907348633 -0.00777958914475341 0.0238060534022649 0.999686325711294 3.04753303527832
0.989746254034178 -0.13377105572997 0.0500765141977959 -7.33115816116333 0.134203876178779 0.990939204214344 -0.00536779001395311 67.3137588500977 -0.0489047261918889 0.0120332123696181 0.998730959546245 3.01756501197815
0.97600443459488 -0.21009571763471 0.0572287784483044 -6.68023252487183 0.208395936846627 0.977443853207776 0.0342731284266913 67.3243026733398 -0.063138555233277 -0.0215244804325681 0.997772629202246 2.98495173454285
0.975643879012769 -0.197459829456338 0.0955439014065836 -6.00861406326294 0.199463393444174 0.979834238336593 -0.0117991550156872 67.3484115600586 -0.0912873267252998 0.0305692841660308 0.995355284732504 2.97799396514893
0.964029723770844 -0.263396617101347 0.0356218161507385 -5.39020586013794 0.26340640581384 0.964674449841588 0.00450235483536022 67.3464660644531 -0.0355493609301957 0.00504261067257679 0.999355199623767 2.96957397460938
0.985268871745783 -0.166128990318572 0.0405759651089614 -4.86047744750977 0.165570845155892 0.986055259492353 0.0167726104656531 67.3765335083008 -0.0427965606463352 -0.00980733415361879 0.999035670330967 2.93651509284973
0.978703114378494 -0.196601524478491 0.0590597534584221 -4.45154190063477 0.196621445142267 0.980463876433286 0.00553121321049797 67.3871841430664 -0.0589933997664382 0.00619899847933514 0.998239125261002 2.9112069606781
0.977826789693179 -0.19569924319231 0.0745424414162111 -3.79369235038757 0.197329791755743 0.980220803248765 -0.0151039784156443 67.360466003418 -0.0701122146559879 0.0294785191673902 0.997103452137104 2.90525913238525
0.992819094316231 -0.107259008005168 0.0529693417256277 -3.31342554092407 0.109249234677721 0.993354288339472 -0.0362196432880399 67.3508377075195 -0.048732439744295 0.0417464134905962 0.997939069421195 2.90392589569092
0.989699970614243 -0.131047674045327 0.0576235654352935 -2.68307662010193 0.131889859352399 0.991202819511126 -0.0110469721280524 67.3281555175781 -0.055668960527122 0.0185331519311545 0.998277260641214 2.88681530952454
0.994504532410539 -0.0947179765439089 0.0446008961156878 -2.09670162200928 0.0954377756962554 0.99533280795454 -0.0142909894507948 67.3467407226562 -0.0430391215645267 0.0184690641007876 0.998902661767499 2.88574075698853
0.967380750888928 -0.2460574673654 0.0602511872355952 -1.54529392719269 0.247902076695671 0.968456699321246 -0.0252226467637891 67.3607406616211 -0.0521444453374209 0.0393362974048442 0.99786452613916 2.87939190864563
0.972397140947533 -0.210991768936137 0.0996306866294917 -0.950067639350891 0.212571273504499 0.977130689643712 -0.00539157092867852 67.4442672729492 -0.0962146244483653 0.0264213700932215 0.995009877963358 2.87645936012268
0.972724023589608 -0.229147534219467 0.0360469345823285 -0.542947888374329 0.230160158423835 0.972778755368671 -0.0269776681293059 67.4584808349609 -0.0288838260270319 0.0345383940639659 0.998985897763088 2.85808086395264
0.970437703099836 -0.23782244362631 0.041123590674018 0.0267164055258036 0.23899660705821 0.970661003401062 -0.026416629064035 67.5354690551758 -0.0336345985107182 0.0354640914736835 0.99880479173809 2.8604896068573
0.967459025961036 -0.246325326929462 0.0578521079963208 0.731130421161652 0.247366072654174 0.968854278093403 -0.0114635910499678 67.5443801879883 -0.053226489515788 0.0254012033810325 0.998259344900223 2.84274888038635
0.971870961537981 -0.21470811475607 0.096784604029435 1.41302704811096 0.218043202497429 0.975614082485191 -0.0251857876836238 67.557014465332 -0.0890168296666722 0.0455805607081985 0.994986641378476 2.83587718009949
0.915513540894504 -0.395229742129968 0.0750227123922286 2.06363534927368 0.398228006236404 0.916802314743433 -0.0297988377300554 67.5857315063477 -0.0570036094277034 0.0571573846231881 0.996736485684783 2.82494211196899
0.716984815917195 -0.697012458031274 -0.0103153813980776 2.53447127342224 0.696197445376308 0.716737716335771 -0.0399520091270432 67.8544692993164 0.0352404709913189 0.0214634417320512 0.999148352284747 2.84412717819214
-0.138211701988369 -0.990283452809503 -0.0153690769133305 2.54070448875427 0.988821413964041 -0.137097862259179 -0.0586207083727138 68.2806243896484 0.0559440499037554 -0.0232993402407182 0.998162012914093 2.84491395950317
-0.921043773703275 -0.389459041713189 -0.000147479746373229 2.1407299041748 0.389276994422748 -0.920624690289932 0.0302258373210657 68.3265991210938 -0.0119074991338699 0.0277819087971292 0.999543084117921 2.81606960296631
-0.989040201774948 0.118972607931542 -0.0874356782723044 1.28325724601746 -0.119422684196708 -0.992843499975143 -8.40021562139218e-05 68.1818389892578 -0.0868199387941719 0.010358721884307 0.996170163731428 2.8263087272644
-0.969657548492959 0.243660133699125 -0.0198488764505396 -0.118434309959412 -0.243453837705083 -0.969835037545267 -0.0122567881697678 68.0619659423828 -0.0222366264818079 -0.00705260202307662 0.999727859593506 2.87559723854065
-0.974726712921571 0.223282836674262 0.00725327262718166 -1.39533269405365 -0.223246788688813 -0.974746671710009 0.00545869310292259 67.9710235595703 0.00828893583290543 0.00370146416355661 0.999958795503997 2.90588021278381
-0.957858511707011 0.281240359359192 -0.0584031832860329 -2.60557889938354 -0.280212130973284 -0.959605292267743 -0.0252753774877881 67.8003768920898 -0.0631524600141649 -0.00784495501908302 0.997973057489484 2.91507029533386
-0.953290822803016 0.290026569208516 -0.0843871809736958 -3.79006218910217 -0.293214608621882 -0.955638093395012 0.0279468735829708 67.5828857421875 -0.0725382688673093 0.0513850523545882 0.996041051334858 2.90935564041138
-0.938141177202483 0.34045378340024 -0.063105887249942 -4.70619201660156 -0.339070642353837 -0.940223447138425 -0.0317957378416142 67.3759460449219 -0.0701586140890491 -0.00843153720260682 0.997500214561132 2.9397451877594
-0.964318572739122 0.249861243320188 -0.0875159948630718 -5.49163675308228 -0.249695054716953 -0.968237005798891 -0.0130184581074642 67.1950759887695 -0.0879890329545746 0.00929837018448936 0.996078044327668 2.94146490097046
-0.976499826641633 0.212906374038345 -0.0334509261860498 -6.45752286911011 -0.214327892034076 -0.975628178886973 0.0470447792844087 66.9994659423828 -0.0226195328221006 0.0531086853116625 0.998332521898078 3.06991839408875
-0.927933932531706 0.367897216304105 0.0599187374026985 -7.37453746795654 -0.366426802978912 -0.929813910896662 0.0343145619483633 66.7475891113281 0.0683375073798909 0.00988581502684385 0.99761327965618 3.10712718963623
-0.915996518926781 0.401117011852599 -0.00745118221904146 -8.67616176605225 -0.401171586638215 -0.915646536845807 0.0255495134289908 66.4018478393555 0.00342569528665228 0.0263924679543719 0.999645788390608 3.15729928016663
-0.959006456896694 0.282492507175456 -0.0224632815985383 -9.54373931884766 -0.283377841557956 -0.955435481133262 0.0827045361851779 66.2535247802734 0.00190119551980277 0.0856797804699342 0.996320912494674 3.20340991020203
-0.958510182270164 0.28419343717202 0.0221883021605869 -10.2891941070557 -0.28380080602261 -0.958689780121259 0.0192615677442915 66.0782012939453 0.026745709662169 0.0121653507719422 0.999568242420327 3.25697326660156
-0.91266206462678 0.406243998996085 0.0448750383938842 -11.2534980773926 -0.406134682624585 -0.913735241631396 0.0119384994970821 65.979377746582 0.0458538478277613 -0.00732949387631347 0.998921269749977 3.26235032081604
-0.952235127676423 0.302798566813817 -0.0395131567273979 -12.3345203399658 -0.303578702850574 -0.952682330438366 0.0153736282668061 65.9028091430664 -0.0329883736281166 0.0266346617403268 0.999100776698402 3.28892040252686
-0.946347106904751 0.321274417617105 0.0347836432507928 -13.2520885467529 -0.323130363759932 -0.942028990682221 -0.0903778110523239 65.7527313232422 0.00373112173245067 -0.0967684313142753 0.995299929383898 3.28560066223145
-0.928239418554581 0.370276711581825 0.0355912728292028 -14.4082841873169 -0.368855094564506 -0.928592994775103 0.0407549907178808 65.6621246337891 0.0481404305678919 0.0247023665820763 0.998535073009448 3.32959675788879
-0.963271648234182 0.268463717613076 0.00591303928358513 -15.3635520935059 -0.267662829304346 -0.961699351620705 0.059084404889176 65.5752944946289 0.021548585034636 0.0553316312581002 0.998235477763299 3.34957504272461
-0.961763351507726 0.264568490359214 -0.0708150379910346 -16.3819484710693 -0.259034358308462 -0.962669143242446 -0.0785450308076719 65.4013442993164 -0.0889519921775143 -0.0571982041492671 0.994392230726764 3.33594036102295
-0.95940723139725 0.28047867715552 -0.0294868785013604 -17.4163932800293 -0.278956852834631 -0.959149613968146 -0.0470647668787919 65.3184509277344 -0.041482991686502 -0.036928710860882 0.998456524699444 3.39450216293335
-0.964852041907256 0.262792312096866 0.000859028627327869 -18.453634262085 -0.262734603096998 -0.964699183044041 0.0180558735491494 65.2553939819336 0.00557364897190425 0.017195549916866 0.999836610402017 3.38434863090515
-0.971773882297274 0.230917710182233 0.048296302229853 -19.4114799499512 -0.229596744926094 -0.972779594121645 0.0313878317166041 65.1094741821289 0.0542296635083162 0.0194132013001968 0.998339757402786 3.44059443473816
-0.935461478231564 0.350512812844465 -0.0453055269992403 -20.1244640350342 -0.353326798652291 -0.930553867568301 0.096071186668015 65.0407485961914 -0.00848505149905148 0.105878551111818 0.994342866578486 3.42419123649597
-0.957420709786142 0.288678854711686 0.00317857121206067 -21.0139064788818 -0.288532770936302 -0.957190800942514 0.0231216497432223 64.8787002563477 0.00971723049124333 0.0212200243491483 0.999727605899828 3.43356847763062
-0.941466811962021 0.333635798014898 0.0482430954337579 -21.6442470550537 -0.334376781962017 -0.942405805436694 -0.00796652772174073 64.7818832397461 0.0428066543751591 -0.0236315924596207 0.998803853706536 3.45842432975769
-0.938189143461255 0.338141337852976 0.0739024135359326 -22.2835865020752 -0.34056262922867 -0.939947994819667 -0.0226905841119577 64.6614074707031 0.0617918009471508 -0.0464564599327748 0.997007307228097 3.46780395507813
-0.936053512467841 0.351763055012947 0.00815934584244624 -22.9556083679199 -0.351691076616798 -0.936072231159189 0.00906447355206485 64.5431747436523 0.0108262839762965 0.00561526318326344 0.999925627431684 3.47253274917603
-0.925868738442643 0.376418760277042 0.0328023792753545 -23.7598819732666 -0.375417467748571 -0.926272066753936 0.0328904737065787 64.4396362304688 0.0427645189833841 0.0181376752338091 0.998920527696389 3.52247977256775
-0.967607509034891 0.252340080219632 0.00775837444597166 -24.5371265411377 -0.251846838116521 -0.966943475623609 0.0399184804275591 64.3153991699219 0.0175749421053133 0.0366714993378265 0.999172819159084 3.55020356178284
-0.931507630643256 0.36220291911925 0.033205111577607 -25.4115028381348 -0.362262125080953 -0.932065745603388 0.00442703113086034 64.1776275634766 0.0325528306790554 -0.00790514100416242 0.999438753481415 3.52757239341736
-0.932632186597715 0.360824516740417 0.00169488672461553 -26.334135055542 -0.360679669753173 -0.932102331102703 -0.0330971324988911 64.0398101806641 -0.0103624489724368 -0.0314787622366585 0.999450702725923 3.52262306213379
-0.951827927615996 0.304083940127899 -0.0394531819569703 -27.2009792327881 -0.30233152118926 -0.952150978921443 -0.0447678973632551 63.8916816711426 -0.0511785844433551 -0.0306833944541853 0.99821805323243 3.53567028045654
-0.852453201235497 0.503768769886407 -0.139787575236466 -27.8766822814941 -0.501544079399567 -0.863486813076843 -0.053329729622773 63.7552642822266 -0.147570580139114 0.0246485319955146 0.988744341954922 3.48937177658081
-0.899412933816127 0.436462413453701 -0.0235994941987565 -28.4847736358643 -0.43024105625054 -0.893535367044889 -0.128402419589258 63.5457000732422 -0.0771298126581818 -0.105333325600812 0.991441315720294 3.49952030181885
-0.841519613247522 0.540129358157601 0.0102477790764429 -29.2109241485596 -0.536611065088053 -0.833546313027588 -0.131335862821923 63.4251098632812 -0.06239635682319 -0.116020776132432 0.991284961129151 3.5138897895813
-0.905506098922228 0.424297566663725 0.00550270278046503 -30.14990234375 -0.424113142831391 -0.904542678383749 -0.0439384235041884 63.364387512207 -0.0136655366644758 -0.0421202790303604 0.999019086505396 3.53788042068481
-0.947465252801132 0.317350057327865 -0.039981693917199 -31.1613388061523 -0.317756583540469 -0.948163495314205 0.00409142643085743 63.2992210388184 -0.0366107682407288 0.0165809308409195 0.999192035787552 3.52468872070313
-0.92793229876043 0.361411423558531 -0.0912328440781065 -31.7976837158203 -0.360123333682365 -0.932396588952986 -0.0307861242500135 63.2278366088867 -0.0961916496099533 0.00428763690549184 0.995353596826315 3.52523612976074
-0.940240635333104 0.33630448080201 -0.0533558231207321 -32.5315208435059 -0.338331785551607 -0.940381908800706 0.034834874562733 63.0804252624512 -0.0384597263882838 0.0508051354966261 0.997967778865284 3.55224370956421
-0.909426903438306 0.40424329724385 -0.0976220463626711 -33.1628837585449 -0.406444217110387 -0.913670902114863 0.00292933544302469 62.9112739562988 -0.0880102589482591 0.0423419326676718 0.995219249742401 3.5571231842041
-0.902195052088751 0.42498051487618 -0.0737268605201205 -33.8795051574707 -0.424364326108377 -0.905156946831827 -0.0246134176551788 62.7138252258301 -0.0771946028758487 0.00908094585721099 0.996974688600056 3.59442853927612
-0.89389508582263 0.443701258085476 -0.063880897892239 -34.6382789611816 -0.444095254525193 -0.895937595407798 -0.00867352541335485 62.495677947998 -0.0610817521880056 0.0206159818649961 0.997919836881393 3.63770747184753
-0.809131762443904 0.580699053827057 -0.0899688828917057 -35.3273696899414 -0.581468722479101 -0.813320137775673 -0.0201116450615783 62.284797668457 -0.0848523174871695 0.0360411205835908 0.995741493483191 3.64908909797669
-0.846558196845717 0.531576358011747 -0.0276730004931891 -35.8801612854004 -0.531431181048359 -0.847002176651306 -0.0129696783882821 62.0288009643555 -0.0303334660544305 0.00372670778519433 0.999532887145895 3.68765592575073
-0.71725947491805 0.693589320833599 -0.0668782450866497 -36.5576515197754 -0.69171852666825 -0.720312393164625 -0.0517255847463973 61.7307281494141 -0.0840495419629894 0.0091602554024654 0.996419472018072 3.71076512336731
-0.728353127013747 0.683768086191036 -0.044304928348254 -37.3233413696289 -0.678866866990076 -0.728881218059595 -0.088723992600872 61.3280830383301 -0.0929596647604444 -0.0345452495519907 0.995070412815604 3.73908686637878
-0.526701469221561 0.850033354625402 0.00537199628957858 -38.0045776367188 -0.848525335189858 -0.525367690137905 -0.0631945068823365 60.874267578125 -0.0508951653970052 -0.037842914573912 0.997986771433251 3.84192872047424
-0.401624309241359 0.913956509988366 -0.0581499103721349 -38.6353073120117 -0.909759842769966 -0.405451643398756 -0.0891403014826308 60.5212059020996 -0.105047335566249 0.017101541308713 0.994320167036402 3.88244700431824
-0.576204285815075 0.814737804582453 -0.0647373987159127 -39.2447509765625 -0.813102329405623 -0.579462752204655 -0.0555654633972985 60.1459846496582 -0.0827841948894145 0.0206210715427451 0.996354128051337 3.9256763458252
-0.247635228056109 0.968801064555647 0.0100643500258871 -39.9206085205078 -0.967440931607876 -0.246700173786337 -0.056542622007439 59.5112419128418 -0.0522956754931416 -0.0237386092607745 0.998349458233479 3.92387270927429
-0.147693970800159 0.989021015360086 0.00489102907229682 -40.23291015625 -0.986401888414033 -0.146938758859257 -0.0736227931970123 59.0354423522949 -0.0720958079399269 -0.0156981629818672 0.997274165992724 3.95863747596741
-0.0145492389118821 0.997707422064704 -0.0660925079270537 -40.5460510253906 -0.998534257455371 -0.0179438836168948 -0.0510622534637201 58.4919242858887 -0.0521311455382944 0.0652527164012811 0.996506109698841 3.96500182151794
-0.0241807825911436 0.9974808149332 0.0666881818126638 -40.7912254333496 -0.990526921010579 -0.0148856472635556 -0.136509473146909 57.7879905700684 -0.13517288376957 -0.0693573452904886 0.988391546983114 3.96788167953491
0.155872379091001 0.983254482310623 0.0944162298155333 -40.9699668884277 -0.975799588852037 0.168117393072031 -0.139827409841058 57.0000953674316 -0.153358937896382 -0.0703360872008987 0.985664177600343 3.98412680625916
0.203444296789149 0.977329324151474 0.0586328428237332 -41.1633338928223 -0.967802443926908 0.209804382314999 -0.139070308443339 56.3341598510742 -0.148218917932471 -0.0284519474736861 0.988545213458586 4.0153431892395
0.143418032846825 0.986644730427663 0.0772233369757547 -41.1651725769043 -0.970305773739844 0.155541433654102 -0.185239217942502 55.6232109069824 -0.194776726796274 -0.0483636054916345 0.9796545250048 3.98296451568604
0.32718460817261 0.938587586190921 0.109560828872532 -41.1550598144531 -0.923101610998104 0.342254127929686 -0.175344026666991 54.8584251403809 -0.202073372683389 -0.043765910974075 0.978391995617794 3.95812058448792
0.294333363397427 0.94733830999729 0.126166547082164 -41.0793113708496 -0.928678163639062 0.314679075402803 -0.196300656859868 54.1496238708496 -0.225665104903565 -0.0593902846862566 0.972392952727316 3.95074486732483
0.276789882179766 0.957241923652518 0.0841145690409135 -41.0150337219238 -0.931948896085544 0.288747347437073 -0.219308514273818 53.5881767272949 -0.234219162768222 -0.0176881019355209 0.972022898311594 3.94057631492615
0.208879961267393 0.973152570942523 0.0966604130391033 -40.871696472168 -0.94897616933295 0.225578412163219 -0.220360182437936 53.0899772644043 -0.236248580565243 -0.0456996021194773 0.970617408944961 3.94669771194458
0.313722026307927 0.948273446620582 0.0485382389830022 -40.7300796508789 -0.934843273413719 0.317422267728839 -0.159094808535681 52.3565063476562 -0.166272500319121 0.00453589949227838 0.986069409957242 3.92120218276978
0.214833575790858 0.975258156595003 0.0521350429925083 -40.6330833435059 -0.969429939032507 0.219420400027779 -0.109819312322921 51.881519317627 -0.118541672083465 -0.0269483959924583 0.992583324428277 3.94309425354004
0.253353745852188 0.963103142208869 0.0907976702898689 -40.5439491271973 -0.953324851975447 0.264510247581727 -0.145622991077114 51.3136711120605 -0.16426687453244 -0.049665545317218 0.985164822524478 3.93386626243591
0.191345222559534 0.979038211453446 0.0697938845292328 -40.3745765686035 -0.969000497869328 0.199748138458529 -0.145391596426154 50.6206169128418 -0.156285127035927 -0.0398103214806126 0.986909366340686 3.91171717643738
0.244875953969484 0.968520814251051 0.0447571170878557 -40.219295501709 -0.954030808101629 0.248925889982376 -0.166916501549232 49.8269653320312 -0.172803311196539 -0.00182583103350915 0.984954659860315 3.87887978553772
0.204408994494284 0.973582452946964 0.101755443508482 -40.0855751037598 -0.960435888155496 0.219556763036252 -0.17134098327022 49.2322082519531 -0.189155670580607 -0.0627059416547981 0.979942905055384 3.87856268882752
0.283782116617942 0.956343240028788 0.069823474126409 -40.0379638671875 -0.940356566100604 0.291805595840973 -0.174868587308802 48.7653503417969 -0.1876092718373 -0.0160343845262432 0.982112854835707 3.89185786247254
0.228790852180628 0.970245675308389 0.0792343076187942 -39.8739433288574 -0.955657854878273 0.239359412821243 -0.171537564117386 48.0742034912109 -0.185399057084762 -0.0364746629763362 0.981986144806964 3.87014102935791
0.286799726243973 0.957175804418551 0.0395018539069082 -39.8100051879883 -0.936482465952505 0.288810676019428 -0.198969807711411 47.5692176818848 -0.201857642882049 0.0200716928260117 0.979209180490666 3.88127946853638
0.120408029183169 0.986747201587589 0.108774384242283 -39.6411743164062 -0.974844441480763 0.138229712868038 -0.174845249848201 47.0618324279785 -0.187563912899804 -0.0849853319078212 0.978568991915354 3.87867069244385
0.192298911600557 0.973628540298788 0.122754202017253 -39.4957046508789 -0.967611348686297 0.208967800514622 -0.141635928498267 46.3941116333008 -0.163552457917104 -0.0915419240770731 0.982278305596505 3.86497378349304
0.084239566048921 0.994748579238436 0.058128819143378 -39.3756942749023 -0.987146717586783 0.0912623694426613 -0.13119656200279 45.7286682128906 -0.135812567421171 -0.046329731564356 0.989650697217783 3.84334182739258
0.175710580216241 0.981871388697277 0.07109407892189 -39.2551651000977 -0.978051710499323 0.182329302876096 -0.100850765500637 44.9586219787598 -0.111985015021741 -0.0518131389745593 0.9923581788045 3.80875253677368
0.0691317829255088 0.995450752645657 0.0655636762753255 -39.1431579589844 -0.990161724839297 0.0764820804634331 -0.117176149583664 44.2601585388184 -0.121657532659547 -0.0568180466505167 0.990944576816489 3.80000042915344
0.148593279826876 0.980090751587747 0.131689619342058 -38.9643020629883 -0.982690726768005 0.161243115222687 -0.0912118047045112 43.5646209716797 -0.110629890691723 -0.115856706519077 0.987085736316806 3.78812408447266
0.11691675244228 0.987995991435222 0.100967291269422 -38.9120025634766 -0.984597587604328 0.128617232077723 -0.118428029183986 42.954963684082 -0.12999255164081 -0.0855659308404857 0.987815978812508 3.79278826713562
0.0681012074766678 0.997112365636455 0.0336029140863288 -38.8105163574219 -0.986858141616279 0.0722714290629133 -0.144526291265185 42.2665100097656 -0.146537482801789 -0.0233188944008423 0.988930227719852 3.77912425994873
0.0869849422273218 0.995068970097145 0.0476588352303918 -38.7305641174316 -0.988767800573622 0.0920728931890888 -0.117731979039647 41.7958183288574 -0.121539525976164 -0.0368826122935832 0.991901112276768 3.76621747016907
0.085847426813965 0.996000354827647 0.0247691843349981 -38.6247634887695 -0.983976985393508 0.0886580418949872 -0.1546901542544 41.1142616271973 -0.156267435908203 -0.011092555636412 0.987652491357223 3.7348906993866
0.097512726713902 0.990206881016607 0.0999079622261507 -38.4396667480469 -0.980136081846083 0.112967823027638 -0.163007766759146 40.2952079772949 -0.172697797299872 -0.0820280668293378 0.981553293031007 3.75379753112793
0.0617395627090215 0.991200017646538 0.117092917864413 -38.231819152832 -0.986100196758803 0.0787078330721245 -0.146326617419184 39.3145484924316 -0.154255075601254 -0.10643120797301 0.982281919624228 3.71086931228638
0.0938255982211238 0.991776442469619 0.087041629584672 -38.0245132446289 -0.984525897409641 0.105424777021758 -0.139979904699404 38.5014381408691 -0.148005116290586 -0.0725610401814892 0.986321134823537 3.70283365249634
0.1204906140858 0.990393365456492 0.067845365184288 -37.8578910827637 -0.980584940277321 0.129391100939156 -0.147346930402625 37.726863861084 -0.154710008785954 -0.0487742212394582 0.986755232326606 3.70928287506104
-0.0220758695075381 0.997610268862824 0.065470660947706 -37.7149505615234 -0.989047883801892 -0.0122334343933656 -0.147087139580396 37.0353202819824 -0.145934709827669 -0.0680006951610537 0.98695438897911 3.68490409851074
0.0975231852468783 0.983924361850479 0.149606411949593 -37.5961380004883 -0.984959620966905 0.116963244315553 -0.127177610230385 36.4400978088379 -0.142631600299634 -0.134953509166336 0.980532394650813 3.68756008148193
0.0454057377268237 0.995026062176501 0.0886648440533754 -37.4118461608887 -0.990557942964135 0.0563388885022142 -0.12498356401142 35.556266784668 -0.129357182298257 -0.0821526946110811 0.98818907814041 3.65660452842712
0.0630749853525667 0.997433129288884 0.0338924596297998 -37.314323425293 -0.98693483304942 0.0673841083463393 -0.146352373592242 34.9308776855469 -0.148260519142784 -0.0242184751657267 0.988651750579626 3.62755799293518
0.106214554280821 0.978183213565895 0.178538704926481 -37.0678367614746 -0.981820303553624 0.131579337159126 -0.136805590392476 33.9778099060059 -0.157312936495366 -0.160762180660327 0.974375780323249 3.63415098190308
0.0936591412521413 0.990134289320567 0.10422118005265 -36.9564094543457 -0.991562206343045 0.102189717036148 -0.0797599691836997 33.2187919616699 -0.0896234133026865 -0.0958715330206383 0.991350741637009 3.6399712562561
0.168675514397627 0.984590590832366 0.0461512652813345 -36.8545875549316 -0.980427394763334 0.172417577375308 -0.0950489484929316 32.3267440795898 -0.101541589707264 -0.0292155345048115 0.994402211433241 3.58636784553528
0.114623880532442 0.989046317645357 0.09299864280646 -36.7004737854004 -0.982988189620999 0.126447459247193 -0.13321133253429 31.595401763916 -0.143511620007985 -0.0761473676635542 0.986714747695906 3.58086705207825
0.0617665402016349 0.99334749297218 0.09718874789504 -36.5116386413574 -0.987796126444321 0.0747883791610666 -0.136621780562455 30.5527629852295 -0.142981492134873 -0.0875640140031644 0.985844225199163 3.5443766117096
0.0191064751721588 0.995309367895794 0.0948377814237108 -36.4546394348145 -0.979367000505059 0.0377181441333788 -0.198538711401221 29.726655960083 -0.201184544456624 -0.0890876185673942 0.975493810995114 3.5158486366272
0.124697184519657 0.985412872530591 0.115810547118475 -36.3723030090332 -0.973259908290262 0.144175742083693 -0.178825351417092 28.8259220123291 -0.192913874793134 -0.0904147446251221 0.977041151061036 3.54649496078491
0.14693605581751 0.984596169125883 0.0947638076663776 -36.2058982849121 -0.974059038306034 0.160698190726757 -0.159326963792919 28.0233917236328 -0.172101090627332 -0.068894667716619 0.982667155940962 3.50372934341431
0.18937316882088 0.976615635658933 0.101782626794741 -36.0714225769043 -0.960153113564515 0.205878255364106 -0.18899773141654 27.3042182922363 -0.205532969236338 -0.0619358067254374 0.976688360943328 3.47493147850037
0.243101689347147 0.959825787429724 0.140128606720663 -35.881275177002 -0.932513496080079 0.271028137350404 -0.238667820187135 26.338680267334 -0.267058323714261 -0.0726512666736219 0.9609378987144 3.47479176521301
0.211818835841094 0.976251085899792 0.0454598511040207 -35.6893310546875 -0.969090321213811 0.215829976577495 -0.119504688361044 25.4825496673584 -0.126478180381583 -0.0187413577425384 0.991792332798217 3.46130800247192
0.2795760755767 0.958677681641042 0.0526718206300845 -35.4791297912598 -0.950928320992718 0.284055837550784 -0.122668698074496 24.7852554321289 -0.132561481204386 -0.0157918927516252 0.991048974483209 3.44015622138977
0.352095552080347 0.927973749849638 0.122038689747301 -35.164867401123 -0.924674309819768 0.365069686263655 -0.10817367947284 23.9731597900391 -0.144934961153518 -0.0747585698188425 0.986612899405876 3.43676900863648
0.245817292967997 0.967501814858412 0.0592798171687794 -34.9548606872559 -0.96265849504925 0.250827424327348 -0.101853940104552 23.4156913757324 -0.113412875756675 -0.0320287597478664 0.993031559499301 3.42122292518616
0.315191612806941 0.945354168221807 0.0834250792137181 -34.7656440734863 -0.92160385630246 0.325878281929412 -0.210830921392404 22.6847953796387 -0.226496311812345 -0.0104327365724555 0.973956148264908 3.37892508506775
0.0400831994569292 0.998286976730875 0.0426198218065959 -34.6002731323242 -0.985141102771232 0.0466125365933613 -0.165300571877453 21.8813304901123 -0.16700402615499 -0.0353607624615549 0.985321912740278 3.35163140296936
0.242960714971578 0.967917481775005 0.0640768246313088 -34.4187049865723 -0.953869601500744 0.250399264743263 -0.165629078210458 21.2843990325928 -0.176360070064945 -0.0208795759144033 0.984104247016708 3.3274416923523
0.35205559095185 0.928589525538993 0.117381233333155 -34.0426826477051 -0.916427777673255 0.367479175261206 -0.158490327964212 20.3418846130371 -0.190307617263218 -0.0517740167324559 0.980358333469443 3.30786514282227
0.418109406179909 0.889152862690595 0.185988470699137 -33.6298065185547 -0.880616999684821 0.446983134411635 -0.157225244212417 19.3162288665771 -0.222930985576226 -0.0980472555488977 0.969890979105044 3.2477753162384
0.301809016095013 0.949299053515278 0.0879921860096558 -33.2824630737305 -0.933989050863634 0.312926829365586 -0.172456523013916 18.2146034240723 -0.191247929846594 -0.0301348047645779 0.98107906045904 3.20111274719238
0.306878473361447 0.94985505887841 0.060008080376231 -33.0159721374512 -0.946351662843941 0.311236211540362 -0.0868939057616297 17.6125907897949 -0.101213303571495 -0.0301228775035767 0.994408607882619 3.19201016426087
0.212359242814944 0.972481591748406 0.0958285223800833 -32.7796401977539 -0.971601042139938 0.220601454119158 -0.0855944703418324 17.0534343719482 -0.104378958146024 -0.0749303153002815 0.991710885765277 3.17398285865784
0.136441374998436 0.990311947132377 0.0258069478128692 -32.3813972473145 -0.985983150691685 0.138277925980108 -0.0933618858996422 16.1077346801758 -0.0960259222326659 -0.0127067916296743 0.995297724153856 3.13141202926636
0.272520483427691 0.961068975801998 0.0455961606194544 -31.9375686645508 -0.950013431298004 0.276283899173626 -0.145401813643469 15.3638601303101 -0.152338657161371 -0.00369199245872161 0.988321457181799 3.07766699790955
0.320926375904481 0.935438852232412 0.148190468596745 -31.5485324859619 -0.916940372772557 0.346052286754349 -0.198665969939017 14.5600337982178 -0.237121517430495 -0.0721246737683622 0.968798956133452 3.02711367607117
0.22830659698291 0.966013801871484 0.121216469045604 -31.2930240631104 -0.950693590950586 0.248045290086606 -0.186159152854032 13.8003835678101 -0.209899485229389 -0.0727383575539906 0.975013506286341 2.99075126647949
0.138273757530776 0.983421613133451 0.11731282453475 -31.0107173919678 -0.974506525510605 0.156229160845394 -0.161026336475725 13.0228805541992 -0.176684463707395 -0.0920563964292809 0.979953172432686 3.00061273574829
0.242738564175294 0.942887961093973 0.22812339267635 -30.7101955413818 -0.945045323729427 0.282930664515416 -0.163827882773377 12.2213859558105 -0.219014441439963 -0.175819600445788 0.959750041698267 2.96709728240967
0.214229766475908 0.967635324773338 0.133369731972718 -30.5229244232178 -0.975561583999216 0.218784878854279 -0.020316806089044 11.7229118347168 -0.0488385399108079 -0.125757922356863 0.990858083674885 2.99898743629456
0.117709227453188 0.992384973463835 0.0362850136496693 -30.212438583374 -0.993039450117696 0.117782145982022 0.000128832499696322 10.6641578674316 -0.00414587533785261 -0.0360476147761908 0.999341473764914 2.99794340133667
0.113699783732262 0.993047405667932 -0.0304829341669654 -29.7661151885986 -0.987154106342884 0.109452231173964 -0.116391492049135 9.5588493347168 -0.11224584406391 0.0433250411105616 0.992735519311739 2.90941691398621
0.272681349564582 0.959170800058106 0.0750750152549452 -29.2174263000488 -0.957496070317994 0.278176093584182 -0.0762845743505374 8.48805713653564 -0.0940540106812906 -0.0510826514008092 0.994255704434542 2.88346195220947
0.420476787960628 0.900898448629261 0.107616244330047 -28.9061965942383 -0.900325458013242 0.428979692147239 -0.0734199794232158 7.88654947280884 -0.112309128923513 -0.0660182473461053 0.991477811439969 2.84980916976929
0.345771024056864 0.92289900341086 0.169410237075298 -28.4879665374756 -0.92518395760844 0.36543165944896 -0.102441919429321 7.14440155029297 -0.156451409410884 -0.121314186209281 0.980207031559011 2.80431890487671
0.430539272685254 0.892765386074894 0.132687226597734 -28.2131462097168 -0.887520512728847 0.445495419269932 -0.117648505706749 6.59757232666016 -0.164144065263342 -0.0671103333030988 0.984150866992846 2.78016686439514
0.51276124152931 0.842061922884517 0.167354794413994 -27.8335018157959 -0.840065599095025 0.532319540510057 -0.104526054207922 6.07166624069214 -0.177103637462466 -0.0869920963030027 0.98034008220534 2.75184392929077
0.532582544695352 0.843468512746771 0.0701191920273848 -27.418607711792 -0.827105253404886 0.536244887800596 -0.168339894551961 5.67950057983398 -0.179590458755084 0.0316589373238748 0.983231904899176 2.67226028442383
0.556504299466906 0.82095502499936 0.127811625461646 -26.9706249237061 -0.809714019206158 0.570368484744359 -0.137996372095189 5.38744688034058 -0.186188538250499 -0.0266952905720137 0.982151306920384 2.60989093780518
0.61097584197217 0.787237427513242 0.0834610882311739 -26.4670944213867 -0.775150691304912 0.616320237703504 -0.138891217744729 5.0109806060791 -0.160779122699172 0.0201642584646713 0.986784412313376 2.55191111564636
0.816651341414637 0.545784823266369 0.18761533321606 -25.875394821167 -0.529596861180168 0.83788104819886 -0.132221457023034 4.65743446350098 -0.229363796606589 0.00861833866116131 0.973302611239142 2.48236536979675
0.84063897548105 0.513624333568909 0.171802668396231 -25.2802963256836 -0.516900047058095 0.855567765411048 -0.0286031491427948 4.42774820327759 -0.161680098507859 -0.0647598853877873 0.984716051961706 2.39569592475891
0.926683920968934 0.300326822174364 0.225966171141369 -24.7172813415527 -0.319205043624741 0.946293071902456 0.0513572019676044 4.18001508712769 -0.198406276972704 -0.119721434806229 0.972780410630153 2.28721904754639
0.985319955318413 0.120219202491766 0.121210267731588 -24.0434875488281 -0.127739791888822 0.99020930964481 0.0562855990547199 4.02526330947876 -0.113256925702229 -0.0709426983204882 0.99102976864244 2.14687418937683
0.995335135537055 0.0436673138985078 0.0860298416964756 -23.5219268798828 -0.0417423198109071 0.998838914844817 -0.0240499673270688 3.94863224029541 -0.086980151196899 0.0203466923237738 0.996002241668786 2.05968713760376
0.993789372732582 -0.0755573460374577 0.0816931460010953 -22.9537734985352 0.0748037619019193 0.997123022168332 0.0122505455883539 3.83272194862366 -0.0823837353432179 -0.00606350737339751 0.996582236460811 1.93665134906769
0.998939710432274 -0.0257611296477924 0.0381551978209359 -22.3816528320312 0.0298789440229595 0.993302292844157 -0.111614531915038 3.70416378974915 -0.0350243290522171 0.112636225211118 0.99301882013617 1.83602607250214
0.99056626476202 -0.108465045455436 0.0837484867312203 -21.7823925018311 0.113732911834228 0.991642219791588 -0.060914141974746 3.60727548599243 -0.076441480108164 0.0698644533447595 0.99462337509115 1.73914301395416
0.998385011914189 -0.0454104485394222 0.0341358923796131 -21.2601470947266 0.0466595111712426 0.998235306774475 -0.0367309450753822 3.57777619361877 -0.0324076843104335 0.0382643890885318 0.998741997978115 1.67245054244995
0.953987448711366 -0.286023090754151 0.08999299559756 -20.4405174255371 0.287928590736302 0.957612562262131 -0.00867797409322235 3.52935123443604 -0.0836963221281962 0.0341902347637202 0.995904590565289 1.61569917201996
0.978247424065116 -0.20329866783886 0.0412508056273975 -20.0244846343994 0.206797656658651 0.971390321071676 -0.116771457680193 3.49878811836243 -0.0163311515348778 0.122761947619005 0.992301767461055 1.56231439113617
0.932875164226929 -0.343357483223375 0.108855714976709 -19.1921138763428 0.350672944757382 0.934781168223688 -0.0566802730193042 3.53127193450928 -0.0822946765214307 0.0910483731258633 0.992440315569338 1.49719285964966
0.940964305179004 -0.316694484121321 0.119544050902271 -18.0817718505859 0.316676315228998 0.948329979883794 0.0196560582667569 3.65536499023438 -0.119592172620027 0.019361120337742 0.992634302886662 1.45578217506409
0.970299350027713 -0.23169665168144 0.0695401534036881 -17.4683876037598 0.233354279846438 0.972249546522185 -0.0166312767025585 3.71592211723328 -0.0637569714866485 0.0323648093925519 0.997440508351167 1.42318272590637
0.974610902347853 -0.216849629627927 0.0557658242558562 -17.1393260955811 0.216851205986366 0.976185635136729 0.00609591789318943 3.74289298057556 -0.0557596941075065 0.00615173820418636 0.998425266422132 1.42143750190735
0.967720370364036 -0.238518630036628 0.0814011542175084 -15.9684286117554 0.245290094763359 0.965550838463147 -0.0868582048749353 3.78710675239563 -0.0578796526723729 0.104021351022587 0.992889472367373 1.37369084358215
0.918081465085155 -0.343045626171183 0.198610477648878 -15.1828279495239 0.363289537671964 0.928622594619662 -0.0753710062287783 3.89777970314026 -0.158578483046048 0.141349832425328 0.977176079111716 1.28645932674408
0.96921399675848 -0.204364495338814 0.137329463453278 -14.7614831924438 0.203258641448853 0.978873833650543 0.0221797761633147 3.95308637619019 -0.138960977126026 0.00641645066995856 0.990277070317686 1.27916693687439
0.986642566524024 -0.0869200698879449 0.137772810719536 -13.849570274353 0.0923965311340435 0.995146622133592 -0.0338538253451202 4.15814590454102 -0.134161570344425 0.0461313549202377 0.989885130273175 1.17859506607056
0.991493645682407 -0.0195058215797257 0.128685172012585 -13.1208038330078 0.0296899412966468 0.996534405495478 -0.0777025485397674 4.36534929275513 -0.126723549339538 0.0808622383333107 0.988636657450307 1.11415314674378
0.981333465588053 0.0610246933905477 0.182374932799251 -12.1485261917114 -0.052901327745417 0.997392693076654 -0.0490842675413596 4.62044048309326 -0.18489477775133 0.038520158279652 0.982003115354731 1.07052481174469
0.995430780839601 0.036348526261803 0.0882969149838008 -11.7436113357544 -0.0307256195628631 0.997462188951845 -0.0642270808450183 4.67982244491577 -0.090407393832251 0.0612206358182381 0.994021396595904 1.04158008098602
0.984176033645166 0.0144736918994449 0.176601378933658 -11.3145027160645 -2.95559089030046e-05 0.996671757778894 -0.0815193619478085 4.73421192169189 -0.177193492896657 0.0802241826928109 0.980900885200107 0.999596834182741
0.985573354504825 0.0641599333119982 0.156616301346654 -10.8414402008057 -0.0610244745775179 0.99782932010096 -0.0247519988969407 4.83092069625854 -0.157864424088025 0.0148374830836037 0.987349316454465 0.997479915618898
0.993358893783997 0.0018160516976156 0.115042644686504 -10.4142866134644 -0.00171234019813206 0.999998033620902 -0.00100032263587789 4.92099809646606 -0.115044235106673 0.000796687242006626 0.993360050162155 0.958441376686098
0.984394097017936 -0.0306767527700206 0.173283578551831 -9.96783351898193 0.0419523104203643 0.997207338691415 -0.0617861417340333 5.04328441619873 -0.170904258012008 0.0680915596786539 0.982931978365692 0.921721100807192
0.968750934516977 -0.0461765435587586 0.243699310006101 -9.55149841308594 0.059103912800769 0.9971914293329 -0.0459997908326573 5.20610189437866 -0.240890751927347 0.0589659231249304 0.968759343462504 0.898860394954683
0.972170726266754 -0.130920808299834 0.194277690289159 -9.11759567260742 0.135210941762587 0.990776594999295 -0.00892972727902554 5.36912250518799 -0.191316701355753 0.0349496889216717 0.980905927715106 0.878183305263521
0.954432856307498 -0.195878625144363 0.225143258864805 -8.91909313201904 0.198037570004029 0.98010576605666 0.013183634149502 5.46357202529907 -0.223246598333793 0.0320039302905517 0.974236472720226 0.866034984588625
0.965318779810451 -0.143747274469794 0.217936629385169 -8.53712177276611 0.13845686124494 0.989582939124217 0.0394373448456614 5.6331844329834 -0.22133538108369 -0.00789478795040567 0.975165791752231 0.854379892349245
0.964803705956037 -0.159147260963188 0.209346502959596 -8.26084041595459 0.159359235392786 0.987091538079747 0.0159665132820339 5.728844165802 -0.209185188453972 0.0179567474580922 0.977711159879134 0.830476343631746
0.962261038085377 -0.130306408310573 0.238901516395463 -7.71680641174316 0.125904373715623 0.991471071542352 0.0336630802799986 5.93703079223633 -0.24125045753766 -0.0023139247738993 0.970460129263439 0.816435754299166
0.971394161111406 0.0430613690107132 0.233536083416655 -7.44440269470215 -0.0312224858133277 0.998044130509471 -0.054157824321432 6.04015636444092 -0.235411427374086 0.0453170172729597 0.970838723891449 0.81952613592148
0.98000514149335 0.0846755637454983 0.180055467984123 -7.04210186004639 -0.0694054467487938 0.993566542773109 -0.0894897147357876 6.15617418289185 -0.186474680877056 0.0752035503568438 0.979577265663881 0.831204235553743
0.991013112874559 -0.0206480291736102 0.132161526178851 -6.38476514816284 0.0267238841840944 0.998657870706916 -0.0443654289874945 6.36492109298706 -0.131068089651114 0.0474985912041089 0.990234840686204 0.800450861454012
0.986916534834581 0.0222599976116358 0.15968796378072 -5.96451997756958 -0.0161303863353408 0.999086233693791 -0.0395791394578952 6.43176507949829 -0.160423077849713 0.0364854786166336 0.986373786119309 0.784238100051882
0.993558233231908 -0.0210643496753101 0.111347790053714 -5.50835418701172 0.0227823770493921 0.999639887932828 -0.0141794834046605 6.49469709396362 -0.111009010774211 0.0166249098162959 0.993680336879286 0.747319698333742
0.990470780038516 0.0122463123337662 0.137177482569544 -4.87900066375732 -0.0100437815097731 0.999809483449696 -0.0167367636368532 6.60945463180542 -0.137356311623739 0.0151994946717251 0.990405078247707 0.720467150211336
0.992688980508789 -0.0252163492194218 0.118036959078357 -3.89664387702942 0.0309971813514332 0.998395027496826 -0.0473977195430135 6.77801322937012 -0.116652315556477 0.0507100069183191 0.991877377740644 0.621872484683992
0.9908267446208 0.052564921309798 0.12449614930528 -3.49541997909546 -0.0491665743106843 0.998333435323409 -0.0302158879715957 6.91749715805054 -0.125876964194009 0.0238176607385108 0.991759904877307 0.619147419929506
0.993178441499594 0.00341536732043106 0.116554359019744 -2.77527022361755 -0.00290206122680949 0.999985330806416 -0.00457342460505772 7.25217342376709 -0.116568269186227 0.00420397883544029 0.993173783977849 0.556029021739961
0.986347312658711 -0.0120432850525784 0.164237444257029 -2.47697019577026 0.0144202716975012 0.999807720712453 -0.0132882417173673 7.38245058059692 -0.164045830715409 0.0154751700769742 0.986331325942748 0.574809789657595
0.994219033336281 0.00562695564481168 0.107223370223296 -2.18126606941223 -0.00472383276430805 0.999951214189124 -0.00867494355669008 7.45169878005981 -0.107266952766849 0.00811828872781887 0.99419711035199 0.541025936603548
0.991521579154879 -0.0497028105395031 0.120060770839979 -1.94910311698914 0.0568724205121548 0.996750384619414 -0.0570455830554754 7.48713731765747 -0.11683529370573 0.0633900732412004 0.991126234522713 0.549464762210848
0.988855358969264 -0.0194250028982233 0.147606735280514 -1.62571954727173 0.0280964775759579 0.997984972149828 -0.0568909774123338 7.56340789794922 -0.146204196196933 0.060404177219055 0.987408562039492 0.508470356464388
0.987971072240596 -0.0132620394626959 0.154069071279918 -1.33069634437561 0.0270990494835477 0.995746420336142 -0.0880608193514438 7.64526510238647 -0.152245860150136 0.0911766675035301 0.984128047242886 0.536282360553743
0.991873204242008 -0.0284723218810676 0.124003522503974 -0.928156673908234 0.0365562265742623 0.997317745235849 -0.0634110190450655 7.70305204391479 -0.121865454519908 0.067428791509142 0.990253588264275 0.49358716607094
0.991422555864635 -0.0450350418661191 0.122691322948901 -0.705650329589844 0.051617375149358 0.997363402684329 -0.0510087205154912 7.71756362915039 -0.120070655472206 0.0569042001090776 0.991133164466017 0.507642567157747
0.988647858194189 -0.0435856696867597 0.143790479121533 -0.379140883684158 0.0491758662921223 0.99815714020556 -0.0355535881603776 7.77392578125 -0.141975866478999 0.0422210001612363 0.988969281870232 0.491326570510866
0.98692834004894 -0.0342960828559847 0.157468188244414 0.0189660266041755 0.0392434638227949 0.998825538952391 -0.0284164262998404 7.85173034667969 -0.156308675880233 0.0342245735868353 0.987115128243594 0.501988470554354
0.99521190256566 -0.0613527843061887 0.0760861672678983 0.407614529132843 0.0637004992255485 0.997552814059146 -0.0288206447029602 7.8943190574646 -0.0741317434710408 0.0335293754871257 0.996684636978712 0.476783424615862
0.986154252499547 -0.067147351820028 0.151627911087035 1.2370423078537 0.0721195737714408 0.997016031577855 -0.0275281647730332 8.03523063659668 -0.149327014823461 0.0380823570738858 0.988054237743865 0.459855616092684
0.978783551258578 -0.169332360887953 0.115365988669788 1.88556361198425 0.170263121691252 0.985396971797145 0.00181034940474041 8.13197422027588 -0.11398784662233 0.0178706331485251 0.993321403823191 0.44284498691559
0.983176139150049 -0.148586161720101 0.106239502781641 2.20027637481689 0.151237936028782 0.988345813078736 -0.0173101263856402 8.20823669433594 -0.10242932251927 0.0330863463534526 0.994189885068855 0.411034107208254
0.978799771925199 -0.112687332640651 0.171033831569995 2.62120962142944 0.118360824643449 0.992696960986029 -0.0233122036458523 8.29134941101074 -0.167157774778504 0.0430616849581875 0.984989324622181 0.394912898540499
0.965471956380898 -0.196514365966138 0.171014635078312 3.08178234100342 0.208919456882082 0.9762309091945 -0.0576703777460843 8.34002208709717 -0.155616714970267 0.0914074171071859 0.983579240386689 0.391366124153139
0.976046849033815 -0.157637366682292 0.149943353025849 3.39401173591614 0.169050076142688 0.983354179648789 -0.0666080259684104 8.4125394821167 -0.136947509094957 0.0903604891129393 0.986448357371007 0.376184374094011
0.977634697927144 -0.126145766064926 0.168278468951898 3.70841193199158 0.140672363921341 0.987029929453441 -0.0773511757629842 8.49192142486572 -0.156338362015481 0.0992933233758821 0.982699930037287 0.410846889019014
0.981309260223085 -0.160995699983682 0.105415939910369 4.11738729476929 0.168150265969482 0.98375468594383 -0.0628665725004105 8.5491361618042 -0.0935821770147205 0.0794172680864903 0.992439052876732 0.373911410570147
0.977183791047182 -0.174252098854225 0.121441527327166 4.33188390731812 0.181342601865673 0.982151876340217 -0.0499254699525122 8.57898235321045 -0.110574406004489 0.0708088825380576 0.991342222893016 0.38220724463463
0.980201749952476 -0.157405080837182 0.120117317305803 4.73608779907227 0.166808402687912 0.983308150352625 -0.0726638716475215 8.67237949371338 -0.106674674514668 0.0912618319821609 0.990096859827588 0.366367399692537
0.989887495548545 -0.0816366616319012 0.116009489414559 5.10989761352539 0.0864627014329813 0.995560797375424 -0.0371873633122885 8.75466918945312 -0.112458647588966 0.0468417997818987 0.992551710680936 0.360823810100557
0.988603092910035 -0.13212775362071 0.0721538731590931 5.84927415847778 0.13716157680503 0.988076921791869 -0.0699335289447176 8.89186573028564 -0.0620534168041632 0.0790332420279526 0.994938751942792 0.342480123043062
0.985221132965999 -0.0612071819420107 0.159978123616674 6.35836887359619 0.0712047313378077 0.995801767445392 -0.0575215280372837 8.9859619140625 -0.155785767617921 0.0680626243348799 0.985443186478218 0.320096880197527
0.978669747981717 -0.142462588726713 0.148020049988794 7.21193695068359 0.152135268567426 0.986762606331762 -0.0561642128340134 9.14424419403076 -0.138059351162168 0.0774852860782644 0.987388295453238 0.277219921350481
0.977147889106165 -0.154239910944575 0.146260222504876 7.79174518585205 0.16361161162059 0.985029323727564 -0.0542998336989263 9.23702239990234 -0.135695406548193 0.0769888385977305 0.987754764793921 0.256813853979113
0.969472923801298 -0.186555016246132 0.159120947488278 8.3048620223999 0.203690917440226 0.974008160343508 -0.0990863953154755 9.31237125396729 -0.136500037247324 0.128473069153271 0.982274101426795 0.239528849720957
0.984413955932029 -0.0293872971232431 0.173394204441913 8.78537559509277 0.0446221063909191 0.995412902977713 -0.0846287197511517 9.4125394821167 -0.170111819070549 0.09104690743387 0.98120967670485 0.22833162546158
0.988183718406309 -0.0936506307135735 0.121336301425546 9.2244234085083 0.101004253792794 0.993312595561024 -0.0559305660223639 9.52788066864014 -0.115286943720622 0.0675251572880138 0.991034446293764 0.232228517532351
0.980715223119972 -0.152221933620735 0.122581132583724 9.61668682098389 0.160839173948906 0.98492164521272 -0.0637190153321733 9.71547889709473 -0.111033379054128 0.0822060564449648 0.990410901100947 0.209356725215914
0.981705533831635 -0.117220297070454 0.150045482434688 9.89108753204346 0.120990567885887 0.992521157812091 -0.0162183161270606 9.86196613311768 -0.147022200116154 0.034075698819851 0.988546063379418 0.236659407615664
0.970739635652477 -0.197192728647685 0.137038635215686 10.3289527893066 0.207296090102523 0.976201519008659 -0.0637096955995895 10.030403137207 -0.12121423514383 0.0902530999670734 0.988514788531173 0.195522606372835
0.964557015405761 -0.203816771378239 0.167596204421464 10.7198467254639 0.224300966585841 0.967841096893474 -0.113897706529562 10.2187385559082 -0.138992231510211 0.147452822519568 0.979254218633152 0.172227561473848
0.978427787444504 -0.10740738449897 0.176472996550583 11.0906133651733 0.128097091764094 0.985604138583725 -0.11034317871176 10.374457359314 -0.162080843525794 0.130568509839566 0.978101050198926 0.195170134305956
0.982607243035554 -0.139575514365317 0.122481352555091 11.4300870895386 0.151825619808683 0.983624531129766 -0.0971172638075111 10.4725103378296 -0.106920470929456 0.114023934107738 0.987707727694189 0.158798873424532
0.965410828156496 -0.184193399078093 0.184539222427771 11.9688568115234 0.206695655574317 0.972081369860601 -0.111061768114146 10.6814527511597 -0.15893029555403 0.145363689090486 0.976529855687533 0.143244385719301
0.974958358022621 -0.123837878991454 0.184717026418065 12.6483755111694 0.142983827884424 0.985235317870043 -0.0941647141185716 10.889744758606 -0.170328579766731 0.118218222573395 0.978270221751759 0.108966052532198
0.945228335435491 -0.236687851029924 0.224771561957218 13.4440832138062 0.24937642540273 0.967959555196912 -0.0294227455610958 11.3182764053345 -0.210605774714768 0.083863941463736 0.973967169353752 0.109109550714495
0.922360273616166 -0.325897101548065 0.207467117532591 14.0773038864136 0.351346472962574 0.930922627947149 -0.0996931126644779 11.6273040771484 -0.160646137804402 0.164845806675643 0.973148847006451 0.0718395486474058
0.559486360656726 -0.822462471058332 0.102618204718828 15.0267534255981 0.825861984341511 0.563672355104681 0.0150152892161127 12.6541213989258 -0.0701925570028159 0.076347624660924 0.99460748295498 0.0316389463841936
0.411901127464014 -0.909593627187216 0.0545609253429346 15.2728042602539 0.910662775586704 0.413016451897172 0.0105223392356962 13.2520875930786 -0.0321056125092567 0.0453524403166337 0.99845499938792 0.0378479771316072
0.117619586149894 -0.991787797600468 0.050225466496001 15.5486726760864 0.990502282956659 0.120793380886027 0.0656824679177815 14.4185380935669 -0.0712099741017698 0.042022894533059 0.996575745201281 0.0712430030107519
-0.155150693155792 -0.986494714006822 0.0525018252051795 15.6620197296143 0.980367359535522 -0.147205069144527 0.131188825650297 16.3017501831055 -0.121688548231238 0.0718251129811351 0.989966186480438 0.187968149781229
-0.0643817068455339 -0.997713253305692 0.0205732836909239 15.6749477386475 0.992048466333555 -0.0617548438759716 0.109663939848502 17.1557273864746 -0.10814266627422 0.0274700461598787 0.993755785037288 0.229115650057795
-0.167853333915297 -0.985774778918086 0.0085640844530338 15.7042245864868 0.979044945052908 -0.165678677390222 0.118412716481695 17.5801734924316 -0.115309383225597 0.0282605928321683 0.992927532619026 0.239267885684969
-0.0543535095604216 -0.99803086980734 0.0313062120044937 15.6544599533081 0.989180432763768 -0.0495400162430251 0.138086415797954 18.3081512451172 -0.136263595416199 0.0384729736600378 0.989925281454113 0.239665165543558
-0.139050948671677 -0.983479598001463 0.115899585799035 15.629301071167 0.985238339583517 -0.125590670423858 0.116328834418648 18.8938598632812 -0.0998511286276821 0.130364350254842 0.986425308015975 0.261647760868075
-0.0550274684539109 -0.993407519501752 0.10056578897881 15.5193109512329 0.997977674165208 -0.05151007840864 0.0372461231558055 19.3002319335938 -0.0318204271397402 0.102411972052649 0.994232995025277 0.399558901786806
-0.0608721594792068 -0.99569041342238 0.0699655688114386 15.4654092788696 0.997621389209143 -0.0584191491220907 0.0365891624428576 19.564338684082 -0.0323441492817002 0.0720264092859075 0.99687815322266 0.413182109594347
-0.27223788070291 -0.961506597260607 0.0373041517088563 15.4148378372192 0.955308634950522 -0.265434886292821 0.130114307928402 20.0365524291992 -0.115203942204066 0.0710590216865287 0.990796985833927 0.374415606260302
-0.0997670306340958 -0.994927598822034 -0.0128690598210289 15.3341779708862 0.985066957798209 -0.100585662424962 0.139734080197756 20.3397083282471 -0.140319735791644 0.00126396865209258 0.9901054358656 0.413813650608065
-0.207437518909141 -0.978022244555742 -0.0210277174930654 15.2649002075195 0.971309519011845 -0.208474226049367 0.114439133822726 20.5665817260742 -0.116307755656269 0.00331454782219104 0.993207692150507 0.41766941547394
-0.576857825601152 -0.816775666156971 -0.0106094399732861 15.1333560943604 0.811357902939795 -0.574437667740925 0.108257652004395 20.8070163726807 -0.094516677786771 0.0538412207718504 0.994066255621801 0.427574604749682
-0.906718242457613 -0.420934839384652 -0.0259978804288698 14.769380569458 0.421413830992779 -0.906712998511982 -0.016790514506716 20.8067646026611 -0.0165049035915463 -0.0261801321927107 0.999520979687673 0.457853943109514
-0.678086743856949 0.733557768497233 -0.0457314780303564 14.540111541748 -0.731668928354423 -0.679623396555753 -0.0526556562461385 20.5703506469727 -0.0697061481231804 -0.00224480096706018 0.997565042381923 0.427441149950029
0.118713800680523 0.991920849725573 0.0447220461034836 14.8545446395874 -0.979149497665944 0.124425095330271 -0.160576015869691 19.5769443511963 -0.164843242956802 -0.0247269798347921 0.986009777699864 0.321040123701098
0.201130932838144 0.97859826535866 0.0434946306189522 14.885669708252 -0.966707846020513 0.205465611997994 -0.152511713414642 19.153923034668 -0.158184349093195 -0.0113717774912744 0.987344111431598 0.33802378177643
0.312247409885807 0.948954074957105 0.0445838383487879 14.9783983230591 -0.911056275535414 0.312416548141843 -0.269021120462085 18.1377182006836 -0.269217417391864 0.043382762353744 0.962101823147329 0.226217910647394
0.335522208237946 0.940039403421031 0.0612435122683523 15.2116394042969 -0.910396453332717 0.340275183880517 -0.23535313253554 16.913703918457 -0.242080865700582 0.0232103263852956 0.969978419971674 0.221632063388826
0.327156149504938 0.942470087527777 0.0686948903229873 15.4101905822754 -0.929030266823655 0.33408248992361 -0.159033497263973 16.0203094482422 -0.172834074090358 -0.011790845679001 0.984880377909674 0.201545909047129
0.363808598487664 0.931393684030862 0.0122110201809484 15.4886703491211 -0.923292134651138 0.362315801544982 -0.127510368371213 14.9506044387817 -0.123186597313939 0.0351150295206409 0.991762066699457 0.125297933816912
0.292309930188656 0.953468622430262 0.0738409828891901 15.5116777420044 -0.934482653887767 0.301188964459262 -0.189808791342324 14.1418752670288 -0.203216815977368 -0.0135201231095036 0.979040413862025 0.0612933523952981
-0.476799094306657 0.877927756399899 -0.0436517835946133 15.0289373397827 -0.873876546454146 -0.478788808730503 -0.084267776710919 13.2597599029541 -0.0948810056108514 -0.00203252972077743 0.995486546165847 0.0291515216231367
-0.736237548463762 0.669505263945919 -0.0985747116697559 14.0704221725464 -0.671762563593985 -0.740650470349786 -0.0131125483518023 12.4777393341064 -0.0817883267080762 0.0565648505641697 0.995043259006836 0.0564339011907598
-0.747527824176135 0.662699992834434 -0.0450651925518273 12.1898641586304 -0.656197536828405 -0.747305481803323 -0.104591154152909 11.2192974090576 -0.102990022540181 -0.0486131295427882 0.993493743761494 0.102141708135607
-0.703301997227702 0.705199507661423 -0.0897772526290068 11.5588426589966 -0.704280244797473 -0.708365960082656 -0.0469787546044834 10.6632957458496 -0.0967245443697581 0.0301880935181981 0.994853276381095 0.0752045810222646
-0.753319398808346 0.657131418698857 0.0262332220258755 10.9657411575317 -0.654079236051754 -0.744473514494006 -0.133938564957581 9.9320592880249 -0.0684853002109594 -0.118057125052959 0.990642356695515 0.131610736250879
-0.773560595619379 0.632720526882762 -0.0356193734671507 10.3528518676758 -0.628582156093564 -0.773217512148166 -0.0837803792553299 9.37650871276855 -0.0805510890414166 -0.042419497505287 0.995847432233292 0.108369670808317
-0.776918882295848 0.621691246914807 -0.0994838873470586 9.92037391662598 -0.618890839089506 -0.783129559505247 -0.060681317719747 8.9664945602417 -0.115633816953595 0.0144252049770419 0.993187159521363 0.0894376859068891
-0.753166769856609 0.651121844504418 -0.0937025100673741 9.49385166168213 -0.647771250402114 -0.758901988332999 -0.0667845734934537 8.65830707550049 -0.114595915879421 0.0103978706178437 0.99335777056928 0.117092952132227
-0.778373434001196 0.62091196039884 -0.0927530844492808 9.19239044189453 -0.617760770288106 -0.783836920383195 -0.0630183539711657 8.37688827514648 -0.111832141776111 0.00824740431034636 0.993692886352675 0.100069686770441
-0.79919970348002 0.593148422133338 -0.0972357098918869 8.86242771148682 -0.589378776182271 -0.805083876825627 -0.0668775706893387 8.14731693267822 -0.117951227816144 0.00386012903291103 0.993011886766978 0.0814131796360036
-0.776416377525415 0.625295642178893 -0.0786318547561892 8.43412590026855 -0.61839856718718 -0.779952051166826 -0.0962185532083262 7.82397079467773 -0.121494118422066 -0.0260798342162472 0.992249475402279 0.103496946394446
-0.810320333026658 0.584758098063013 -0.0379331600752304 7.81344223022461 -0.5808306204282 -0.810073949898365 -0.0800998506181711 7.31373929977417 -0.0775677011168821 -0.0428737967270037 0.996064801756218 0.0983319878578206
-0.795035954884511 0.605569583404391 -0.0346887603743008 7.08791923522949 -0.60303425890518 -0.795277256931811 -0.0623198779980643 6.72107172012329 -0.0653262047539392 -0.0286280328078214 0.997453218306503 0.13563232123852
-0.788072971626731 0.615136351874953 -0.0234149523464839 6.66312599182129 -0.61181639401104 -0.786886313630183 -0.0805644427823408 6.39600324630737 -0.0679830229597186 -0.049165008120365 0.996474340144182 0.112599499523642
-0.805059510406306 0.589469950193839 -0.0663653714133476 6.11110258102417 -0.58742774595012 -0.807790159858046 -0.0490275527073711 5.90155458450317 -0.0825095630355665 -0.000485237040530256 0.996590154754047 0.133088141679766
-0.770061101895766 0.636472428480737 -0.0436892106922518 5.54467248916626 -0.633730973883897 -0.77102987529702 -0.0624338380978574 5.4030818939209 -0.0734231032253886 -0.0203906641209985 0.997092407317125 0.112269453704359
-0.848472125518851 0.521682540378476 -0.0891200273888116 4.99693584442139 -0.51973059089835 -0.853106425721143 -0.0457114786213316 4.93029594421387 -0.099875748317472 0.00753348906921338 0.994971397297666 0.0860254243016263
-0.842095926268096 0.534084374441683 -0.075022209644298 4.5877890586853 -0.533717659629062 -0.845246096406746 -0.0265423493541048 4.60351705551147 -0.0775880838966511 0.0176894738868792 0.996828556849598 0.108935438096525
-0.885542434089724 0.463683423761149 -0.0285005255317481 4.00621032714844 -0.463101166031399 -0.885957261001439 -0.0248403240555924 4.0275502204895 -0.0367682940426427 -0.00879853442150663 0.999285083619898 0.0934529453516027
-0.884738175658301 0.466008886526289 -0.00860687000891316 3.51742744445801 -0.465250632797335 -0.884104053509515 -0.0436104488594521 3.4852020740509 -0.0279322253768145 -0.0345794772455 0.999011536739655 0.0783376544713994
-0.913122673749177 0.407671114582445 0.00335335954843338 3.07257699966431 -0.407514150272472 -0.912471301629949 -0.036446413121901 3.10414600372314 -0.0117983055079454 -0.0346465876653752 0.999329982513427 0.0808240994811078
-0.9564882795899 0.279633998846417 -0.0832766335553632 2.1357274055481 -0.275397794704872 -0.959526812892578 -0.0588587292753107 2.42569518089294 -0.0963650646180746 -0.0333634834717969 0.994786737090811 0.0552809834480306
-0.925627221592425 0.352155840438883 -0.138565907393819 1.55063617229462 -0.350025231296406 -0.935874092985982 -0.0402743036384584 2.06147146224976 -0.143863074146862 0.0112225720068818 0.989533965952945 0.0229391511529704
-0.919045974652967 0.38461692991882 -0.0861644572547118 0.479315847158432 -0.378537550570265 -0.922210870148894 -0.0789710946326785 1.39548313617706 -0.109835419070724 -0.0399615840406869 0.993146138550877 0.0417081937193891
-0.780523717831081 0.621676940017893 -0.0655782597598961 -0.101729966700077 -0.616509495604384 -0.782875436585363 -0.0837979273067447 1.13130807876587 -0.103434847767936 -0.0249766499208122 0.994322583081546 0.0667343884706517
-0.654203598041509 0.753992627491057 -0.0592686257532238 -0.432967931032181 -0.741237832072272 -0.654758374630869 -0.147844334201687 0.847025513648987 -0.150280167069182 -0.0527881477215724 0.987233145131273 0.0521981082856675
0.0465657117333124 0.993147439159028 0.107190478040894 -0.613015234470368 -0.989735900769128 0.060385288770782 -0.129523988622929 0.456435292959213 -0.135109145580502 -0.100058887620914 0.985765559242446 0.0476046912372132
0.932280215528287 0.217773350001254 0.28883969215425 -0.132724121212959 -0.210871383074755 0.975953703769269 -0.0552053249169426 0.133304983377456 -0.293916415898587 -0.00944119315957682 0.955784496807232 0.0683218762278577
0.977374901665216 0.000236660756634564 0.21151417348867 -0.0593549273908139 0.0175056838657694 0.99647807687777 -0.0820060566932244 0.170498937368393 -0.210788644445806 0.0838533618507145 0.973928519491565 0.194135323166849
0.990559662280992 0.106702110083603 -0.0860593700039343 -0.101880311965942 -0.109613381453222 0.993526564596258 -0.0298307232220019 0.0179916359484194 0.0823192691182196 0.0389823696722491 0.995843317388121 -0.21760833263397
