1604559016.00432 0 0 0 0 0 0 1
1604559017.11437 0.588275372982025 0.000379348814021796 -0.0187244713306427 0.000393827934863259 -0.000916559469898527 0.0156286734421279 0.999877367172962
1604559017.80424 1.1918534040451 0.0294873155653477 -0.0572856366634369 0.000779724659955172 -0.00274162597268166 0.0297159976749053 0.999554318183192
1604559018.4043 1.87191653251648 0.0860458388924599 -0.0978987365961075 0.00107348341915438 -0.00498371509505092 0.0432367547804524 0.999051847129695
1604559018.90413 2.53959155082703 0.145638659596443 -0.12292817980051 0.00135372710768747 -0.00651334322091114 0.0535006451154003 0.998545654817666
1604559019.60418 3.52551078796387 0.240622669458389 -0.183556288480759 0.00177601116142429 -0.00921410628003296 0.0643028899558556 0.997886308340354
1604559020.10408 4.26986885070801 0.337225377559662 -0.240231797099113 0.00151842082404883 -0.00892018567816152 0.0674843160625289 0.997679303068496
1604559020.70398 5.19344663619995 0.431232094764709 -0.287914454936981 0.00210147741030218 -0.00961671284229067 0.0685506968737166 0.997599070060177
1604559021.30425 6.21658897399902 0.544390320777893 -0.341207146644592 -0.00040329591774562 -0.00911347866835908 0.0684495107860386 0.997612873980742
1604559022.0042 7.56171178817749 0.661447525024414 -0.42608568072319 -0.00576590998025161 -0.0110533690701814 0.0684608446078436 0.997575906921312
1604559022.50456 8.62063980102539 0.772761583328247 -0.450929522514343 -0.00643415650904537 -0.0104691455632222 0.0673306151766884 0.997655044031313
1604559022.80443 9.27281188964844 0.82916122674942 -0.545799136161804 -0.00924727746828938 -0.0120956633826332 0.0674206320907266 0.997608460847864
1604559023.10414 9.97347831726074 0.902441203594208 -0.524277746677399 -0.00719802765917043 -0.0103658068737333 0.0668539862864836 0.997682957137828
1604559023.60446 11.1139669418335 0.998519957065582 -0.591607451438904 -0.00659488712227589 -0.0107419449105914 0.0663940199217758 0.997713862889561
1604559024.00461 12.054482460022 1.0935879945755 -0.622460603713989 -0.00700980845364756 -0.0101092972580149 0.0663890361109572 0.997717976473638
1604559024.30429 12.7620277404785 1.14614927768707 -0.712416112422943 -0.00988453732732104 -0.0100040191575305 0.0662676007189333 0.997702771679761
1604559024.90455 14.1884126663208 1.27494418621063 -0.805307447910309 -0.0112702195489202 -0.00948507004592864 0.0645642735365402 0.997804825695006
1604559025.3046 15.1423988342285 1.35426235198975 -0.838922262191772 -0.0114888425648273 -0.00945328922451823 0.0631192356924009 0.997895086622319
1604559025.6044 15.8715381622314 1.42100596427917 -0.885893166065216 -0.0127382768365931 -0.00926304936288701 0.0606757151105671 0.998033260876388
1604559026.00463 16.849292755127 1.47398555278778 -0.915013253688812 -0.0115690464079259 -0.0105179880267201 0.0567041592490817 0.998268584809186
1604559026.40432 17.8346214294434 1.52785754203796 -0.991378247737885 -0.0107949752485276 -0.00989640466343619 0.0530135876783576 0.998486399108966
1604559026.60449 18.3336944580078 1.56040275096893 -1.0253711938858 -0.0136574420134986 -0.00939247504965968 0.0514080257291369 0.998540169738164
1604559027.0044 19.338960647583 1.62135148048401 -1.0633602142334 -0.0136018590826714 -0.010042097174119 0.0493891648767215 0.99863649848512
1604559027.20402 19.8679542541504 1.62909412384033 -1.08586382865906 -0.00933833158524136 -0.00918449018409307 0.0485048572746437 0.998737062256142
1604559027.40435 20.3913173675537 1.65091800689697 -1.11944222450256 -0.00882007125959181 -0.00971435494574692 0.0474552093980906 0.998787184915759
1604559027.60435 20.929027557373 1.68153488636017 -1.14213860034943 -0.0091294547411754 -0.0109094784326518 0.0466666752164776 0.998809219901727
1604559027.80437 21.4817352294922 1.70436453819275 -1.16606247425079 -0.00860866466898734 -0.0111052243254356 0.0456451401856419 0.998858891967595
1604559028.0044 22.029972076416 1.72915184497833 -1.21561133861542 -0.00883538451775821 -0.0103624200686203 0.0451700715592439 0.998886490481315
1604559028.2045 22.5656433105469 1.74922609329224 -1.24183261394501 -0.00874159884299864 -0.0109802117886603 0.0445546596169111 0.998908355008189
1604559028.40427 23.1153984069824 1.76774740219116 -1.26045870780945 -0.00802585559273426 -0.00994713834036554 0.0446478207450188 0.998921023997174
1604559028.60438 23.6386260986328 1.77937436103821 -1.302694439888 -0.00432551211321091 -0.00916688866911424 0.0443596169079038 0.998964204806594
1604559029.00449 24.6400833129883 1.81926274299622 -1.36834859848022 -0.00352371608771018 -0.00998664322029617 0.0450312007328531 0.998929447630152
1604559029.20407 25.1438064575195 1.85971689224243 -1.38155877590179 -0.00575490280503757 -0.00925985390138315 0.0454535936963613 0.998906956137315
1604559029.60454 26.1399230957031 1.9102908372879 -1.46367931365967 -0.00676121829878045 -0.00936995274657927 0.0458765071721045 0.998880291127186
1604559029.80426 26.6536922454834 1.92659950256348 -1.47442352771759 -0.00671958366556892 -0.00909706714697683 0.0458204695617478 0.998885666697558
1604559030.00455 27.1729164123535 1.94903969764709 -1.48467862606049 -0.0060177765838041 -0.00863883283900132 0.0461188351273459 0.998880478324942
1604559030.20416 27.6967620849609 1.99310672283173 -1.51510679721832 -0.00759007806194787 -0.00863973415777233 0.0466812620437709 0.99884363415036
1604559030.40444 28.2066555023193 2.02215933799744 -1.55230343341827 -0.00871598413777659 -0.00986713593129211 0.047492169283636 0.998784844251132
1604559030.60395 28.7218742370605 2.04881739616394 -1.57467746734619 -0.0075011539716927 -0.0105734742473054 0.0494752706804654 0.998691209494972
1604559030.80434 29.2238521575928 2.07819080352783 -1.59873604774475 -0.00604524899380915 -0.0109259342517361 0.0513614795214641 0.998602061557403
1604559031.00426 29.7331562042236 2.11310529708862 -1.63768994808197 -0.00537204107316891 -0.0104529491605902 0.0547610616254061 0.998430319630876
1604559031.20417 30.233829498291 2.15845274925232 -1.67396342754364 -0.00582474823292348 -0.011599969909357 0.0590426671547992 0.998171065730405
1604559031.6043 31.2277565002441 2.2587902545929 -1.72542917728424 -0.00289638903031634 -0.0111999843172386 0.0716137697208318 0.997365348941024
1604559032.00424 32.2126235961914 2.35678482055664 -1.77218341827393 0.00621874257193656 -0.0107879783824784 0.0851256188052007 0.996292414799127
1604559032.40425 33.1665802001953 2.53728437423706 -1.79211485385895 0.00596441985293578 -0.0128449377816534 0.100324861740377 0.994853936709293
1604559032.80416 34.1334609985352 2.71201610565186 -1.84759497642517 0.0132646807565529 -0.0157898188814001 0.117053397191619 0.992911492566191
1604559033.20466 35.1114234924316 2.95985198020935 -1.87456023693085 0.0124004418352027 -0.0162918612025009 0.132682395314574 0.990947115780876
1604559033.60454 36.0591812133789 3.24276781082153 -1.92652463912964 0.00831076339789835 -0.020249608240117 0.150580488463655 0.988355402207077
1604559034.0044 37.0156707763672 3.52182674407959 -1.97749161720276 0.0148004467719899 -0.0205289001530909 0.167279874953599 0.985584574995653
1604559034.40427 37.9572219848633 3.86235666275024 -1.97557067871094 0.0145523629476224 -0.022011548365835 0.18312543863171 0.982735363257639
1604559034.60418 38.4259948730469 4.04694318771362 -2.01103210449219 0.0145218610691358 -0.0197623645903099 0.191043536713933 0.981275155894981
1604559035.00413 39.3631935119629 4.40217876434326 -2.01085519790649 0.019709845130826 -0.0211877930637779 0.203950466996948 0.978553425440702
1604559035.20403 39.8298530578613 4.60375881195068 -2.03241300582886 0.0170379267792575 -0.0209218612114538 0.209378473915656 0.977462346812021
1604559035.61427 40.7526054382324 4.97995185852051 -2.03305506706238 0.0220503751122009 -0.0223290612929446 0.216803020365024 0.975710840536165
1604559035.80441 41.2087936401367 5.18469715118408 -2.07224321365356 0.0211685660825474 -0.0228682920784657 0.221668262637169 0.974624088747473
1604559036.20408 42.1019172668457 5.58526992797852 -2.08025145530701 0.021611608910913 -0.0239689560755096 0.22745608748421 0.973253387238548
1604559036.60408 42.9874458312988 5.99167108535767 -2.08266949653625 0.0202456443098981 -0.0248725096759775 0.231734920260578 0.97225017299084
1604559037.00449 43.8601684570312 6.3805570602417 -2.11803245544434 0.0183565362497361 -0.0245836947560982 0.230776960908361 0.972522839753881
1604559037.41409 44.7089538574219 6.74843168258667 -2.13736200332642 0.0206544343020986 -0.0244493176061846 0.226383322479503 0.97351230938052
1604559037.80443 45.5760231018066 7.10551881790161 -2.14241600036621 0.0216649384813175 -0.0248631908557648 0.221843268837174 0.974524507774283
1604559038.21453 46.4331321716309 7.46383857727051 -2.15387415885925 0.0215043948939515 -0.024234773276173 0.217431023359109 0.975537793653074
1604559038.60406 47.2502098083496 7.79531335830688 -2.18659901618958 0.0219478669720298 -0.023331863231828 0.213637315153501 0.976387736950599
1604559039.00405 48.0538291931152 8.11547660827637 -2.2078971862793 0.019627264756896 -0.0239868140010315 0.210086368586958 0.977191445401661
1604559039.40418 48.8473281860352 8.4105110168457 -2.21143198013306 0.0198080403386943 -0.0240572751172373 0.205341473504277 0.978194136309846
1604559039.80434 49.6184463500977 8.69012069702148 -2.23621654510498 0.0222803191036424 -0.0214824773621947 0.20201843510396 0.978892559183678
1604559040.20409 50.3133239746094 8.95507335662842 -2.25451612472534 0.0197441379744306 -0.0211454438955257 0.199097411617248 0.979552581490866
1604559040.60427 50.9277725219727 9.1658763885498 -2.26631450653076 0.0202580130034061 -0.0201864258302145 0.195343909390181 0.980317743481937
1604559041.00455 51.460636138916 9.34829902648926 -2.27279615402222 0.0198453225224096 -0.0199384505755573 0.191640683365737 0.981061909280827
1604559041.40428 51.9548454284668 9.51246929168701 -2.2937650680542 0.0202738645103333 -0.0206848496765927 0.186944300740299 0.981943448388141
1604559041.80459 52.4357643127441 9.65789794921875 -2.30449032783508 0.0204144273147951 -0.0208454464313791 0.181395249543451 0.982977355773547
1604559042.40413 53.1396446228027 9.86812210083008 -2.31855726242065 0.0208793392180449 -0.0201700307918732 0.173175889126712 0.984462967549742
1604559042.8043 53.6293601989746 9.99581527709961 -2.3388044834137 0.0212468875470223 -0.0190896975043172 0.167408975584503 0.985473687174094
1604559043.20404 54.1514587402344 10.1336154937744 -2.34672784805298 0.0220950324827026 -0.0193898793437619 0.160268443063904 0.986635630958306
1604559043.60428 54.7387733459473 10.2843961715698 -2.35081601142883 0.0204778504839139 -0.0185974957244895 0.152863009407287 0.987860157687961
1604559044.00418 55.3732528686523 10.4337482452393 -2.38022446632385 0.0198679453357384 -0.0165228766552324 0.145297820003139 0.98905045513235
1604559044.4047 56.024600982666 10.5776166915894 -2.40628814697266 0.0183060210935163 -0.0157073757393876 0.136891461393566 0.990292328424612
1604559044.80446 56.7007064819336 10.7060050964355 -2.43660688400269 0.0185404443260231 -0.0149417583728658 0.126572456383916 0.991671522766416
1604559045.21405 57.3829002380371 10.8211040496826 -2.45703387260437 0.0171930492783832 -0.0150532259018781 0.115644702123409 0.993027744988651
1604559045.60419 58.0723991394043 10.9309272766113 -2.513836145401 0.0154289542068609 -0.0158105884672138 0.104526981848991 0.994276663072177
1604559046.01429 58.7962799072266 11.0108709335327 -2.53702330589294 0.0164182480680718 -0.0153565046187871 0.0936000399762151 0.995356042535895
1604559046.40405 59.5313758850098 11.0951795578003 -2.54994177818298 0.0150210096495268 -0.0162833266523179 0.0838895981086216 0.996228767839705
1604559046.80442 60.2767448425293 11.1724100112915 -2.58140110969543 0.0133566162149821 -0.016532160711738 0.0758994226783864 0.996888943715685
1604559047.2044 61.0778045654297 11.2548961639404 -2.60894179344177 0.00958999460953642 -0.0142678456811679 0.0699604014124214 0.997401625633937
1604559047.6041 61.8628120422363 11.3023920059204 -2.65957140922546 0.0130057766555995 -0.0151210608473541 0.0645904071356747 0.997712525028369
1604559048.00452 62.6598854064941 11.3408288955688 -2.67139029502869 0.0128975100074169 -0.0175151145802405 0.0593220073037952 0.998001891003368
1604559048.40444 63.478328704834 11.4251556396484 -2.75963187217712 0.00605080779361036 -0.00233489856292823 0.059672209775778 0.998196956193627
1604559048.8045 64.2796859741211 11.4725208282471 -2.78161215782166 0.0166017565707085 -0.0135023644027532 0.0585247930262547 0.998056569757214
1604559049.20433 65.0750122070312 11.530481338501 -2.80272269248962 0.0147646727833446 -0.0142706931665526 0.0573512272526752 0.998142869777047
1604559049.6044 65.8738784790039 11.5509309768677 -2.80083608627319 0.0228799470710601 0.00245143551716805 0.0556184257635122 0.998186900936653
1604559050.00436 66.6363906860352 11.6295928955078 -2.88334512710571 0.0122637520660292 -0.0159076112375891 0.0538350560217825 0.998347802638494
1604559050.40469 67.4189758300781 11.6749496459961 -2.93984603881836 0.0127013035150729 -0.0161560187762022 0.0528621413635647 0.998390331461989
1604559050.80472 68.2415618896484 11.7147407531738 -2.96281671524048 0.0140953768905843 -0.0164862812972768 0.0512644345849526 0.998449538347324
1604559051.20463 69.0781707763672 11.7800979614258 -2.97834396362305 0.00946704825370481 -0.0138071404662609 0.0520659101273179 0.998503319409666
1604559051.60456 69.8826904296875 11.8155508041382 -3.04811811447144 0.0124358319162874 -0.0146368471615075 0.055181512256682 0.998291597427719
1604559052.00461 70.6721878051758 11.8977851867676 -3.07098746299744 0.00631809917835351 -0.0147828789590676 0.0584556062424004 0.998160553323606
1604559052.40456 71.506721496582 11.9648132324219 -3.13309502601624 0.00798154667263914 -0.0185196091924012 0.0616870286088031 0.997891792475261
1604559052.80467 72.3960113525391 12.0206937789917 -3.16206789016724 0.0201023630231236 -0.0138546267982165 0.0637828307455143 0.997665121581013
1604559053.20435 73.2732696533203 12.1353330612183 -3.1860339641571 0.00841030230732439 -0.0171193064894045 0.0660850628263724 0.997631675836155
1604559053.60446 74.2083435058594 12.1940021514893 -3.24881386756897 0.0163273518650628 -0.0155855369478349 0.0677098407680089 0.997449691003157
1604559054.00406 75.1343383789062 12.2874603271484 -3.30035376548767 0.0196443554225886 -0.0146715822716656 0.0687628972902335 0.997331694036608
1604559054.41426 76.0769577026367 12.4023742675781 -3.35973954200745 0.0270606548014545 -0.0111966809703872 0.0671761938505862 0.99731124242972
1604559054.81435 76.9818878173828 12.4499464035034 -3.45118117332458 0.0090708119280226 -0.00833468200922715 0.0667505791262969 0.997693647184884
1604559055.20421 77.8615570068359 12.5268497467041 -3.39271187782288 0.00888264711840146 -0.0101940284596983 0.0651145100232889 0.997786189996815
1604559055.60416 78.7375869750977 12.6114110946655 -3.46231079101562 0.011260444092217 -0.0112494920194554 0.0653050751216041 0.997738391809953
1604559056.00435 79.5939025878906 12.6884870529175 -3.43710517883301 0.0169891247166563 -0.00502443646250131 0.0660887663209657 0.997656453718297
1604559056.50463 80.6202850341797 12.7825603485107 -3.51004910469055 0.014346494730401 -0.0131797071018827 0.0683107618933251 0.997473865932944
1604559056.9044 81.4198532104492 12.8668422698975 -3.5307240486145 0.014748300311683 -0.0150201779185616 0.0698171638386289 0.997337678786248
1604559057.30467 82.2309341430664 12.9669284820557 -3.58048605918884 0.0113587200692058 -0.0166159195878801 0.0723064111960927 0.997179358788869
1604559057.70451 83.057975769043 13.0457429885864 -3.62564420700073 0.0131817886863785 -0.0160180316583753 0.0745947089788671 0.996998140670873
1604559058.00459 83.689826965332 13.1259832382202 -3.66513681411743 0.0124330905896833 -0.0165646112559586 0.0755907949767121 0.996923800311296
1604559058.40418 84.5783996582031 13.2312650680542 -3.69937109947205 0.0108747720722741 -0.0154522414816723 0.0777668357851943 0.996792499378645
1604559058.80454 85.4979705810547 13.3459796905518 -3.72616028785706 0.0139161060554481 -0.0166428600993699 0.0798797974042893 0.996568399642802
1604559059.20435 86.4252014160156 13.4528694152832 -3.76787781715393 0.0149030208957936 -0.0186205144531404 0.083820323637116 0.996195427491538
1604559059.40452 86.9259414672852 13.5123977661133 -3.77410006523132 0.0177523968305162 -0.0190103425105062 0.0859716035329499 0.995958002463145
1604559059.60429 87.4214859008789 13.5882587432861 -3.80046343803406 0.0170884328996642 -0.0200117902789022 0.0891092299960744 0.995674173030703
1604559059.80426 87.9262237548828 13.6761798858643 -3.81323623657227 0.0154718860339271 -0.0192256797457192 0.0925638944708451 0.995400883775607
1604559060.00434 88.4504928588867 13.7636680603027 -3.83384037017822 0.0143527652741835 -0.0189445848635501 0.0976406225038574 0.994937892368358
1604559060.20427 88.9839172363281 13.8519124984741 -3.85740804672241 0.0170338680567861 -0.0179604138297035 0.102428580027879 0.994432328953339
1604559060.40424 89.5049362182617 13.9550352096558 -3.89745831489563 0.0176086245893362 -0.0186699150917822 0.108714729461546 0.993741655667428
1604559060.60433 90.0371627807617 14.0523824691772 -3.90047240257263 0.0193911641442021 -0.020794530667514 0.115032015245209 0.992954785333187
1604559060.80458 90.5964279174805 14.1643323898315 -3.93069005012512 0.0224162735957375 -0.0194775833618568 0.120671731544227 0.992248188524716
1604559061.00454 91.1426010131836 14.2922029495239 -3.93713021278381 0.0212610716246639 -0.0199050626681012 0.127989675800467 0.991347768546458
1604559061.20469 91.6905517578125 14.4143085479736 -3.94601011276245 0.0269046382272956 -0.0193283030055395 0.134315635713572 0.990384706640628
1604559061.40425 92.2465896606445 14.5557746887207 -3.96597480773926 0.027687530915866 -0.0178290619228059 0.141362301148487 0.989410038859896
1604559061.60407 92.8030242919922 14.7041091918945 -3.9741895198822 0.0288980961651334 -0.0147071695696496 0.148382866899219 0.98839826184188
1604559061.81455 93.3262252807617 14.8624687194824 -4.0151424407959 0.0279988487661635 -0.019308223155899 0.155854198249465 0.987194370868447
1604559062.0049 93.8661422729492 15.0109243392944 -3.99946069717407 0.0266525698905198 -0.0191231493247708 0.161577819212368 0.986314632364698
1604559062.20436 94.3847579956055 15.1686143875122 -4.00820732116699 0.030916468803093 -0.0193928759549432 0.168667248726932 0.984997181481161
1604559062.40434 94.8828048706055 15.3408279418945 -4.04558277130127 0.0331619386917782 -0.0183026226502115 0.176701406929948 0.98353541502851
1604559062.6046 95.3630218505859 15.5248718261719 -4.06341600418091 0.0339228585864577 -0.0214422856176613 0.186147502847773 0.981701876964872
1604559062.80454 95.8338928222656 15.7246112823486 -4.03605175018311 0.0301049396732042 -0.0233956257561363 0.195122681030832 0.98003748736979
1604559063.00416 96.3055953979492 15.9223957061768 -4.02315711975098 0.0296429926703306 -0.0241876678181158 0.20378792927973 0.978267207664116
1604559063.40444 97.2246398925781 16.3293304443359 -4.05944681167603 0.0293209656772871 -0.0266876790770331 0.221450486051358 0.97436529648015
1604559063.60441 97.6952514648438 16.5431995391846 -4.06370973587036 0.0319322054568651 -0.0249588046957362 0.230194466275377 0.972300313698918
1604559063.80463 98.1399154663086 16.7923069000244 -4.07147693634033 0.0267916273483045 -0.0239441246313755 0.239864135156006 0.97014127026198
1604559064.20449 99.0169143676758 17.2853698730469 -4.10255193710327 0.0250444784995591 -0.0228985937514687 0.259111154118917 0.965251178871102
1604559064.60443 99.8562622070312 17.7766933441162 -4.07808494567871 0.0318407729753976 -0.0263267931717174 0.279405500207922 0.959283916049458
1604559064.80472 100.279273986816 18.053840637207 -4.08208036422729 0.0317037324803549 -0.0274078099968087 0.290116478834762 0.956073278575712
1604559065.20454 101.087005615234 18.6217651367188 -4.06446027755737 0.0311254472245524 -0.0303183040523886 0.30967617775728 0.949848762648086
1604559065.60457 101.87328338623 19.2200908660889 -4.08650350570679 0.0325828818566119 -0.0313389135359795 0.328908180249271 0.94327919370323
1604559066.00462 102.627418518066 19.8325824737549 -4.0851469039917 0.0330909495406555 -0.0326533700664176 0.346866275167267 0.936761727246256
1604559066.4045 103.355606079102 20.4476261138916 -4.05785512924194 0.0319802826853419 -0.0343650309016074 0.361566406020628 0.931163809545787
1604559066.80495 104.036697387695 21.0717658996582 -4.04672574996948 0.0331471015722551 -0.0343121802961717 0.374940678128714 0.925820410136362
1604559067.20418 104.697082519531 21.702995300293 -4.02586698532104 0.0320210469741939 -0.034375911549637 0.387556110041189 0.920648255755449
1604559067.71452 105.45613861084 22.4835624694824 -3.99755930900574 0.0299819854081665 -0.0347321619370532 0.400770784709362 0.915028707528679
1604559068.10426 105.983337402344 23.0353527069092 -3.98436856269836 0.0300154502363607 -0.0339196647597826 0.408094363294153 0.91181550751083
1604559068.51423 106.404426574707 23.4841136932373 -3.9658317565918 0.03206029638234 -0.0342938760842628 0.413841583652394 0.909137619449922
1604559068.90425 106.783340454102 23.9060974121094 -3.95370864868164 0.0327192657568395 -0.0351571466987179 0.41809236256559 0.907134059028025
1604559069.30479 107.157020568848 24.331521987915 -3.94656229019165 0.0310303259096118 -0.036398346551698 0.421818342105113 0.905417895507892
1604559069.70486 107.517951965332 24.7431182861328 -3.93170571327209 0.0307278572403467 -0.0366413700407217 0.42513101046281 0.903867707540117
1604559070.10462 107.878128051758 25.1601161956787 -3.92106866836548 0.0298783136679706 -0.0378423012890793 0.427242629235517 0.902850476197154
1604559070.51459 108.262908935547 25.5985145568848 -3.9147322177887 0.0305009716780713 -0.0377691698194541 0.42800090468271 0.902473493310814
1604559070.90492 108.684364318848 26.0609188079834 -3.9102783203125 0.0295012815938494 -0.0376717519733968 0.425429930968735 0.903725559737863
1604559071.30485 109.114807128906 26.5238208770752 -3.89102911949158 0.0282451984539817 -0.0388987736673488 0.420282003204224 0.906119270269713
1604559071.70498 109.574905395508 26.9938068389893 -3.87752962112427 0.0295787970365778 -0.0385536036038199 0.414080285785368 0.908942369646688
1604559072.10461 110.060028076172 27.4666442871094 -3.86500263214111 0.0290198481028778 -0.0389239659583801 0.408080009014142 0.911654254382205
1604559072.50472 110.53556060791 27.9454593658447 -3.863032579422 0.0281954594714329 -0.0413406535324588 0.402797641076857 0.913920142448794
1604559072.90429 111.021209716797 28.4319381713867 -3.85095763206482 0.028204979756385 -0.0421579887619398 0.401585237692589 0.914415922853423
1604559073.30447 111.504058837891 28.9168014526367 -3.82727527618408 0.0298375939723008 -0.0427398121449413 0.405142398405997 0.912766489008879
1604559073.70432 112.004951477051 29.4285640716553 -3.80992984771729 0.0333380909110407 -0.0429696135664136 0.41348101280619 0.908887031513338
1604559074.10464 112.505859375 30.0009307861328 -3.79768204689026 0.0336101580874442 -0.0419018033509342 0.423483480414389 0.904309868333522
1604559074.5042 113.002944946289 30.6040782928467 -3.75492525100708 0.0318089119558213 -0.0416212080348634 0.433869450394258 0.899451593014594
1604559074.90452 113.508979797363 31.2373046875 -3.72581148147583 0.0309004427610982 -0.0422252292287418 0.444185337305589 0.894405712625131
1604559075.30418 114.053039550781 31.9183025360107 -3.70818114280701 0.0320421190192031 -0.0424924891567213 0.454020873644847 0.889400212091719
1604559075.70461 114.607940673828 32.655891418457 -3.6828978061676 0.0319943914991382 -0.0427735879836422 0.461236757909249 0.885667788867231
1604559076.10464 115.137496948242 33.3866310119629 -3.64091610908508 0.0305887622808359 -0.0486541189849119 0.463766378758247 0.884091539525965
1604559076.50429 115.716316223145 34.1320457458496 -3.61887001991272 0.036814381231626 -0.0447546816240442 0.463087700398536 0.884415909822329
1604559076.90459 116.310729980469 34.9022483825684 -3.60135960578918 0.0318591051175197 -0.0424328296977016 0.458717236586617 0.886996589194848
1604559077.30452 116.942886352539 35.6790428161621 -3.60679864883423 0.024009374701102 -0.0252690793060171 0.453375713390641 0.890637685068971
1604559077.50452 117.300079345703 36.0718307495117 -3.62726616859436 0.0248887323740969 -0.0114884514826834 0.450876789063068 0.892165168322278
1604559077.7045 117.617950439453 36.4601402282715 -3.63508272171021 0.0217121329555686 0.000962746172460218 0.448291664496224 0.893623097253832
1604559078.10459 118.255432128906 37.2087287902832 -3.609215259552 0.0232312103566284 -0.00548483910553515 0.441532698926445 0.896927590825526
1604559078.50459 118.920768737793 37.9379119873047 -3.63315033912659 0.0301995190599504 -0.00838350544760238 0.436181624005146 0.899312680198156
1604559078.90461 119.611976623535 38.7238426208496 -3.68636894226074 0.0345068722881176 -0.023767117189439 0.432117324031409 0.900843503710455
1604559079.40463 120.518287658691 39.7157287597656 -3.68339133262634 0.0386900408448536 -0.0187968321725192 0.429235201349012 0.902167890008603
1604559079.60452 120.889724731445 40.1260070800781 -3.69659399986267 0.0385068070398832 -0.0166032767856703 0.428368267044035 0.902630702336931
1604559079.80431 121.254135131836 40.5248908996582 -3.72698974609375 0.0382511309612326 -0.0153979910465907 0.427209510608801 0.903211928008761
1604559080.00433 121.615730285645 40.9272270202637 -3.73786187171936 0.0363870440402329 -0.0159681703878943 0.42632903787621 0.903694944117772
1604559080.21435 122.001838684082 41.3482894897461 -3.75230860710144 0.037766420078458 -0.0124760207848079 0.425451059565411 0.904106986110882
1604559080.40563 122.379676818848 41.7602233886719 -3.76105952262878 0.0365049975250943 -0.00927438889119461 0.424625929684991 0.904585093125873
1604559080.60451 122.746574401855 42.1699829101562 -3.7662308216095 0.03527985166512 -0.0131277080700926 0.423736561667253 0.905002940135405
1604559080.80422 123.116767883301 42.5851974487305 -3.77337837219238 0.0353083050218458 -0.0134378973504281 0.423624402481512 0.905049784339771
1604559081.01463 123.485641479492 43.0142822265625 -3.78747391700745 0.0330648562563037 -0.0127608653552228 0.425180905532617 0.904414215482375
1604559081.20443 123.858032226562 43.4387245178223 -3.78970551490784 0.0324153080945418 -0.0145972647367755 0.426161825049132 0.903948154782194
1604559081.40456 124.225044250488 43.8622436523438 -3.79951453208923 0.0313870260073622 -0.0139292960874831 0.42983483919179 0.90225431022849
1604559081.60434 124.587188720703 44.3091087341309 -3.80636596679688 0.0301158756662159 -0.0132632830097725 0.4360943284899 0.899299091523839
1604559081.80466 124.928512573242 44.7652969360352 -3.81477570533752 0.0278779825681758 -0.0142589561728963 0.445785102718152 0.894592165431463
1604559082.00465 125.254875183105 45.2238616943359 -3.82711958885193 0.0267185504688603 -0.0143471910859542 0.456512635782405 0.889199915958041
1604559082.20469 125.566963195801 45.689624786377 -3.83336591720581 0.0243505742788844 -0.0154352502957795 0.468188391528518 0.88315821494143
1604559082.40452 125.87036895752 46.1574554443359 -3.83921003341675 0.0248112829505132 -0.0147733806600887 0.480927401307686 0.876284760870379
1604559082.60451 126.147415161133 46.6437873840332 -3.8490731716156 0.023184852301114 -0.0184498254140984 0.495392134543126 0.868163981975047
1604559082.80437 126.402961730957 47.1413879394531 -3.86305928230286 0.0208527598853782 -0.0178066524302289 0.510992631380688 0.859147610256254
1604559083.00446 126.643104553223 47.6469650268555 -3.85775780677795 0.0202482831243558 -0.0178421127979941 0.529049223875405 0.848161885938204
1604559083.20427 126.870864868164 48.145881652832 -3.85278558731079 0.025740493200818 -0.0177090662206732 0.548615217249745 0.835490969062733
1604559083.40454 127.06519317627 48.6555976867676 -3.86862111091614 0.0300805180557267 -0.0154060852535769 0.568216017446567 0.822185120570679
1604559083.60453 127.200317382812 49.1836891174316 -3.85333156585693 0.0263188146577376 -0.0211710004310314 0.587692137390022 0.808379280032404
1604559083.8045 127.32447052002 49.6972503662109 -3.84046530723572 0.0255372738387288 -0.0244627374838943 0.604402707084629 0.795893705081559
1604559084.00437 127.448104858398 50.2138328552246 -3.83931446075439 0.0303371898494702 -0.0265324584706353 0.620018804041012 0.783551125450723
1604559084.20441 127.544479370117 50.729621887207 -3.85848379135132 0.0296584741284593 -0.0313835490409751 0.634378677517056 0.771815483955638
1604559084.41455 127.637496948242 51.2585411071777 -3.84075570106506 0.0289347579314721 -0.0303136092870394 0.646533882136278 0.761733420643491
1604559084.60453 127.716361999512 51.7788887023926 -3.83670139312744 0.0295291782335907 -0.0284742081301272 0.657936236036355 0.751955554813265
1604559085.10456 127.857330322266 53.0533332824707 -3.81904339790344 0.0337847713383357 -0.0276159275956031 0.679172937827801 0.732680059979119
1604559085.30458 127.878684997559 53.5694961547852 -3.81667590141296 0.0299285179049194 -0.0314214824361284 0.687291160743925 0.725084708582934
1604559085.50443 127.896575927734 54.0818061828613 -3.79183316230774 0.0292836725130006 -0.0335714669139972 0.694417004631412 0.718192485906202
1604559085.70447 127.924667358398 54.6053657531738 -3.78801822662354 0.0326388465389503 -0.0313887401377313 0.701293510696704 0.711432965601022
1604559085.90427 127.934356689453 55.1482887268066 -3.78927278518677 0.0322747251063441 -0.0325177135424801 0.708323746332937 0.704399326239139
1604559086.10439 127.934410095215 55.6747627258301 -3.76166820526123 0.0342037177129478 -0.0334349197303301 0.714274152305481 0.69822965218152
1604559086.30445 127.930931091309 56.2169303894043 -3.72301054000854 0.0370803652208629 -0.0333389193130181 0.720082610237442 0.69209435585602
1604559086.5046 127.909217834473 56.7390060424805 -3.72187852859497 0.041832436220254 -0.0377422786130902 0.725128645065138 0.686304608603911
1604559086.70463 127.872245788574 57.2897911071777 -3.70256185531616 0.0416674438590491 -0.0408842559984973 0.729543251092517 0.681438879518231
1604559086.90454 127.836708068848 57.820743560791 -3.69301962852478 0.0435810685155932 -0.0464423640285282 0.732430729520555 0.677856196950701
1604559087.10454 127.809906005859 58.3866767883301 -3.65790128707886 0.0445388301956821 -0.0482946347504113 0.734930739797938 0.674952389846262
1604559087.30434 127.786285400391 58.9239540100098 -3.61277079582214 0.0451913174999853 -0.0464734484310619 0.737699179064465 0.672010330739904
1604559087.50434 127.749496459961 59.4860458374023 -3.5793890953064 0.0452643308830817 -0.0476019384594626 0.740297175562415 0.669062992295135
1604559087.70468 127.702262878418 60.0608024597168 -3.54950499534607 0.0441534668771028 -0.048947234196971 0.742592032337386 0.666492095329142
1604559087.90449 127.641052246094 60.6624145507812 -3.51383471488953 0.0403732276410979 -0.0507408956730336 0.744494101203208 0.664472645990612
1604559088.10476 127.595397949219 61.2563438415527 -3.45963716506958 0.0409572931918236 -0.0510541231634069 0.744727212095287 0.664151606342404
1604559088.30439 127.558006286621 61.8597450256348 -3.43618702888489 0.0397995609143719 -0.0508754281973911 0.744410318064262 0.664590824580222
1604559088.50448 127.521629333496 62.4482040405273 -3.43017363548279 0.0391978057353752 -0.0543956301851418 0.743853418045874 0.664971232388111
1604559089.00459 127.41618347168 63.9354476928711 -3.3241400718689 0.0408365811394263 -0.0540247141765298 0.742652608275616 0.666243804714469
1604559089.20467 127.376182556152 64.5276260375977 -3.28390073776245 0.0407063500675903 -0.0543629968216068 0.742099999382516 0.666839747283572
1604559089.50432 127.316596984863 65.4032135009766 -3.2047073841095 0.0359395261880758 -0.0577601616518336 0.742363284977704 0.666534970800815
1604559089.71467 127.295074462891 65.9797897338867 -3.19261360168457 0.0383018099000801 -0.0534066531851442 0.743283232292708 0.665740743342665
1604559089.90459 127.22762298584 66.5682983398438 -3.16875243186951 0.0327190940455808 -0.0572737868130635 0.743998942999773 0.664917097873223
1604559090.1047 127.184646606445 67.1438369750977 -3.13685631752014 0.0309054303818805 -0.0574924450634582 0.744570105744158 0.664345415251486
1604559090.3046 127.142036437988 67.7357177734375 -3.10307264328003 0.0311039468104983 -0.054904346439381 0.744967213041257 0.664109861941846
1604559090.51459 127.096206665039 68.3414001464844 -3.07119393348694 0.0286179537237689 -0.0552204685389774 0.744830308186404 0.664348947907608
1604559090.70438 127.04744720459 68.9651947021484 -3.06300377845764 0.025839679597133 -0.0489962489621935 0.74459217123264 0.665217390846793
1604559090.91454 126.995513916016 69.5935516357422 -3.0216109752655 0.0188691962405739 -0.0512478919332312 0.744234739625826 0.665681800366898
1604559091.10456 126.969886779785 70.213249206543 -2.99484896659851 0.0193272292519386 -0.0473023335599549 0.744199462940858 0.666000080186005
1604559091.30445 126.928871154785 70.8158187866211 -2.98514080047607 0.0193049973570693 -0.0442962990967797 0.744736803026826 0.665606677536181
1604559091.80465 126.806480407715 72.3949661254883 -2.96257305145264 0.0120010657595738 -0.0439724234683009 0.74608140400121 0.664292811189871
1604559092.00477 126.765869140625 73.0405654907227 -2.9541232585907 0.0111027486668154 -0.0395686560308039 0.745910770837126 0.664776783876454
1604559092.20441 126.720664978027 73.6913986206055 -2.94722938537598 0.00766675832061786 -0.0396547079099431 0.745558682323077 0.665214984926007
1604559092.40441 126.69312286377 74.3369827270508 -2.97703003883362 0.0139136726900295 -0.0368464933260389 0.74490684127638 0.666004912490513
1604559092.60453 126.630226135254 75.0026397705078 -2.99162864685059 0.0111695747437649 -0.0413871871954998 0.74457755961811 0.666158088631541
1604559092.80431 126.57829284668 75.6892700195312 -2.97188472747803 0.00888881995715072 -0.0439138309958877 0.743635558945735 0.667082243654033
1604559093.01455 126.553649902344 76.3657150268555 -2.96308755874634 0.0145361571776275 -0.0438499324685179 0.742996440675155 0.667699163322124
1604559093.20443 126.520927429199 77.0714721679688 -2.9237105846405 0.0130374003738478 -0.0391850068267211 0.742165726135223 0.668942894709002
1604559093.40456 126.472900390625 77.7566528320312 -2.93273448944092 0.0142040041364419 -0.0414943248593077 0.741660927668363 0.669339626528316
1604559093.60469 126.422073364258 78.453483581543 -2.93140935897827 0.00997986299845388 -0.0472738144212939 0.741661829404782 0.669031628257249
1604559093.80469 126.395156860352 79.165397644043 -2.93895101547241 0.0119953496923501 -0.0431271197988138 0.741332687046231 0.669643196217531
1604559094.00466 126.363670349121 79.8833160400391 -2.95007681846619 0.0132548136603243 -0.0424506397990692 0.741563341819322 0.669407247619294
1604559094.2043 126.320236206055 80.6248092651367 -2.92495727539062 0.00934619661949088 -0.0412159684286649 0.741228885329834 0.669920616273249
1604559094.40452 126.273994445801 81.350471496582 -2.90957021713257 0.00693935573322167 -0.0394051759196546 0.741032363520307 0.670276147321578
1604559094.60454 126.24137878418 82.0940093994141 -2.91847896575928 0.00731888698391756 -0.0394454003247385 0.74045239337107 0.670910387039574
1604559094.80448 126.200172424316 82.8396377563477 -2.93271994590759 0.00737641244685651 -0.0402142426222233 0.740182564945061 0.671161808941097
1604559095.00456 126.165901184082 83.5793228149414 -2.94684338569641 0.00701456138323405 -0.041196932412593 0.73978684992387 0.671542273701448
1604559095.20474 126.13826751709 84.334098815918 -2.94296979904175 0.0103499447740466 -0.0402915405415516 0.740317258400252 0.670969319208186
1604559095.40474 126.095893859863 85.090217590332 -2.92370963096619 0.0111668737053081 -0.0366894314055657 0.74141930826611 0.669945218570137
1604559095.61444 126.031341552734 85.8135452270508 -2.92102193832397 0.00957441301408388 -0.0396950304394935 0.742111822933861 0.669031148329901
1604559095.80468 125.981407165527 86.5240631103516 -2.90487861633301 0.00803110533554661 -0.0424865169010459 0.742466848666618 0.668485883066925
1604559096.00471 125.960296630859 87.2143707275391 -2.91946244239807 0.0123653592892061 -0.0371813463600986 0.742729380696333 0.668444247804512
1604559096.20467 125.912590026855 87.9015731811523 -2.92002296447754 0.0104565521039007 -0.0371494800490345 0.743020930559669 0.668154528084955
1604559096.40469 125.867408752441 88.5875701904297 -2.92380881309509 0.00803176308671751 -0.0383587551987708 0.743055203195385 0.668081628010818
1604559096.60425 125.83455657959 89.2602157592773 -2.90494656562805 0.00800246206753107 -0.0377189970646657 0.742505368859074 0.668729403478525
1604559096.80453 125.796531677246 89.9393081665039 -2.90187931060791 0.00698091235917301 -0.0377439174107072 0.742503732915015 0.66874125801269
1604559097.00463 125.742813110352 90.5823135375977 -2.91063094139099 0.00583718894981969 -0.0419779021859549 0.742210770870614 0.66882505526997
1604559097.20475 125.712120056152 91.2329788208008 -2.90395998954773 0.00549252043237456 -0.0423760930241404 0.74202243758762 0.669011809369487
1604559097.40452 125.699867248535 91.8714294433594 -2.90512204170227 0.00917611419717747 -0.0348241393827182 0.742042191560438 0.669385138906352
1604559097.60443 125.661338806152 92.4832992553711 -2.91913604736328 0.0129377474535872 -0.035314386576411 0.74182515858175 0.669537857694933
1604559097.80463 125.612754821777 93.1066207885742 -2.90222811698914 0.00949282171331883 -0.039419917722935 0.741174593471693 0.670086694700549
1604559098.0043 125.578842163086 93.7292175292969 -2.89891791343689 0.00917912593151832 -0.038953734765884 0.740847080001627 0.670480390651348
1604559098.20463 125.545845031738 94.3610000610352 -2.87782692909241 0.00806419432887342 -0.039414625125833 0.740497688716426 0.67085365699357
1604559098.40436 125.51375579834 94.9802093505859 -2.89082646369934 0.00606068159428734 -0.039250197438092 0.740429686916047 0.670959439066989
1604559098.60475 125.477149963379 95.6046752929688 -2.86451935768127 0.00392683107338753 -0.0371857780841958 0.740113125884579 0.671441999579526
1604559098.80431 125.461791992188 96.20751953125 -2.86660075187683 0.00838212583164229 -0.0339455707038884 0.739820879594143 0.671894712222591
1604559099.00477 125.432464599609 96.7797927856445 -2.88315677642822 0.00821557369932072 -0.0347500856797506 0.739725199123839 0.671960985232951
1604559099.20477 125.402412414551 97.3597259521484 -2.88832950592041 0.00787757890003654 -0.0368270851978 0.739616229411874 0.671974361666477
1604559099.4044 125.367500305176 97.9241561889648 -2.89145445823669 0.00785415873931674 -0.0382014970382782 0.739690812161101 0.671815793368229
1604559099.60533 125.335594177246 98.4955062866211 -2.8880820274353 0.00641528708820885 -0.0378539587938761 0.740008663986777 0.671500632255632
1604559099.80478 125.314521789551 99.0230407714844 -2.85581207275391 0.0118144349302704 -0.0368971594299924 0.740489606304181 0.67095019316545
1604559100.00458 125.286903381348 99.5350494384766 -2.85869598388672 0.0186211683270044 -0.0466319706310116 0.740454965650459 0.670227689109293
1604559100.20441 125.251495361328 100.061744689941 -2.84726691246033 0.0188092131464322 -0.0476307901864406 0.740592156606969 0.670000581267857
1604559100.40463 125.219841003418 100.571441650391 -2.84845876693726 0.0200165160717914 -0.0490197633454652 0.74059517449284 0.669862067446591
1604559100.6044 125.18595123291 101.11009979248 -2.85504651069641 0.0196812911747541 -0.0489037879041169 0.740701794423992 0.669762583340844
1604559100.80433 125.150428771973 101.68058013916 -2.86696171760559 0.0148576247296021 -0.0487924405672861 0.741407453182134 0.669113994097316
1604559101.00451 125.114440917969 102.271583557129 -2.84809374809265 0.00124909353283902 -0.0380503511121848 0.741886728767018 0.669443569111661
1604559101.20467 125.089317321777 102.861709594727 -2.84686517715454 -0.00154872343471473 -0.0234101128078132 0.74223854056993 0.66972495620715
1604559101.40468 125.04988861084 103.427452087402 -2.82635402679443 -0.00171365048509691 -0.0264896171471481 0.742568028360036 0.669244414876136
1604559101.60466 125.017669677734 104.00089263916 -2.82788491249084 -0.00265861138210335 -0.0287782891000269 0.74282041385039 0.668866634411621
1604559101.80477 124.978034973145 104.598281860352 -2.8333101272583 -0.000132523467378007 -0.0294403480144572 0.74239904586262 0.66931076866325
1604559102.01437 124.936935424805 105.18790435791 -2.83817267417908 0.00169104569909523 -0.0353317978113631 0.74247761254577 0.668936319313127
1604559102.20467 124.905532836914 105.786567687988 -2.90433025360107 0.0140986306370038 -0.0414020214606816 0.742270190735361 0.668671866597378
1604559102.40468 124.861999511719 106.432250976562 -2.87691760063171 0.00539189769322751 -0.0402221497831003 0.742520344959892 0.668593032738701
1604559102.60467 124.820121765137 107.050918579102 -2.88183093070984 0.00765554317029754 -0.0441408233893428 0.742670403214969 0.668156907139179
1604559102.80437 124.800231933594 107.70263671875 -2.86219096183777 0.00947909880674473 -0.0412023787923836 0.742444880432299 0.668571694126763
1604559103.00465 124.757286071777 108.336517333984 -2.88938808441162 0.00768848242055129 -0.0422719852421866 0.74282194293835 0.668108918957866
1604559103.21442 124.708267211914 108.999954223633 -2.87963175773621 0.00624632402221324 -0.0421865223530065 0.742298575226725 0.66871077902509
1604559103.40446 124.660751342773 109.649337768555 -2.88481092453003 0.00442128876213895 -0.0439788878897316 0.742286961959232 0.668622745448431
1604559103.60469 124.632507324219 110.335067749023 -2.86631894111633 0.00581439324805602 -0.0396907436201057 0.742403812951894 0.668750638292428
1604559103.80469 124.614356994629 111.013946533203 -2.88635087013245 0.0101982185428879 -0.0342273903163333 0.742529244084957 0.668860825410868
1604559104.00475 124.568222045898 111.696029663086 -2.88752865791321 0.00650012497015404 -0.0355828949962544 0.742738298954281 0.668604087054184
1604559104.20485 124.522789001465 112.397705078125 -2.89688730239868 0.00489193096368068 -0.035741865962163 0.742407507057779 0.668976592634782
1604559104.40487 124.488876342773 113.099449157715 -2.90429043769836 0.00230981988015776 -0.034395423644789 0.742306470282668 0.669173164241442
1604559104.60435 124.45866394043 113.83422088623 -2.90429353713989 0.00275658768878409 -0.0300640581234678 0.74209190191322 0.669617922959267
1604559104.80456 124.413352966309 114.568206787109 -2.92041349411011 -0.00110557629900398 -0.0301018001361195 0.741836666544726 0.669903738980028
1604559105.00432 124.371612548828 115.297584533691 -2.9180018901825 -0.00315032767950483 -0.0307998197758458 0.741709688205267 0.670006108151062
1604559105.20472 124.335929870605 116.04906463623 -2.92789340019226 -0.00140711877907066 -0.0281828785705745 0.741880622425897 0.669937972831202
1604559105.40438 124.291984558105 116.798934936523 -2.95177340507507 0.00112029809278001 -0.0275448726336352 0.742433973561211 0.669351790784107
1604559105.60437 124.237770080566 117.559020996094 -2.98666763305664 -0.00162199337287563 -0.0283350918406 0.743152200747599 0.668520230233823
1604559105.80454 124.176773071289 118.33317565918 -2.98893713951111 -0.00642532708507622 -0.0292715604205503 0.744311251948317 0.667160139056227
1604559106.00473 124.129997253418 119.100044250488 -3.00604486465454 -0.00166061124356198 -0.025422829890087 0.74576444100873 0.665722405074077
1604559106.20493 124.074913024902 119.883201599121 -3.02022266387939 -0.0028455854864511 -0.0209100809610943 0.746965052386444 0.664528315176078
1604559106.40507 124.003814697266 120.642234802246 -3.05531287193298 -0.00441317519617857 -0.0243651471873262 0.747438268690939 0.663869639299403
1604559106.605 123.945030212402 121.392700195312 -3.08234667778015 -0.00440816698959075 -0.0289261752394146 0.74832060376675 0.662691571115837
1604559106.80484 123.888114929199 122.16495513916 -3.09081315994263 -0.00190112708231869 -0.0291504640809471 0.747894547713384 0.66317447301617
1604559107.00487 123.834999084473 122.948860168457 -3.14344692230225 -0.00102474498937441 -0.0328205609626508 0.748002405294988 0.662883219239042
1604559107.20444 123.775253295898 123.733993530273 -3.1525092124939 -0.00153928729811854 -0.031376635790214 0.747723055143183 0.663267193616906
1604559107.4048 123.720733642578 124.515174865723 -3.16261911392212 -0.00125923659766544 -0.0319246103331408 0.747267052867046 0.663755365535878
1604559107.60483 123.672790527344 125.336723327637 -3.1640350818634 0.00212610452615201 -0.0290469397405556 0.746416032778232 0.664841981964781
1604559107.90484 123.587905883789 126.551826477051 -3.20250725746155 0.00771624609519211 -0.0365616562031992 0.745492473366305 0.66546575944677
1604559108.10472 123.53702545166 127.284217834473 -3.19153046607971 0.0145173276608173 -0.0468151221316729 0.744243839952973 0.666107122187895
1604559108.31435 123.51335144043 128.060256958008 -3.17496609687805 0.0269437999166382 -0.049975637710005 0.743616814653448 0.666191038851612
1604559108.50471 123.468299865723 128.812469482422 -3.16224074363708 0.0357844232670962 -0.0569230413644477 0.742614906141015 0.666335008528318
1604559108.70463 123.410606384277 129.570983886719 -3.12354040145874 0.029989967732483 -0.0588445077720865 0.742554886703947 0.666520941885966
1604559108.90471 123.370452880859 130.320785522461 -3.07279896736145 0.0323358934252468 -0.055520691016471 0.742684518469381 0.666551985137955
1604559109.10471 123.326377868652 131.061981201172 -3.02215313911438 0.0315508619060192 -0.0537908842910913 0.743021823758106 0.666355500689645
1604559109.30448 123.284004211426 131.779388427734 -2.97184228897095 0.0302776905734208 -0.0520118478360129 0.743075072517142 0.666496410899465
1604559109.50446 123.235084533691 132.471939086914 -2.95757961273193 0.0303324911345927 -0.0559843523721698 0.743118389163082 0.666123676173355
1604559109.70476 123.188568115234 133.158096313477 -2.90706777572632 0.0289225851113826 -0.0572381566813027 0.742783010620084 0.666453806819622
1604559109.90454 123.147438049316 133.823257446289 -2.86044502258301 0.0286780637596838 -0.0574776516511689 0.742563685965759 0.666688128366336
1604559110.11485 123.107376098633 134.487640380859 -2.82310366630554 0.0294859620819819 -0.0548535350130835 0.742333341003278 0.667130331023541
1604559110.3048 123.064613342285 135.152694702148 -2.80721974372864 0.026624804306026 -0.055454559799215 0.742275538397132 0.667265267109257
1604559110.50481 123.019905090332 135.790374755859 -2.77332282066345 0.0267587681927694 -0.0556574182574082 0.741987463365586 0.667563348549056
1604559110.70497 122.987686157227 136.424514770508 -2.73268485069275 0.028377769385419 -0.0550235212223368 0.741861014724782 0.667689560460937
1604559110.9049 122.950813293457 137.056304931641 -2.71282339096069 0.031330553306111 -0.055466578981496 0.741884956730626 0.667494244186735
1604559111.10473 122.909065246582 137.692672729492 -2.67888355255127 0.0322872313534037 -0.060048450223394 0.741988923457602 0.666936395605705
1604559111.30458 122.858741760254 138.314270019531 -2.63904619216919 0.0312775053064657 -0.0631577131638818 0.742232882220894 0.666425666882495
1604559111.50472 122.824577331543 138.955032348633 -2.57596206665039 0.0336694310102803 -0.0606298151792446 0.74265802907598 0.66607015154243
1604559111.70451 122.782127380371 139.589019775391 -2.54428219795227 0.0339008314620641 -0.0605034497369079 0.742944721787794 0.66575010819659
1604559111.90471 122.735748291016 140.225067138672 -2.50600671768188 0.0333482210552519 -0.0592509364054616 0.742944543301937 0.665890853117387
1604559112.10476 122.699401855469 140.828887939453 -2.47514486312866 0.0318052925502793 -0.0602366864018655 0.742781206607156 0.666060090448551
1604559112.3052 122.660148620605 141.436248779297 -2.44015502929688 0.0299559974174301 -0.0608795337198174 0.742759115019216 0.666112015841672
1604559112.50486 122.626853942871 142.015701293945 -2.40379166603088 0.0285702919605829 -0.0603099136283617 0.742602045117413 0.666399771400668
1604559112.70509 122.586097717285 142.591888427734 -2.3602819442749 0.0286718234504894 -0.0590679996483678 0.742273699668016 0.666872291176294
1604559112.90511 122.550300598145 143.129104614258 -2.31207871437073 0.0286840185917665 -0.0589410407699792 0.741837959253134 0.667367682017585
1604559113.10523 122.52791595459 143.684020996094 -2.29171061515808 0.0299698209791123 -0.0574422057739929 0.741270379130467 0.668072172635616
1604559113.31504 122.493537902832 144.220977783203 -2.26096940040588 0.0287475974045258 -0.0574615551322599 0.740886538703255 0.66854983516082
1604559113.5052 122.465484619141 144.764831542969 -2.2374165058136 0.0306627099602324 -0.0571471979644885 0.740392097184223 0.669039265222789
1604559113.70471 122.432357788086 145.299301147461 -2.21477222442627 0.0302879757034348 -0.0577976494807888 0.740033028817387 0.669397629590701
1604559113.90471 122.395767211914 145.830383300781 -2.16886782646179 0.0299978589401347 -0.0595989554526967 0.739986563830124 0.669304100031399
1604559114.10474 122.377029418945 146.36344909668 -2.13035154342651 0.0320033004821005 -0.0577100671752036 0.739715479905037 0.66967629918771
1604559114.30454 122.348472595215 146.897766113281 -2.1088559627533 0.0330270149691723 -0.0573827631672042 0.739721451841966 0.669648122866283
1604559114.50436 122.321533203125 147.436660766602 -2.07097506523132 0.0327823968151107 -0.0576135804171253 0.739634927632424 0.669735890957588
1604559114.70475 122.29719543457 147.947601318359 -2.04354786872864 0.0323829000236023 -0.0578857117188363 0.739665934651869 0.669697616301897
1604559114.91472 122.267875671387 148.461822509766 -2.02537989616394 0.0307927181618124 -0.0579371733623595 0.739885213225371 0.669525924592495
1604559115.10466 122.232986450195 148.969390869141 -2.0003068447113 0.0287137539003315 -0.0576867632649793 0.740378486455226 0.669094503396366
1604559115.5048 122.17936706543 149.950912475586 -1.95767855644226 0.0223846127671247 -0.0561745260983633 0.740820875473624 0.668975173075491
1604559115.90526 122.120498657227 150.852203369141 -1.90278351306915 0.0176398151589648 -0.0538192236567561 0.741251744764334 0.668833446360132
1604559116.30528 122.070945739746 151.657897949219 -1.86789929866791 0.0147521324396635 -0.0514658834389355 0.741274094269837 0.66906378963053
1604559116.70511 122.007110595703 152.358581542969 -1.85171794891357 0.0106789234645388 -0.052867351750432 0.74144988855783 0.668837100099954
1604559117.10488 121.947891235352 152.986480712891 -1.85960876941681 0.00719783611056807 -0.0539380314671433 0.741848897083686 0.668355514537355
1604559117.50496 121.889350891113 153.576965332031 -1.83452939987183 0.00154632180484156 -0.0561029363596062 0.741786107871165 0.66828395131864
1604559117.90483 121.83757019043 154.088943481445 -1.82005071640015 -0.00168491558404365 -0.059300820980515 0.741900937562615 0.667879908766707
1604559118.50479 121.789100646973 154.679504394531 -1.78981554508209 -0.00491469063195091 -0.0586897398283145 0.742313390020967 0.66745950532632
1604559119.30448 121.731033325195 155.223739624023 -1.79059267044067 -0.00915898120618659 -0.0622367431347437 0.741954013603197 0.66749302810243
1604559120.1046 121.677696228027 155.81770324707 -1.79159796237946 -0.0144848720726925 -0.0682109438356618 0.740907704222226 0.667976967751311
1604559120.70542 121.635566711426 156.498733520508 -1.78527390956879 -0.0204315309349808 -0.0751914542350902 0.732706296996403 0.676069730202059
1604559121.10457 121.631660461426 157.061676025391 -1.7802107334137 -0.0251518450007756 -0.0792748649415383 0.722264452314049 0.686598093068314
1604559121.50483 121.683876037598 157.683609008789 -1.76159238815308 -0.0252613530643337 -0.0811293389710062 0.705958393223554 0.703137711573419
1604559121.905 121.793701171875 158.302963256836 -1.74588990211487 -0.0193811980219399 -0.0835752368906759 0.684270675457253 0.724163787862371
1604559122.30467 121.940872192383 158.926315307617 -1.71081483364105 -0.0165376131331689 -0.0876282544017565 0.659395141001076 0.746489011577887
1604559122.80469 122.173072814941 159.63444519043 -1.6446715593338 -0.0124670694553766 -0.101926494649002 0.622342410870227 0.775980338346272
1604559123.20479 122.406829833984 160.111618041992 -1.59293127059937 -0.00472967864788747 -0.106462648270881 0.591865622408884 0.798960837384151
1604559123.80502 122.771751403809 160.695022583008 -1.54050362110138 0.00175561508776717 -0.108402290810628 0.550791934004544 0.827571209382133
1604559124.30493 123.077789306641 161.105819702148 -1.49401998519897 0.00692448461307931 -0.11035929086084 0.519095098301289 0.847533572994669
1604559124.90489 123.485916137695 161.561752319336 -1.42415058612823 0.0127203696369454 -0.110877800917172 0.481014953059499 0.86957973780053
1604559125.4048 123.897834777832 161.954711914062 -1.35911464691162 0.016632634046324 -0.109208563409968 0.444895088434402 0.888743610637825
1604559125.90479 124.38257598877 162.36604309082 -1.25858056545258 0.0170706324021916 -0.105488353072353 0.403298235504886 0.908807644176763
1604559126.40468 124.93041229248 162.739028930664 -1.18769478797913 0.0172462616939581 -0.102419746848094 0.359659434078621 0.927285206067368
1604559127.00492 125.642501831055 163.127685546875 -1.09544193744659 0.0167110157082876 -0.098154967349313 0.301630762389951 0.948211594275618
1604559127.50472 126.360481262207 163.410736083984 -1.02668380737305 0.0139258590558165 -0.094985224271762 0.251420497432403 0.963105192121008
1604559127.80477 126.85164642334 163.578765869141 -0.986925840377808 0.0144657087732235 -0.0920305233215668 0.222834127141066 0.970394805132491
1604559128.10468 127.384437561035 163.717926025391 -0.923478722572327 0.0157884871003207 -0.0908530918954813 0.197224857650066 0.976011677641731
1604559128.60543 128.381958007812 163.967407226562 -0.837829232215881 0.0149729021705203 -0.0849607369269768 0.162573716304474 0.982917734171263
1604559128.90498 129.009994506836 164.109512329102 -0.804438292980194 0.0155376082627891 -0.0834467483892825 0.148607705458262 0.985246655813233
1604559129.30509 129.883392333984 164.283676147461 -0.737764775753021 0.0173740168180235 -0.081413980777797 0.133694253395356 0.987520001763295
1604559129.60514 130.57275390625 164.42463684082 -0.668355762958527 0.0184306699849083 -0.080680406307759 0.126429126566584 0.988517404195562
1604559129.90515 131.296859741211 164.563232421875 -0.60731041431427 0.0179180923298995 -0.081333251651737 0.121058401392664 0.989145443094829
1604559130.20464 132.066589355469 164.710113525391 -0.56065034866333 0.016958967134588 -0.0812148230549101 0.117973577677878 0.989544734168077
1604559130.50464 132.869338989258 164.865097045898 -0.470524400472641 0.0128392333438492 -0.0820400063258714 0.115084208603126 0.989878889753381
1604559130.70469 133.435699462891 164.957412719727 -0.428729444742203 0.0141382784214903 -0.0823512037104039 0.112577524130059 0.990123572788503
1604559131.00481 134.319808959961 165.107192993164 -0.415831327438354 0.0140541371634247 -0.0809794990141186 0.107087083552209 0.990846687689017
1604559131.40474 135.55598449707 165.300186157227 -0.323061138391495 0.0120173289930073 -0.0790036858183742 0.0981164735397336 0.991961268926924
1604559131.71454 136.531799316406 165.447830200195 -0.189924627542496 0.0101319402672525 -0.0818019909466678 0.0925771095220233 0.992287890108576
1604559132.0049 137.560913085938 165.551956176758 -0.179061040282249 0.0165180449341569 -0.0790790004460355 0.0875124745650974 0.992882285407239
1604559132.30475 138.584869384766 165.690780639648 -0.0883781909942627 0.012350031895922 -0.0789810850523065 0.0838843577662227 0.993263751195159
1604559132.60446 139.615753173828 165.799545288086 -0.0160235892981291 0.0146970239138458 -0.0758368485431523 0.080229296719989 0.993778662398693
1604559132.90466 140.597900390625 165.908676147461 0.0837376639246941 0.0119957679209831 -0.0749752884503532 0.0774321526931381 0.994102142339045
1604559133.30511 141.873718261719 166.030624389648 0.150483503937721 0.0145901385535911 -0.0779869800533872 0.0736993558204478 0.994119491686382
1604559133.60502 142.826904296875 166.124404907227 0.168660789728165 0.0114672983140213 -0.0748113744370534 0.0693563741642846 0.994716770084329
1604559133.90505 143.742950439453 166.196838378906 0.245291724801064 0.0121630494759967 -0.0774101247343623 0.065978735292659 0.99473943286935
1604559134.20516 144.652130126953 166.2587890625 0.284599870443344 0.0122769410377877 -0.0763177140804113 0.061937085189484 0.995082248215958
1604559134.6049 145.796264648438 166.334533691406 0.362371444702148 0.010426334461791 -0.0745096233011759 0.0555325399665315 0.995618272527214
1604559134.9051 146.62109375 166.373550415039 0.416314870119095 0.0122902769530268 -0.0731136699415476 0.0502852145182368 0.99597928570877
1604559135.20497 147.385467529297 166.409393310547 0.472820729017258 0.0112301252079687 -0.0800926440325764 0.0447743992347681 0.995717985090583
1604559135.50513 148.092758178711 166.418746948242 0.552702188491821 0.0127190341882538 -0.0871058212138552 0.0421394052711651 0.995226141438905
1604559135.80533 148.791442871094 166.449203491211 0.577894687652588 0.0113235776750404 -0.0882817010246224 0.0384003589793562 0.995290676276581
1604559136.1051 149.462661743164 166.456146240234 0.620608508586884 0.0123053217532195 -0.0867209893401006 0.0372874420059806 0.995458535416255
1604559136.6059 150.547271728516 166.478530883789 0.70064651966095 0.0119894064034794 -0.0672783568325015 0.0366206568420598 0.996989871728127
1604559137.00515 151.397735595703 166.498306274414 0.754685580730438 0.00847396946487403 -0.0572362647565733 0.0351932853280966 0.997704181862559
1604559137.60492 152.661193847656 166.510803222656 0.829152405261993 0.00990083900615213 -0.0627306705090447 0.0312622448158277 0.997491608192036
1604559138.10491 153.834548950195 166.518051147461 0.829151332378387 0.0100019306121483 -0.0748062105620654 0.0280908831619632 0.996752173074408
1604559138.40505 154.609313964844 166.539108276367 0.865155398845673 0.01270927540797 -0.0721487976897059 0.0286483700381468 0.996901347278
1604559138.70475 155.419464111328 166.548721313477 0.941031396389008 0.0109182215358921 -0.0746248108148674 0.0298588757462462 0.996704759489242
1604559139.10503 156.541427612305 166.562133789062 0.99884307384491 0.0105097922263025 -0.0746271225545872 0.0311718690712861 0.996668777189887
1604559139.40477 157.4306640625 166.588577270508 1.04735672473907 0.0106671531896617 -0.075610072138169 0.0319555153791348 0.996568198304031
1604559139.70463 158.357925415039 166.605224609375 1.10992133617401 0.010722330284218 -0.0770482184141477 0.0344332498326017 0.996374906839011
1604559139.90462 158.998382568359 166.632034301758 1.13085412979126 0.0093304364670775 -0.0779806502677866 0.0364605476295795 0.99624424194356
1604559140.2052 160.007446289062 166.663513183594 1.18410778045654 0.00957025728480036 -0.0789224063786054 0.039952555561807 0.996033863506153
1604559140.50526 161.069107055664 166.70329284668 1.24526369571686 0.00964100558460069 -0.0767023218147659 0.0418456074701486 0.99612888221103
1604559140.80536 162.162139892578 166.749420166016 1.33176028728485 0.0101842475964592 -0.0767062799863202 0.0425923148874533 0.996091523116266
1604559141.10498 163.274887084961 166.786392211914 1.38334226608276 0.0129025122069312 -0.0775142927886488 0.0415608952553902 0.996041039103207
1604559141.40529 164.437850952148 166.826110839844 1.47708714008331 0.006959149502177 -0.076767272061774 0.0402999019189339 0.996209954820631
1604559141.7052 165.622665405273 166.84358215332 1.52156329154968 0.0107159992976438 -0.0753791188560804 0.0372224496179132 0.996402350982762
1604559142.00535 166.82177734375 166.878448486328 1.59813463687897 0.012248850536548 -0.0789376925992343 0.0339974348519985 0.996224362666928
1604559142.30506 168.05712890625 166.889770507812 1.68383014202118 0.00878213252274395 -0.0771646844937407 0.0313064167084708 0.996488029977385
1604559142.5051 168.867233276367 166.900817871094 1.72556841373444 0.00960320586195998 -0.0797174858406419 0.0292449748928165 0.996342126145401
1604559142.80495 170.148803710938 166.906219482422 1.78346288204193 0.012043968260182 -0.0726606916668465 0.0263196615492693 0.996936628944375
1604559143.20487 171.873870849609 166.906402587891 1.88915884494781 0.0117300426650408 -0.0721695169721643 0.0255918209945252 0.99699499778949
1604559143.50459 173.187286376953 166.905975341797 1.97561419010162 0.0108432226866536 -0.0733904789075881 0.0262533200586462 0.996898703637125
1604559143.80484 174.525436401367 166.927612304688 2.00772762298584 0.01130651674382 -0.0743313489584259 0.0249627478127307 0.996856998000606
1604559144.10449 175.883926391602 166.92741394043 2.06689476966858 0.0112014827599329 -0.0709014273930387 0.0229616038896109 0.997156095666283
1604559144.40546 177.251876831055 166.937759399414 2.16992449760437 0.00659636972180438 -0.0740750617762956 0.0203013047763582 0.99702418734638
1604559144.70498 178.62678527832 166.910034179688 2.23265337944031 0.00812509881908251 -0.074728575378274 0.0159933336989953 0.997042544763415
1604559145.00535 180.058822631836 166.889953613281 2.3108286857605 0.00420635477195832 -0.0711141019062849 0.0137652448322504 0.997364331187106
1604559145.30466 181.472030639648 166.84098815918 2.39400506019592 0.00615134685103501 -0.0714843858036172 0.0122146439806555 0.997347956327492
1604559145.60495 182.902008056641 166.80029296875 2.4606294631958 0.00589591606856074 -0.0704151777788116 0.0081116734731232 0.997467363709488
1604559145.90492 184.351104736328 166.747741699219 2.53372168540955 0.00347006288856803 -0.0704198470288203 0.0044383635070895 0.997501531195499
1604559146.20489 185.791687011719 166.684127807617 2.57926750183105 0.00826088257192409 -0.0685323324626688 0.000944639063047961 0.997614246531895
1604559146.50474 187.251617431641 166.610458374023 2.66220760345459 0.00337326669451671 -0.070288257739368 -0.000418480530227734 0.997520930492096
1604559146.80483 188.698471069336 166.532257080078 2.71194338798523 0.00743018145727109 -0.0688745954029584 -0.00120769950417201 0.997596924601063
1604559147.10475 190.172958374023 166.46598815918 2.79910802841187 0.00500948726787819 -0.0680173624559736 -0.00174857910860335 0.997670028573048
1604559147.40492 191.666137695312 166.386901855469 2.83544111251831 0.00483984983473502 -0.0689727278042245 -0.00142304088275039 0.997605790694635
1604559147.71481 193.150405883789 166.319534301758 2.90069007873535 0.00541002669195968 -0.0679760182955544 -0.00322633312154839 0.997667070380928
1604559148.00447 194.634078979492 166.227630615234 2.96833634376526 0.00822799565219495 -0.0687977285853319 -0.00367841931379765 0.997589916679393
1604559148.20451 195.642456054688 166.169418334961 3.0068051815033 0.00770963849790521 -0.0695187943931079 -0.00391124891245319 0.997543182439891
1604559148.5045 197.148712158203 166.103561401367 3.08554697036743 0.0032084774533663 -0.0682378049737989 -0.00370514087056332 0.997657045069055
1604559148.8045 198.684844970703 166.015823364258 3.1595413684845 0.00451805425553444 -0.0673781561041278 -0.00328744552767706 0.99771186420111
1604559149.00475 199.691207885742 165.970642089844 3.19312167167664 0.00220899748350338 -0.0676442037859963 -0.00384715265783358 0.997699644903567
1604559149.30476 201.224655151367 165.894943237305 3.25241851806641 0.000484106076123104 -0.0664400060681577 -0.00399982566242876 0.997782287189766
1604559149.60452 202.744049072266 165.810287475586 3.31335401535034 -0.000355242678589766 -0.0624598324551875 -0.00517593460681897 0.99803399382649
1604559149.80495 203.725784301758 165.761840820312 3.32609558105469 -0.00147846578184052 -0.0647705011189379 -0.00514413327027628 0.99788583225569
1604559150.10492 205.215255737305 165.652282714844 3.46805143356323 0.00263063403738486 -0.0682564793893621 -0.0072584867934569 0.997637933899569
1604559150.40468 206.697250366211 165.547744750977 3.45107841491699 -0.00100799892247505 -0.0659615057254749 -0.0100068658042885 0.997771480018033
1604559150.60504 207.706604003906 165.456558227539 3.50196719169617 0.00592775017262242 -0.0632383930440083 -0.010719950688866 0.997923268633581
1604559150.90471 209.191909790039 165.358871459961 3.54307818412781 0.00449383206021574 -0.0614128187172489 -0.0109757758482526 0.998041984845901
1604559151.10509 210.183609008789 165.300628662109 3.58683013916016 0.00111362468179469 -0.0631827050651879 -0.0107647318353976 0.997943298073205
1604559151.30495 211.1787109375 165.212371826172 3.617436170578 0.0041398442584388 -0.0632887561025492 -0.0113597361163654 0.997922016710662
1604559151.50477 212.172821044922 165.143432617188 3.61893343925476 0.000881904978471555 -0.063329174648157 -0.0118438203661537 0.99792202190408
1604559151.70459 213.143707275391 165.084381103516 3.67681908607483 -0.00297288796392067 -0.0613900883246991 -0.0127763731664962 0.998027646551612
1604559151.90492 214.107681274414 165.003204345703 3.72750449180603 0.000174709437608755 -0.0585868987211211 -0.0142932540631782 0.998179967572551
1604559152.20481 215.501388549805 164.897079467773 3.78210139274597 0.000784074375151401 -0.0599798172519472 -0.0154859322935853 0.99807915149591
1604559152.40467 216.406188964844 164.815887451172 3.78818440437317 -0.000951650376735252 -0.0607615525264706 -0.01748095886482 0.997998769625143
1604559152.70503 217.759704589844 164.692581176758 3.86394238471985 0.00187680203859994 -0.0617531441542705 -0.0209278771984716 0.99787025747696
1604559153.00506 219.093246459961 164.562759399414 3.89843082427979 0.000746984412148479 -0.059471146208746 -0.0245617379635866 0.997927525329928
1604559153.30487 220.437423706055 164.426498413086 3.97706747055054 -0.00285297079568592 -0.0608018792027416 -0.0258447785547169 0.997811124143498
1604559153.50458 221.312835693359 164.335250854492 3.98535060882568 6.40727520324598e-06 -0.0605565109919101 -0.0272782214630035 0.997791966077723
1604559153.80499 222.648132324219 164.198272705078 3.98920798301697 -0.00249269398144159 -0.0603273825924644 -0.027711842924304 0.997790783254684
1604559154.10626 224.014343261719 164.034927368164 4.04476022720337 0.0002541456831707 -0.0598716151782135 -0.0284460550350091 0.997800654970154
1604559154.40507 225.388046264648 163.898864746094 4.06055021286011 -0.000407555573003172 -0.0602752165537419 -0.0298149610644866 0.997736338049576
1604559154.60494 226.297027587891 163.798553466797 4.09124517440796 -0.00190308373254268 -0.0583609304730795 -0.0325359728898815 0.99776339406431
1604559154.90503 227.689529418945 163.617858886719 4.12247276306152 -0.00111008447404011 -0.0594008730195811 -0.0392658163047024 0.997461026640589
1604559155.10531 228.608779907227 163.474472045898 4.1537880897522 -0.000724021022640951 -0.0588471363363798 -0.0452029312526383 0.997242791573213
1604559155.4049 229.9970703125 163.256271362305 4.1687216758728 -0.00235218457845199 -0.0600048769857248 -0.0506823211538141 0.99690781132866
1604559155.71465 231.390579223633 163.028793334961 4.23089647293091 0.00198859760499323 -0.0560240408609991 -0.0578222168727311 0.996751696041242
1604559156.00506 232.8076171875 162.780456542969 4.2534327507019 -0.000513482940594279 -0.0583838464216886 -0.0608965445553628 0.99643498216065
1604559156.20475 233.738220214844 162.614730834961 4.27854871749878 -0.000408221854293453 -0.0592307730309981 -0.0640997429290915 0.99618410539292
1604559156.50464 235.183334350586 162.314910888672 4.27332448959351 -6.81437262554374e-05 -0.0584059145849928 -0.0684053552375234 0.995946510548007
1604559156.80454 236.630401611328 162.038345336914 4.35421800613403 0.005653369850414 -0.0561778905892568 -0.0733409271860007 0.995707382928224
1604559157.10456 238.09114074707 161.730026245117 4.36026430130005 -0.00131271386131205 -0.0547161274423518 -0.0750381099539056 0.995677510158071
1604559157.40461 239.554046630859 161.435928344727 4.36575365066528 0.00464941109768515 -0.0583243697120461 -0.0771544491357246 0.995300880062255
1604559157.70496 241.022201538086 161.132034301758 4.42139434814453 -0.000727194124495776 -0.058583509565267 -0.0793618849925343 0.995122673244939
1604559158.00498 242.515121459961 160.803192138672 4.45616292953491 -0.00282514361054804 -0.0583039802876132 -0.0821613358633477 0.994908126077655
1604559158.3049 244.005340576172 160.456481933594 4.44754028320312 0.00195102241759603 -0.0572303418238854 -0.0853971094969313 0.99470006292139
1604559158.60501 245.514053344727 160.131546020508 4.54780149459839 -0.00361896542534532 -0.0564028346197666 -0.0880560954581143 0.994510808080423
1604559158.90482 247.015365600586 159.774520874023 4.50824403762817 -0.00457327035429236 -0.0533510108364521 -0.0923550992387451 0.994285316438696
1604559159.20503 248.525695800781 159.416213989258 4.58104133605957 -0.00701021111869817 -0.0560948772065713 -0.0958262201441894 0.993791505912648
1604559159.50469 250.022659301758 159.03759765625 4.59284067153931 -0.00929571271937336 -0.0580843320594898 -0.099874738701856 0.993259702526725
1604559159.80467 251.510482788086 158.633331298828 4.64500761032104 -0.00613992650941071 -0.0578965799693173 -0.104230646534709 0.992847551063743
1604559160.10454 253.018203735352 158.216934204102 4.67848539352417 -0.00747730054275319 -0.0555990362946414 -0.107612519503862 0.992608877043587
1604559160.40487 254.503433227539 157.773468017578 4.6956615447998 -0.00419732880901913 -0.0551181463590147 -0.111404708033057 0.992236546092153
1604559160.70491 255.976516723633 157.360412597656 4.7313346862793 -0.00454333831988585 -0.0549489047094142 -0.115790001232936 0.991742230401944
1604559161.20633 258.426696777344 156.6328125 4.77656316757202 -0.00789479297740005 -0.0541260957620713 -0.12237964390285 0.99097490420273
1604559161.40521 259.400299072266 156.342071533203 4.80140066146851 -0.0102750565057708 -0.052080793984037 -0.125577417589419 0.990662569346076
1604559161.70548 260.835021972656 155.880523681641 4.81117248535156 -0.0131303982559622 -0.0516017077551165 -0.130807820298048 0.989976853541167
1604559161.90497 261.778228759766 155.583099365234 4.8227686882019 -0.0150330037200736 -0.0525154777545881 -0.133655756112417 0.989521233856746
1604559162.10495 262.721984863281 155.273971557617 4.83993768692017 -0.0184674894020548 -0.0516329365071783 -0.137434478993604 0.98899178747176
1604559162.40547 264.092864990234 154.77214050293 4.89325952529907 -0.0192866594507162 -0.0537187066400417 -0.144192989091109 0.987902174924787
1604559162.7051 265.471923828125 154.277877807617 4.8966236114502 -0.0232272433131159 -0.0541478069884066 -0.1494918618092 0.987005923700177
1604559162.90508 266.379791259766 153.900527954102 4.91811800003052 -0.0223653227669321 -0.0542637753242421 -0.152658112446818 0.986534710858805
1604559163.2051 267.728210449219 153.395950317383 4.96977758407593 -0.0249982969308329 -0.0512608555375863 -0.155809203274564 0.986139392791434
1604559163.40456 268.619476318359 153.066787719727 4.97138547897339 -0.0209120421193814 -0.050962121061782 -0.1572464822923 0.986021851947501
1604559163.70489 269.942901611328 152.56559753418 5.00216054916382 -0.0271451386040458 -0.0522902860114082 -0.158334935391574 0.985626154114002
1604559163.90481 270.828857421875 152.216400146484 5.01520872116089 -0.0252080427023898 -0.0519708459114406 -0.159488134268374 0.985508559468641
1604559164.2055 272.171936035156 151.729919433594 5.05618190765381 -0.03027334553096 -0.0450850615223284 -0.161417038519946 0.985390989127332
1604559164.40525 273.044738769531 151.38835144043 5.05695962905884 -0.031467626485687 -0.0473373495954967 -0.162729474632466 0.985032020749819
1604559164.60512 273.935363769531 151.045394897461 5.04482316970825 -0.031173390868279 -0.046305341495513 -0.164720994962339 0.984759376126663
1604559164.80551 274.789489746094 150.716552734375 5.09396028518677 -0.0420626692799238 -0.0486609590833981 -0.16623938040802 0.983985422308527
1604559165.10488 276.0732421875 150.188034057617 5.07497501373291 -0.0385687444278472 -0.0497451672419167 -0.170746021354418 0.98330242879847
1604559165.40467 277.328033447266 149.682312011719 5.14646673202515 -0.0444690446160891 -0.0488666060012369 -0.173813344554077 0.982559657295056
1604559165.60486 278.151062011719 149.307907104492 5.18442535400391 -0.0420864801927244 -0.0474519115110713 -0.174451955138803 0.982620760836642
1604559165.90489 279.376922607422 148.772033691406 5.20454120635986 -0.0376314305809827 -0.0480681373198958 -0.174947829248261 0.982683360319257
1604559166.10476 280.189666748047 148.441452026367 5.21349048614502 -0.0395905257574576 -0.0468769140050488 -0.174845208167864 0.982682196024914
1604559166.30539 281.00146484375 148.103622436523 5.22127485275269 -0.0409692446390965 -0.0464204607744847 -0.174985480450404 0.982622380900582
1604559166.50509 281.812683105469 147.7626953125 5.24638032913208 -0.0403792794550405 -0.0462000037318209 -0.175138925367995 0.982629854149982
1604559166.80506 283.032348632812 147.242828369141 5.29722929000854 -0.0411291617846397 -0.0463181217372709 -0.174775147202826 0.982657962655295
1604559167.00544 283.846710205078 146.921142578125 5.31022834777832 -0.0438092638487728 -0.0490001934655497 -0.17364570003152 0.982612283813881
1604559167.20469 284.658538818359 146.575500488281 5.34575366973877 -0.0451136097163216 -0.0482518943736652 -0.173437479608186 0.982627069429128
1604559167.50464 285.881744384766 146.047546386719 5.32039737701416 -0.0430379244816288 -0.0477666659133299 -0.172225504047066 0.98295699724839
1604559167.70488 286.716186523438 145.720764160156 5.36219167709351 -0.0458094784998379 -0.0467917907570948 -0.171913051519362 0.982933325670983
1604559168.00486 287.947540283203 145.212097167969 5.37669515609741 -0.0475330213640461 -0.0467921239178264 -0.170454448555101 0.983105482635022
1604559168.20526 288.782012939453 144.868682861328 5.40103578567505 -0.0483481741065102 -0.0462901534468849 -0.170260594236872 0.983123087819901
1604559168.50521 290.049499511719 144.359130859375 5.39311695098877 -0.0491430856931118 -0.044923312080416 -0.170691178037426 0.983072415898483
1604559168.70534 290.892761230469 144.029098510742 5.41000556945801 -0.0542624139195692 -0.04600089267816 -0.170680517838378 0.982755142005808
1604559168.90561 291.734649658203 143.680374145508 5.44520425796509 -0.0535381313432226 -0.045159500446991 -0.171107499312203 0.982759640853642
1604559169.10551 292.583374023438 143.324203491211 5.43424129486084 -0.0530463031593411 -0.0456146045262858 -0.171744259988846 0.982654215243552
1604559169.40463 293.862884521484 142.802734375 5.49428558349609 -0.0560799891803998 -0.0459873872079843 -0.172035167275735 0.982417475542714
1604559169.60499 294.714477539062 142.447891235352 5.52139711380005 -0.0563806944765783 -0.0455576751369385 -0.171837012935323 0.982454964113837
1604559169.80493 295.56298828125 142.087310791016 5.54073905944824 -0.0545821205878054 -0.0453890359535909 -0.170476316850871 0.982801329323635
1604559170.10479 296.861511230469 141.562866210938 5.5406436920166 -0.0560953580535703 -0.0450387625004259 -0.169292694926631 0.982936826109263
1604559170.30511 297.723388671875 141.218490600586 5.58776378631592 -0.0550340565874085 -0.0439039409058835 -0.168574513688927 0.983171566880882
1604559170.50511 298.60791015625 140.861129760742 5.59106683731079 -0.054655379850502 -0.0422456813605245 -0.167133976764705 0.983511222951013
1604559170.70512 299.478851318359 140.531677246094 5.61464262008667 -0.0563569081841885 -0.0407962341202081 -0.164559894720923 0.983910365445434
1604559170.90515 300.339752197266 140.186004638672 5.61242485046387 -0.055975555135206 -0.0424267607978509 -0.161379023876476 0.984389921651062
1604559171.20482 301.676635742188 139.704116821289 5.64504909515381 -0.0603029444575987 -0.0437817964868444 -0.157304347877054 0.984734508040164
1604559171.40492 302.554931640625 139.36750793457 5.65956354141235 -0.0596813007676726 -0.0428955312982248 -0.155139078118411 0.985154801122083
1604559171.70493 303.903503417969 138.872817993164 5.68228149414062 -0.0589911739402463 -0.0417636170119877 -0.151969677094905 0.98573883911252
1604559171.90462 304.822906494141 138.544143676758 5.71683263778687 -0.0621308878843277 -0.0419319661612567 -0.152609370180891 0.985439923647072
1604559172.10473 305.707244873047 138.202133178711 5.7442774772644 -0.0619824828821427 -0.0429721657293381 -0.157250962628635 0.984674412961291
1604559172.31493 306.600830078125 137.836090087891 5.74130344390869 -0.058884196001348 -0.040749790219077 -0.161477388230967 0.984274940831311
1604559172.60574 307.918823242188 137.309860229492 5.76055002212524 -0.0588595597561758 -0.0414980789748056 -0.16389679242923 0.98384516215618
1604559172.9047 309.246643066406 136.765930175781 5.77756500244141 -0.0570424840766508 -0.0418980996739236 -0.165465290170934 0.983672680317354
1604559173.10508 310.127227783203 136.405517578125 5.77949523925781 -0.0549206417294859 -0.0407476968661475 -0.166360605611234 0.983690752834848
1604559173.30498 311.015350341797 136.047653198242 5.79709100723267 -0.0552118972735283 -0.0421973751422161 -0.166342248204406 0.983616431538671
1604559173.50501 311.899078369141 135.695495605469 5.82502460479736 -0.0545565248721986 -0.0426139405288875 -0.166590012225322 0.983593109722327
1604559173.70508 312.770141601562 135.326049804688 5.8281717300415 -0.0528536532762581 -0.0445705782074901 -0.166920987257797 0.983543257262478
1604559173.90467 313.671264648438 134.973373413086 5.8496675491333 -0.0531805568216825 -0.044115472342064 -0.166694674779063 0.983584535704214
1604559174.20486 314.991668701172 134.434371948242 5.89130592346191 -0.0528159607151491 -0.0461290964609066 -0.16703317186948 0.983454371208272
1604559174.40489 315.875671386719 134.074844360352 5.90336751937866 -0.0514583739025158 -0.0457888558296366 -0.167453462303879 0.983470769468806
1604559174.60515 316.754638671875 133.717193603516 5.91007041931152 -0.0522020834399849 -0.0441280198764717 -0.167355663125684 0.98352414427205
1604559174.81484 317.635711669922 133.357086181641 5.93674087524414 -0.052933510299584 -0.0428002639805306 -0.167276545761028 0.983557185998262
1604559175.10469 318.952453613281 132.829437255859 5.93669366836548 -0.0494012684897369 -0.0412164101047852 -0.167183848377907 0.983824315135193
1604559175.4051 320.251159667969 132.311004638672 5.97792482376099 -0.0564777257227659 -0.0410436922977396 -0.167136850062678 0.983458669782761
1604559175.70556 321.542388916016 131.774383544922 5.97537517547607 -0.0535211693523477 -0.0442271218410774 -0.167467336880254 0.983429782548326
1604559175.90523 322.424621582031 131.43537902832 5.99111604690552 -0.0551115897729533 -0.0435919166154466 -0.167928399702782 0.983291670895138
1604559176.10544 323.273071289062 131.074478149414 6.01504230499268 -0.0556867234541331 -0.044061372969831 -0.168605099348274 0.983122527824846
1604559176.40485 324.576995849609 130.540191650391 6.04071187973022 -0.0528444304021983 -0.0430501823833155 -0.168914673040491 0.983271061917239
1604559176.60499 325.430114746094 130.184219360352 6.05513334274292 -0.0524444173490117 -0.0447141414206219 -0.16875642656387 0.9832453900931
1604559176.80501 326.314453125 129.836959838867 6.05499887466431 -0.0515612763275316 -0.0418190835307043 -0.168200906434965 0.983514643566929
1604559177.10486 327.607971191406 129.305130004883 6.12229251861572 -0.0526358058019351 -0.041525498220529 -0.167452554948834 0.983597858266388
1604559177.40521 328.914459228516 128.780532836914 6.07815265655518 -0.0498556408031365 -0.0415650994376247 -0.166626189542437 0.983881329504436
1604559177.60523 329.790344238281 128.448013305664 6.0968222618103 -0.0532665173288799 -0.040422220765235 -0.166782406752235 0.983723716801619
1604559177.90519 331.068206787109 127.900886535645 6.18776893615723 -0.0512000252891592 -0.0456830432284169 -0.166929035807658 0.983578321221094
1604559178.20472 332.371917724609 127.385414123535 6.13947010040283 -0.0502731848969185 -0.0433174396761949 -0.167706382127431 0.983600922983477
1604559178.40514 333.240203857422 127.002403259277 6.1824107170105 -0.0484074355038957 -0.0421439401711796 -0.167827527334564 0.983724824106595
1604559178.60507 334.110198974609 126.649085998535 6.17611980438232 -0.0432467168164377 -0.0386374079385974 -0.168157578668728 0.984052793771074
1604559178.90466 335.394378662109 126.155670166016 6.23295879364014 -0.0521702131092316 -0.0404980102097518 -0.167525276641965 0.983653120626993
1604559179.20492 336.657989501953 125.612190246582 6.26046419143677 -0.0453480673792442 -0.0463394838570033 -0.167788947978765 0.983688504536377
1604559179.50488 337.938079833984 125.140365600586 6.2012767791748 -0.0604388585388589 -0.0368143247902998 -0.168134608211091 0.983220526326855
1604559179.80482 339.153991699219 124.603096008301 6.28471755981445 -0.0492017562273538 -0.0424076885356261 -0.168435492462095 0.98357016019004
1604559180.10508 340.378540039062 124.11515045166 6.20598077774048 -0.0493031364634961 -0.0434615926819259 -0.168678346679435 0.983477455795457
1604559180.30485 341.199798583984 123.796028137207 6.28194046020508 -0.0555270014614747 -0.0441184080984895 -0.16848701433989 0.983149248168549
1604559180.60465 342.380035400391 123.268707275391 6.30247592926025 -0.0445422885481486 -0.0448787859250447 -0.16826605904194 0.983711549428633
1604559180.80502 343.154632568359 122.956916809082 6.31709766387939 -0.0477872954507938 -0.0430266407561278 -0.167526337502938 0.983768269879443
1604559181.10504 344.299102783203 122.49764251709 6.31639337539673 -0.0484890513106625 -0.0414871042741184 -0.166454666832452 0.983981949007012
1604559181.30559 345.052825927734 122.194229125977 6.33655643463135 -0.0486762833815502 -0.0391737269875776 -0.165488819581549 0.984230404500677
1604559181.50522 345.805541992188 121.908813476562 6.36610651016235 -0.048218438316537 -0.0394590414056719 -0.164374967010619 0.984428177409565
1604559181.80509 346.896392822266 121.471069335938 6.34144592285156 -0.0472713690607883 -0.0421609984133426 -0.161233646051908 0.984881505187663
1604559182.10564 347.991455078125 121.066871643066 6.34926414489746 -0.0481847193052284 -0.0436551980378725 -0.156073924597563 0.985603057305762
1604559182.3052 348.718170166016 120.799179077148 6.3530216217041 -0.049355796783362 -0.0442413297211261 -0.152428879040069 0.986089319941644
1604559182.60518 349.771209716797 120.428375244141 6.40497589111328 -0.0475429932496889 -0.0510801414119108 -0.146150610161453 0.986798095912043
1604559182.90543 350.769775390625 120.076385498047 6.41216993331909 -0.0507589924658739 -0.0588683781324793 -0.141122834328659 0.986935856259639
1604559183.20468 351.756317138672 119.76082611084 6.45795106887817 -0.050558417177821 -0.0512859934891614 -0.135585463381106 0.988144815016521
1604559183.4047 352.402496337891 119.552864074707 6.49615097045898 -0.0511678442492171 -0.0434257872129832 -0.132488734814532 0.988909898760785
1604559183.80489 353.593841552734 119.183235168457 6.50793838500977 -0.0439183280205303 -0.0226248797279253 -0.126790026038316 0.99069853365107
1604559184.10501 354.399322509766 118.930351257324 6.5074405670166 -0.0461577152840046 -0.0289370271265877 -0.122891644294457 0.990923689061595
1604559184.40471 355.221466064453 118.704078674316 6.4740104675293 -0.047332834752833 -0.0379920029365113 -0.119110659344902 0.9910241476864
1604559184.70512 356.074920654297 118.450759887695 6.435715675354 -0.0509860435199269 -0.0454258514351181 -0.115132876486892 0.991000169596067
1604559184.90503 356.683410644531 118.299858093262 6.47544765472412 -0.0525624603614228 -0.0421062159077017 -0.112227274662814 0.991397646337959
1604559185.20559 357.530853271484 118.045585632324 6.49251937866211 -0.0485509145426421 -0.0430435815582413 -0.109438918682135 0.991873571510703
1604559185.50529 358.4130859375 117.815231323242 6.49134588241577 -0.0486524621889776 -0.0410042096457574 -0.104877202325793 0.992447663681361
1604559185.8054 359.290863037109 117.605575561523 6.48327827453613 -0.0495365464173636 -0.041556253959355 -0.0998184204942441 0.992902558792121
1604559186.10559 360.208648681641 117.414131164551 6.52302074432373 -0.0508342310263235 -0.0432582159801137 -0.0932574879564474 0.99340205790316
1604559186.40544 361.109008789062 117.200057983398 6.51280784606934 -0.0522986639665319 -0.043948235443316 -0.0875988512743107 0.993810768508852
1604559186.70519 362.062377929688 116.995895385742 6.51794481277466 -0.0515309523864317 -0.0437754123826809 -0.0832856293097538 0.994229238238019
1604559187.00624 363.050415039062 116.816780090332 6.57767486572266 -0.0568766942064273 -0.0453691325028981 -0.081298632191489 0.994030792217161
1604559187.40472 364.353637695312 116.535110473633 6.58352184295654 -0.058075297853366 -0.0438218338607622 -0.0813451287818632 0.994027100576128
1604559187.70499 365.350830078125 116.294509887695 6.54457664489746 -0.0495755887992516 -0.0433164939412243 -0.0803154556418323 0.994593067506954
1604559187.90494 366.024963378906 116.179336547852 6.55991649627686 -0.0514671307743038 -0.0460024368474428 -0.0781235232400532 0.994550966703325
1604559188.20552 367.031402587891 115.992797851562 6.58964538574219 -0.0551664376554019 -0.0465988465682363 -0.072578353537835 0.994744989558962
1604559188.50567 368.111846923828 115.77027130127 6.590576171875 -0.049444763734583 -0.048350746888808 -0.0693290764433929 0.995193900591253
1604559188.80548 369.197570800781 115.572021484375 6.58965969085693 -0.0538381244454933 -0.0455587936060738 -0.0663559532864379 0.995300326607401
1604559189.20525 370.649230957031 115.288429260254 6.61890983581543 -0.0495840804394049 -0.0448274092092821 -0.0658055088967619 0.995591059295633
1604559189.40537 371.389068603516 115.155860900879 6.61858892440796 -0.049084135766416 -0.0455709063075823 -0.065078473806486 0.995629867150131
1604559189.70534 372.518005371094 114.967323303223 6.65511608123779 -0.049027149402665 -0.0445675099333024 -0.0626308303496953 0.995835053997147
1604559190.00663 373.664031982422 114.756042480469 6.65051937103271 -0.0458942335343248 -0.0438048197681073 -0.0586783613356587 0.99625885542079
1604559190.30482 374.818939208984 114.573684692383 6.65097808837891 -0.0421596664073518 -0.0470163810685482 -0.0541943485518619 0.99653148220449
1604559190.60519 375.988098144531 114.416198730469 6.6637749671936 -0.044188250590963 -0.0467417906648244 -0.0481713288297074 0.996765833380105
1604559190.80469 376.778228759766 114.306747436523 6.68766164779663 -0.0426120294035748 -0.0468553900996663 -0.0431441548142342 0.997059360958054
1604559191.10511 377.972106933594 114.136810302734 6.66127395629883 -0.0378277556927455 -0.0465423135823071 -0.036734242761821 0.997523668568507
1604559191.40548 379.201110839844 114.011856079102 6.69594097137451 -0.0358782083356214 -0.0452663770224612 -0.0309955158617187 0.997849180625185
1604559191.60533 380.000854492188 113.926483154297 6.68572187423706 -0.0316248229173695 -0.0499554658440285 -0.0258375812597684 0.997916199589122
1604559191.90533 381.218170166016 113.830543518066 6.74215126037598 -0.0327758292695202 -0.0490468607985246 -0.0175701039036041 0.998103923401928
1604559192.20474 382.426361083984 113.751106262207 6.71043014526367 -0.0288471706674417 -0.0484024263807703 -0.00750355454843535 0.998383064026066
1604559192.50499 383.603729248047 113.699699401855 6.74356412887573 -0.0268368111011651 -0.0479036208378605 0.00273781261885555 0.998487622889041
1604559192.80516 384.782684326172 113.684013366699 6.78727293014526 -0.0274446739205055 -0.0466583166207411 0.0133074083818604 0.99844514333321
1604559193.10483 385.9697265625 113.692832946777 6.72846221923828 -0.0250938387168757 -0.0490399846545545 0.0233785205069587 0.998207805991537
1604559193.40491 387.118804931641 113.718910217285 6.78382587432861 -0.0265741971873781 -0.0483367204540839 0.0324163296760389 0.997951178700604
1604559193.70517 388.319885253906 113.751495361328 6.75583124160767 -0.0283039646218771 -0.0441930017344885 0.0370385823283309 0.997934871423725
1604559194.00486 389.52783203125 113.790786743164 6.79910182952881 -0.0260232789544986 -0.0471202665138817 0.0351944664030665 0.997929766552096
1604559194.30542 390.742401123047 113.819274902344 6.76816082000732 -0.0297263358371296 -0.0459063320092531 0.0331613996939742 0.997952541561717
1604559194.60521 392.005584716797 113.817695617676 6.77673864364624 -0.0230571099137807 -0.0416615659347746 0.0319550209332772 0.998354426165097
1604559194.90529 393.257263183594 113.860527038574 6.77077341079712 -0.025605860903676 -0.0435976835762921 0.0343282108680033 0.998130831010026
1604559195.10553 394.087707519531 113.883117675781 6.76061630249023 -0.0263095015703941 -0.0444734569363544 0.0349273894925277 0.998053104408019
1604559195.40539 395.3349609375 113.930686950684 6.80368757247925 -0.0291238931035881 -0.0494955159949719 0.032997621607336 0.997804164009723
1604559195.70552 396.605407714844 113.91967010498 6.75435829162598 -0.0265075437571855 -0.050956566123584 0.0282613951666991 0.99794893257926
1604559196.00545 397.861724853516 113.920845031738 6.80636644363403 -0.0278532857316121 -0.0533905463029241 0.0234564081849731 0.99790953545624
1604559196.30523 399.124267578125 113.911361694336 6.87342357635498 -0.0278340603992057 -0.0503463674386722 0.0220638930792399 0.998100041573795
1604559196.60554 400.40185546875 113.904441833496 6.78811645507812 -0.0194225547615083 -0.0478186438229045 0.0245084871469589 0.998366403544932
1604559196.90533 401.663482666016 113.931938171387 6.86027765274048 -0.0226953231679518 -0.051271274416725 0.0268834182812978 0.99806485788625
1604559197.10487 402.514465332031 113.930801391602 6.87993717193604 -0.0199810885239193 -0.0489590643901351 0.0274592050188944 0.998223300757487
1604559197.40544 403.765960693359 113.937377929688 6.85657691955566 -0.0209583150327058 -0.0483697488404897 0.0307764724013114 0.998135223892349
1604559197.70513 405.040557861328 113.973442077637 6.85933971405029 -0.0227391942947459 -0.0458948949940932 0.0322765745185344 0.998165722910608
1604559197.90559 405.891815185547 113.980171203613 6.84007120132446 -0.0189690807220797 -0.0465261975578222 0.0333393368251283 0.998180332173215
1604559198.20527 407.188354492188 114.011947631836 6.8733811378479 -0.0196478983214587 -0.0456178458407617 0.0303102070420174 0.998305696458489
1604559198.50501 408.464935302734 114.012619018555 6.88044404983521 -0.0218264690798176 -0.0435037596125821 0.0295306230784504 0.998378170057657
1604559198.70487 409.316040039062 114.031471252441 6.87099027633667 -0.0202461921262368 -0.0463542931060166 0.0306177044347598 0.998250433203099
1604559198.90509 410.171783447266 114.050231933594 6.88286638259888 -0.0211144975778413 -0.0461749480669595 0.0312428802924266 0.998221385562382
1604559199.20528 411.454803466797 114.068832397461 6.85244226455688 -0.0202649625071474 -0.0467918443842645 0.0330355183569692 0.998152548020887
1604559199.40525 412.327484130859 114.098785400391 6.89392280578613 -0.0229339752197221 -0.0441425737901045 0.0341285310704393 0.998178696089423
1604559199.70553 413.612457275391 114.10912322998 6.84631156921387 -0.017820789073193 -0.0448047898019346 0.03546188047678 0.998207095406892
1604559199.9053 414.484008789062 114.134567260742 6.85829877853394 -0.0180232322149537 -0.0429353992746301 0.0362534510150912 0.99825718223269
1604559200.10527 415.354705810547 114.166458129883 6.87176895141602 -0.0206975236740582 -0.0427208732700435 0.0368896895584986 0.998191209290627
1604559200.40557 416.649658203125 114.18677520752 6.87239837646484 -0.0136432484791573 -0.0420379816841466 0.0370720161949608 0.998334781264331
1604559200.70548 417.8955078125 114.226280212402 6.81886911392212 -0.0180010846407994 -0.042757535952576 0.037799965723934 0.998207852434696
1604559200.90549 418.718627929688 114.256645202637 6.84631299972534 -0.0183739760917087 -0.0428656976678643 0.0375781387575753 0.998204794846
1604559201.1049 419.547485351562 114.271766662598 6.85767698287964 -0.0159279137394243 -0.0442927148674832 0.0373560360690229 0.998192858891901
1604559201.40518 420.75 114.308143615723 6.87153100967407 -0.0169195780574731 -0.0481006038968618 0.0371260784774509 0.99800887475012
1604559201.60558 421.535186767578 114.321113586426 6.90572214126587 -0.0162426626760732 -0.0531483406093348 0.0354321207079029 0.997825633375795
1604559201.80559 422.29296875 114.335914611816 6.87734937667847 -0.0120929092472 -0.0572231626994002 0.0336610530046117 0.997720504303303
1604559202.11518 423.435394287109 114.352264404297 6.94543743133545 -0.0211076014088213 -0.0627791220745856 0.0323703974885513 0.997279002266038
1604559202.30487 424.154846191406 114.357650756836 6.95532321929932 -0.0192878232635735 -0.0660514577077777 0.0313673457105668 0.997136537507028
1604559202.50487 424.886322021484 114.356353759766 6.9929518699646 -0.0158818948647737 -0.0653038060532407 0.0300047516372369 0.997287768504985
1604559202.80512 425.922607421875 114.381523132324 7.03047895431519 -0.0157973772418795 -0.0722033506544745 0.0287811950443406 0.996849417835194
1604559203.10494 426.921356201172 114.399131774902 7.05972051620483 -0.0176596483675348 -0.0689861572573783 0.0293632900042637 0.997029008668515
1604559203.40519 427.907318115234 114.421180725098 7.12396717071533 -0.0222659350512487 -0.0740902765211577 0.0304474430496061 0.996537913113722
1604559203.61504 428.534881591797 114.408302307129 7.18220329284668 -0.0159360782679993 -0.0711754409416731 0.0303916148379001 0.996873335867571
1604559203.90507 429.466522216797 114.433982849121 7.16102647781372 -0.0148812243055511 -0.0727484307027489 0.0308059816311749 0.996763365342645
1604559204.20487 430.444091796875 114.455932617188 7.21362209320068 -0.0187753228957223 -0.0581579705450885 0.0315531385781587 0.99763196478366
1604559204.50487 431.459411621094 114.48233795166 7.25344371795654 -0.0218317471411937 -0.035247055957133 0.0369842790463508 0.998455398586506
1604559204.70499 432.130889892578 114.497840881348 7.27292156219482 -0.0158659358007332 -0.0223880713814589 0.0396302334978842 0.998837569845012
1604559205.00504 433.147430419922 114.538246154785 7.19028329849243 -0.0127709684503279 -0.0122796688897267 0.0436642389891329 0.998889156178151
1604559205.30493 434.203063964844 114.609336853027 7.11542654037476 -0.0171333690047684 -0.00864997125304091 0.0477451244301125 0.998675136747191
1604559205.505 434.909210205078 114.650230407715 7.0292272567749 -0.0211329362859574 -0.00387999648746838 0.0494012203598833 0.998547877699485
1604559205.80506 436.062347412109 114.703338623047 6.99854421615601 -0.0112497649067689 -0.00231039562775704 0.0544392623124137 0.998451036145722
1604559206.10486 437.204650878906 114.815719604492 6.86760473251343 -0.0215650402744893 -0.00424382805863494 0.0586673141964479 0.998035613195413
1604559206.30524 437.962646484375 114.859519958496 6.8457088470459 -0.0164653381661745 -0.013264369744802 0.0599899163356353 0.997975029282993
1604559206.60533 439.119781494141 114.950492858887 6.76714086532593 -0.0107831893502329 -0.0180134889410586 0.0620300588688927 0.997853450582965
1604559206.90532 440.260864257812 115.05477142334 6.70867872238159 -0.0215970384547853 -0.0263746357525135 0.0625841109848921 0.997457355264442
1604559207.1048 441.030242919922 115.09188079834 6.67860555648804 -0.0131243415795336 -0.0240840149996295 0.0619073950695682 0.997704959552323
1604559207.40482 442.137878417969 115.186042785645 6.62005519866943 -0.0158097316670441 -0.0312747576210939 0.0615454150832296 0.997488899087399
1604559207.80522 443.600769042969 115.272415161133 6.59804105758667 -0.0119164659229062 -0.0366816072733756 0.0589923347343209 0.997513088621069
1604559208.00522 444.351928710938 115.337028503418 6.57073879241943 -0.0162796308957996 -0.0374606498177032 0.0589586664694181 0.997424457781781
1604559208.30518 445.526550292969 115.444496154785 6.59152936935425 -0.0148355359948822 -0.0376802236814705 0.0586307130092494 0.99745804278029
1604559208.60503 446.689025878906 115.525192260742 6.52737426757812 -0.0238518772944606 -0.0366784916889121 0.059062377092271 0.997295047520625
1604559208.90495 447.887084960938 115.622360229492 6.55160427093506 -0.0173682678331637 -0.0362229618086169 0.0549124586117424 0.997682746267319
1604559209.10491 448.702301025391 115.665168762207 6.51965045928955 -0.0186974217920271 -0.0358773892183446 0.0542967541908613 0.997704907197285
1604559209.30565 449.500091552734 115.715675354004 6.50627279281616 -0.0182854822956234 -0.0382825603527862 0.0537934261636502 0.997650416735054
1604559209.70523 451.147552490234 115.835029602051 6.5019326210022 -0.0223847104509886 -0.0413131734142951 0.055793476590104 0.997336068940884
1604559209.90552 451.996856689453 115.873443603516 6.46979475021362 -0.0189151524593139 -0.0396568240631516 0.0554682964764002 0.997493268848804
1604559210.21522 453.264221191406 115.955909729004 6.46035480499268 -0.0227670753107553 -0.0360023398265572 0.0503681234703108 0.99782189991345
1604559210.50475 454.507080078125 115.991851806641 6.42040109634399 -0.0180518128715039 -0.0360866621131073 0.0439031108398378 0.998220617763514
1604559210.80482 455.714752197266 116.019592285156 6.43928909301758 -0.0168850023545253 -0.0339558252773795 0.0365771617091967 0.998611040328775
1604559211.00514 456.50341796875 116.021347045898 6.42158317565918 -0.0129978805966651 -0.0376422111306408 0.0329657552048194 0.998662794953816
1604559211.30489 457.666076660156 116.035919189453 6.41433525085449 -0.0182019931731403 -0.0361109336799105 0.0291612237159603 0.998756382179697
1604559211.60522 458.812957763672 116.013160705566 6.35119915008545 -0.0119570570505611 -0.0357233632050481 0.0272692035498336 0.998918045009583
1604559211.80502 459.612762451172 116.036285400391 6.33679962158203 -0.0175860105699029 -0.0332266369027756 0.0273082630364464 0.998919907501246
1604559212.00482 460.39599609375 116.051971435547 6.34354639053345 -0.0207857032169228 -0.035256263317987 0.0283236925996008 0.998760591371203
1604559212.30555 461.581512451172 116.030433654785 6.29112768173218 -0.0105394101315605 -0.0364768471921083 0.0276113479227625 0.998897379072991
1604559212.60564 462.794281005859 116.070655822754 6.31015729904175 -0.0156378979150516 -0.0382671455010497 0.0288431107300798 0.998728770331271
1604559212.80522 463.619659423828 116.089790344238 6.30971527099609 -0.017985355173459 -0.0385869085787903 0.030803256391825 0.99861841405077
1604559213.10555 464.870971679688 116.09415435791 6.26099395751953 -0.0126821535134087 -0.0364633820498151 0.0323237834557798 0.998731574435722
1604559213.4154 466.111053466797 116.118965148926 6.22812652587891 -0.0158816276199655 -0.0371551014503125 0.0328903428932473 0.998641826524767
1604559213.60569 466.953582763672 116.132499694824 6.21980714797974 -0.0142871695374677 -0.0369457115473636 0.0337084576531927 0.998646399416485
1604559213.90541 468.218597412109 116.162216186523 6.19217014312744 -0.0121028623064626 -0.0369634984303637 0.0371093059436913 0.998554014523079
1604559214.10559 469.073974609375 116.192039489746 6.18486356735229 -0.0137262947093748 -0.0366021112608566 0.0395103389114666 0.998454208966991
1604559214.40558 470.378173828125 116.243270874023 6.16725778579712 -0.0126048717918295 -0.0351591427115705 0.0425151013256916 0.99839742490161
1604559214.60558 471.260284423828 116.281372070312 6.15370464324951 -0.0113894672632266 -0.0338700247993723 0.0436597458885471 0.998407195509176
1604559214.90538 472.591278076172 116.337905883789 6.12904644012451 -0.00956988062304925 -0.0342552745154166 0.0455026480869629 0.998330858267843
1604559215.10529 473.482116699219 116.386985778809 6.13757991790771 -0.0127325028565913 -0.033946193736082 0.0462199345481956 0.998273137448965
1604559215.40511 474.837524414062 116.422058105469 6.03743505477905 -0.0080964709935137 -0.0319371300536363 0.0453658793608666 0.998426964715599
1604559215.60508 475.758575439453 116.461318969727 6.01871395111084 -0.00840663576477463 -0.0298487918150354 0.0454559819532878 0.998484918167001
1604559215.90482 477.128021240234 116.508865356445 5.98321485519409 -0.00531326163523987 -0.032671463486498 0.0459563977073441 0.998394888926326
1604559216.10493 478.067932128906 116.551818847656 5.96959686279297 -0.0059424855796125 -0.0348271660602327 0.0470455238583424 0.99826773665898
1604559216.30521 479.003204345703 116.605804443359 5.9585428237915 -0.00580805924648448 -0.0376494785762912 0.0472345336561779 0.998157142959467
1604559216.60531 480.403381347656 116.652641296387 5.95696878433228 -0.00404185563450271 -0.0346393731898792 0.0460478099232364 0.998330294256022
1604559216.80504 481.363220214844 116.711975097656 5.94380140304565 -0.00635643828497738 -0.0324297413981889 0.0465950175568738 0.998367072726285
1604559217.00493 482.324127197266 116.764457702637 5.88944911956787 -0.0118497304908695 -0.0285876583110413 0.0457375016382553 0.998474041036359
1604559217.30505 483.753356933594 116.808464050293 5.89593648910522 -0.00404226591077632 -0.0284746158083489 0.0427520817227364 0.998671675701903
1604559217.50523 484.702453613281 116.852195739746 5.8838996887207 -0.00711803900976783 -0.0311308582946175 0.0410047907205513 0.998648491873121
1604559217.80534 486.070220947266 116.893043518066 5.73575639724731 -0.00399119181460501 -0.0291333277509002 0.0402959151845702 0.99875500440373
1604559218.00494 487.005493164062 116.9208984375 5.70951652526855 -0.00383944939930429 -0.0297827681958599 0.0401625899489154 0.998741814342174
1604559218.20514 487.938323974609 116.934928894043 5.69156169891357 -0.00273061229674267 -0.0300973066368728 0.0395438337864645 0.998760722645399
1604559218.50493 489.313812255859 117.022956848145 5.72633790969849 -0.00773140049985935 -0.0312531240283809 0.0393937474583868 0.998704961610766
1604559218.80477 490.664367675781 117.044647216797 5.60366725921631 -0.0102053766973863 -0.0334692333378098 0.0376096509828136 0.998679715854485
1604559219.00483 491.568939208984 117.086868286133 5.62010955810547 -0.0106664620609046 -0.0281963730661753 0.0368420197042153 0.998866285704513
1604559219.30484 492.857696533203 117.14998626709 5.64960718154907 -0.0214437259089435 -0.0339014804224626 0.038077646075396 0.998469303040241
1604559219.60513 494.116760253906 117.212272644043 5.57808303833008 -0.0223328013617573 -0.0330771810557607 0.0387408136364311 0.998451949487569
1604559219.80486 494.935363769531 117.23657989502 5.5857105255127 -0.0223984525345949 -0.0315630168456089 0.0394706956072827 0.998470905675241
1604559220.10536 496.148315429688 117.282661437988 5.56073999404907 -0.0219533044587615 -0.0309310295190893 0.0410743751167813 0.998435886547051
1604559220.40513 497.290954589844 117.342910766602 5.58019351959229 -0.0291532138465858 -0.0377298911248347 0.0436611927581609 0.997907934473445
1604559220.61495 498.024383544922 117.362182617188 5.56051158905029 -0.0246415347914871 -0.0407890541816378 0.0449239579789195 0.99785313840344
1604559220.9051 499.104675292969 117.423194885254 5.46991157531738 -0.0230086720754958 -0.043333509149796 0.0464422305250723 0.997715353804853
1604559221.20501 500.233734130859 117.480018615723 5.49827671051025 -0.0251095710593059 -0.0407831417207571 0.0456710507880488 0.997807797079436
1604559221.50511 501.311981201172 117.48609161377 5.52878618240356 -0.0210826543882083 -0.0400834200972761 0.042115636604381 0.998085724910772
1604559221.80503 502.387390136719 117.506538391113 5.44938468933105 -0.0181169117340401 -0.0379049105987214 0.03484622323442 0.998509256836421
1604559222.00505 503.09326171875 117.50611114502 5.41095781326294 -0.0213300214310223 -0.0390370528485072 0.0277724457397686 0.998623968242444
1604559222.30557 504.195251464844 117.46842956543 5.51594305038452 -0.0230223582386919 -0.0363862272991137 0.013334010391705 0.998983592283147
1604559222.60575 505.246643066406 117.394165039062 5.39196109771729 -0.022072210547836 -0.0302087408663305 -0.0047987693403695 0.999288357437242
1604559222.90649 506.326202392578 117.292701721191 5.43900918960571 -0.0316969897507404 -0.0271630286003321 -0.0227804458850143 0.99886862099241
1604559223.20555 507.355346679688 117.159126281738 5.3580174446106 -0.0348797367498732 -0.0277073326186548 -0.043187645211578 0.998073411620857
1604559223.5057 508.408203125 116.97225189209 5.34656953811646 -0.0454074343662424 -0.0280421157480001 -0.0635124925786426 0.996553043212
1604559223.80548 509.450622558594 116.752723693848 5.25834894180298 -0.0536222137150915 -0.0201498858064732 -0.0871843422376149 0.994543880764883
1604559224.10585 510.461700439453 116.44319152832 5.27984476089478 -0.0598067725861427 -0.020180801934386 -0.118065867581759 0.990997646868185
1604559224.40592 511.419158935547 116.051300048828 5.2917332649231 -0.0586546592494584 -0.0210948363205217 -0.153200553726922 0.986227270545032
1604559224.70534 512.314819335938 115.633674621582 5.2009539604187 -0.0704588698767053 -0.0140856874141842 -0.190955577936883 0.978965325392354
1604559225.00532 513.167846679688 115.114753723145 5.22905206680298 -0.0685268377801579 -0.0140371826773658 -0.230271666821806 0.970609081693264
1604559225.31486 513.948669433594 114.520965576172 5.18128442764282 -0.0689833397176354 -0.00993567149901736 -0.271932845557853 0.95978909598936
1604559225.60519 514.672302246094 113.895401000977 5.15322065353394 -0.0781650710010721 -0.00554169024263249 -0.310861267135818 0.947219501456429
1604559225.90526 515.355102539062 113.215881347656 5.1559910774231 -0.0803290615216091 -0.00178494315516876 -0.349530087218427 0.93347349934643
1604559226.20493 516.003112792969 112.449096679688 5.13471078872681 -0.0814571608642439 0.00647051555267442 -0.383431518767415 0.919947353813321
1604559226.50485 516.597900390625 111.658149719238 5.06688690185547 -0.082920633857481 0.0179713983479791 -0.411460061531828 0.907470007816411
1604559226.80511 517.169067382812 110.804039001465 5.10677242279053 -0.0812921557570151 0.0215367836742112 -0.439496806327204 0.89429878093931
1604559227.10488 517.630798339844 109.938522338867 5.00783395767212 -0.0789108926529049 0.0217586079460435 -0.462860097291302 0.882643849090027
1604559227.40529 518.096801757812 109.06095123291 5.01356172561646 -0.0772271857897366 0.020091613449186 -0.47870934691609 0.8743395507577
1604559227.70488 518.505676269531 108.214042663574 4.94268608093262 -0.0742856579100736 0.0176806442474225 -0.488987259198396 0.868942170797059
1604559228.00501 518.927062988281 107.357772827148 4.92404317855835 -0.071648236018116 0.0163801861976527 -0.496805990717251 0.864743908543491
1604559228.30549 519.320373535156 106.506904602051 4.90698719024658 -0.0711748792425956 0.0176954070890417 -0.503767690944006 0.860720118676042
1604559228.70538 519.849914550781 105.371917724609 4.87212467193604 -0.0668897864285568 0.0243063205613535 -0.511080864405751 0.856581174956922
1604559229.10537 520.381469726562 104.267639160156 4.80803823471069 -0.066106631139756 0.0251035921846761 -0.507382470825395 0.858814736295259
1604559229.50534 520.963562011719 103.205039978027 4.71480464935303 -0.0665174532188315 0.025173256466424 -0.489787073972325 0.868936336992409
1604559229.80492 521.472229003906 102.402221679688 4.62224674224854 -0.0681364477915623 0.025510099773448 -0.469749122561312 0.879796806737086
1604559230.10495 522.029541015625 101.590072631836 4.57603168487549 -0.0644650921462404 0.0278558425805978 -0.450947251024409 0.889783614550319
1604559230.40578 522.625793457031 100.805046081543 4.51174592971802 -0.0635254371153409 0.0315608387810663 -0.432934146841907 0.898630322653877
1604559230.70552 523.194030761719 100.071784973145 4.44473505020142 -0.0623330614123666 0.0340494611949563 -0.414445154639093 0.907298427995703
1604559231.0058 523.763244628906 99.4421691894531 4.34191751480103 -0.0581403359985506 0.0331329805807753 -0.395722369520505 0.915928879984077
1604559231.20544 524.140319824219 99.0708694458008 4.25037479400635 -0.0642116253943515 0.0369256361120739 -0.38312089518971 0.92072348956186
1604559231.80561 525.166076660156 98.085205078125 4.16098642349243 -0.0601903896372575 0.0346560794853714 -0.353608415727811 0.932811428680249
1604559232.20567 525.821960449219 97.4910583496094 4.07340669631958 -0.0640551054153613 0.0334506637078227 -0.339216400407084 0.937928691459321
1604559232.50567 526.305236816406 97.0880279541016 4.04261827468872 -0.0724104346407763 0.0334072919450739 -0.330412864971041 0.940461599674149
1604559233.00545 527.067932128906 96.4416732788086 3.94344449043274 -0.0773407657122094 0.0193105974053841 -0.31968841610191 0.944163557545592
1604559233.3054 527.578369140625 96.0388717651367 3.88015532493591 -0.070707869765222 0.0286621594261727 -0.314167031844896 0.946296969176199
1604559233.70496 528.271606445312 95.5117492675781 3.80585551261902 -0.0745207475463047 0.0293639198115197 -0.304978643768095 0.948984955225221
1604559234.10489 528.96484375 94.9564666748047 3.7500433921814 -0.0755844596135663 0.0302245994312442 -0.300812678925726 0.950202712715384
1604559234.40528 529.493896484375 94.5056381225586 3.68581509590149 -0.0727378129988077 0.0288057663324751 -0.301437575815882 0.950270922564925
1604559234.80512 530.246887207031 93.9162216186523 3.59484624862671 -0.074191845153498 0.0309609331265629 -0.30385506038367 0.949320332138677
1604559235.20551 531.018005371094 93.2886276245117 3.49795389175415 -0.0766839996896922 0.0307807566504398 -0.30461623286788 0.948884112990095
1604559235.40543 531.418273925781 92.963005065918 3.46398067474365 -0.0763712459888719 0.0305806537193446 -0.304678813892004 0.948895714380441
1604559235.60562 531.832946777344 92.6202621459961 3.40776801109314 -0.0732667635706502 0.030086259139569 -0.304757326476482 0.949131060668534
1604559235.90566 532.497497558594 92.1151885986328 3.33350038528442 -0.0773469973032442 0.0280334401955178 -0.303495771913113 0.949274399038466
1604559236.10515 532.954223632812 91.74658203125 3.27177906036377 -0.0765676068562156 0.0279810982028774 -0.303408927172927 0.949366885158444
1604559236.30574 533.442626953125 91.3701934814453 3.22856068611145 -0.0777553231487876 0.0287023578505668 -0.303445533404733 0.949237110859327
1604559236.50532 533.923095703125 90.9738616943359 3.18195962905884 -0.0773165788941774 0.0272234230765155 -0.303788079633056 0.949206950320612
1604559236.70567 534.434448242188 90.5759429931641 3.12213206291199 -0.0776123977575462 0.0285459040586168 -0.303920445177742 0.94910158048481
1604559236.90559 534.947998046875 90.1577758789062 3.07058906555176 -0.0779026279086123 0.0282749925674555 -0.304278796288659 0.948971084643451
1604559237.10543 535.460083007812 89.7196731567383 3.00124859809875 -0.080012302391345 0.0278499155724409 -0.305571727686561 0.948392499394261
1604559237.30543 535.992492675781 89.2879638671875 2.94860172271729 -0.0815633809764257 0.0239682272938067 -0.306373782258124 0.948107612304077
1604559237.50571 536.532165527344 88.8337783813477 2.89381003379822 -0.0795205092235625 0.0200403284122015 -0.30786509793524 0.947889210468862
1604559237.70537 537.07763671875 88.3830642700195 2.85344171524048 -0.0808041516592356 0.0175222793111358 -0.308752409797668 0.947541876777225
1604559237.90586 537.613464355469 87.9061737060547 2.74619197845459 -0.0781277617951758 0.0134647716407106 -0.310075896679021 0.947400491376398
1604559238.10553 538.186706542969 87.4198989868164 2.7309033870697 -0.0737448306656258 0.0216060500436952 -0.312520161196643 0.946797775344467
1604559238.3053 538.725463867188 86.9561080932617 2.68714046478271 -0.0691470156012993 0.0152911343119484 -0.313748106576213 0.946861656771848
1604559238.50503 539.286315917969 86.4824371337891 2.60563516616821 -0.0683485967715423 0.0190337138593016 -0.314439321691931 0.94662246964141
1604559238.70499 539.848266601562 86.013427734375 2.63069605827332 -0.0682885687318188 0.0198523657918733 -0.315500533084758 0.94625681956658
1604559239.00529 540.64697265625 85.3171997070312 2.53035163879395 -0.0644892524269192 0.0150245338433562 -0.316774899891841 0.946186589686581
1604559239.20529 541.192016601562 84.8481292724609 2.47464823722839 -0.0641069129652171 0.0140628081570035 -0.317936399383627 0.945837717097275
1604559239.40521 541.743896484375 84.3927230834961 2.41950559616089 -0.0684801966697794 0.0124983756519087 -0.319260786640422 0.945106768245721
1604559239.60539 542.286254882812 83.9300308227539 2.37585783004761 -0.0681874863844964 0.0137756134121145 -0.320086841477099 0.944830732506568
1604559239.80513 542.811950683594 83.465934753418 2.33946251869202 -0.0689307361188233 0.012880173375661 -0.32158914524882 0.944279130559425
1604559240.00503 543.344543457031 82.9981918334961 2.29648685455322 -0.0661537550053873 0.0138371558348707 -0.323386821182396 0.943850188166869
1604559240.2053 543.869506835938 82.5379409790039 2.27524542808533 -0.0665482570092072 0.0124524054378233 -0.324015030854726 0.943626264401357
1604559240.40514 544.391052246094 82.0821380615234 2.22888517379761 -0.0675710850556492 0.0144834727281318 -0.325137380049902 0.943138410614487
1604559240.60543 544.909606933594 81.6191940307617 2.17923140525818 -0.0654059289847265 0.0154679330558932 -0.326803102898334 0.942699601907545
1604559240.80505 545.388488769531 81.1782913208008 2.22549271583557 -0.070544545147422 -0.00416560719247661 -0.325146005952825 0.943019718605919
1604559241.1051 546.155578613281 80.5012512207031 2.10901069641113 -0.0675162623197573 0.0164100755917623 -0.328153263431446 0.942065655589214
1604559241.3056 546.63427734375 80.0687637329102 2.04367899894714 -0.0665750452603875 0.0116685616613143 -0.329422718954108 0.941760203159072
1604559241.50569 547.121398925781 79.6454925537109 2.00991725921631 -0.0664280124818791 0.0122197333392625 -0.329215287731529 0.941836127783741
1604559241.70582 547.605041503906 79.2269439697266 1.97393822669983 -0.0610744897747713 0.0331413852277214 -0.331017349300255 0.941062734224542
1604559241.90562 548.034973144531 78.8241806030273 1.94645071029663 -0.0713869791831292 0.00539143895657844 -0.3290068043816 0.941609979906592
1604559242.2051 548.702453613281 78.209716796875 1.92751920223236 -0.0632414282519492 0.0119613912482092 -0.330647482401582 0.941557055761124
1604559242.50497 549.364807128906 77.6221237182617 1.83155226707458 -0.0679870752743287 0.00856070489504323 -0.329224093929105 0.941762161006643
1604559242.70542 549.816284179688 77.2163467407227 1.80763113498688 -0.0659445457834977 0.00917369744359567 -0.3283451798766 0.942208364964154
1604559242.91537 550.29345703125 76.8030471801758 1.82183635234833 -0.066471844006675 0.00957594858701361 -0.326640891733833 0.942759525547389
1604559243.10538 550.756591796875 76.390983581543 1.80847406387329 -0.0632003192528152 0.0106618060920358 -0.325578578303882 0.943340148030826
1604559243.30561 551.23779296875 75.9751129150391 1.74636876583099 -0.0615956152065296 0.0083306399363736 -0.324158688558379 0.943958540009937
1604559243.50561 551.715637207031 75.5643768310547 1.69764041900635 -0.0611088409088321 0.0105524627847677 -0.322712636562656 0.94446329166079
1604559243.70593 552.197692871094 75.1450424194336 1.63894844055176 -0.0588855428322748 0.00992897904533004 -0.322030292883866 0.944844113431203
1604559243.90551 552.670715332031 74.7243194580078 1.57656121253967 -0.0560986047968853 0.0109114543948923 -0.320795921206259 0.945422584689121
1604559244.10572 553.146362304688 74.3166275024414 1.5191957950592 -0.0550292552950074 0.0121055392071955 -0.320236913313979 0.945660381074154
1604559244.30545 553.628356933594 73.9097671508789 1.50960779190063 -0.0545405786866208 0.0135746370983427 -0.319688008341242 0.945854445370421
1604559244.60577 554.366638183594 73.2769393920898 1.45468652248383 -0.056051948776941 0.0155723281119027 -0.318366028757533 0.946181141943043
1604559244.80569 554.858276367188 72.8422164916992 1.39729964733124 -0.0509898156265474 0.0163717286247499 -0.318235250171655 0.946497929608086
1604559245.51502 556.773132324219 71.2500152587891 1.17054605484009 -0.0480692791681243 0.033622108748681 -0.312261940021802 0.948183199079887
1604559245.80502 557.612426757812 70.5599136352539 1.03928935527802 -0.0435870272579241 0.0334654621085043 -0.309389046569586 0.949346434007862
1604559246.00623 558.205749511719 70.1013565063477 0.962158203125 -0.0459398688367084 0.0373724712289271 -0.306458137654011 0.950040123737489
1604559246.20588 558.785400390625 69.6339263916016 0.872926235198975 -0.0440104788785652 0.0363292404752641 -0.304617896530703 0.950763483285186
1604559246.50552 559.683410644531 68.921745300293 0.725780665874481 -0.0447692435090907 0.0361499138800957 -0.30092754669638 0.95190940230748
1604559246.70558 560.306518554688 68.4416656494141 0.625420212745667 -0.0442070962605086 0.0375603135800378 -0.298790536115294 0.95255402524577
1604559246.90569 560.937194824219 67.9607391357422 0.540833294391632 -0.0475553818345709 0.0380029788441076 -0.297965484459209 0.952633628069328
1604559247.10565 561.566101074219 67.4651336669922 0.436703205108643 -0.0491522913472862 0.0378707355653037 -0.29828947927044 0.952456427454623
1604559247.30552 562.1982421875 66.9588470458984 0.337788760662079 -0.0466423729584937 0.0374665471463563 -0.299369558416575 0.952259741028253
1604559247.60571 563.171264648438 66.1927032470703 0.190338641405106 -0.0465365802901736 0.0347270713003447 -0.29970024555407 0.952264742615533
1604559247.80559 563.833618164062 65.6711883544922 0.0799445062875748 -0.0488456161158239 0.0362038762591884 -0.300095730823476 0.951969504486146
1604559248.0054 564.472778320312 65.1505813598633 -0.0294768866151571 -0.0478745968274572 0.035873112861599 -0.301650781431848 0.951539777841044
1604559248.20544 565.122009277344 64.6069488525391 -0.131590411067009 -0.0427237267870665 0.0344130432432268 -0.302589188626322 0.951540965250907
1604559248.40565 565.804748535156 64.0779647827148 -0.232191979885101 -0.0438396132890852 0.0350065728415969 -0.303140392412053 0.951293083467349
1604559248.60573 566.485900878906 63.540843963623 -0.337758243083954 -0.0446437321156344 0.0343785299286407 -0.303299062029904 0.951228013062333
1604559248.90547 567.500061035156 62.7183685302734 -0.488859295845032 -0.044656766857851 0.0357764270293398 -0.304006849238534 0.950949870423713
1604559249.10512 568.19384765625 62.1610984802246 -0.589770555496216 -0.0444783563803739 0.0342353434881587 -0.304665608380785 0.950804125012042
1604559249.40531 569.219116210938 61.3428764343262 -0.75330924987793 -0.0475533459373431 0.036960013959348 -0.305073008782625 0.950422588099949
1604559249.60557 569.917297363281 60.7837371826172 -0.840592622756958 -0.0469476623730859 0.036627395757478 -0.306097147150829 0.950136246747724
1604559249.8049 570.584228515625 60.2351608276367 -0.923919200897217 -0.0420855337604582 0.035200530320039 -0.308002328096868 0.949802240679708
1604559250.00512 571.253234863281 59.7004013061523 -1.0584089756012 -0.0497615070059994 0.0326429248582703 -0.307366795114065 0.94972832175233
1604559250.20535 571.931762695312 59.1516151428223 -1.15277945995331 -0.049597841487259 0.0352394194881032 -0.308301182921362 0.949341149452206
1604559250.40536 572.591918945312 58.587085723877 -1.26184916496277 -0.0473024034707225 0.03574618125514 -0.309272044749001 0.949123540688113
1604559250.60514 573.241577148438 58.0531997680664 -1.3457635641098 -0.0474565237003735 0.0415434046820404 -0.310727134658691 0.948404276494207
1604559250.90638 574.184875488281 57.2766799926758 -1.48660695552826 -0.0485104688453666 0.0395534604641899 -0.312693155825189 0.947789664681882
1604559251.20574 575.09130859375 56.5083885192871 -1.63595116138458 -0.047598755198056 0.0395936414048142 -0.314473551695389 0.94724499858695
1604559251.50561 575.97607421875 55.7498245239258 -1.79007828235626 -0.0464236115371096 0.0401182667635541 -0.315968405384055 0.9467836816099
1604559251.80558 576.876586914062 54.9983100891113 -1.90544724464417 -0.0485789258541987 0.0396435211629303 -0.316776252797992 0.946425530538943
1604559252.10541 577.769348144531 54.2139549255371 -2.06687188148499 -0.0437629142058633 0.0389182714096201 -0.317718001104954 0.946374897841532
1604559252.30553 578.371520996094 53.7149696350098 -2.17473769187927 -0.0464603333652942 0.0411551098882739 -0.31807205092055 0.946032697519946
1604559252.60507 579.261108398438 52.9471092224121 -2.29087042808533 -0.0441513743017313 0.0412083733523192 -0.319632281307912 0.945615001392652
1604559252.90544 580.104553222656 52.2000389099121 -2.44603586196899 -0.0432805312283272 0.0404621043046106 -0.320705053520767 0.945324220771942
1604559253.10552 580.66650390625 51.728271484375 -2.54287314414978 -0.0437303559721081 0.0436354760626243 -0.321058024859073 0.945042510085621
1604559253.40511 581.460693359375 51.0478820800781 -2.66429781913757 -0.042931627441925 0.044919041811247 -0.320557860548075 0.945188771139812
1604559253.605 581.9638671875 50.6130981445312 -2.74635982513428 -0.0431342770926357 0.0443473698142142 -0.319731160406784 0.945486504396117
1604559253.90514 582.701965332031 49.9619064331055 -2.86234474182129 -0.0410323375596976 0.0423695116685633 -0.319303636741064 0.945815182432215
1604559254.10502 583.176879882812 49.5563659667969 -2.95701289176941 -0.0426581828212012 0.0405065265494404 -0.31861236804221 0.946057957884097
1604559254.30536 583.671325683594 49.1392784118652 -3.03043675422668 -0.042126334144815 0.0407047215740272 -0.318061948183848 0.94625847141814
1604559254.5051 584.161193847656 48.728443145752 -3.12334704399109 -0.0420658968493489 0.0422855663317105 -0.317023196535546 0.946540376349922
1604559254.7051 584.642028808594 48.3196983337402 -3.18949270248413 -0.040895752127119 0.0411968564318868 -0.317284074244233 0.946552255667413
1604559255.00545 585.380065917969 47.6905822753906 -3.32849740982056 -0.0399306572752882 0.0407228904557475 -0.316897584012046 0.946743423557735
1604559255.30533 586.124694824219 47.0781555175781 -3.46246242523193 -0.0431910567554824 0.0413390812916234 -0.316317280601966 0.94676765416172
1604559255.50515 586.626770019531 46.6511001586914 -3.53886485099792 -0.0432640961775365 0.0404530526381567 -0.316467140495723 0.946752511219619
1604559255.70532 587.117004394531 46.2275505065918 -3.60240840911865 -0.0414561722471655 0.0411837966179556 -0.316722615366008 0.946716465260038
1604559256.00516 587.849670410156 45.6282653808594 -3.75417232513428 -0.045881519348312 0.0438851201519997 -0.315270794323915 0.94687555077629
1604559256.20537 588.341735839844 45.2259902954102 -3.82043218612671 -0.0464172861133416 0.0460344981597788 -0.313600543460325 0.947301936908417
1604559256.40557 588.8125 44.8253059387207 -3.88075423240662 -0.0427592807204233 0.0451523684027866 -0.310540229930506 0.948523944418168
1604559256.60554 589.277404785156 44.4442481994629 -3.95665216445923 -0.0407407386779927 0.0457112320500949 -0.306796929448391 0.949803305720438
1604559256.90527 589.982971191406 43.9227828979492 -4.08175945281982 -0.0410537330087248 0.0470698848144944 -0.300477030288335 0.95174186165089
1604559257.10559 590.441711425781 43.5740852355957 -4.17568349838257 -0.0423053298172806 0.0460989265918986 -0.295427553940095 0.953314065987227
1604559257.30512 590.904968261719 43.2424354553223 -4.25421237945557 -0.0433657674084037 0.0476529632646126 -0.289256775794888 0.955080689243546
1604559257.50513 591.367126464844 42.9237022399902 -4.33677053451538 -0.0438045853651722 0.0481138364818654 -0.283123885000726 0.956873598121548
1604559257.70501 591.82177734375 42.5974197387695 -4.4309024810791 -0.0421479506721442 0.0471525653755205 -0.277768781984133 0.958563868288231
1604559257.90501 592.28173828125 42.279239654541 -4.49356269836426 -0.0399905084722151 0.0465775776055147 -0.272043336969627 0.960324794695506
1604559258.10524 592.740417480469 41.9702758789062 -4.58241176605225 -0.038678776794577 0.0458659499923144 -0.266268576447684 0.962029787508423
1604559258.30527 593.204956054688 41.6819915771484 -4.66426610946655 -0.0384710703682475 0.0448780524915808 -0.25918378724847 0.964017479912488
1604559258.50513 593.672668457031 41.4037208557129 -4.73002338409424 -0.0381297016147825 0.04280498767785 -0.251004321632818 0.966287063664994
1604559258.8052 594.367065429688 41.0007171630859 -4.82884645462036 -0.0346612846746703 0.0403371353814053 -0.23603488887727 0.970288123232794
1604559259.00545 594.845581054688 40.7550888061523 -4.89206552505493 -0.0334222105138098 0.0396301512858625 -0.223863326268775 0.973240781156087
1604559259.20519 595.312072753906 40.5110473632812 -4.96646928787231 -0.0295971851122952 0.037890603749434 -0.209149464810136 0.976700982978191
1604559259.50511 596.031860351562 40.2318115234375 -5.05964088439941 -0.0269362949247897 0.0372715606629191 -0.18155371301143 0.982305205154304
1604559260.10532 597.520141601562 39.7945785522461 -5.33543395996094 -0.0199694515103714 0.0357904257362127 -0.122569179920178 0.991613363446505
1604559260.8051 599.325561523438 39.547290802002 -5.55078792572021 -0.0035696486002107 0.0316941836510169 -0.0391584256833631 0.998723862751645
1604559261.10544 600.114501953125 39.6072807312012 -5.67249870300293 -0.00746258263710713 0.028515455979577 0.00755796547959852 0.999536920673004
1604559261.40511 600.912048339844 39.6968994140625 -5.72815084457397 -0.000312366690586464 0.0226289426634575 0.0525598661849639 0.998361304261941
1604559261.8052 601.957214355469 39.9407348632812 -5.89461374282837 0.00510975698618444 0.0169039663636899 0.113328558660002 0.993400616114548
1604559262.10512 602.7490234375 40.2108764648438 -5.9761438369751 0.00896797111909581 0.0139833822977575 0.156853865454742 0.987482103840585
1604559262.30537 603.252807617188 40.4410171508789 -6.05482006072998 0.00914063042768593 0.0112746413200208 0.18591002353054 0.982459563793525
1604559262.60517 604.071716308594 40.805046081543 -6.07111072540283 0.0139947592173999 0.00827517437858761 0.227855287714318 0.973559261711415
1604559262.80537 604.586547851562 41.1043014526367 -6.13965463638306 0.0177145322380271 0.0065721252891242 0.253131097356318 0.967247460615926
1604559263.10523 605.34716796875 41.621166229248 -6.21056270599365 0.0187774506833355 0.0029551629333137 0.288481893694045 0.957296647528116
1604559263.40521 606.130859375 42.1848449707031 -6.2556266784668 0.0259338043521225 0.00010704213825729 0.320177437914867 0.94700255257527
1604559263.70527 606.846923828125 42.7819175720215 -6.35861968994141 0.0304790093359394 0.00364608107417539 0.350286968700065 0.936139292862777
1604559264.00544 607.525573730469 43.4427299499512 -6.38820505142212 0.0288286237428967 4.12059013316802e-05 0.379375324926365 0.924793637300873
1604559264.30562 608.161560058594 44.1121482849121 -6.43766593933105 0.0306706548883553 -0.000928019549682571 0.404048922414226 0.914222575746376
1604559264.60529 608.760986328125 44.8108749389648 -6.44753646850586 0.0347863588432057 -9.84220062605172e-05 0.426769860351019 0.9036909791779
1604559265.00517 609.484069824219 45.7745323181152 -6.51739978790283 0.0363593091983435 -0.00252357523863972 0.457636285070378 0.888392178482914
1604559265.30599 609.999938964844 46.555492401123 -6.53609085083008 0.0410800374500712 -0.00114175377761423 0.482675890626828 0.874834333762119
1604559265.60587 610.439392089844 47.3499145507812 -6.58716630935669 0.0513728760394197 -0.00409548117989342 0.515970453712756 0.855054703242311
1604559266.00594 610.921691894531 48.4993057250977 -6.59834051132202 0.0591442370106569 -0.00751144910472584 0.559756045455969 0.826509955739354
1604559266.40508 611.255920410156 49.6288528442383 -6.57473611831665 0.063554853913763 -0.0151830524197137 0.603468039112729 0.794705342395946
1604559266.80548 611.462341308594 50.7413635253906 -6.53856182098389 0.0706361834459363 -0.0215119372042653 0.644749227962503 0.760819426137154
1604559267.20529 611.507446289062 51.8744163513184 -6.45020484924316 0.0719008444990098 -0.0321385151399519 0.684412304745293 0.724829070552613
1604559267.60526 611.433715820312 53.0026473999023 -6.34898042678833 0.0733032643865943 -0.0396352064974213 0.725106758534475 0.683575797233783
1604559268.00548 611.218200683594 54.0841789245605 -6.26467514038086 0.0780694221384379 -0.0473850274031651 0.768409510026394 0.633408753812235
1604559268.5052 610.759704589844 55.3716621398926 -6.06091547012329 0.0874619617468765 -0.059439229338255 0.817202647956507 0.566566161569799
1604559268.90554 610.243225097656 56.3296928405762 -5.92432689666748 0.0976058343315167 -0.0665073814812073 0.851159159789451 0.511446921996289
1604559269.40598 609.519226074219 57.402759552002 -5.71528005599976 0.111131979112404 -0.0798977923066815 0.882032302358606 0.450871426904673
1604559269.90592 608.686950683594 58.4225921630859 -5.48372983932495 0.123305095257212 -0.0786365511915752 0.903668141850596 0.402487311234274
1604559270.40515 607.850341796875 59.3612632751465 -5.20579099655151 0.126274613561506 -0.0736684453041145 0.914164758132013 0.378061472681103
1604559270.80562 607.148315429688 60.0695610046387 -4.99838495254517 0.12797636329365 -0.0716143409596211 0.920007846921343 0.363426743939141
1604559271.30537 606.262329101562 60.920467376709 -4.75795650482178 0.131175749579808 -0.0752466312476013 0.926213899578433 0.345338499787927
1604559271.9051 605.060485839844 61.9363899230957 -4.38997983932495 0.142850625225504 -0.0809544883450895 0.93230486116316 0.322254116406615
1604559272.4056 603.878662109375 62.8452911376953 -4.02264547348022 0.143527694075803 -0.0891976949828694 0.936147465948432 0.308336657310406
1604559273.00505 602.334411621094 64.0820770263672 -3.53597474098206 0.145682853659367 -0.0879985833339924 0.936861825636714 0.305487602277928
1604559273.50527 600.967712402344 65.1528854370117 -3.11810708045959 0.140378516802378 -0.0841013081857931 0.940119679077981 0.298991356049163
1604559274.00531 599.502685546875 66.2104644775391 -2.67521810531616 0.144807432167636 -0.0951675675879219 0.940222648639226 0.293181364779981
1604559274.60523 597.659301757812 67.589958190918 -2.18610715866089 0.140485246794202 -0.0988835946521796 0.941366994983974 0.29036892205723
1604559275.10537 596.103271484375 68.7548446655273 -1.67089700698853 0.13508504066528 -0.0892624144578164 0.943329776026025 0.289677729237698
1604559275.70544 594.261352539062 70.1272583007812 -1.1342796087265 0.139338722766327 -0.0939206008080088 0.94215317882971 0.290019014381445
1604559276.31558 592.417053222656 71.5083923339844 -0.544410467147827 0.144539906480067 -0.0938807949237845 0.940941879721518 0.291415495067348
1604559277.10546 589.922058105469 73.3703918457031 0.210984602570534 0.139277844030617 -0.0973858887049464 0.940110143567832 0.295483652346793
1604559277.8051 587.799682617188 75.0600967407227 0.806630790233612 0.136958893000513 -0.0999912092466713 0.936596794145843 0.306643873079491
1604559278.50537 585.694763183594 76.7470932006836 1.47210967540741 0.14136994712716 -0.0960726107751984 0.936481999322093 0.306245092130139
1604559279.20527 583.481750488281 78.4472579956055 2.13833427429199 0.137220506870782 -0.0949953613894705 0.940784599063685 0.295077535527852
1604559279.81508 581.547058105469 79.9365921020508 2.61941242218018 0.13714085730364 -0.0979490189710366 0.9414274477499 0.292083439386323
1604559280.50567 579.25439453125 81.6406326293945 3.37832379341125 0.137312028127282 -0.0933988982537228 0.942482808010709 0.29008310764471
1604559281.10553 577.269775390625 83.1425170898438 3.94670462608337 0.138552913145864 -0.0905676760459236 0.94313446122877 0.288267192647989
1604559281.80593 574.935974121094 84.8833999633789 4.67415046691895 0.141969916328314 -0.0911958681866092 0.941892120493672 0.29046013467489
1604559282.40529 572.942199707031 86.4036178588867 5.29280948638916 0.141425358799233 -0.0864181532241705 0.941965507613982 0.291944777564808
1604559282.90537 571.256774902344 87.696907043457 5.8002233505249 0.138933236510045 -0.0822697028746507 0.94268691572713 0.292011353715281
1604559283.5059 569.199768066406 89.2109832763672 6.40684700012207 0.142394808596005 -0.0818605652348685 0.943425719422344 0.288045965562388
1604559284.00589 567.46142578125 90.4803695678711 6.86860132217407 0.135032758463163 -0.0859055043987859 0.944724023494642 0.286151914003582
1604559284.60578 565.458190917969 91.9598999023438 7.39252519607544 0.136407104510792 -0.0880615570878475 0.943974006093846 0.287317489584921
1604559285.00575 564.138244628906 92.9675521850586 7.82430744171143 0.13534274996684 -0.0859301115245862 0.94235611882665 0.293706147832759
1604559285.5052 562.563232421875 94.2094497680664 8.31723308563232 0.138868110456979 -0.0835226659856323 0.939244659330874 0.302587313156371
1604559285.90553 561.320251464844 95.229377746582 8.57012844085693 0.13470588261105 -0.088536067761958 0.935663866219335 0.313924862581342
1604559286.40522 559.860412597656 96.5638732910156 9.05847454071045 0.133427326253784 -0.0833994387111435 0.927518791791271 0.339043615343947
1604559286.90521 558.546997070312 97.9168090820312 9.49287605285645 0.117747173845433 -0.0844034058120351 0.916511085123856 0.372852650498604
1604559287.50525 557.21923828125 99.5855178833008 9.90587425231934 0.108395299679757 -0.0809706621656624 0.899151025086758 0.416199044882639
1604559287.90549 556.433166503906 100.70174407959 10.1819658279419 0.10465782972124 -0.0921410802689829 0.882888338682001 0.448402655460737
1604559288.30527 555.769714355469 101.885307312012 10.3702936172485 0.0963186568520802 -0.0914428379975016 0.864993311900306 0.48388789413346
1604559288.80525 555.154174804688 103.357948303223 10.6740598678589 0.0928472902942454 -0.0881346069005864 0.835738068675532 0.533997708157991
1604559289.40582 554.654113769531 105.167701721191 10.9817523956299 0.0805840619544781 -0.0933990292997462 0.795342362801229 0.593475657646158
1604559290.20541 554.457153320312 107.551307678223 11.3204984664917 0.0715637782397517 -0.0842609434365408 0.736751700882078 0.667064952086827
1604559290.70537 554.582702636719 109.166358947754 11.5397415161133 0.067676331081161 -0.0776129493294657 0.695419048285241 0.711188084538699
1604559291.20548 554.870910644531 110.789695739746 11.7289295196533 0.0580406484008375 -0.0773377884106624 0.652555243580809 0.751546275150206
1604559291.60558 555.238647460938 112.084678649902 11.8438320159912 0.0538408418667863 -0.0774506869157393 0.623199927835227 0.776353273187873
1604559292.00549 555.680419921875 113.450828552246 11.9652719497681 0.0404597554840925 -0.0797109056155871 0.593991497171632 0.799489387671852
1604559292.40602 556.291015625 114.780281066895 12.1025705337524 0.0394956433821423 -0.0765944228591648 0.561961264838 0.822662096709443
1604559293.00593 557.446472167969 116.793609619141 12.2467050552368 0.0337900043732741 -0.0753561001486569 0.51284803376993 0.854497857243163
1604559293.40532 558.3603515625 118.11971282959 12.3125953674316 0.0266323418062175 -0.0709121515043073 0.482623347874594 0.872546210366687
1604559293.70514 559.11962890625 119.054489135742 12.4340105056763 0.0316360706476702 -0.0684772878259365 0.467564267336775 0.880734736453493
1604559294.10543 560.147827148438 120.399116516113 12.5273180007935 0.0239752074806493 -0.0697588906454032 0.453853202689724 0.888018106240218
1604559294.4052 560.982482910156 121.381217956543 12.5725250244141 0.0333723890004111 -0.0649204750588318 0.449492130495505 0.890296827015099
1604559294.80546 562.101013183594 122.759559631348 12.690052986145 0.0257870520897149 -0.071107361601444 0.447797757423189 0.890929817391564
1604559295.10556 562.969421386719 123.798233032227 12.7348585128784 0.033035574777306 -0.061266124856239 0.446695111938621 0.89197454544083
1604559295.40539 563.854064941406 124.897621154785 12.7824449539185 0.0242451533935096 -0.0674213140646952 0.447685440088404 0.891316041412678
1604559295.80647 565.065795898438 126.355895996094 12.9013948440552 0.0255269273198083 -0.0699549450593906 0.444500574304637 0.892677949255046
1604559296.10554 566.011169433594 127.484550476074 12.9964237213135 0.0317699210872196 -0.0694633263401156 0.442683024169025 0.893418859505688
1604559296.30554 566.6494140625 128.247299194336 13.0494422912598 0.0305439636993886 -0.067063769431223 0.442771958531764 0.893600867193599
1604559296.60534 567.611083984375 129.409393310547 13.1706924438477 0.0204029522212177 -0.0694608823667196 0.442734895207898 0.893725191502817
1604559296.80556 568.2578125 130.153060913086 13.2093172073364 0.0255009283514286 -0.0666953050000035 0.440693205327917 0.894813353567088
1604559297.00552 568.90576171875 130.919830322266 13.2526035308838 0.0252885962450347 -0.0666589798552125 0.439132408711881 0.895589077045672
1604559297.20531 569.564758300781 131.687210083008 13.3384113311768 0.0259894212171337 -0.0675152972391048 0.437356900733754 0.896373346326227
1604559297.40532 570.250427246094 132.460845947266 13.3957862854004 0.0308848599788133 -0.0655113912101937 0.437230188689849 0.896428549938049
1604559297.60542 570.912170410156 133.233993530273 13.420916557312 0.0321702238841818 -0.064955412768266 0.437466983790332 0.896308266803746
1604559297.80555 571.578430175781 133.982574462891 13.4578619003296 0.0359405012636868 -0.0596312772131218 0.437015459732377 0.896755194633266
1604559298.10524 572.574645996094 135.150802612305 13.555419921875 0.0261611500411803 -0.0621653356817229 0.437153986056877 0.89685420093942
1604559298.30518 573.22607421875 135.888275146484 13.6271944046021 0.0253159334102824 -0.0636342617925767 0.435124661037051 0.897761835677521
1604559298.50557 573.889892578125 136.653259277344 13.6532678604126 0.0254942714038589 -0.0590324157666612 0.432562123612146 0.899308192573875
1604559298.80529 574.850708007812 137.733749389648 13.6894960403442 0.0300564061585447 -0.0592789907293847 0.428057139364349 0.901304443096864
1604559299.00552 575.518859863281 138.446151733398 13.7351865768433 0.035371280777951 -0.0583339549077445 0.426040219523553 0.902128457343671
1604559299.20537 576.174133300781 139.192245483398 13.7697324752808 0.0300860117823857 -0.0635096070163837 0.424228976075289 0.902823979283762
1604559299.40562 576.855529785156 139.892852783203 13.8417682647705 0.0341507019086037 -0.0609489860425098 0.422123174921894 0.903842340153082
1604559299.60554 577.544982910156 140.614715576172 13.8938903808594 0.0418467129756823 -0.0564772335640769 0.420582801283882 0.904527104052876
1604559299.90529 578.526611328125 141.705825805664 13.9430589675903 0.024431179152019 -0.058432676842659 0.418676295199883 0.905924334367911
1604559300.10526 579.220642089844 142.399398803711 14.0082178115845 0.0351559590601075 -0.0573669394020895 0.416749927267147 0.906527766220665
1604559300.30587 579.884948730469 143.11181640625 13.9660167694092 0.035644640821251 -0.0550853281806392 0.415130485178467 0.907392829195518
1604559300.50572 580.552490234375 143.844573974609 14.0316791534424 0.0260377996752904 -0.0610134654674362 0.412709200023163 0.908444002806978
1604559300.80606 581.626586914062 144.902770996094 14.1355991363525 0.0277435425972569 -0.0466891909240483 0.409238232778334 0.91080979580123
1604559301.00702 582.361206054688 145.634857177734 14.1263790130615 0.0293496430978364 -0.0345368063253985 0.407277299906155 0.912179263324936
1604559301.30569 583.434509277344 146.738784790039 14.1063661575317 0.0144307394288803 -0.0246699802615874 0.405189184138117 0.913786009353894
1604559301.50598 584.191955566406 147.439056396484 14.1005258560181 0.0222117456354089 -0.0193949744073311 0.403922769596213 0.914317707104752
1604559301.80594 585.300903320312 148.556823730469 13.9751691818237 0.024629938075027 -0.0104941852347986 0.404684567091182 0.914064351883882
1604559302.00615 586.068908691406 149.332809448242 13.9472551345825 0.0204390726712396 -0.0120948609726365 0.405015723805276 0.914001215599236
1604559302.2059 586.837158203125 150.07568359375 13.9103422164917 0.0270000250580903 -0.00945712824449083 0.404856202091382 0.913932720171661
1604559302.40592 587.606750488281 150.844940185547 13.8561239242554 0.0298277648419471 -0.0087715048432976 0.405360666724302 0.91362798502462
1604559302.60585 588.368896484375 151.607315063477 13.8207902908325 0.0314029386309879 -0.009032177234054 0.406936226943678 0.912871941961519
1604559302.80599 589.134582519531 152.370010375977 13.7836437225342 0.03746605203623 -0.00775556381510446 0.408331983149883 0.912031324961819
1604559303.10574 590.24658203125 153.512557983398 13.712797164917 0.036397407574306 -0.0119339518189607 0.411481079985547 0.910613051921496
1604559303.30575 590.982788085938 154.26237487793 13.6942338943481 0.0385218478812906 -0.0135795106554799 0.413361174813592 0.909650594065048
1604559303.50605 591.741577148438 155.030654907227 13.6943378448486 0.0407031877985042 -0.0123398649859921 0.414337430628936 0.909128963247228
1604559303.80572 592.804138183594 156.185165405273 13.5782823562622 0.0424301145982574 -0.00861004345031064 0.417213053909898 0.9077768559366
1604559304.00595 593.52685546875 156.928298950195 13.5849285125732 0.0421730654993208 -0.00823938621949567 0.418399503010167 0.907246053142124
1604559304.30602 594.603576660156 158.078826904297 13.5283842086792 0.0451117026377994 -0.00979298168125974 0.419914600779166 0.906388856864085
1604559304.6059 595.661437988281 159.205963134766 13.4955043792725 0.046198776531334 -0.0144334318485008 0.420408282890044 0.906043169374135
1604559304.90595 596.672058105469 160.319747924805 13.4263725280762 0.0490139833947866 -0.0204924293423778 0.419908075056825 0.906010429450729
1604559305.10573 597.340209960938 161.061569213867 13.4062871932983 0.0501785462264896 -0.0281489543136163 0.419963968450939 0.905715195341552
1604559305.40592 598.405883789062 162.152938842773 13.5204181671143 0.0536118726287979 -0.0306340049867115 0.420690151751703 0.905100613783261
1604559305.70613 599.386962890625 163.263793945312 13.4699058532715 0.0527049194681868 -0.0322000300627079 0.425145124059816 0.903015488801812
1604559306.10593 600.69873046875 164.721420288086 13.5280418395996 0.0521295020297414 -0.0323679353598911 0.430357411281272 0.900570558220705
1604559306.4059 601.660278320312 165.814971923828 13.5924282073975 0.0498309336952247 -0.0333065283026793 0.433261511291297 0.89927304866379
1604559306.80588 602.850708007812 167.221557617188 13.6420030593872 0.0507346789494609 -0.0404093177903666 0.435405590141509 0.897894788636807
1604559307.10618 603.771850585938 168.269439697266 13.6065788269043 0.0506278790335652 -0.0367976562616216 0.438224999034353 0.896683668067817
1604559307.40611 604.71923828125 169.389205932617 13.6613597869873 0.0372201190862221 -0.0194406894848208 0.441559596232941 0.896248763068694
1604559307.60623 605.331970214844 170.117263793945 13.6389083862305 0.0333664040127122 -0.0111254555760352 0.443272524481328 0.895696587222167
1604559307.90624 606.253234863281 171.184951782227 13.5772867202759 0.0371018996684226 -0.0120448514144268 0.444874357541372 0.894743078541293
1604559308.2054 607.168395996094 172.306579589844 13.5137424468994 0.043688830852544 -0.00890547418981347 0.446299946517696 0.893771971101407
1604559308.50518 608.095886230469 173.435546875 13.4996137619019 0.0392607922746103 -0.0138105690169541 0.448113447661452 0.893007388770308
1604559308.80547 609.020568847656 174.568618774414 13.4264450073242 0.0430798110612251 -0.0108972577285797 0.448706147718706 0.892573903188058
1604559309.10532 609.958190917969 175.696578979492 13.4159832000732 0.0430441310544319 -0.0133361625292143 0.449297328192243 0.892245067473099
1604559309.40573 610.838012695312 176.814788818359 13.3572187423706 0.0450342366709687 -0.0200866820839282 0.450175489663871 0.891577518355088
1604559309.80618 612.027282714844 178.237319946289 13.3946409225464 0.0641315002741933 -0.0276706076351454 0.451332836829305 0.8896179846121
1604559310.10674 612.82763671875 179.347518920898 13.3944215774536 0.048119576837125 -0.0437496082592929 0.455929009486247 0.887636871930782
1604559310.30584 613.385070800781 180.033660888672 13.4478101730347 0.0533180221071825 -0.0421589599993135 0.458070047907743 0.886313512150273
1604559310.60585 614.172607421875 181.063980102539 13.4819898605347 0.0580782347219331 -0.0435483172427407 0.464624573553161 0.882527318765517
1604559310.90592 614.898193359375 182.076202392578 13.5772151947021 0.0564810648304627 -0.0467141580733116 0.470995589961333 0.879085223961872
1604559311.10567 615.356811523438 182.74365234375 13.5947589874268 0.0545318297676479 -0.0491801239476162 0.476757557280163 0.875962228938521
1604559311.40543 616.033081054688 183.699096679688 13.6649055480957 0.0550657332848422 -0.0460282674308055 0.483571377843552 0.872357659532837
1604559311.60581 616.455261230469 184.333724975586 13.7076082229614 0.0572963916016155 -0.0486309269184162 0.487100436417205 0.87010649997495
1604559311.9056 617.058715820312 185.286254882812 13.7413539886475 0.0525865684358631 -0.0543293034823452 0.491628930896205 0.867515979051175
1604559312.20539 617.674926757812 186.2333984375 13.8234224319458 0.0570114522643182 -0.0595494227008489 0.495003933147567 0.86497090513794
1604559312.50532 618.292114257812 187.206298828125 13.9089431762695 0.0534921120492489 -0.0617846953323198 0.49864864879428 0.862943086435508
1604559312.80522 618.92626953125 188.227066040039 13.9926786422729 0.0475326197616602 -0.0644841194109751 0.502307904672431 0.860969928223963
1604559313.10522 619.570190429688 189.300140380859 14.0863780975342 0.047485638956107 -0.0577155002325167 0.505448923063786 0.859613530198018
1604559313.40614 620.2255859375 190.383529663086 14.1535472869873 0.0419507840498494 -0.060999480277979 0.508116031246328 0.858100981186888
1604559313.70611 620.865905761719 191.482238769531 14.2248544692993 0.035596052706976 -0.0627746989442388 0.509641730697439 0.857354981635881
1604559313.90602 621.310913085938 192.240524291992 14.25124168396 0.0299529526343882 -0.0663624477405358 0.510769139005694 0.856629285512554
1604559314.20582 621.946350097656 193.383239746094 14.3271608352661 0.0246160913964525 -0.0690638904487849 0.510496141150561 0.85674845605395
1604559314.40622 622.407165527344 194.141784667969 14.3770408630371 0.0223277905304597 -0.0713559775578519 0.510134605724551 0.856838653585988
1604559314.70573 623.070617675781 195.27180480957 14.4437875747681 0.0177597226207377 -0.0741685082668001 0.506633125453663 0.858781986785334
1604559315.00586 623.776245117188 196.370071411133 14.5436353683472 0.0137412867792219 -0.0761590473434927 0.501104429969406 0.861919559361788
1604559315.30592 624.501647949219 197.458572387695 14.6163148880005 0.0154535956551457 -0.0702519198681913 0.493809725785634 0.866589758106844
1604559315.50609 624.9951171875 198.147201538086 14.6443376541138 0.0211407728921759 -0.0665019985619032 0.48946112129743 0.86922860206453
1604559315.80588 625.713806152344 199.181076049805 14.7238483428955 0.014415505220493 -0.0675538240355576 0.482083956839073 0.873397808919735
1604559316.10573 626.476135253906 200.184814453125 14.7702226638794 0.0213626650913176 -0.0665894335522493 0.474950448093033 0.877229477238205
1604559316.40544 627.221008300781 201.194061279297 14.8278818130493 0.0187556261678238 -0.0646066526373088 0.467724995081384 0.881310124699685
1604559316.70556 627.986267089844 202.150344848633 14.8952865600586 0.0212215114156069 -0.0658499341286846 0.457792515691049 0.8863630442464
1604559316.90553 628.493713378906 202.761474609375 14.9377632141113 0.0235777676048047 -0.0641896175455776 0.452076781313693 0.889353903500276
1604559317.10545 628.989379882812 203.36750793457 14.9585304260254 0.0213780129630565 -0.0644513347577627 0.448390563160744 0.891254682387748
1604559317.40547 629.746032714844 204.271591186523 15.0498132705688 0.0204180909137099 -0.0644323356798779 0.444542329147314 0.893204172224109
1604559317.70559 630.489624023438 205.114273071289 15.0670328140259 0.0241609378185339 -0.0633579970554415 0.44115038164017 0.894867785805023
1604559318.00549 631.204467773438 205.956512451172 15.1257448196411 0.0225558981456895 -0.0641528907034679 0.438564873597896 0.896123032690987
1604559318.20599 631.693176269531 206.508453369141 15.1515817642212 0.0226163043559784 -0.0627743802798329 0.437076213741723 0.896946076048588
1604559318.40602 632.201782226562 207.083908081055 15.1831817626953 0.022978817238334 -0.0612956110704833 0.436459272843655 0.897339470418309
1604559318.60581 632.692077636719 207.650604248047 15.2090644836426 0.0223115032654176 -0.0606446065850931 0.436175310271261 0.897538593723939
1604559318.90644 633.436462402344 208.522155761719 15.2946910858154 0.0238874394141271 -0.0594617806576001 0.43639406175177 0.897470840611023
1604559319.10546 633.928100585938 209.094436645508 15.3241367340088 0.0239640053331056 -0.0612948028142937 0.437643644483711 0.896736702739086
1604559319.40594 634.656921386719 209.946441650391 15.3790349960327 0.0241642879425443 -0.0603237108699826 0.438652960508729 0.896303920181114
1604559319.60578 635.136901855469 210.513900756836 15.4040575027466 0.0235187170493586 -0.0627738891005505 0.439429195648755 0.895772454815972
1604559319.80577 635.623291015625 211.089050292969 15.4253673553467 0.0241145489790878 -0.0625814078503753 0.44054093627045 0.895223848760161
1604559320.00613 636.118835449219 211.661773681641 15.4513683319092 0.0253905644462027 -0.0615116512631823 0.441978897972504 0.894553681867662
1604559320.20551 636.602600097656 212.263931274414 15.4795656204224 0.0226551590630943 -0.0591506024194408 0.444147648051558 0.893711819733583
1604559320.50546 637.344665527344 213.145568847656 15.5180368423462 0.021461224793454 -0.0540981750664496 0.449511784983922 0.891376440369283
1604559320.70555 637.84228515625 213.761001586914 15.5162448883057 0.0230382486347476 -0.0417264918944145 0.455793756042812 0.888808298187193
1604559320.90536 638.306945800781 214.391906738281 15.5136365890503 0.0150357236009427 -0.0380189468961356 0.463136440536967 0.885343506295412
1604559321.20617 638.972290039062 215.342300415039 15.5575275421143 0.0111455407204791 -0.0222091409852746 0.480194109316634 0.876810212278774
1604559321.40593 639.401672363281 215.984176635742 15.5379037857056 0.011587948491192 -0.0162374024813137 0.494677571361014 0.868847608388717
1604559321.70593 639.951843261719 216.955963134766 15.4709939956665 0.0151721814815262 -0.0141191276842221 0.51586273315739 0.85642051334722
1604559322.00605 640.440856933594 217.996673583984 15.4331541061401 0.00896636025145654 -0.0139987172704464 0.540813813894223 0.840978037168515
1604559322.20593 640.744995117188 218.664428710938 15.461371421814 0.0203566973647138 -0.0161247656853412 0.555394797476049 0.831181217148543
1604559322.6058 641.261047363281 220.046646118164 15.38365650177 0.0246690251905257 -0.0194171970620886 0.589684440862476 0.807023340343457
1604559323.00589 641.621520996094 221.486862182617 15.3367967605591 0.0291711371735643 -0.013990866939159 0.630722609057151 0.775333664187511
1604559323.40545 641.780395507812 222.94010925293 15.3401069641113 0.0324806938283873 -0.0181275337321545 0.675352802721105 0.736556168194907
1604559323.7058 641.792053222656 224.009002685547 15.3340673446655 0.0385594137589745 -0.018227411891146 0.706509692033475 0.7064170072479
1604559324.00556 641.703125 225.060546875 15.3519887924194 0.0398546135195484 -0.0204659540995373 0.736103119830165 0.675385039425883
1604559324.20578 641.608032226562 225.76155090332 15.3478889465332 0.041423588724884 -0.0211163495179362 0.754848298808059 0.654249365201654
1604559324.50576 641.390014648438 226.782562255859 15.3824834823608 0.0443996000445746 -0.0232906823214376 0.78087789837754 0.622668392853178
1604559324.70607 641.206909179688 227.439086914062 15.4207735061646 0.0435656746110543 -0.0290994705350051 0.795048313371026 0.604279266743575
1604559325.00583 640.905029296875 228.371887207031 15.4078760147095 0.047736463690996 -0.0296126980477519 0.811553771064845 0.581570971437742
1604559325.30583 640.5830078125 229.278823852539 15.460394859314 0.0475844710184637 -0.0324138798758859 0.824530700163013 0.562880256358292
1604559325.50627 640.355041503906 229.84114074707 15.5062761306763 0.0480015132883794 -0.0339041924917181 0.831496027760154 0.552413537372678
1604559325.80605 639.998657226562 230.666519165039 15.5181798934937 0.0534525370706438 -0.0285640723019826 0.843821006344102 0.533191362745745
1604559326.00628 639.7333984375 231.18896484375 15.5551929473877 0.0538265178739911 -0.0301937057349055 0.852813002066601 0.518556679268243
1604559326.20631 639.466369628906 231.720428466797 15.5981225967407 0.0582211256152221 -0.0301271666411185 0.860890004940226 0.504550348088565
1604559326.40613 639.158020019531 232.259216308594 15.6175231933594 0.0598499571806152 -0.0290454602945114 0.86868908967055 0.490870257144503
1604559326.60611 638.810668945312 232.808944702148 15.6512937545776 0.0597462877489535 -0.0282543409758085 0.87687349100048 0.476156438680476
1604559326.90634 638.249328613281 233.670745849609 15.7080926895142 0.061519227336868 -0.0261247330900349 0.888076982156543 0.454810022704619
1604559327.10577 637.8505859375 234.254165649414 15.7435579299927 0.0620625532439772 -0.0192353364589672 0.895151410815156 0.441001352641672
1604559327.30545 637.423522949219 234.808822631836 15.7919645309448 0.0622713467099373 -0.0204000300024745 0.901592992711119 0.427593491120991
1604559327.90556 636.076843261719 236.424041748047 15.8922128677368 0.067291102760377 -0.017934391517189 0.916179973165105 0.394670143108632
1604559328.10525 635.604919433594 236.937103271484 15.9351682662964 0.0691038976782318 -0.01812141112405 0.919685545136891 0.386102012233567
1604559328.30591 635.143371582031 237.455215454102 15.9785327911377 0.0721632274020073 -0.0140020067279519 0.923009635615237 0.377689852895128
1604559328.50591 634.631591796875 237.970703125 16.0292072296143 0.0686797898420671 -0.0159731775504026 0.92637706372208 0.369937129625901
1604559328.70591 634.115600585938 238.474365234375 16.0540199279785 0.0679242803866471 -0.0171964868426938 0.928984493414189 0.363425898871019
1604559328.90611 633.606079101562 238.98828125 16.1013011932373 0.069210400867561 -0.0157225023874511 0.931311972273759 0.3572404423214
1604559329.10539 633.080078125 239.504028320312 16.1582851409912 0.0722167330801 -0.0133555853098733 0.93283210348532 0.352747272861777
1604559329.30587 632.54150390625 240.003982543945 16.194522857666 0.0724699649440055 -0.0166312071030511 0.934183263547325 0.348960079721705
1604559329.5061 632.002746582031 240.483795166016 16.2440185546875 0.0729602629985688 -0.0220581783295689 0.934992655920954 0.346379806232754
1604559329.70615 631.475402832031 240.992431640625 16.3106269836426 0.0761906083114458 -0.0198495561329081 0.93544389676088 0.344594983044267
1604559329.90615 630.930541992188 241.511505126953 16.3511447906494 0.079057314776575 -0.0193725952337434 0.936237078375532 0.341811024703818
1604559330.10625 630.3935546875 241.999984741211 16.4159603118896 0.0813943229108905 -0.0230815006376083 0.936177144596388 0.341195783182541
1604559330.40593 629.564880371094 242.759979248047 16.5936374664307 0.0868396373169925 -0.0251762444371217 0.936075265999774 0.339982544390368
1604559330.60593 629.025695800781 243.269638061523 16.6530437469482 0.0886758423346174 -0.0240916773918555 0.935741499494384 0.340505553832378
1604559330.80593 628.503234863281 243.759796142578 16.737325668335 0.0881110624006555 -0.024066114113278 0.935116016372024 0.342367198718906
1604559331.00585 628.003723144531 244.270645141602 16.7905673980713 0.0897557123400165 -0.0207324128412061 0.933775456666847 0.345799762415678
1604559331.2156 627.503295898438 244.769134521484 16.8480262756348 0.0884024654449046 -0.0168079954079565 0.932184619973103 0.350619921965695
1604559331.40552 627.036499023438 245.230880737305 16.9244041442871 0.0871714915595725 -0.0171015219728005 0.930257590550241 0.355990848518826
1604559331.70528 626.396728515625 245.900161743164 17.051736831665 0.0896210770109542 -0.0202034722478084 0.925866839872017 0.366511223688899
1604559331.90558 626.011413574219 246.326538085938 17.0847759246826 0.0934903389997833 -0.0221628735542916 0.922200633761657 0.374585577190473
1604559332.10573 625.648803710938 246.742202758789 17.1474571228027 0.0930609199631537 -0.0236988973014347 0.918196016662825 0.38430990414876
1604559332.40563 625.132019042969 247.374542236328 17.2067127227783 0.0943210870927775 -0.0313941618935313 0.91037025158113 0.401676417237494
1604559332.60544 624.834899902344 247.789031982422 17.2713489532471 0.0950744389388605 -0.0319519341922218 0.904307661179872 0.414930812176231
1604559332.90538 624.389404296875 248.425338745117 17.3776607513428 0.0940000708499618 -0.0349327447885305 0.894719265783409 0.435225373177782
1604559333.40562 623.82080078125 249.399475097656 17.4889869689941 0.101871681378492 -0.0488813548759047 0.874202806397218 0.472231116050016
1604559333.80577 623.428527832031 250.141387939453 17.6472511291504 0.106885034826176 -0.0653612763136345 0.857682409928144 0.498682641154382
1604559334.10579 623.201965332031 250.703308105469 17.7259960174561 0.113249625408828 -0.0727885968719999 0.843615531404372 0.519797246706332
1604559334.60545 622.918701171875 251.662384033203 17.9140338897705 0.117685795302183 -0.0782914495785795 0.815264168788171 0.561573537123242
1604559335.10584 622.753662109375 252.650375366211 18.0729560852051 0.113432809522643 -0.0750687985400148 0.784511849206405 0.605011431019535
1604559335.40585 622.684997558594 253.241195678711 18.1830539703369 0.108997574364315 -0.0732978972520391 0.768037183599904 0.626790101747827
1604559335.90601 622.635803222656 254.198837280273 18.3396129608154 0.106052685900984 -0.0675775324623528 0.748910272177035 0.650630086260393
1604559336.30584 622.610290527344 254.950241088867 18.4457550048828 0.105175821687639 -0.0661976056262369 0.739401525633456 0.661695781634279
1604559336.80631 622.574401855469 255.900985717773 18.5766582489014 0.102787154716422 -0.0648408511220634 0.733208453981496 0.669055922820457
1604559337.20572 622.561706542969 256.7177734375 18.7065887451172 0.102485954032203 -0.0625610922436265 0.729054483275884 0.673841449733339
1604559337.6054 622.546630859375 257.588958740234 18.818058013916 0.101428910250262 -0.0636969166400671 0.724786230437061 0.678483455321372
1604559338.00546 622.553588867188 258.537780761719 18.9286193847656 0.104721849216196 -0.0609647735257952 0.721216046238048 0.682029358117703
1604559338.20585 622.553344726562 259.036041259766 19.0036354064941 0.103099874449165 -0.0633984435384435 0.720433732356202 0.682880875796637
1604559338.40588 622.550598144531 259.545837402344 19.0970821380615 0.104896542846916 -0.0647047689717789 0.718893507387518 0.684106814179734
1604559338.60585 622.556335449219 260.068084716797 19.1644840240479 0.10593788852796 -0.0650990473069089 0.718141041287135 0.684699001483863
1604559338.81587 622.543701171875 260.615844726562 19.2418041229248 0.102878738077902 -0.0651182636312644 0.717750875565085 0.685572211819223
1604559339.00604 622.5625 261.171112060547 19.3281211853027 0.104488056990254 -0.0640147000498625 0.716954133664663 0.686266081301618
1604559339.20604 622.574523925781 261.753448486328 19.3927555084229 0.104459655230501 -0.0634686796658641 0.716769260148378 0.686514191285908
1604559339.40596 622.578125 262.350006103516 19.487096786499 0.103962693594714 -0.0641789598795118 0.715903527489829 0.687426329708817
1604559339.60582 622.569091796875 262.950622558594 19.576696395874 0.0989532478187283 -0.063909048050589 0.715398282677813 0.688715605649406
1604559339.80599 622.580383300781 263.560272216797 19.6644554138184 0.103121990373266 -0.0671265934072288 0.71475493469054 0.688465873442191
1604559340.10573 622.603637695312 264.504089355469 19.794319152832 0.106510246414061 -0.0642112777017932 0.714386658105361 0.688610326633121
1604559340.30541 622.611572265625 265.154296875 19.8783226013184 0.104977010064961 -0.0661974912560622 0.714708917122565 0.688323240414498
1604559340.50536 622.614685058594 265.807098388672 19.9690933227539 0.10247731102773 -0.0685772923898859 0.714976572862818 0.688188968198661
1604559340.70574 622.63134765625 266.491516113281 20.0713176727295 0.101186000987253 -0.0647639547474698 0.716221706447421 0.687454355272566
1604559340.9055 622.634521484375 267.161010742188 20.1576061248779 0.103282098040717 -0.0666048098423 0.717036163915142 0.686116423916551
1604559341.10581 622.636596679688 267.835662841797 20.2701854705811 0.0996506727950816 -0.0672367680192758 0.717398059115057 0.686213512848412
1604559341.30585 622.6435546875 268.532501220703 20.3707237243652 0.0994762335087189 -0.0681299611149127 0.717566474376334 0.685974592981779
1604559341.50587 622.654052734375 269.24169921875 20.4747142791748 0.102001291752549 -0.0666696468927088 0.71718419667391 0.686147012458126
1604559341.70584 622.659240722656 269.960540771484 20.582145690918 0.10268895225948 -0.0640332868868981 0.716975666497529 0.686513372706413
1604559341.90555 622.649291992188 270.683166503906 20.6508846282959 0.100368448028368 -0.0694630518711175 0.715644735932587 0.687716272162514
1604559342.10575 622.664489746094 271.409851074219 20.7726707458496 0.0983788559014964 -0.069183222900815 0.714990782804492 0.688711451106477
1604559342.30546 622.681579589844 272.134582519531 20.8869781494141 0.0992700350913325 -0.0705758663453591 0.714254835106528 0.689205729626151
1604559342.50581 622.697265625 272.841094970703 20.9836254119873 0.0988008762234885 -0.0682202964931778 0.713404989874536 0.690389526590581
1604559342.70558 622.712463378906 273.528961181641 21.0978107452393 0.0987177015241371 -0.0654865599286701 0.712694678093904 0.691399032173987
1604559342.90545 622.730102539062 274.213958740234 21.186336517334 0.100057759184994 -0.06243893365614 0.712347844731754 0.691845627648818
1604559343.10553 622.733215332031 274.897766113281 21.2704467773438 0.0993653754705232 -0.0624830779707471 0.712904266187381 0.69136813231211
1604559343.30553 622.740478515625 275.554168701172 21.3535766601562 0.0979107760623349 -0.063164444831538 0.714122185682119 0.690255921203569
1604559343.50535 622.743225097656 276.228424072266 21.4437923431396 0.0954546960296238 -0.0702338102666131 0.714725674052249 0.689291537560039
1604559343.7053 622.771179199219 276.897064208984 21.5596046447754 0.0970627498028146 -0.0672662814341552 0.714678752401438 0.689411597558861
1604559343.90561 622.79638671875 277.564910888672 21.6405448913574 0.0995792739810721 -0.0641300804709616 0.715341038508691 0.688664286570386
1604559344.10557 622.793823242188 278.228271484375 21.7212295532227 0.104387504097648 -0.0623708059739874 0.714937300594757 0.688533069480836
1604559344.30566 622.781005859375 278.897827148438 21.8042659759521 0.0997545968108247 -0.0635508439594322 0.714725056160099 0.689331853858574
1604559344.50577 622.795471191406 279.548156738281 21.8986968994141 0.0989645259824117 -0.0672042376478888 0.713818833090308 0.690037887774892
1604559344.70577 622.831787109375 280.182495117188 21.9827079772949 0.102999875928078 -0.0631364094682923 0.713059676357768 0.690616186684621
1604559344.90571 622.865600585938 280.831817626953 22.0967254638672 0.100660115883976 -0.05840785322046 0.713044288566803 0.691392729419874
1604559345.10557 622.873229980469 281.457916259766 22.1921501159668 0.0980527627226901 -0.0608775915846017 0.710663231414916 0.694000969797749
1604559345.30574 622.896545410156 282.073760986328 22.2984809875488 0.0981702241609697 -0.0637007008696234 0.707028278663097 0.697435187646566
1604559345.50546 622.920593261719 282.657897949219 22.3635482788086 0.100904860737915 -0.067258550451061 0.702209918741669 0.70156662298851
1604559345.70572 622.962219238281 283.255676269531 22.4166698455811 0.102740787342034 -0.0708644801645692 0.696865524024335 0.70625844950247
1604559345.90582 623.007080078125 283.840728759766 22.4855804443359 0.102338140961833 -0.0742496934922479 0.690845259433155 0.711861443989994
1604559346.10564 623.067626953125 284.416229248047 22.557243347168 0.101105189779102 -0.0762399661282355 0.684585651871494 0.71784935287021
1604559346.30581 623.142578125 284.955596923828 22.6415786743164 0.100130203519095 -0.075058427824136 0.678232149410071 0.724114166594183
1604559346.50619 623.216857910156 285.516479492188 22.7403812408447 0.0963665411641147 -0.074461061063813 0.671618998263895 0.730819376659047
1604559346.70589 623.300659179688 286.050628662109 22.8286285400391 0.0908257199955084 -0.0797637135495688 0.663843533681922 0.738038075831307
1604559346.90589 623.404418945312 286.555084228516 22.9341297149658 0.0878699547471518 -0.0791560614538227 0.654728434211827 0.746554664055073
1604559347.10572 623.528076171875 287.061676025391 22.9936676025391 0.0892676996529089 -0.0800036535138418 0.645934928423662 0.753922251605186
1604559347.40565 623.7109375 287.795135498047 23.0901527404785 0.0872806876867159 -0.0781799981040545 0.633836143557584 0.764540196832995
1604559347.61557 623.845703125 288.289825439453 23.1631240844727 0.0845332547244446 -0.0786754369938766 0.625706661861475 0.771463205708273
1604559348.00541 624.111145019531 289.237396240234 23.2891101837158 0.0762041352550995 -0.0799375128757738 0.613881111346162 0.781634764412164
1604559348.40541 624.45166015625 290.137023925781 23.4163513183594 0.07876339436443 -0.0744845926845336 0.603249652039796 0.790150764395427
1604559348.60583 624.609069824219 290.611267089844 23.4384326934814 0.078706983070216 -0.0733774615981496 0.599087973843298 0.793419535013935
1604559348.80559 624.762268066406 291.092041015625 23.5123729705811 0.0745059100108079 -0.0747865161691039 0.594906746137877 0.796832359892841
1604559349.00574 624.928588867188 291.568511962891 23.5687866210938 0.0723060851849201 -0.0770560615811612 0.59099203761187 0.799726581337773
1604559349.2156 625.11181640625 292.059539794922 23.6324615478516 0.067682173658033 -0.0782330425933366 0.587573911620902 0.80253075504807
1604559349.40561 625.317810058594 292.566375732422 23.7278957366943 0.0669807584359474 -0.0771777228796515 0.584017761905948 0.805282826632249
1604559349.60557 625.555725097656 293.062194824219 23.7898178100586 0.0725902741981733 -0.0746893622301503 0.581100919523651 0.807139314239032
1604559349.80585 625.757080078125 293.613830566406 23.8207874298096 0.070908872193194 -0.0744615975910112 0.578232362653253 0.809366874234992
1604559350.00569 625.959228515625 294.154449462891 23.8931560516357 0.0643260117208921 -0.0739392535585418 0.575384810252393 0.811989822060663
1604559350.20591 626.178344726562 294.681762695312 23.9413299560547 0.0635565328396972 -0.0726286484594273 0.573128381397158 0.813762560574905
1604559350.40564 626.404052734375 295.232116699219 23.9916172027588 0.0616873080188517 -0.0726299649950835 0.571658837476198 0.814939100638546
1604559350.6055 626.652099609375 295.794769287109 24.0483112335205 0.059454201938865 -0.0696433645609744 0.570936138389343 0.815871880582672
1604559350.80584 626.893615722656 296.355194091797 24.1011581420898 0.0590971209214403 -0.0689275561574061 0.570574325812159 0.816211652100706
1604559351.00588 627.133483886719 296.939331054688 24.1191329956055 0.0567672139299071 -0.0666684532715987 0.571331102503579 0.81603527624304
1604559351.20591 627.385864257812 297.524444580078 24.1912403106689 0.0538027412585276 -0.059676488391536 0.571726483196235 0.816500343036295
1604559351.4059 627.626403808594 298.074340820312 24.233283996582 0.0559923623067138 -0.0543432141538097 0.572435829559816 0.816228455443028
1604559351.60622 627.840270996094 298.631805419922 24.2712745666504 0.0539251617649837 -0.0544053946664286 0.572772013020597 0.81612765610543
1604559351.80616 628.060302734375 299.163269042969 24.3308238983154 0.0505162969754115 -0.0548790233219329 0.572557329179692 0.816464635695717
1604559352.00625 628.283386230469 299.668884277344 24.3537445068359 0.0505361859601308 -0.0544974567334316 0.572018771540401 0.81686635756628
1604559352.20621 628.514282226562 300.154846191406 24.3962593078613 0.0558877432587773 -0.0538507244942163 0.570746892853211 0.817450086502714
1604559352.40618 628.725952148438 300.653472900391 24.3981819152832 0.0568418661850446 -0.0505651221074583 0.569971093764351 0.818135149561445
1604559352.60619 628.911865234375 301.150939941406 24.4271373748779 0.05138128828705 -0.0517772703740567 0.569493603470171 0.818752778983458
1604559352.80605 629.106079101562 301.639709472656 24.4680194854736 0.048183412273005 -0.0555288027807431 0.568511316343627 0.819383789217668
1604559353.00606 629.329528808594 302.124969482422 24.495246887207 0.0495245708206885 -0.0543007038655557 0.567492854480694 0.820091830564167
1604559353.20586 629.560180664062 302.618835449219 24.5471343994141 0.0516984525927952 -0.0545258956973131 0.566645665694357 0.820528418915345
1604559353.40569 629.791381835938 303.127746582031 24.5479202270508 0.0539544301912631 -0.0525882153947778 0.566622210580233 0.820525849404818
1604559353.60576 630.018493652344 303.669250488281 24.559326171875 0.0504166826662125 -0.0507814475752065 0.567029616895482 0.820583217141603
1604559353.80571 630.255065917969 304.236572265625 24.6122856140137 0.0454671824287214 -0.0526734873880303 0.567365265679869 0.820521111458071
1604559354.00585 630.509826660156 304.797393798828 24.6485195159912 0.0442587920505808 -0.0455186560108117 0.567872766755118 0.820664201765302
1604559354.20556 630.758850097656 305.399658203125 24.6350708007812 0.040580027038129 -0.034772507932283 0.570511436281542 0.819549165803771
1604559354.40589 631.025390625 306.002685546875 24.6490345001221 0.0360868500788483 -0.0237723938966998 0.572177897843003 0.818990272078838
1604559354.60586 631.280883789062 306.618804931641 24.6438541412354 0.0335450350833611 -0.0156792487727634 0.575063086035646 0.817270664381352
1604559354.81543 631.528137207031 307.247344970703 24.6252384185791 0.0303909785654135 -0.00854809212281822 0.578316445843013 0.815201451796059
1604559355.00571 631.783386230469 307.884155273438 24.6180477142334 0.0284002013800424 -0.00582634783463068 0.580879941993687 0.813472787019882
1604559355.20571 632.022277832031 308.520935058594 24.6246738433838 0.0245485613341151 -0.00951373361873582 0.583087953856516 0.8119823243621
1604559355.40577 632.28173828125 309.185516357422 24.5945777893066 0.0260234759324058 -0.0110198145229858 0.584452686928885 0.810935508613281
1604559355.60572 632.547607421875 309.872955322266 24.5713863372803 0.0266500921982161 -0.00995771337067692 0.585665184610925 0.810053645177222
1604559355.80571 632.799560546875 310.569458007812 24.5229606628418 0.026692710468206 -0.00997403953516936 0.586538745202801 0.809419741616879
1604559356.00568 633.049743652344 311.293914794922 24.4783973693848 0.0212234488150532 -0.0117599258471276 0.587841903813011 0.808611875677052
1604559356.20583 633.310913085938 312.013275146484 24.4689979553223 0.0204592220234017 -0.0116670620622338 0.588474532459911 0.808172645257882
1604559356.40564 633.585754394531 312.743103027344 24.4168968200684 0.0224684591993107 -0.0112813826350839 0.589348655657358 0.807487498864171
1604559356.6158 633.849060058594 313.510314941406 24.3669261932373 0.0184616812388034 -0.012358829663359 0.59070600441095 0.806580958123882
1604559356.80547 634.109924316406 314.272369384766 24.33620262146 0.0150351944272024 -0.0149390007817942 0.591570746797163 0.805974454134884
1604559357.00585 634.408142089844 315.03662109375 24.3172168731689 0.0147573373611683 -0.0123943870494952 0.592688202837425 0.805201399887643
1604559357.20553 634.694030761719 315.810638427734 24.2701530456543 0.0145515950802119 -0.0107692654643199 0.593517423987439 0.804617512502242
1604559357.40557 634.967895507812 316.606292724609 24.2331428527832 0.0146013622830166 -0.0123209108253312 0.594278359173277 0.804032478942382
1604559357.6059 635.2529296875 317.398284912109 24.2092247009277 0.0143862842303688 -0.0133070275563337 0.594634911117232 0.803756978398483
1604559357.80547 635.546325683594 318.192138671875 24.1775321960449 0.0159729164208827 -0.0127457862382996 0.594840117352408 0.803584249262237
1604559358.00565 635.845520019531 319.000946044922 24.1222801208496 0.0178236444405533 -0.0112787472693869 0.594714134560546 0.803660504014469
1604559358.20582 636.13330078125 319.817413330078 24.0957450866699 0.0162143012875896 -0.0109508461004337 0.594947569141679 0.803526331476354
1604559358.40561 636.411743164062 320.633087158203 24.0488338470459 0.0141426960366611 -0.0123950064180675 0.595465052846054 0.803161078989612
1604559358.60565 636.693969726562 321.423614501953 24.0146617889404 0.0118626969628019 -0.0122805363573879 0.594956240361939 0.803576715007304
1604559358.80572 636.968078613281 322.177093505859 23.9507064819336 0.0136689092652059 -0.0103812900336926 0.594383725094476 0.803998368828911
1604559359.00592 637.234313964844 322.893524169922 23.9099521636963 0.0128965602127416 -0.00690751747121031 0.593807204352095 0.804474343280514
1604559359.20544 637.463928222656 323.577606201172 23.8514652252197 0.0124871409265901 -0.00907548212471315 0.59302331714217 0.805037298677136
1604559359.40545 637.706237792969 324.226623535156 23.8554286956787 0.0115841632041121 -0.0119154079514236 0.591316988752521 0.806267975941537
1604559359.60545 637.930541992188 324.8251953125 23.8147869110107 0.0120696673591466 -0.0131464061871497 0.589661581028343 0.807453227743476
1604559359.80572 638.155151367188 325.39892578125 23.7968139648438 0.0142720977852167 -0.0166124732641312 0.58755282450834 0.808889369054341
1604559360.00557 638.384765625 325.961303710938 23.7773914337158 0.0151036512918708 -0.0147039156897703 0.585655512256952 0.810285934435548
1604559360.20588 638.599975585938 326.502899169922 23.7633628845215 0.0128232882675423 -0.01536815248328 0.584133758145087 0.811410583960152
1604559360.4055 638.802978515625 327.022674560547 23.7438831329346 0.0132766741977028 -0.015431481608292 0.582288281259837 0.812727480035643
1604559360.60547 639.0009765625 327.541809082031 23.7248954772949 0.0111099110160696 -0.0165694906202601 0.581188335157374 0.813524517721992
1604559360.8056 639.202758789062 328.042572021484 23.7129440307617 0.0112687817568692 -0.0170651814524022 0.579794208315713 0.814506273851386
1604559361.00551 639.411560058594 328.544250488281 23.6852550506592 0.0124379897955063 -0.0168285939979833 0.578629385092484 0.815322101712809
1604559361.20551 639.622924804688 329.061370849609 23.6674938201904 0.0118023774995216 -0.0172805726639444 0.577914659653924 0.815828861864334
1604559361.40613 639.840698242188 329.582977294922 23.6548595428467 0.011491508925303 -0.0181088623672972 0.577106103205202 0.816387506010282
1604559361.60586 640.050476074219 330.101318359375 23.63258934021 0.0107895537723715 -0.0194000305785918 0.576500623235433 0.816795112468298
1604559361.80568 640.266845703125 330.627624511719 23.6196002960205 0.00990366717987747 -0.0189420915157838 0.575543747465138 0.817491595858443
1604559362.00589 640.490966796875 331.141357421875 23.5911254882812 0.010947636917531 -0.0184797972545087 0.574611458376944 0.818144436051041
1604559362.20631 640.702087402344 331.658721923828 23.5671138763428 0.00803857661583494 -0.0181326413537614 0.574175099697541 0.81849223789285
1604559362.40605 640.910705566406 332.171966552734 23.5559825897217 0.00626483508353642 -0.0194515713417575 0.5731048941564 0.819227177593428
1604559362.60605 641.115600585938 332.654235839844 23.534854888916 0.00640381207017399 -0.0205780053063548 0.572272299145955 0.819780429455829
1604559362.80617 641.322143554688 333.127960205078 23.5247116088867 0.00641184608806965 -0.0214365781939015 0.571042024364587 0.820615846638776
1604559363.00634 641.54150390625 333.583984375 23.5083999633789 0.00867111288763467 -0.0203755565288799 0.569860940327266 0.821442729097259
1604559363.20543 641.737487792969 334.052093505859 23.4813041687012 0.00963575605806632 -0.0208994291447382 0.568688840390192 0.822230727279315
1604559363.60558 642.129699707031 334.962432861328 23.4532833099365 0.00722778852601576 -0.0210248909197374 0.566381233225781 0.823843438818614
1604559364.00581 642.530639648438 335.838653564453 23.4287643432617 0.00647981234224667 -0.0196247628625858 0.564105573426701 0.825443991281983
1604559364.40579 642.926940917969 336.694793701172 23.3769111633301 0.0066473004760722 -0.0215686078412317 0.561444723705191 0.827206401556331
1604559364.8059 643.356018066406 337.576019287109 23.3525276184082 0.00580668822181943 -0.0190642416445812 0.554548201346484 0.831912933813263
1604559365.20579 643.831787109375 338.458435058594 23.3161869049072 -0.000421793636256865 -0.0137226203920025 0.540990143634062 0.840916866444301
1604559365.40592 644.083740234375 338.890319824219 23.2595539093018 -0.00454327856534218 -0.003219800550361 0.531861104264501 0.846813295405096
1604559365.60576 644.34130859375 339.349334716797 23.2007179260254 -0.0149293953829318 -0.000321060173737737 0.523064076611236 0.852162532521056
1604559365.80597 644.624267578125 339.798767089844 23.1680755615234 -0.0241081946968251 0.00247777163343394 0.510439184539741 0.859572274147205
1604559366.00579 644.953063964844 340.220123291016 23.1345996856689 -0.0239658882665448 0.0115466102715637 0.495033313947153 0.868466654554642
1604559366.20567 645.282104492188 340.64892578125 23.0670146942139 -0.0335510658694471 0.0165540960259011 0.477568734141228 0.877797466420662
1604559366.40576 645.625244140625 341.058898925781 23.0095462799072 -0.0450000880564135 0.0132278622712481 0.457104517428564 0.888175363248186
1604559366.60567 645.992309570312 341.416900634766 22.9270095825195 -0.0471437539537988 0.0138262922324216 0.434064560427183 0.899541137184622
1604559366.80562 646.378479003906 341.765014648438 22.8292484283447 -0.0522447746961445 0.0129353016251741 0.410307115094175 0.910357749893914
1604559367.00627 646.830444335938 342.139221191406 22.7519302368164 -0.0574402431327629 0.0143162241137053 0.385400682741793 0.920848509765931
1604559367.2063 647.262451171875 342.469146728516 22.6900520324707 -0.0642077528334573 0.0106535432702657 0.361307356624754 0.930172489670975
1604559367.40638 647.735717773438 342.778930664062 22.6084575653076 -0.0681383504497104 0.0139332914282986 0.335583345232628 0.939439645209018
1604559367.60628 648.239196777344 343.070465087891 22.5650119781494 -0.0715239832383185 0.00896738017478239 0.309898887978301 0.94803300846771
1604559367.806 648.767150878906 343.330078125 22.4819927215576 -0.0764859621523338 0.010372011776485 0.283886550683774 0.955746172007092
1604559368.00615 649.305114746094 343.569610595703 22.4318809509277 -0.0837364919399414 0.00796998142286488 0.258355765916424 0.962380890048971
1604559368.20602 649.852355957031 343.760223388672 22.3274822235107 -0.0840978436805886 0.00896613577438314 0.231685805569285 0.969107243082654
1604559368.40599 650.394104003906 343.9423828125 22.2721424102783 -0.0916829766080829 0.00761197397255957 0.206318277474692 0.97415042885193
1604559368.60629 650.944519042969 344.073394775391 22.2011089324951 -0.0927666450907619 0.00724478003235449 0.180049351994316 0.979246696990761
1604559368.80603 651.476684570312 344.167083740234 22.1368236541748 -0.095735186148071 0.00726068722358816 0.154819496631856 0.983266484742002
1604559369.00611 652.009338378906 344.220764160156 22.1215286254883 -0.0972371161888225 0.00948913740493069 0.129632641677929 0.986737187764905
1604559369.20575 652.512878417969 344.253265380859 22.0730266571045 -0.0977109617607995 0.00693050415280829 0.104298176064232 0.98971027403662
1604559369.6057 653.4755859375 344.234802246094 22.008731842041 -0.099762536722306 0.00494486796543185 0.0556387729250552 0.993442153069281
1604559370.00596 654.314147949219 344.101379394531 21.9719104766846 -0.0933968657542886 0.00233370818224232 0.00634756199640194 0.995605990204005
1604559370.40594 655.0712890625 343.932983398438 21.9137840270996 -0.0927427731991082 0.00124922998509403 -0.0394570507410477 0.994907211045634
1604559370.80603 655.735168457031 343.672149658203 21.9056720733643 -0.0835637259916475 -0.00131782346434503 -0.0812211674349322 0.993186029402456
1604559371.20606 656.346557617188 343.421325683594 21.8619556427002 -0.0812019718112785 -0.00303130276235422 -0.118172372349301 0.989662741236054
1604559371.60604 656.887634277344 343.156677246094 21.8209495544434 -0.0795054891500933 -0.00269877858904682 -0.150694518847385 0.985374424154842
1604559372.00602 657.371459960938 342.876525878906 21.793571472168 -0.0757630741029212 -0.00286957334269903 -0.182103845144518 0.980351932590989
1604559372.40605 657.798278808594 342.575286865234 21.7937030792236 -0.0764029352471187 -0.00212804591538277 -0.215435605247441 0.973522245712894
1604559373.00635 658.350646972656 342.080749511719 21.7791271209717 -0.0727345123974889 -0.00169937958870892 -0.268154193501616 0.960624865034635
1604559373.60638 658.824523925781 341.563232421875 21.7632083892822 -0.0759760565765017 0.0001391244893795 -0.327142778161958 0.941915719248775
1604559374.11614 659.142333984375 341.075134277344 21.7468719482422 -0.0749598763081829 0.0012375340616172 -0.376823379200074 0.92324624361085
1604559374.5062 659.388427734375 340.635467529297 21.7662563323975 -0.0782181875169357 0.00420689235559601 -0.421721261068841 0.903335704575425
1604559375.0064 659.614685058594 340.012359619141 21.752233505249 -0.0772380321318013 0.00510769464799176 -0.482512643781136 0.872461888244483
1604559375.40561 659.757568359375 339.457000732422 21.7659339904785 -0.0786047070625833 0.0057497151214281 -0.532777201929501 0.842577411225698
1604559375.9056 659.838989257812 338.717926025391 21.7948932647705 -0.0822255589848022 0.00952586555256265 -0.59542740368862 0.799133544704351
1604559376.30617 659.820922851562 338.080291748047 21.8115215301514 -0.0854011878703943 0.0126598946859751 -0.646201881441104 0.758267428153711
1604559376.70591 659.710510253906 337.411743164062 21.8351058959961 -0.0878108547023761 0.0160868404616153 -0.696889774157526 0.711600386477602
1604559377.10595 659.491027832031 336.717834472656 21.8607730865479 -0.0875356011383181 0.0166691298377828 -0.744771262456673 0.661343651411653
1604559377.50558 659.207092285156 336.013519287109 21.9107093811035 -0.0869943929651804 0.0183641784425631 -0.784370289865252 0.613887596323179
1604559377.90607 658.844909667969 335.298950195312 21.9389667510986 -0.085937882998379 0.018955637447998 -0.814017844656602 0.574134402953975
1604559378.20601 658.547973632812 334.765045166016 21.9666500091553 -0.0856258422916526 0.0209534033068149 -0.829621689414113 0.55132297473929
1604559378.7061 658.019287109375 333.879760742188 22.0253143310547 -0.0849090088270437 0.021839709374697 -0.84555578979645 0.52663924431829
1604559379.10589 657.589965820312 333.18994140625 22.0549583435059 -0.0862005097426185 0.0203044007934437 -0.853170398166355 0.514059797223236
1604559379.40549 657.255187988281 332.658233642578 22.0985145568848 -0.0852011191798196 0.0196063672463879 -0.856905271730954 0.50800562490351
1604559379.80591 656.798767089844 331.925415039062 22.135425567627 -0.0859128031424623 0.0189147381443363 -0.857519788068693 0.506873787059224
1604559380.20633 656.363708496094 331.159881591797 22.185396194458 -0.0869369851133236 0.0196651006967886 -0.853211756254333 0.513891956955339
1604559380.50644 656.029235839844 330.557647705078 22.2369079589844 -0.0862060596970837 0.0191975908739777 -0.849026181966676 0.520916989654999
1604559381.00614 655.488647460938 329.5087890625 22.2956886291504 -0.087029692537777 0.0193389985264063 -0.840802338131402 0.533950619388669
1604559381.50617 654.996704101562 328.444702148438 22.3657474517822 -0.088718550928717 0.0212521663452288 -0.832176494193714 0.546954885395681
1604559381.90607 654.58203125 327.569274902344 22.4033718109131 -0.0884530493051499 0.0183512587612268 -0.825843082404735 0.556617007119568
1604559382.20603 654.284240722656 326.86376953125 22.4612789154053 -0.0905015130197956 0.0201822553828244 -0.821530736679676 0.562573907499573
1604559382.50639 653.991821289062 326.173187255859 22.4838275909424 -0.0884464198025254 0.0208972405552123 -0.818576742290397 0.567161928502376
1604559382.70603 653.7890625 325.695831298828 22.4984855651855 -0.0884769964268391 0.0235959774584163 -0.817497197807948 0.568606526982605
1604559382.9062 653.580932617188 325.218353271484 22.5635089874268 -0.0868769486001968 0.0228534397396253 -0.817555294089201 0.568800015120171
1604559383.20639 653.268676757812 324.514923095703 22.5825748443604 -0.0855782026471575 0.0208794674648906 -0.817307217906899 0.56942895134279
1604559383.40639 653.064880371094 324.020172119141 22.6048889160156 -0.0856183055164727 0.023886695077048 -0.817196723774674 0.56946329663177
1604559383.60629 652.852783203125 323.537872314453 22.6417369842529 -0.0853594873056576 0.0221949555202378 -0.817217103315788 0.569541348739951
1604559383.90623 652.543212890625 322.827362060547 22.6887531280518 -0.0858850855223721 0.0205480079274825 -0.816972692063225 0.569874680853602
1604559384.20644 652.242004394531 322.123870849609 22.7104377746582 -0.0854996031719564 0.0210721509133315 -0.816770303130778 0.570203520014548
1604559384.4063 652.047546386719 321.660766601562 22.7330703735352 -0.0864936037492304 0.0222716601085042 -0.816410214181813 0.570523611996987
1604559384.70624 651.766845703125 320.988403320312 22.7728977203369 -0.0853838967837163 0.0223133967356462 -0.816270734164941 0.570888597750887
1604559385.00619 651.483642578125 320.3212890625 22.8108196258545 -0.0840985653701209 0.0234546935065176 -0.816466827692987 0.570753211057242
1604559385.40635 651.116516113281 319.470916748047 22.8695468902588 -0.0824540651497785 0.0237957432709405 -0.817364363188166 0.569693415384506
1604559385.70691 650.8505859375 318.847503662109 22.8603687286377 -0.0841913478550481 0.0258711980833173 -0.81909218946686 0.566860197236028
1604559386.00608 650.565612792969 318.252502441406 22.9096145629883 -0.0841057506433831 0.026772301692942 -0.822972534515676 0.561182389249359
1604559386.50621 650.061584472656 317.271514892578 22.9292011260986 -0.0834385357518401 0.0283379206028615 -0.833164253663662 0.54595997969134
1604559386.9063 649.595764160156 316.514251708984 22.9838008880615 -0.0833679276475323 0.0283517282961033 -0.847828669335702 0.522907750559152
1604559387.20638 649.221801757812 315.970245361328 23.0227890014648 -0.0833324187952951 0.0334478591158015 -0.861752619140864 0.499318908216138
1604559387.71603 648.525939941406 315.193420410156 23.0924491882324 -0.0823879800367441 0.0284151577896079 -0.886855874063883 0.453752639872919
1604559388.20636 647.762939453125 314.498443603516 23.1602363586426 -0.084357632897775 0.0276053689049536 -0.909175495069293 0.406843523415345
1604559388.70596 646.988708496094 313.943664550781 23.2276496887207 -0.0810966651385804 0.0254925145251815 -0.929759654499773 0.358218435414829
1604559389.10605 646.429077148438 313.631927490234 23.269510269165 -0.0820153233195445 0.0247179234016515 -0.943035674118397 0.321475081994798
1604559389.60645 645.812133789062 313.346893310547 23.3200359344482 -0.0822450366256895 0.0264321893282846 -0.955766955478853 0.281152307713163
1604559390.20599 645.198852539062 313.114990234375 23.3811702728271 -0.0828531349980413 0.0247260440061319 -0.966708716371515 0.240828234350006
1604559390.90561 644.596496582031 312.94970703125 23.4215679168701 -0.0838796345126201 0.023004153144198 -0.975531775455049 0.201922685525097
1604559391.80575 643.942077636719 312.824798583984 23.4805564880371 -0.0864431131752285 0.0244612591221528 -0.983114687464745 0.159420030980521
1604559400.10581 643.371520996094 312.777313232422 23.4825305938721 -0.0846180124489639 0.0236172244070017 -0.988707077887074 0.121409772327024
1604559401.20638 642.86328125 312.752655029297 23.5486240386963 -0.0859312189980107 0.0256252218565619 -0.991986806670923 0.0890019606365147
1604559401.90653 642.2109375 312.768676757812 23.6106243133545 -0.0834751084167132 0.026429390106995 -0.994910912440395 0.0498564932622693
1604559402.50605 641.550170898438 312.794921875 23.6792659759521 -0.0827396427492083 0.0287890274812836 -0.995986694181639 0.0183261678358221
1604559403.00603 640.913757324219 312.862365722656 23.7318382263184 -0.0820814724947088 0.0263493609816243 -0.996274702120653 -0.00224965849936169
1604559403.80609 242.161422729492 -673.774475097656 66.4921417236328 0.0156779745476018 -0.0481106905123396 0.632750219420704 0.772700926876344
1604559404.50648 242.383438110352 -672.56396484375 66.5646820068359 0.012365723117249 -0.0509648343356151 0.644451589323878 0.762844560556643
1604559404.80627 242.478240966797 -672.016235351562 66.5992202758789 0.0150020291839656 -0.0480330975795753 0.655702275017537 0.753340751051011
1604559405.10649 242.596603393555 -671.470031738281 66.5810241699219 0.0153706412592707 -0.046510041031051 0.672115711533531 0.738824085814982
1604559405.40611 242.601455688477 -670.930786132812 66.5915451049805 0.0199496167738646 -0.045410364777439 0.691514801870709 0.720657470893815
1604559405.70588 242.576095581055 -670.410278320312 66.6039657592773 0.0194982248081077 -0.0477050114905649 0.713109323016131 0.699156023027402
1604559406.20629 242.485443115234 -669.567932128906 66.5911102294922 0.0207350213826585 -0.04844322671951 0.750427805797649 0.658848556922597
1604559406.70609 242.270126342773 -668.789306640625 66.6389465332031 0.0259134345181137 -0.0501794953157223 0.788396714536801 0.612569288055574
1604559407.40622 241.87956237793 -667.774780273438 66.6264114379883 0.0335637894348196 -0.0478370102317085 0.836273779431006 0.545189194983766
1604559407.706 241.614059448242 -667.32470703125 66.6370315551758 0.035794133361163 -0.048401709550031 0.855960116989294 0.513525396307945
1604559408.2058 241.129898071289 -666.607116699219 66.6411819458008 0.0389777390043697 -0.0498204858431858 0.885535063147596 0.460245920121666
1604559408.50596 240.767562866211 -666.168212890625 66.6737823486328 0.0416267015252425 -0.0482598352182293 0.901600632809454 0.427848693982382
1604559409.20574 239.759811401367 -665.138671875 66.6785659790039 0.0427527501021671 -0.0486914786944519 0.931641966852567 0.357553615364648
1604559409.60607 239.026611328125 -664.564758300781 66.6966094970703 0.0403713485082935 -0.0473957144732022 0.94524978732124 0.320353929331835
1604559409.80612 238.614059448242 -664.248352050781 66.7103576660156 0.0345543945004892 -0.0458718781763407 0.950913172886297 0.304082064983444
1604559410.50576 237.016326904297 -663.156372070312 66.6847763061523 0.00709494178911104 -0.0311974056555261 0.964738392346985 0.261258909921037
1604559410.80601 236.246276855469 -662.715698242188 66.6498641967773 -0.00173602968479044 -0.0337160106417385 0.968549572203884 0.246519660495898
1604559411.50567 234.409637451172 -661.616149902344 66.5118713378906 -0.000467008036213391 -0.0293320658860211 0.971511194900308 0.235171022870013
1604559411.80568 233.556274414062 -661.129272460938 66.4405288696289 -0.0026980213303023 -0.0321643563746209 0.971459199174094 0.235000423829269
1604559412.10588 232.633346557617 -660.620544433594 66.3926010131836 -0.00901069853392138 -0.0366640971723031 0.970789420465613 0.236943985790968
1604559412.70575 230.915435791016 -659.515014648438 66.213623046875 -0.0102007977367077 -0.0298589022749817 0.969630604164375 0.242530165439885
1604559413.4062 228.808578491211 -658.179992675781 66.0015411376953 -0.0180393589466484 -0.0205251605879738 0.968499036072969 0.247513467183833
1604559413.80587 227.544525146484 -657.411376953125 65.868408203125 -0.0232773294985597 -0.0235552746171362 0.967775984741605 0.249625636356814
1604559414.10612 226.61262512207 -656.839294433594 65.7342071533203 -0.0294463379303586 -0.0312549579147314 0.967297530303169 0.249983056741112
1604559414.30589 225.976867675781 -656.458740234375 65.6777648925781 -0.0316144737884228 -0.0319672706112736 0.967190376718343 0.25004278401941
1604559414.60587 225.03955078125 -655.845520019531 65.5673751831055 -0.0310745858788895 -0.0242848422987791 0.966918486527688 0.25201836631084
1604559414.9059 224.092407226562 -655.28662109375 65.4318771362305 -0.0352306199386949 -0.0348451419777331 0.967110145805445 0.249484639566162
1604559415.6072 221.957260131836 -653.946899414062 65.1093826293945 -0.0398141346911797 -0.0278084371766032 0.969826174379142 0.238911525443428
1604559415.90613 220.965362548828 -653.441711425781 64.9983596801758 -0.0404779269025795 -0.0308199361173776 0.973652072736244 0.222291048465308
1604559416.30617 219.70979309082 -652.838623046875 64.7756729125977 -0.0387421594072925 -0.0312434428045152 0.980525221137117 0.189982059890371
1604559416.60618 218.697891235352 -652.478759765625 64.6299591064453 -0.0414526763694466 -0.0410421612695705 0.984749320958031 0.163908485115414
1604559416.80628 217.995574951172 -652.264770507812 64.5137405395508 -0.0420366866177057 -0.0451660522751866 0.98726882538929 0.146605631251095
1604559417.1061 216.955062866211 -651.980163574219 64.4429473876953 -0.0397858866913825 -0.0435226173904138 0.990127461334775 0.127163183769604
1604559417.40616 215.968826293945 -651.716064453125 64.2928771972656 -0.0338407690300201 -0.0483342146250921 0.992480124268383 0.107246487029864
1604559417.60595 215.267425537109 -651.570617675781 64.2194366455078 -0.0301489527959416 -0.0492679759310299 0.993708775769587 0.0959509049018044
1604559417.90605 214.18782043457 -651.340209960938 64.0798263549805 -0.0285068338837284 -0.0460100684866213 0.995325441268356 0.0799856236065819
1604559418.20636 213.058776855469 -651.10986328125 63.9577522277832 -0.037428892353935 -0.0394947607338006 0.99603276947097 0.0704128115595966
1604559418.50655 211.924987792969 -650.929565429688 63.8383750915527 -0.0313355266437845 -0.0466630956455146 0.996564751371604 0.0608221719308545
1604559418.70624 211.1796875 -650.80712890625 63.7553253173828 -0.0325782310766822 -0.0446300293136726 0.996857646897174 0.0567595909605122
1604559419.0161 209.990188598633 -650.595275878906 63.6282348632812 -0.0267853527225141 -0.0308642561665551 0.997882602894806 0.0505989467351187
1604559419.3062 208.804977416992 -650.452941894531 63.487678527832 -0.0299987588173889 -0.0453049897945479 0.997348799279005 0.0484035633591052
1604559419.6061 207.57389831543 -650.2509765625 63.3302993774414 -0.0285458841744566 -0.0340345624550203 0.99783883067217 0.0484195111291976
1604559419.90611 206.3095703125 -650.065368652344 63.1656036376953 -0.0313917949696801 -0.0455532631121884 0.997363110631022 0.0469710653575663
1604559420.20637 205.054824829102 -649.870971679688 63.0628509521484 -0.0341803495567956 -0.0350873699025066 0.997609069911182 0.0487516544175348
1604559420.40702 204.198303222656 -649.748474121094 62.9243545532227 -0.0318574561871048 -0.0426414992954559 0.997433492862249 0.0478877055175507
1604559420.70642 202.911865234375 -649.564086914062 62.801700592041 -0.0310345360065563 -0.0412481940373373 0.997496122582843 0.0483417986395888
1604559421.00615 201.618850708008 -649.347595214844 62.6597785949707 -0.0292455431684213 -0.0400301550576968 0.997488099946982 0.0505942225456676
1604559421.40623 199.890228271484 -649.08251953125 62.446647644043 -0.0330702966996113 -0.0468758604498205 0.997004933124245 0.0518668729461083
1604559421.70589 198.587890625 -648.865295410156 62.3453063964844 -0.0337666243896038 -0.0405189398382955 0.997115650154031 0.0545748184570061
1604559422.10594 196.86198425293 -648.57666015625 62.1282157897949 -0.0328338523945604 -0.0464143290189787 0.996808549279628 0.0560389532530105
1604559422.40596 195.593643188477 -648.377380371094 61.9552383422852 -0.0343936555049405 -0.0485388774962243 0.996590573091283 0.0571689028931056
1604559422.70613 194.332855224609 -648.153381347656 61.8251533508301 -0.0364475609587908 -0.0508603501893369 0.996340377766187 0.0582293028595157
1604559423.00596 193.110977172852 -647.942260742188 61.681812286377 -0.035111398083238 -0.0488297876208118 0.996354236715639 0.0605068305593872
1604559423.40575 191.535461425781 -647.6474609375 61.5511627197266 -0.0285365974470716 -0.0462332929139122 0.996613427304232 0.0617237535264447
1604559423.70588 190.368499755859 -647.444396972656 61.3430023193359 -0.0331984166831982 -0.0474376661600701 0.996656977235196 0.0576402870171334
1604559424.10624 188.831344604492 -647.205688476562 61.2407455444336 -0.0349459039125181 -0.0472538230408871 0.997003144267053 0.050304973207107
1604559424.40632 187.77229309082 -647.056701660156 61.092399597168 -0.0331436351922121 -0.0410871028326198 0.997794148901883 0.0402515321973616
1604559424.80633 186.307968139648 -646.959228515625 60.8663101196289 -0.041993591993086 -0.0383798257306833 0.998304408538418 0.0123221386601828
1604559425.2059 184.871307373047 -646.974182128906 60.7542724609375 0.0374866712623472 0.0355616139786056 -0.998422407252855 0.0219731150345147
1604559425.60592 183.587249755859 -647.132263183594 60.5480117797852 0.0136121048316841 0.0384532730329275 -0.996722466153029 0.0698597298944811
1604559426.00611 182.357620239258 -647.459533691406 60.4815788269043 -0.0109594842604266 0.0445623602962555 -0.99088599981715 0.126645256981615
1604559426.40595 181.128997802734 -647.922180175781 60.4252128601074 -0.0208461629924019 0.0413967443167812 -0.981328869450933 0.186669218219338
1604559426.80604 179.985229492188 -648.543212890625 60.3810501098633 -0.0288645584172588 0.0522343971431691 -0.96833243872674 0.242426675784638
1604559427.20617 178.849487304688 -649.268493652344 60.2965431213379 -0.0306002957877515 0.0472891917381999 -0.955781827951396 0.288632034951663
1604559427.50575 178.051239013672 -649.840148925781 60.2445030212402 -0.0376281349684029 0.0531184553109026 -0.94638525215293 0.316413507410189
1604559427.80613 177.24235534668 -650.467102050781 60.2201957702637 -0.0368939804728725 0.0493017636649589 -0.938595839858666 0.339479041627606
1604559428.20613 176.169006347656 -651.35205078125 60.1872024536133 -0.0367297508148271 0.0470062341574491 -0.93086710418555 0.360454953774565
1604559428.50625 175.359283447266 -652.029418945312 60.1496658325195 -0.037203692376181 0.0419900965741718 -0.92713392219212 0.370506959966916
1604559428.80617 174.551239013672 -652.757141113281 60.0909538269043 -0.0424324473977765 0.0397170042300093 -0.924720850168824 0.376182663404199
1604559429.20599 173.355926513672 -653.820556640625 60.0685386657715 -0.0482065976406213 0.0394750217737262 -0.923449845629046 0.378626767684973
1604559429.70586 171.802139282227 -655.199462890625 60.0745429992676 -0.0524061471194523 0.0377089459338847 -0.924514607533151 0.375638618353429
1604559430.30606 169.821701049805 -656.919311523438 60.0975723266602 -0.0556582337892751 0.0401098615671268 -0.925184471565918 0.373265392971031
1604559430.80594 168.118423461914 -658.371276855469 60.1003570556641 -0.0537793040981537 0.041795386288816 -0.927314426079149 0.36803381274169
1604559431.3058 166.408752441406 -659.771179199219 60.1173210144043 -0.0557063950872904 0.0452677456841196 -0.931714124068503 0.356028678280722
1604559431.70622 165.015838623047 -660.791320800781 60.1669616699219 -0.0538720098621549 0.0438486220328393 -0.939220273459682 0.336214786738407
1604559432.10593 163.629333496094 -661.706481933594 60.1763801574707 -0.0542309094952074 0.0463826748510646 -0.947891716444206 0.3104979063141
1604559432.40611 162.544525146484 -662.31298828125 60.2084922790527 -0.0513881655206153 0.0444226452425972 -0.955712253093374 0.286356376428505
1604559432.8159 161.051422119141 -663.02734375 60.2157974243164 -0.0501587652097903 0.0451422925047846 -0.966634632203875 0.247110824376678
1604559433.30603 159.060363769531 -663.70947265625 60.2513046264648 -0.0464666129804734 0.0478306987095385 -0.9815920602138 0.178969565748781
1604559433.80596 157.062088012695 -664.031921386719 60.3290481567383 -0.0494029103382068 0.0509911396937738 -0.992250370962329 0.101972827007812
1604559434.20658 155.447296142578 -664.072448730469 60.342658996582 -0.0444272056120275 0.0546943920180499 -0.996451273677054 0.0460391797348662
1604559434.70667 153.519607543945 -663.90283203125 60.3593711853027 0.04159714684908 -0.0509817121445628 0.997676700499908 0.0176562646231164
1604559435.20666 151.633926391602 -663.500122070312 60.4545021057129 0.0391400887128461 -0.0537023865949771 0.994458292796844 0.08146662517338
1604559435.60617 150.16764831543 -662.984497070312 60.4933242797852 0.037726717716045 -0.0527841393464705 0.988553190777551 0.136209832271199
1604559436.10602 148.449462890625 -662.130859375 60.5544929504395 0.0335625970312118 -0.0555162286977515 0.977008791852422 0.203089441071591
1604559436.50587 147.154388427734 -661.299377441406 60.5706939697266 0.0319160192108515 -0.0575098480684021 0.965201659315394 0.253100260663027
1604559437.10635 145.399307250977 -659.644104003906 60.4557342529297 0.0220143725466333 -0.0527414363101855 0.949800631407433 0.307591399222016
1604559437.60577 143.865921020508 -658.279235839844 60.4622611999512 0.000568074071088597 -0.0482067658340197 0.94241779271866 0.330944842816689
1604559437.90585 142.919357299805 -657.405090332031 60.4100608825684 -0.011077618528568 -0.0445856436090654 0.940188179768526 0.33754346886771
1604559438.30667 141.62287902832 -656.143798828125 60.2890434265137 -0.0138906496865857 -0.0388901055995632 0.935227244710646 0.351631355667654
1604559438.70632 140.279571533203 -654.758056640625 60.1931037902832 -0.0232504889506397 -0.0397911823806868 0.929421609320012 0.366130507739113
1604559439.10649 138.960968017578 -653.297058105469 60.0973663330078 -0.019972912270847 -0.0351434246211422 0.924304713391992 0.379508655082683
1604559439.50664 137.616668701172 -651.775329589844 59.9172325134277 -0.0215105091572135 -0.0354633945423354 0.922627024026375 0.383456673145177
1604559439.80619 136.578735351562 -650.609619140625 59.8043975830078 -0.0238252287981863 -0.0401393597410199 0.921661201480823 0.385177647270998
1604559440.31671 134.898162841797 -648.696838378906 59.604175567627 -0.0226630193556078 -0.0385795715717205 0.920297700900899 0.388651702591856
1604559440.70671 133.603591918945 -647.1806640625 59.4637870788574 -0.0265409701294463 -0.0333776861492932 0.919273457163747 0.391302719037473
1604559441.10627 132.305023193359 -645.671508789062 59.3018531799316 -0.0230501099867882 -0.0367357511621339 0.918914835187159 0.392064666463463
1604559441.51595 131.017288208008 -644.153564453125 59.213695526123 -0.0229599719594142 -0.0355748747249075 0.91867173538692 0.392746114655657
1604559441.9059 129.683349609375 -642.635803222656 59.0533027648926 -0.0278445377329961 -0.0433525638157558 0.918168903066674 0.392824518545338
1604559442.2059 128.720764160156 -641.502075195312 58.9167213439941 -0.0286513008227848 -0.0349160957035857 0.919005721271329 0.391648379918193
1604559442.70622 127.041244506836 -639.617004394531 58.7454681396484 -0.025451666729527 -0.0319480828325813 0.921910488366592 0.385243538691673
1604559443.21667 125.370758056641 -637.750793457031 58.5657424926758 -0.0230379080552943 -0.0375970777548608 0.923816894898274 0.380286811810825
1604559443.5065 124.347290039062 -636.658935546875 58.4234619140625 -0.0210010129056418 -0.039427420326671 0.924438826608196 0.378704755505636
1604559444.00651 122.622314453125 -634.790893554688 58.2478446960449 -0.0266308363552851 -0.044439437466956 0.925516617327621 0.375146539372384
1604559444.40654 121.219436645508 -633.268615722656 58.100414276123 -0.0313193598935258 -0.0381287429766638 0.92506098888161 0.376599871885609
1604559444.90678 119.54182434082 -631.402221679688 57.8940391540527 -0.0218922203198302 -0.0405571522653788 0.924181167330089 0.379163576892594
1604559445.20615 118.513938903809 -630.277770996094 57.7769317626953 -0.0233617811600032 -0.0434585397187603 0.924201270365796 0.378705154917112
1604559445.70592 116.780792236328 -628.410827636719 57.6267356872559 -0.0244901311411784 -0.0472412097419758 0.924733189860868 0.37687800300435
1604559446.2066 115.0703125 -626.531433105469 57.4404106140137 -0.0226169809635289 -0.0505643473754296 0.924289149589551 0.37765233601504
1604559446.60668 113.70516204834 -625.088745117188 57.3428535461426 -0.0130422429740864 -0.0638320937021278 0.923309381171221 0.378490621222012
1604559447.10585 112.06485748291 -623.246643066406 57.3146438598633 0.00339192146004762 -0.0600210207909584 0.921985035948134 0.382530476458723
1604559447.70613 110.209251403809 -621.101623535156 57.316234588623 0.00597158147967617 -0.0594292302570357 0.918110617232311 0.391797653554731
1604559448.20631 108.769172668457 -619.392883300781 57.34814453125 0.00942700579299845 -0.0590659533912479 0.917093696510293 0.394159227385138
1604559448.80637 106.970771789551 -617.333068847656 57.3276901245117 0.0127993677523124 -0.0571526264392148 0.91953684734729 0.388615156481123
1604559449.30662 105.375778198242 -615.5126953125 57.283031463623 -0.0182395973040729 -0.0480584285206975 0.919267250337075 0.390263279077112
1604559449.70669 104.148590087891 -614.069580078125 57.199821472168 -0.0133322461641466 -0.0459066538919942 0.918181388226107 0.393265519281616
1604559450.10603 102.872383117676 -612.605346679688 57.0939254760742 -0.0131981174173141 -0.0541457476010851 0.917822512885982 0.393059642488287
1604559450.50583 101.616279602051 -611.112548828125 57.0416603088379 -0.0152483355328499 -0.047025380598109 0.917341638313346 0.395019519086927
1604559450.80611 100.657928466797 -610.007690429688 56.9348793029785 -0.0160738254989042 -0.0554804861989541 0.917306325688062 0.393970370253431
1604559451.40665 99.1778945922852 -607.067260742188 56.7143669128418 -0.0075760140790653 -0.0559893844935256 0.918040516758912 0.392440317021251
1604559451.80644 97.9240417480469 -605.638671875 56.6726379394531 0.00107212639032299 -0.0633270984351511 0.919472117828018 0.388020042891661
1604559452.20666 96.6730422973633 -604.233459472656 56.639518737793 0.0034277291901235 -0.0666327056632296 0.920542979460159 0.384901229116264
1604559452.50648 95.7263488769531 -603.207275390625 56.7301445007324 0.00382800378730345 -0.0691689174417982 0.920941512561994 0.383494116887027
1604559452.8064 94.8466033935547 -602.18798828125 56.6513061523438 0.00381019796597461 -0.0635645736474209 0.921363539602609 0.383450459980731
1604559453.21651 93.6671295166016 -600.874389648438 56.6717720031738 0.00213211419451593 -0.0657165861719852 0.920528602543332 0.385102423116996
1604559453.50674 92.8298492431641 -599.90185546875 56.6682434082031 0.00577081791081343 -0.0639416002758634 0.920517788485293 0.38538963465167
1604559453.90675 91.7180404663086 -598.663452148438 56.6580810546875 0.00877543359716665 -0.0661522663314015 0.920781165860639 0.384329174043193
1604559454.10584 91.1681823730469 -598.048461914062 56.6351013183594 0.0110711483204992 -0.0651900019654842 0.921278210985834 0.38324163563129
1604559454.50643 90.0748977661133 -596.852355957031 56.6477584838867 0.0084278102044781 -0.0678657759571543 0.922106828380497 0.380844069827734
1604559454.80665 89.2630615234375 -595.964416503906 56.7210464477539 0.0108786755930815 -0.0645669382181634 0.922646538219656 0.380047537049983
1604559455.20666 88.2147445678711 -594.85302734375 56.6947860717773 0.00974616091528501 -0.0681483481498334 0.923087881435696 0.37837756029979
1604559455.50671 87.4477005004883 -593.983337402344 56.7152976989746 0.0122729105029807 -0.0646311311259935 0.92375269766005 0.377297158911834
1604559455.80691 86.6572113037109 -593.125122070312 56.6690521240234 0.00420793222960052 -0.066258084871029 0.924178580691311 0.376146395020567
1604559456.20662 85.6180572509766 -591.986083984375 56.6601943969727 -0.00522806072034838 -0.0599392991570822 0.924295867790645 0.37690462531362
1604559456.50663 84.8159484863281 -591.109924316406 56.6189918518066 -0.0177814556388794 -0.0527632791641949 0.924466215866954 0.377176446676935
1604559456.80665 84.0157699584961 -590.225830078125 56.5326881408691 -0.0277323835204692 -0.0495878172480088 0.924017119127513 0.378106237510231
1604559457.10662 83.197639465332 -589.312744140625 56.497127532959 -0.0271325554248834 -0.0439779656745686 0.923260148251753 0.380684201959306
1604559457.506 82.0912322998047 -588.067749023438 56.3472137451172 -0.0288118683413824 -0.0489250496974669 0.921697278000556 0.383732124640544
1604559457.80586 81.2611999511719 -587.109924316406 56.226432800293 -0.02546732215024 -0.0444362175630595 0.920895685478334 0.386429779570072
1604559458.20661 80.1182556152344 -585.802917480469 56.12353515625 -0.0307639575527492 -0.045548108873189 0.920612327307807 0.386590082002464
1604559458.50641 79.2929382324219 -584.852905273438 55.9693069458008 -0.0280918555783446 -0.0439669589182869 0.920700157792139 0.386767337833966
1604559459.00665 78.4279174804688 -582.451049804688 55.7652015686035 -0.0272318789493851 -0.0463095010363213 0.919819028058582 0.388647411549362
1604559459.50667 76.9785308837891 -580.799621582031 55.5945320129395 -0.0318664766652725 -0.0474690237139436 0.919452550150795 0.3890221426523
1604559459.91641 75.8285293579102 -579.450073242188 55.4513320922852 -0.0296241779277869 -0.0495580259173265 0.918965952921289 0.390087153749964
1604559460.3069 74.6572036743164 -578.105163574219 55.331356048584 -0.0316470634205122 -0.0502896391271197 0.918382621562118 0.391206819963575
1604559460.60654 73.817756652832 -577.092224121094 55.2355690002441 -0.0260364201892996 -0.0413223589438216 0.918539809660565 0.392299866866887
1604559460.90675 72.9301834106445 -576.084228515625 55.0849227905273 -0.0327980507662687 -0.052305048054649 0.917997695898518 0.391750813833163
1604559461.60654 71.4132308959961 -573.120910644531 54.7225494384766 -0.0360848731361286 -0.0433276177235799 0.91618950243819 0.396758610612562
1604559461.90653 70.5927810668945 -572.139099121094 54.5879592895508 -0.0326701387815956 -0.0452275273802763 0.916054797445725 0.397153296443237
1604559462.40644 69.5835952758789 -570.085205078125 54.2065277099609 -0.0325769648534709 -0.0435156604628645 0.91550415649745 0.398619201859755
1604559462.70673 68.7268829345703 -569.078491210938 54.1989250183105 -0.0338088733749386 -0.0439979152112845 0.915564044533127 0.398326027138977
1604559463.3069 67.4136810302734 -566.880676269531 53.744758605957 -0.031419765018521 -0.046122788265269 0.917010160373322 0.394940315162826
1604559463.60682 66.5950698852539 -565.901245117188 53.6899185180664 -0.0305234738208415 -0.0406125897570028 0.918429358634048 0.392309123394026
1604559464.00698 65.5015563964844 -564.669372558594 53.5427055358887 -0.0349241120548137 -0.0415553320451162 0.919928421882058 0.388310648050486
1604559464.40772 64.4171524047852 -563.482238769531 53.4169311523438 -0.0350311583271673 -0.0406926467153729 0.923299908626036 0.380308039858098
1604559465.00643 62.9927864074707 -561.509826660156 53.0958404541016 -0.0352027705121723 -0.0408146659970209 0.930933259820076 0.361189969058646
1604559465.60663 61.2762603759766 -560.025634765625 52.865966796875 -0.0333926469944277 -0.0389592415256351 0.945930974590631 0.320283780320628
1604559466.20681 59.4653968811035 -558.810180664062 52.6054306030273 -0.0355559974330952 -0.043586222870213 0.962160985623216 0.266612546529618
1604559467.20648 56.3842086791992 -557.158020019531 52.0961952209473 -0.0350546345009271 -0.0489482466645851 0.986618599811378 0.151522210433671
1604559467.70653 54.6285285949707 -556.793090820312 51.8967323303223 -0.0329947592957868 -0.0522029311817012 0.994366206407114 0.0861513052169079
1604559468.10661 53.2119903564453 -556.65673828125 51.746223449707 -0.0350388162715104 -0.0484165726808765 0.997686367081682 0.0324041630579233
1604559468.40668 52.1714019775391 -556.675659179688 51.5930213928223 0.0374975223264995 0.0455305838801406 -0.998187878148912 0.0119105695698827
1604559468.90658 50.6166915893555 -556.760620117188 51.202220916748 0.0322145072863408 0.0428677078200868 -0.994227014109613 0.0929366965263655
1604559469.30636 49.2775650024414 -557.188781738281 51.0382194519043 0.0343064266705419 0.0397169835087344 -0.985293349328098 0.162611949376066
1604559469.70602 48.0520706176758 -557.794372558594 50.7965812683105 0.0334164842649719 0.0442471127095794 -0.971782942703158 0.229267188815636
1604559470.20639 46.5405426025391 -558.763977050781 50.587574005127 0.0320368787797916 0.0431091299697058 -0.952541731057494 0.299632261122358
1604559470.606 45.3895492553711 -559.684509277344 50.3751487731934 0.0284940002087969 0.0499353503417282 -0.937732956675526 0.342565985910636
1604559471.00606 44.2478103637695 -560.672241210938 50.1210670471191 0.0248853763361806 0.0508357345839497 -0.92834364017695 0.367388802057068
1604559471.70643 42.1791305541992 -562.59033203125 49.6966247558594 0.0271811629621993 0.0494910015256895 -0.918184684858311 0.392108033123081
1604559472.30633 40.3457717895508 -564.450256347656 49.3458442687988 0.0257096199884614 0.046984195808716 -0.909759944750312 0.411665329742701
1604559472.90622 38.4167289733887 -566.462219238281 48.9535980224609 0.0241730301902246 0.0481208984541915 -0.907506776409971 0.416571115793409
1604559473.50611 36.4074935913086 -568.603149414062 48.5114288330078 0.0261725956229756 0.0534145385310372 -0.906283850392406 0.41846321801299
1604559474.20607 33.9243049621582 -571.186340332031 47.9890098571777 0.0230458707028459 0.0590924514491656 -0.9066797830078 0.417023669724159
1604559474.90707 31.3522644042969 -573.807800292969 47.3649864196777 0.0257159443266125 0.0609084024569249 -0.910506138632093 0.408175732045417
1604559475.80657 27.8933067321777 -577.239135742188 46.6633377075195 0.0327662097902631 0.0527259545462683 -0.912423914693232 0.404510752773079
1604559476.90658 23.5695247650146 -581.467712402344 45.7782287597656 0.0272913582897626 0.0658886225363135 -0.914754985182226 0.397664668115277
1604559478.0069 19.2330455780029 -585.52734375 44.8393058776855 0.037313700821962 0.0532385312605929 -0.915834460657082 0.396258232965746
1604559479.2063 14.7410335540771 -589.830505371094 43.8746299743652 0.0342251600351705 0.060423451090664 -0.915696555907508 0.395825040236199
1604559480.20632 11.0711555480957 -593.309936523438 43.0777740478516 0.0349713641224401 0.0577012948028478 -0.916404875696274 0.394524610220437
1604559481.00594 8.1827917098999 -595.977600097656 42.4590873718262 0.0372058138054831 0.0525661555201636 -0.917749923271452 0.391902545345327
1604559481.70683 5.6781907081604 -598.315673828125 41.9199905395508 0.0354025657505204 0.054343167685826 -0.919913725599407 0.38671981578136
1604559482.20696 3.87326788902283 -599.871398925781 41.5660820007324 0.0292427713228159 0.0534879226077299 -0.92436990565533 0.376595512425768
1604559482.70662 2.08541393280029 -601.307189941406 41.2745666503906 0.0229793999689792 0.0486872545116335 -0.933089159258116 0.355592631110611
1604559483.50647 -0.557588934898376 -603.022399902344 40.4273643493652 0.0169422868670018 0.0444323169905491 -0.948132521805292 0.314298344280885
1604559484.10633 -2.47817587852478 -604.15576171875 40.2182159423828 0.0138748644391208 0.042261458263646 -0.955517532019566 0.291560805468539
1604559484.50617 -3.6616382598877 -604.830505371094 40.1280670166016 0.00373708937000883 0.0394167216724158 -0.958158360843862 0.283487057483484
1604559485.40602 -6.21074199676514 -606.201538085938 39.6209907531738 -0.00689039607038633 0.0386134651447137 -0.958100430065076 0.283734186626547
1604559486.10685 -8.28730201721191 -607.405090332031 39.4724540710449 -0.00763464485058033 0.0355461297834314 -0.958188647982988 0.283818075062104
1604559486.60656 -9.75600719451904 -608.248474121094 39.3798027038574 -0.00940375214592004 0.0320639539757853 -0.958434038202707 0.283350783862456
1604559487.00676 -10.943115234375 -608.911499023438 39.2919921875 -0.0131552267716887 0.0286879103881673 -0.958659340514192 0.282800658858924
1604559487.40707 -12.1414766311646 -609.60791015625 39.2317886352539 -0.0180603184055915 0.0323619844366507 -0.95864357665389 0.282186143888478
1604559487.70647 -13.0615558624268 -610.130065917969 39.1558876037598 -0.0180082518132033 0.0311233367721925 -0.959330665283111 0.279985205720339
1604559488.20635 -14.5808143615723 -610.914428710938 39.0052871704102 -0.0195815352426508 0.0345167842463777 -0.9606863373648 0.274785218458772
1604559488.50634 -15.5746221542358 -611.45703125 38.9556159973145 -0.0186274664978378 0.0358824583482451 -0.961991683065442 0.270069376989833
1604559489.10608 -17.5201950073242 -612.435180664062 38.8066940307617 -0.0227802590324394 0.0387180998580625 -0.964065210070605 0.261840102492565
1604559489.50619 -18.9147510528564 -613.103210449219 38.750675201416 -0.0209869215769951 0.0369037577460469 -0.966717196772409 0.252300462249751
1604559489.9066 -20.343578338623 -613.769287109375 38.6784973144531 -0.0190621936035917 0.0487346232244876 -0.970716963172763 0.23445713186601
1604559490.30606 -21.7802848815918 -614.317810058594 38.6176261901855 -0.0178140279775645 0.0497743055399394 -0.977293303014759 0.205190104044357
1604559491.0062 -24.283353805542 -614.900817871094 38.5581970214844 -0.0211928448032459 0.0544888636327228 -0.988888992504421 0.136676214363551
1604559491.50675 -26.0896911621094 -615.123229980469 38.4790267944336 -0.0152952571930774 0.0580392835397495 -0.994009546502908 0.0913373862921027
1604559491.80696 -27.1742725372314 -615.169311523438 38.4717178344727 -0.0127684931465891 0.0557002140329758 -0.996257570002224 0.0648483303771887
1604559492.20705 -28.5355072021484 -615.181640625 38.4174423217773 -0.0162778739142978 0.0582402848890303 -0.99771258362313 0.0302109337315759
1604559492.50704 -29.5223503112793 -615.103759765625 38.3847007751465 0.0179470546104035 -0.0604998398033243 0.998001131503491 -0.00337848077310732
1604559493.00676 -31.0985202789307 -614.831298828125 38.3947448730469 0.0162911530715888 -0.0641393576471777 0.996702716609413 0.0469514199531945
1604559493.50634 -32.5568885803223 -614.4375 38.3640937805176 0.0159221059737291 -0.0660254065530739 0.992834566134192 0.0983191564243348
1604559493.9062 -33.6258811950684 -614.020446777344 38.3355827331543 0.0154091648704217 -0.067646351838607 0.987442552632144 0.141928622808225
1604559494.20628 -34.4052124023438 -613.660217285156 38.3867492675781 0.0140570414966329 -0.0673124317400789 0.982434571177951 0.173475501071462
1604559494.5063 -35.1314086914062 -613.250549316406 38.3390617370605 0.0114172508019687 -0.0638184800507871 0.976559945397222 0.205249898986348
1604559495.00606 -36.2962646484375 -612.425354003906 38.4278297424316 0.00967091641813206 -0.0732426803501197 0.963931806625414 0.255690154927069
1604559495.50662 -37.3441772460938 -611.513732910156 38.3523025512695 0.0107419847479435 -0.0705317437148676 0.947934276362487 0.310371536371079
1604559496.0065 -38.3220062255859 -610.477478027344 38.4366645812988 0.01126602782629 -0.0746942204754669 0.927286439291508 0.366652027882918
1604559496.30661 -38.8270797729492 -609.791870117188 38.4082946777344 0.00864079239364245 -0.0747210402832488 0.913104001030753 0.400728319622447
1604559496.80647 -39.5396995544434 -608.538757324219 38.4880142211914 0.00896789134744657 -0.0726815863632014 0.885456365414972 0.458916102217623
1604559497.40631 -40.1916465759277 -606.884094238281 38.5586318969727 0.0074703930336019 -0.0737717726227106 0.848505583145927 0.523965833010337
1604559497.9061 -40.6075286865234 -605.43408203125 38.6222457885742 0.00193788751683322 -0.0773675124738702 0.816205521314417 0.572554852901832
1604559498.30696 -40.8200569152832 -604.254211425781 38.6648788452148 0.0077276716949725 -0.0776125545016933 0.791703807840152 0.605905648698953
1604559498.7072 -40.9792442321777 -603.01806640625 38.6901702880859 0.00854607330680224 -0.0774397794145125 0.771558062678932 0.631370098365768
1604559499.00688 -41.0701942443848 -602.060180664062 38.7544021606445 0.00809301181463028 -0.0746324177969094 0.759910992888937 0.645677774327184
1604559499.40698 -41.1459350585938 -600.773071289062 38.8193778991699 0.00586079175111733 -0.072014534622327 0.745743008332748 0.662304252927612
1604559499.80651 -41.1695022583008 -599.473999023438 38.8547821044922 0.00628116640825544 -0.0689155196837146 0.733630146643865 0.676016276453886
1604559500.10636 -41.1639785766602 -598.486511230469 38.8862380981445 0.00684475839838773 -0.0695071713983862 0.727005475860955 0.683070230997406
1604559500.70691 -41.1413993835449 -596.477722167969 38.9358520507812 0.00834545760866652 -0.0683337687696917 0.724594148979905 0.685728932339244
1604559501.30644 -41.124927520752 -594.471069335938 38.9401245117188 0.008098439015257 -0.067186670902307 0.726639722163611 0.683677614605431
1604559501.70631 -41.1713371276855 -593.127807617188 38.9882888793945 0.00801709428781153 -0.0705686155347175 0.732046248147336 0.677542682990601
1604559502.1063 -41.2371978759766 -591.765380859375 39.0165214538574 0.00833883238170991 -0.0702968097060889 0.740193586093443 0.668657070198009
1604559502.50656 -41.3919792175293 -590.386596679688 39.1107063293457 0.00403428713057026 -0.0735656258476386 0.751821363775525 0.655237712736152
1604559503.00631 -41.5666618347168 -588.646301269531 39.0890731811523 0.0032873074128161 -0.0734210457398362 0.763892185330209 0.641145282166126
1604559503.50659 -41.8514938354492 -586.97265625 39.1396522521973 0.00165698420327997 -0.074500471542075 0.774152279810667 0.628597790170555
1604559503.80659 -42.0303726196289 -585.97265625 39.1568298339844 0.00677612897473064 -0.0706639566700704 0.780433332139554 0.621196026540255
1604559504.2068 -42.3256454467773 -584.646057128906 39.1870384216309 0.00406184977561656 -0.0775387201374302 0.791316301005811 0.60645672559411
1604559504.60695 -42.6786460876465 -583.324768066406 39.2608795166016 0.00525906507977977 -0.0739281914905963 0.804158808656123 0.589775868612968
1604559505.00663 -43.1020393371582 -582.045288085938 39.3034210205078 0.00198875767149721 -0.0760362645929388 0.818049391985554 0.570096240631125
1604559505.50632 -43.6649780273438 -580.563659667969 39.3388977050781 0.0040232855647447 -0.0770859845857785 0.834102658360584 0.546181581041976
1604559506.0063 -44.316234588623 -579.10302734375 39.3682670593262 0.00410491770658732 -0.0760860242079761 0.849429831195088 0.522171455028643
1604559506.50679 -45.0854263305664 -577.6474609375 39.3965873718262 0.00282262203288969 -0.077352635139212 0.864120222938826 0.497297539658134
1604559506.8067 -45.5745544433594 -576.79345703125 39.4243125915527 0.00445576817450807 -0.0773673058189697 0.872365440799711 0.482672750234168
1604559507.20658 -46.3132209777832 -575.620666503906 39.4169692993164 0.00676101704661967 -0.080272649715831 0.88153551903315 0.465194280961244
1604559507.5063 -46.9096565246582 -574.73486328125 39.4319076538086 0.00427305995757769 -0.08283616970177 0.8846846584778 0.458751528609722
1604559507.90655 -47.6842613220215 -573.501892089844 39.456111907959 0.00475649560173935 -0.0725829923492581 0.886022994408806 0.457899921762464
1604559508.30652 -48.4933738708496 -572.253845214844 39.4723472595215 -0.00185510062850146 -0.0774739465989551 0.885972600199539 0.457216467218437
1604559508.60654 -49.0923271179199 -571.269836425781 39.4493942260742 0.00127059149681656 -0.0736528793391721 0.886884176870195 0.456081238135898
1604559508.90613 -49.7242660522461 -570.3037109375 39.4822731018066 0.000117717689660284 -0.0735147448388261 0.887456004111796 0.4549916583848
1604559509.20608 -50.3658332824707 -569.307800292969 39.4445381164551 -0.00719716912049682 -0.0758941718855561 0.888537660437336 0.45242579658437
1604559509.50646 -51.0583229064941 -568.283264160156 39.4627113342285 -0.00655724513586543 -0.0704987186118207 0.889982044102453 0.450465197751767
1604559509.80631 -51.7326240539551 -567.245300292969 39.4393692016602 -0.00992330518645743 -0.0723873859079727 0.890787326310489 0.448508119949011
1604559510.10658 -52.4407386779785 -566.185180664062 39.3668556213379 -0.0101450281757212 -0.0663020809387701 0.89147010830729 0.448087221934626
1604559510.50715 -53.409496307373 -564.727416992188 39.3517074584961 -0.0107748441031508 -0.0677024532024873 0.891918276229998 0.446969874926518
1604559510.70687 -53.9006958007812 -563.998474121094 39.3410377502441 -0.0109877724969458 -0.0668166766687477 0.892223692300167 0.446488167225915
1604559511.0067 -54.6624336242676 -562.875183105469 39.2970886230469 -0.0145599827438775 -0.0670429147457564 0.893243928677113 0.44430680657218
1604559511.20652 -55.1750946044922 -562.115417480469 39.2523498535156 -0.014838414886257 -0.0646039462229047 0.894002501679589 0.443131671816322
1604559511.50641 -55.9745635986328 -560.959838867188 39.2021827697754 -0.0184082806415932 -0.064175659722093 0.895204277557345 0.440626736985043
1604559511.70658 -56.5200538635254 -560.178466796875 39.1514358520508 -0.0201837935513133 -0.066171755534995 0.896149457440905 0.438326434493364
1604559511.90657 -57.0815582275391 -559.366882324219 39.0911712646484 -0.0217001603634527 -0.0651152995457746 0.896490006935993 0.43771539642691
1604559512.10658 -57.6589164733887 -558.540405273438 39.0508346557617 -0.0227489496061553 -0.0651226873737723 0.896654404527572 0.437324135764697
1604559512.41623 -58.5545387268066 -557.244689941406 38.9917602539062 -0.0195550869356103 -0.0608034323553413 0.896388606769301 0.438643370909606
1604559512.60653 -59.155460357666 -556.396240234375 38.9363098144531 -0.0231453339810204 -0.0650255929261608 0.896028065343799 0.438599671563668
1604559512.80626 -59.7350196838379 -555.536560058594 38.8875770568848 -0.0198787280026509 -0.059199921913631 0.89558587488228 0.44048399077578
1604559513.0065 -60.3231201171875 -554.670104980469 38.8256530761719 -0.022578027338334 -0.0559469954232759 0.895055630187277 0.441854710572008
1604559513.20775 -60.8994483947754 -553.82421875 38.7872085571289 -0.0239695279530644 -0.0602037454215627 0.894338549398987 0.442673163661225
1604559513.40614 -61.4645576477051 -552.979248046875 38.7356491088867 -0.0227607799538798 -0.0602937907655361 0.893897379770647 0.443614787997632
1604559513.60661 -62.039192199707 -552.1337890625 38.682373046875 -0.0260043828907153 -0.059567881650942 0.893453422896231 0.444428195168917
1604559513.80622 -62.5924377441406 -551.29638671875 38.6225738525391 -0.0258180386749718 -0.0613298850897216 0.892976094339843 0.44515813932963
1604559514.00652 -63.1622772216797 -550.445251464844 38.5625381469727 -0.0280369090428737 -0.0606150272578436 0.892695785717776 0.445683726832801
1604559514.20655 -63.7257690429688 -549.614990234375 38.4995422363281 -0.0267019403115621 -0.0650696733740176 0.892064058270333 0.446401904042603
1604559514.41631 -64.2968368530273 -548.77392578125 38.4735717773438 -0.0252260926586263 -0.0666929839203555 0.89158064217557 0.447213202670466
1604559514.60651 -64.8462829589844 -547.937438964844 38.4324607849121 -0.021743472619839 -0.0705457723111666 0.891153613757949 0.447655841125299
1604559514.80634 -65.410774230957 -547.088745117188 38.3834915161133 -0.0227180124816297 -0.0700676817229301 0.890852192268319 0.448282035573129
1604559515.00629 -65.9788208007812 -546.218322753906 38.365550994873 -0.0210212020854873 -0.0658319160151518 0.890438276315733 0.449826570989889
1604559515.20713 -66.5516891479492 -545.344360351562 38.3068695068359 -0.0213331335001415 -0.0716381471855896 0.890691421882219 0.448421302201748
1604559515.40682 -67.1232376098633 -544.491882324219 38.2459907531738 -0.0192257456002485 -0.071242321743541 0.890694527065149 0.448573474198928
1604559515.60716 -67.6755523681641 -543.615539550781 38.2226905822754 -0.0114490768474427 -0.067047646009318 0.890532647268236 0.44980566465239
1604559515.80683 -68.2434921264648 -542.771179199219 38.2135925292969 -0.013203328006802 -0.066916444150251 0.890271456458316 0.450293898967574
1604559516.00687 -68.8009262084961 -541.91259765625 38.1693458557129 -0.0119106176980527 -0.0682617013538019 0.890286886401541 0.450097475238181
1604559516.40769 -69.7805023193359 -540.101196289062 37.9839668273926 -0.010803218741616 -0.0668159880890234 0.88954619003932 0.451803596695554
1604559516.70664 -70.5886154174805 -538.867431640625 37.9455032348633 -0.00895489786877244 -0.068857654440746 0.889444694644353 0.45173727807
1604559517.10628 -71.5487060546875 -537.144958496094 37.7976837158203 -0.0050472417224675 -0.0686893513615316 0.888588646177809 0.453504703662945
1604559517.4065 -72.3372650146484 -535.925598144531 37.7842826843262 -0.000620671190281769 -0.0694294329217983 0.88818206911136 0.454215566356432
1604559517.60648 -72.8586273193359 -535.112182617188 37.7785186767578 0.00121055687399357 -0.0705959504027068 0.888060304066392 0.454272652357921
1604559517.80625 -73.3960571289062 -534.293273925781 37.784782409668 -0.000214494588885936 -0.0708123206868498 0.887438746680948 0.455453664076119
1604559518.00624 -73.9075622558594 -533.471618652344 37.8044929504395 0.0024651378774169 -0.0691795368084732 0.887233815877651 0.456096777828338
1604559518.20708 -74.4250564575195 -532.650451660156 37.8104057312012 0.00109860793420056 -0.06832790359954 0.88689775560157 0.456883422504251
1604559518.40693 -74.942626953125 -531.836669921875 37.8021774291992 0.00336281018373907 -0.0674470133547681 0.886679419791182 0.457426713710472
1604559518.60694 -75.4579238891602 -531.015991210938 37.7967567443848 0.0044946056795651 -0.0667436998804374 0.886349467727667 0.458159031456258
1604559518.80694 -75.9672927856445 -530.186645507812 37.7954177856445 0.00332975592895596 -0.0650834962665644 0.88616263875593 0.458768818592002
1604559519.01691 -76.4791488647461 -529.354614257812 37.7968101501465 0.0052717462052571 -0.0623169710293667 0.885832199407299 0.459771811126889
1604559519.20699 -76.9818878173828 -528.545837402344 37.8053016662598 0.00587879451834917 -0.0624703233063977 0.885372995383292 0.460627352126447
1604559519.40658 -77.4855499267578 -527.728332519531 37.8214874267578 0.00811112460867401 -0.0633061355757621 0.884903414830073 0.46138106731651
1604559519.61675 -77.9854736328125 -526.90234375 37.8149147033691 0.00826311759371976 -0.0607276307810842 0.884423826847949 0.462642810655237
1604559519.8069 -78.4834060668945 -526.062805175781 37.8088111877441 0.00998597955741983 -0.0561760986924033 0.884106386497675 0.463789201579773
1604559520.10647 -79.1341247558594 -524.705139160156 37.7569313049316 0.00729967017995109 -0.0565492253428294 0.883215840024178 0.465487572185097
1604559520.50662 -80.0124588012695 -522.9580078125 37.693286895752 0.00908062345556951 -0.0467457130471312 0.881871931059981 0.469078114814488
1604559520.70676 -80.4983901977539 -522.135803222656 37.6924095153809 0.0120439073677817 -0.0487059150639677 0.881196906877707 0.470079450138228
1604559521.20677 -81.6015548706055 -519.982666015625 37.651798248291 0.0134270471297686 -0.0429496573663547 0.879157570370016 0.47440173671539
1604559521.90716 -83.2407302856445 -517.111450195312 37.6324996948242 0.0173285399439633 -0.042875323855378 0.876879149562256 0.478481332311598
1604559522.10697 -83.695556640625 -516.285400390625 37.6636657714844 0.0184568888405078 -0.0391630054947912 0.875997001638918 0.480369498797091
1604559522.40705 -84.2914505004883 -514.992126464844 37.6166915893555 0.0172802534071502 -0.0383493199719055 0.874097467444515 0.483925965315938
1604559522.60674 -84.7382202148438 -514.176025390625 37.632438659668 0.0184851350858783 -0.0361997635507185 0.873416426390895 0.48527479123718
1604559522.90721 -85.3212280273438 -512.884887695312 37.612606048584 0.0184165144443366 -0.0386083550677006 0.871416797920865 0.488674729463305
1604559523.30666 -86.1222991943359 -511.211120605469 37.5985450744629 0.014836766253992 -0.0365771502688607 0.868745409670998 0.49368349741601
1604559523.50639 -86.5441436767578 -510.396667480469 37.6093330383301 0.0134313863330052 -0.034407268593904 0.867572510133571 0.495937170808576
1604559524.0062 -87.5301055908203 -508.315704345703 37.6180992126465 0.0185940613689027 -0.0367709442398203 0.864947050577349 0.500168729769331
1604559524.20645 -87.9371337890625 -507.478515625 37.6125183105469 0.0201735964517109 -0.0356134610267962 0.863972856557759 0.501872105751378
1604559524.50659 -88.4988327026367 -506.184478759766 37.6011276245117 0.0194176713827338 -0.0357704480573791 0.862381036234067 0.504621023568879
1604559524.80624 -89.0599594116211 -504.89501953125 37.6580390930176 0.0227413261029088 -0.0353200073280888 0.85938995318728 0.509592226716803
1604559525.30705 -89.9643936157227 -502.763366699219 37.5844497680664 0.0251101760732704 -0.0304823519235285 0.855566366468116 0.516184557931875
1604559525.50713 -90.3215789794922 -501.888214111328 37.5872764587402 0.0260892522638652 -0.024811459678344 0.853514252885993 0.519824164987938
1604559526.10682 -91.3823318481445 -499.263671875 37.5713081359863 0.0225797817562885 -0.0287937179018217 0.847120010822947 0.530140323431976
1604559526.30682 -91.7369155883789 -498.394317626953 37.5520286560059 0.0251545941379463 -0.0294682739157086 0.8441521895706 0.534701737484876
1604559526.70677 -92.3915405273438 -496.599578857422 37.5744132995605 0.0235611965034863 -0.026042095756826 0.83835056134478 0.543999095183814
1604559526.90677 -92.7150268554688 -495.708068847656 37.5855369567871 0.0251548963083657 -0.0259543421604861 0.836155658606663 0.547300025484002
1604559527.20711 -93.1496429443359 -494.339080810547 37.595874786377 0.032477639348681 -0.0223457601000888 0.835045035906194 0.548767398773205
1604559527.50702 -93.6562042236328 -492.971527099609 37.6401748657227 0.0316197889190832 -0.0235042787592366 0.832890761580551 0.552033257243157
1604559527.80667 -94.0831146240234 -491.570831298828 37.6456642150879 0.0289656961821481 -0.0222017401239835 0.830516693440599 0.555796809181777
1604559528.00711 -94.3910293579102 -490.644653320312 37.6522827148438 0.029619769866514 -0.0235052552982325 0.827050781118247 0.560853971777073
1604559528.40616 -94.9374160766602 -488.738189697266 37.6441688537598 0.0303705242526544 -0.023626624323684 0.820137799027773 0.570870742362549
1604559528.70632 -95.3543395996094 -487.296630859375 37.6891021728516 0.0241507253146194 -0.0281284350128934 0.815861958258581 0.577057015100742
1604559529.00633 -95.7266540527344 -485.857452392578 37.6912117004395 0.0293867626354227 -0.0215512385585165 0.8108502148858 0.584118045704852
1604559529.20658 -96 -484.883605957031 37.6781272888184 0.0266396929271544 -0.0298404556728163 0.807444797027248 0.588585400532167
1604559529.50635 -96.3100051879883 -483.310028076172 37.7086868286133 0.0228611921027647 -0.0318064091699598 0.801224271213676 0.597080719375083
1604559529.71666 -96.4788208007812 -482.320404052734 37.7574272155762 0.0274201387681232 -0.0325434297879926 0.796469990615723 0.603178758923224
1604559530.00624 -96.7687225341797 -480.780426025391 37.7601699829102 0.023226154455413 -0.0309561151266671 0.789224931046095 0.612883572059788
1604559530.20665 -96.956298828125 -479.746490478516 37.7725448608398 0.0246025891018883 -0.0292258726508356 0.784359632649734 0.619128845755757
1604559530.40664 -97.1306686401367 -478.747375488281 37.7607078552246 0.0235764186659323 -0.0351463626669271 0.779842299807317 0.624543731939893
1604559530.70629 -97.3375625610352 -477.197021484375 37.7410850524902 0.0198576802050541 -0.0323588571871054 0.772091622089079 0.634376153396606
1604559530.90651 -97.4800338745117 -476.201080322266 37.7298011779785 0.0111348145545849 -0.0278219277616847 0.767774344313736 0.640019150068239
1604559531.20651 -97.652702331543 -474.816131591797 37.7528915405273 0.0150250053147664 -0.0335046192386701 0.763556761127679 0.644695868019311
1604559531.40653 -97.7478942871094 -473.859954833984 37.7742347717285 0.0171610952757621 -0.0315848325290361 0.761029595562948 0.647720502871682
1604559531.70636 -97.8846969604492 -472.499176025391 37.7890625 0.00745648644573971 -0.0307198485052415 0.756896734500789 0.65276950374519
1604559531.90658 -97.9649124145508 -471.639038085938 37.7669639587402 0.0130648159957119 -0.0443902737756377 0.754568369206397 0.654587954648052
1604559532.20679 -98.0619354248047 -470.376739501953 37.8033981323242 0.0200938572322731 -0.0488884932307687 0.750169804285729 0.659129286914992
1604559532.40674 -98.1235275268555 -469.510009765625 37.7551727294922 0.0115091991046638 -0.0451031819826296 0.748143015368716 0.661902764661106
1604559532.60676 -98.1978912353516 -468.653533935547 37.7506103515625 -0.00475309421890221 -0.031694212025619 0.747014315230802 0.664035012525452
1604559532.80681 -98.2365188598633 -467.849670410156 37.7872619628906 -0.00684454534251893 -0.0205981313692091 0.746021094506089 0.665568475616963
1604559533.00714 -98.287971496582 -467.052032470703 37.7526931762695 -0.00375516197177354 -0.0257798213869232 0.745109193384352 0.666433484679412
1604559533.20705 -98.3514862060547 -466.274597167969 37.7243766784668 -0.000943506189778759 -0.0367043207210066 0.743625948505906 0.66758696163509
1604559533.50686 -98.4020385742188 -465.086303710938 37.7381019592285 0.0104662145721361 -0.0491908396588814 0.741050514718569 0.669563181694998
1604559533.70734 -98.4429321289062 -464.311859130859 37.71728515625 0.00605170997099634 -0.0431531292907467 0.740556979619731 0.670579260173877
1604559533.90686 -98.5090637207031 -463.516815185547 37.7408485412598 0.00416018953547036 -0.0477464414147752 0.739647889795187 0.671285311381666
1604559534.10635 -98.5423736572266 -462.735870361328 37.750431060791 -0.0012418857922228 -0.050129640385202 0.739047063930205 0.671784871942404
1604559534.30644 -98.5595321655273 -461.965728759766 37.7366371154785 0.00212093176719487 -0.0469173171689286 0.738269646996617 0.672868631548238
1604559534.60643 -98.6292037963867 -460.799652099609 37.7461624145508 7.77612159675277e-05 -0.0537411151483633 0.736955333361823 0.673801694213786
1604559534.80657 -98.6570434570312 -460.018402099609 37.7599029541016 -0.000257197235044908 -0.0534728380108454 0.736490575477229 0.674330943734505
1604559535.00638 -98.6920928955078 -459.202026367188 37.7390518188477 -0.000280272570640134 -0.0534949533089841 0.735961628050561 0.67490643311123
1604559535.20676 -98.7281188964844 -458.385406494141 37.7575759887695 -0.00298095391150022 -0.0541493384186873 0.735802831521548 0.675020856112957
1604559535.40696 -98.7521743774414 -457.57177734375 37.7564125061035 -0.00416429011671158 -0.0535960535056111 0.735158961984992 0.675759885129028
1604559535.60696 -98.7802124023438 -456.710296630859 37.7452507019043 -0.00151899926369962 -0.0554562202516607 0.735510221601644 0.675238486903803
1604559535.80667 -98.8333206176758 -455.842468261719 37.7102432250977 -0.00695912353486924 -0.0541805428688299 0.736049884149328 0.674719650979447
1604559536.00697 -98.8842620849609 -454.985687255859 37.7052116394043 -0.0112933249575528 -0.0545409414992089 0.736444120979505 0.674201604259815
1604559536.2072 -98.9082946777344 -454.100128173828 37.7093162536621 -0.0106171267466154 -0.0540194061882196 0.736960182208178 0.673690485471189
1604559536.40711 -98.9376068115234 -453.204559326172 37.7087821960449 -0.0104314226366164 -0.0521200063226308 0.736996170546872 0.673803632345472
1604559536.60705 -98.9925003051758 -452.26904296875 37.6795234680176 -0.0110290646136245 -0.0661405641006979 0.737130317274038 0.672415556683266
1604559536.80718 -99.0380249023438 -451.344757080078 37.6893501281738 -0.0155912055567658 -0.0667401940291958 0.736758137610384 0.672673849257654
1604559537.00706 -99.06103515625 -450.398132324219 37.6802864074707 -0.0123626401124126 -0.0641509135149881 0.737125653511673 0.672590214290717
1604559537.20689 -99.1076126098633 -449.454803466797 37.6650733947754 -0.012864598683139 -0.0638745147663882 0.736568670887931 0.67321700924031
1604559537.40721 -99.1426544189453 -448.497192382812 37.6342887878418 -0.0159726748452862 -0.0662459095467042 0.735981640345383 0.67356319540273
1604559537.60709 -99.18115234375 -447.51123046875 37.6360130310059 -0.017498183778027 -0.0648953853039492 0.735262055690174 0.674442074601653
1604559537.80721 -99.2087097167969 -446.52783203125 37.6260375976562 -0.0183979247506207 -0.0641710996481742 0.7346660576342 0.675136556627647
1604559538.0072 -99.2514190673828 -445.509948730469 37.6276054382324 -0.0193317444636374 -0.0623797407082381 0.734048809023182 0.67594925665823
1604559538.3069 -99.207878112793 -443.918395996094 37.6440315246582 -0.0208620346458252 -0.0656513321134056 0.732648648363138 0.677111981989566
1604559538.50686 -99.2248306274414 -442.871276855469 37.6277465820312 -0.0200278681557653 -0.0632270430697588 0.731701710014407 0.678390619837703
1604559538.7069 -99.2492141723633 -441.806396484375 37.5968780517578 -0.0199313272702982 -0.0634952689114012 0.731442110487312 0.678648312474863
1604559538.90732 -99.2859115600586 -440.717529296875 37.6095237731934 -0.0241553112039709 -0.0646326182452847 0.730475619745565 0.679444268911536
1604559539.10646 -99.2839508056641 -439.607971191406 37.5844802856445 -0.0221534218256439 -0.065781184106203 0.729676252877362 0.680260705689997
1604559539.30658 -99.3065719604492 -438.484466552734 37.5859107971191 -0.0235563105770184 -0.0650040001104942 0.729299148647473 0.68069253851038
1604559539.50628 -99.3372344970703 -437.382568359375 37.5844688415527 -0.0226334528379349 -0.0689875428520405 0.72873890457149 0.680931754809405
1604559539.70679 -99.3434524536133 -436.254364013672 37.5439529418945 -0.0220360498073224 -0.065779677229084 0.728478693494492 0.68154694606981
1604559539.9062 -99.3664321899414 -435.118927001953 37.5220680236816 -0.0228469997500643 -0.0688814687862845 0.728518620954606 0.68117103342895
1604559540.10649 -99.3833312988281 -433.980102539062 37.5325813293457 -0.0262749670252398 -0.0669421497999751 0.728544261533296 0.681213354005106
1604559540.30699 -99.3959655761719 -432.85791015625 37.4901123046875 -0.023957090297297 -0.0667997693327974 0.728305782469847 0.681567704533128
1604559540.507 -99.4326629638672 -431.718811035156 37.486442565918 -0.0247311598731143 -0.0669915443122563 0.728863630502329 0.680924599976351
1604559540.70681 -99.4418869018555 -430.536834716797 37.471076965332 -0.025251311602449 -0.0678784791580421 0.728263962494984 0.68145908480308
1604559540.90712 -99.4512481689453 -429.379943847656 37.4289703369141 -0.0238022799084941 -0.0658121414702847 0.728484869763932 0.681477811840767
1604559541.20687 -99.4770050048828 -427.587890625 37.4363059997559 -0.0270769706876659 -0.0675557388158057 0.728646388026506 0.681012115183978
1604559541.40701 -99.4968872070312 -426.426361083984 37.395378112793 -0.0235563750138361 -0.0677788102061262 0.728724103778581 0.68103767197957
1604559541.60698 -99.5186538696289 -425.23876953125 37.3723258972168 -0.0253283985249394 -0.0685520102111524 0.728771337578493 0.680846114513571
1604559541.80718 -99.5251388549805 -424.044158935547 37.3637046813965 -0.025161353377698 -0.0677808152602658 0.728952191975324 0.680735902676822
1604559542.01677 -99.5599212646484 -422.870941162109 37.347469329834 -0.0256008672913551 -0.068708660557422 0.729697925191634 0.67982692909987
1604559542.20728 -99.57666015625 -421.65869140625 37.3321647644043 -0.0273254078838399 -0.0701267145220519 0.729193917134323 0.680155715412747
1604559542.40729 -99.5803909301758 -420.455352783203 37.2859497070312 -0.0245042233859714 -0.0678386798645844 0.729432598716265 0.680239325885028
1604559542.60692 -99.616081237793 -419.260192871094 37.2836875915527 -0.0274805383495443 -0.0701666746397632 0.729630474727036 0.679677002797371
1604559542.80692 -99.6307601928711 -418.015899658203 37.287483215332 -0.0283745271348364 -0.0698499859316865 0.728894162037277 0.680462464962759
1604559543.00716 -99.6388244628906 -416.880523681641 37.259204864502 -0.0259614080429438 -0.0655063242441078 0.728966561682167 0.680913121275932
1604559543.20734 -99.6645050048828 -415.609680175781 37.2545394897461 -0.0301318726548953 -0.0700370194611448 0.728791977733639 0.680477140943323
1604559543.4071 -99.6833724975586 -414.406616210938 37.2303276062012 -0.0236255066211057 -0.0683259998423545 0.729293940592199 0.680370297263145
1604559543.60727 -99.7151107788086 -413.212158203125 37.207218170166 -0.0237189259670252 -0.0684157616316564 0.730100111587489 0.679492842619602
1604559543.80704 -99.7392807006836 -411.962799072266 37.1791152954102 -0.0284748516894793 -0.0692186197131748 0.730056089705387 0.679276137804314
1604559544.00673 -99.7647552490234 -410.747222900391 37.171558380127 -0.0277716121742716 -0.0639575405371475 0.731292887753207 0.678490149440105
1604559544.20682 -99.8048553466797 -409.522155761719 37.1626358032227 -0.0286653907222108 -0.066832257826473 0.731577827161325 0.677868444091089
1604559544.40682 -99.8371429443359 -408.361877441406 37.1257019042969 -0.0296289971562154 -0.069597657344974 0.732439572144256 0.676616997847932
1604559544.6069 -99.8559036254883 -407.117706298828 37.0802116394043 -0.0313681902363907 -0.0690346877888239 0.733182680135529 0.67579094849848
1604559544.80718 -99.8944320678711 -405.96435546875 37.0342216491699 -0.0321573067064114 -0.0677560084208735 0.734700314336519 0.674233252711612
1604559545.00719 -99.9504165649414 -404.777526855469 37.0484390258789 -0.0307872145310032 -0.0689782324117772 0.735936942825934 0.672823132077656
1604559545.20723 -99.9822463989258 -403.613525390625 37.0241012573242 -0.0294587456853513 -0.0698577385349282 0.737139966780075 0.671473564665729
1604559545.50706 -100.080101013184 -401.833068847656 36.9824981689453 -0.0314216586593016 -0.0685667750423353 0.739702966258971 0.668693351570861
1604559545.70703 -100.139175415039 -400.671112060547 36.9468269348145 -0.0311249153939742 -0.0685362625454728 0.742470137854866 0.665636623655724
1604559545.90703 -100.223960876465 -399.509033203125 36.9307670593262 -0.0305004680694925 -0.0707646781884624 0.745762392108228 0.661740535470995
1604559546.1169 -100.31468963623 -398.340148925781 36.9299736022949 -0.0312981841562488 -0.0708980035213666 0.748773753073553 0.65827939620905
1604559546.30705 -100.418067932129 -397.168304443359 36.8939819335938 -0.0312848151592219 -0.0706201813978906 0.752086869976533 0.654522261140661
1604559546.50695 -100.515159606934 -396.000579833984 36.8544731140137 -0.0317612637433639 -0.0699592742042508 0.754996527970185 0.651212073622107
1604559546.7069 -100.637145996094 -394.841491699219 36.8036003112793 -0.0309185971082703 -0.0703123406401467 0.757539095787569 0.648255145340099
1604559546.90702 -100.761688232422 -393.664245605469 36.784725189209 -0.0308063826225311 -0.0708400731481342 0.758595088878656 0.646966878561232
1604559547.10657 -100.87767791748 -392.507354736328 36.7596740722656 -0.030814162936356 -0.0706539162396781 0.759317660451124 0.646138686358865
1604559547.30652 -100.996322631836 -391.346801757812 36.7188415527344 -0.0300213390016342 -0.0712383046955423 0.760066277085825 0.645231026521159
1604559547.5063 -101.122680664062 -390.179473876953 36.6860618591309 -0.0310991611943957 -0.0714351884388054 0.760511098439462 0.644633791525173
1604559547.70665 -101.246086120605 -389.019653320312 36.6644973754883 -0.0305980829985331 -0.071383758901538 0.760670958158666 0.644474832476707
1604559547.9066 -101.369705200195 -387.882598876953 36.6374588012695 -0.0302778675200249 -0.0710737806816519 0.760809275347514 0.644360935333022
1604559548.10658 -101.489639282227 -386.764282226562 36.6110725402832 -0.0290597235606825 -0.0702104659630283 0.760885459342109 0.644421710293484
1604559548.30632 -101.612701416016 -385.669891357422 36.6044921875 -0.0282032963200245 -0.0697835055452244 0.760939071443938 0.644442833756836
1604559548.50634 -101.715553283691 -384.577117919922 36.5846328735352 -0.0255130456521208 -0.0700061088492318 0.760150605166487 0.645460522952694
1604559548.70633 -101.825126647949 -383.474029541016 36.6025428771973 -0.0191833827851571 -0.0628609212085735 0.75965508879562 0.646996637144774
1604559548.90653 -101.946166992188 -382.347839355469 36.5852317810059 -0.0215266766656361 -0.0623054243875841 0.758629594588753 0.648178813675455
1604559549.10643 -102.038604736328 -381.261077880859 36.5632247924805 -0.0205930627988922 -0.0622170909713667 0.758115134149313 0.648819237329929
1604559549.30711 -102.140266418457 -380.157073974609 36.5278663635254 -0.0215489374258228 -0.0615542145909936 0.757928212609721 0.64906975471989
1604559549.50692 -102.249069213867 -379.045532226562 36.5031356811523 -0.0204161731361758 -0.0617379062822533 0.75764989920764 0.649413767203168
1604559549.7069 -102.354095458984 -377.934539794922 36.4752502441406 -0.0205651863450067 -0.0609052745035909 0.758119803789619 0.648939121759681
1604559549.9071 -102.463829040527 -376.819793701172 36.430850982666 -0.019412349630198 -0.0616294916809554 0.758712007426847 0.648213742698583
1604559550.1065 -102.561431884766 -375.7099609375 36.3933792114258 -0.0135596009168357 -0.0505575705933475 0.759334419946544 0.648591788387057
1604559550.30733 -102.696846008301 -374.613159179688 36.3996467590332 -0.0149057750090315 -0.0513188899625556 0.75974848078073 0.648017311000072
1604559550.50723 -102.789489746094 -373.49609375 36.4126663208008 -0.0155332742550973 -0.0508573286089873 0.759927409501185 0.647829130100285
1604559550.70708 -102.891235351562 -372.431243896484 36.3773994445801 -0.016019161742039 -0.0499926106084943 0.76025522907655 0.647499893438904
1604559550.90699 -102.993278503418 -371.379516601562 36.3822784423828 -0.0155191755810501 -0.0494742302609577 0.760025446074895 0.647821562660604
1604559551.10707 -103.097412109375 -370.369903564453 36.3585815429688 -0.0136095544630707 -0.050368901784115 0.760006317831434 0.647817991890226
1604559551.30652 -103.20613861084 -369.370697021484 36.3489952087402 -0.0135089496130881 -0.0486614122049701 0.759579168556368 0.648451279540557
1604559551.50633 -103.299415588379 -368.392211914062 36.310676574707 -0.00859030182527509 -0.0493734577466687 0.759173519005424 0.648956112865585
1604559551.70667 -103.394882202148 -367.411224365234 36.2827796936035 -0.00700851210748938 -0.0477232472766949 0.758460071744225 0.649932067217145
1604559551.90631 -103.48454284668 -366.452209472656 36.2507171630859 -0.00493250987112329 -0.0472748186071922 0.757818875317113 0.650731368603923
1604559552.10659 -103.569480895996 -365.488098144531 36.2443428039551 -0.00741541887294977 -0.0448605869001692 0.757097034250321 0.651718206002625
1604559552.31713 -103.654830932617 -364.552124023438 36.2139739990234 -0.00841776404536914 -0.045098437941125 0.756748318440532 0.6520945136107
1604559552.80682 -102.610977172852 -362.072540283203 36.5970039367676 -0.00622746287991132 -0.0462390901540387 0.752824774243247 0.656565323888956
1604559553.30701 -102.015724182129 -359.652770996094 37.0307197570801 -0.00557596852925735 -0.0426080709675687 0.749036896998096 0.661133260242477
1604559553.60699 -102.118644714355 -358.232360839844 37.0210876464844 -0.00632826311050214 -0.0429657577688366 0.74719464358432 0.663184786725581
1604559553.807 -102.159019470215 -357.286437988281 36.9670295715332 -0.00665572165407735 -0.0425468748910788 0.745952153635006 0.664605784878196
1604559554.10734 -102.273826599121 -355.830413818359 36.9823837280273 -0.00985020350090201 -0.0420030841008582 0.745035251787902 0.665628415867551
1604559554.30696 -102.323715209961 -354.843994140625 36.9552803039551 -0.0129269297949778 -0.0386120388791305 0.744328464029991 0.666571183426366
1604559554.70696 -102.43367767334 -352.850494384766 36.8696060180664 -0.0165170719440751 -0.0367332135726983 0.742241528239421 0.668921049984096
1604559555.00741 -102.482238769531 -351.360382080078 36.7701568603516 -0.0161331313791887 -0.038323232250067 0.741844562355942 0.669281478336828
1604559555.20737 -102.553367614746 -350.341491699219 36.728687286377 -0.0181702496817519 -0.0374237469557943 0.741394146947238 0.669779086014686
1604559555.70683 -102.677658081055 -347.822143554688 36.5840339660645 -0.0249050417104041 -0.0318420064420729 0.739741068936803 0.671676243774769
1604559556.0069 -102.756088256836 -346.284118652344 36.5190925598145 -0.0355961070935506 -0.0378628462578713 0.739209064691268 0.671468004234973
1604559556.30672 -102.821846008301 -344.759216308594 36.432430267334 -0.0365547846050598 -0.0363573057215677 0.738288523648955 0.672511672680402
1604559556.60665 -102.910911560059 -343.228881835938 36.3013877868652 -0.0423738306149803 -0.0401841462962185 0.736822052995691 0.673559912023179
1604559556.90677 -102.948059082031 -341.689086914062 36.2121887207031 -0.0408516160063802 -0.0410762735754229 0.736358724877252 0.674106603970004
1604559557.20686 -103.000427246094 -340.125457763672 36.0893058776855 -0.0447477701814127 -0.045892618932569 0.734593251997097 0.675473358994735
1604559557.50715 -103.053077697754 -338.585968017578 35.9798774719238 -0.0445587150191502 -0.0432828005350154 0.733189085504312 0.677181574609823
1604559557.80746 -103.112564086914 -336.972961425781 35.8972625732422 -0.0497249584400211 -0.0492272569509031 0.733063198236308 0.676551884982063
1604559558.00737 -103.141166687012 -335.910675048828 35.835132598877 -0.0501495357610741 -0.0512317314293464 0.732211885161643 0.677293207544364
1604559558.30674 -103.170745849609 -334.313903808594 35.7008247375488 -0.0506567872059957 -0.0532880865954564 0.731289781044994 0.678092564386402
1604559558.50679 -103.204879760742 -333.233673095703 35.6311645507812 -0.0530678175141615 -0.0541977138664895 0.731146060268645 0.677991042057024
1604559558.81664 -103.228538513184 -331.612274169922 35.5439300537109 -0.0516530438273637 -0.0516869431146831 0.730550758031087 0.678937414578864
1604559559.00658 -103.261360168457 -330.518951416016 35.4604835510254 -0.0537718905784619 -0.0571404554668163 0.730643351714402 0.678235832677843
1604559559.30655 -103.265960693359 -328.877502441406 35.3212890625 -0.0539452963295013 -0.0497190857461006 0.729519489223511 0.680014141293813
1604559559.50661 -103.284629821777 -327.773254394531 35.251293182373 -0.0549724969794123 -0.0480740029099518 0.729045613798569 0.680558159029139
1604559559.7064 -103.311225891113 -326.678405761719 35.1907272338867 -0.0549361429556692 -0.05393201527112 0.729416301802628 0.679724368101164
1604559559.90676 -103.309074401855 -325.605438232422 35.1393928527832 -0.0522762893330085 -0.0518799339486931 0.729303231777061 0.680215008763101
1604559560.20668 -103.331634521484 -323.96533203125 35.0125846862793 -0.0538194800993279 -0.0492147727795532 0.728689947143921 0.680949580096415
1604559560.40658 -103.343269348145 -322.874816894531 34.9627571105957 -0.0521585508420054 -0.0499426729068461 0.729146212743212 0.680537299080082
1604559560.60686 -103.347061157227 -321.798919677734 34.8713111877441 -0.0500810253862658 -0.0471378475350277 0.72901104539602 0.681038038524007
1604559560.80673 -103.37060546875 -320.707061767578 34.8014984130859 -0.0497427290620244 -0.0470979068473462 0.729272561463897 0.680785560343305
1604559561.00663 -103.384979248047 -319.617645263672 34.7229232788086 -0.0513287239942036 -0.0455998588832081 0.72924365486512 0.680800783490971
1604559561.20731 -103.39030456543 -318.532897949219 34.6279144287109 -0.0508020235680077 -0.0471504488121855 0.72953565544678 0.680421719972285
1604559561.40732 -103.408622741699 -317.452819824219 34.5361137390137 -0.0518410235821094 -0.044917904264269 0.728885789574182 0.681190425583982
1604559561.70696 -103.449752807617 -315.841888427734 34.4894409179688 -0.0551193419193151 -0.0471798115562471 0.729673589383331 0.6799355678918
1604559561.90693 -103.456809997559 -314.801330566406 34.4005088806152 -0.0516799133990707 -0.0460104384538735 0.729547249667849 0.680421219985403
1604559562.11709 -103.46549987793 -313.759582519531 34.3196182250977 -0.0515462388428357 -0.0455586789041472 0.729311707065572 0.680714202859591
1604559562.30734 -103.46997833252 -312.743530273438 34.2392501831055 -0.0502822776967907 -0.0444372505392185 0.729566175868704 0.680610180898326
1604559562.6071 -103.514915466309 -311.207855224609 34.1878967285156 -0.0524575896147314 -0.0472465155052286 0.730177431956514 0.67960053408294
1604559562.80716 -103.521194458008 -310.210540771484 34.1044502258301 -0.0507474337860046 -0.046785819269716 0.730115857672127 0.679828374999963
1604559563.00715 -103.538726806641 -309.205108642578 34.0692901611328 -0.052103251419987 -0.0468998045949514 0.729852358003771 0.680000878702929
1604559563.20746 -103.548126220703 -308.231994628906 33.9748916625977 -0.0531590165850824 -0.0475520903081045 0.729476569040961 0.680277041273086
1604559563.40693 -103.562355041504 -307.267120361328 33.8962326049805 -0.0551596177612248 -0.0471400232554947 0.729377409510546 0.680252768661468
1604559563.60717 -103.565658569336 -306.305328369141 33.8393745422363 -0.0516321332111791 -0.0452131200656015 0.728999833002926 0.681064710637472
1604559563.80725 -103.580619812012 -305.362152099609 33.7935981750488 -0.0518707318830677 -0.0424563459732074 0.729116343756866 0.681099290211888
1604559564.10666 -103.592613220215 -303.982879638672 33.6597480773926 -0.0558177076879512 -0.0466386790319899 0.728354205607061 0.681329118929406
1604559564.30636 -103.60718536377 -303.060424804688 33.6384201049805 -0.0584505167474424 -0.0440108245793928 0.72791922197482 0.681747893793132
1604559564.60684 -103.614158630371 -301.69189453125 33.5062942504883 -0.0537378693039528 -0.0420709855696024 0.728268701560169 0.681884867044092
1604559564.80651 -103.650016784668 -300.785034179688 33.4365005493164 -0.0584927040446982 -0.0432347184691139 0.727848784805142 0.681869129049053
1604559565.10674 -103.625244140625 -299.501586914062 33.2833518981934 -0.0550859613598374 -0.0438678535375973 0.727269581197101 0.682729891357087
1604559565.30674 -103.652145385742 -298.636871337891 33.2263031005859 -0.0559375241837026 -0.0442124370278469 0.727435701581245 0.682461393681179
1604559565.50643 -103.653587341309 -297.781799316406 33.1916847229004 -0.0540763094565381 -0.0439550717535436 0.727533687245919 0.682523580797806
1604559565.80686 -103.670234680176 -296.472045898438 33.0990562438965 -0.0587737416414983 -0.0444422509541528 0.727535271760484 0.682101870667413
1604559566.0065 -103.681907653809 -295.636962890625 33.0440979003906 -0.0585745487175906 -0.0448077234057527 0.728406672251268 0.681164451498724
1604559566.20741 -103.668495178223 -294.814697265625 32.999698638916 -0.0531572288596374 -0.042263331795756 0.728277252534296 0.681909351194558
1604559566.50706 -103.700897216797 -293.587799072266 32.8753776550293 -0.0561726232934189 -0.0455041757099784 0.728054349386122 0.681697052014487
1604559566.70711 -103.713302612305 -292.778442382812 32.8356399536133 -0.0563742168680541 -0.0464683361435123 0.727877554105018 0.681804156366521
1604559566.90733 -103.706954956055 -291.9794921875 32.7823028564453 -0.053841765955156 -0.0440867202083478 0.728113506894902 0.681915058066112
1604559567.10721 -103.718688964844 -291.164794921875 32.7111701965332 -0.0546170988118744 -0.0449423584894276 0.727566086715151 0.682381672081529
1604559567.30687 -103.728660583496 -290.339447021484 32.6639060974121 -0.0549594569338812 -0.0441841503145364 0.727154882583746 0.682841852619721
1604559567.50685 -103.72639465332 -289.510986328125 32.5911140441895 -0.0552431422330238 -0.0426012785190774 0.727105599858332 0.682972014770311
1604559567.80694 -103.729583740234 -288.259368896484 32.4970932006836 -0.0547889642855985 -0.0430226766754345 0.726530269074511 0.68359416820414
1604559568.00701 -103.727851867676 -287.418701171875 32.429443359375 -0.0540455656532709 -0.0410461678818724 0.726256687189501 0.684065430531292
1604559568.30709 -103.755569458008 -286.116668701172 32.3493270874023 -0.0565896235991309 -0.0461528966627293 0.726290378673418 0.683498215416084
1604559568.50698 -103.74446105957 -285.252380371094 32.2823867797852 -0.0543597523010083 -0.0424522160918933 0.726007152037078 0.684219586002674
1604559568.70704 -103.741592407227 -284.374328613281 32.1810989379883 -0.0547212734350956 -0.0413318268690919 0.725757823427227 0.684523808245907
1604559568.90737 -103.75178527832 -283.488983154297 32.0975646972656 -0.056441332987241 -0.0426173180023197 0.725205182171138 0.684890928461634
1604559569.20668 -103.765167236328 -282.148406982422 32.0341987609863 -0.0546477904434627 -0.0444147645680405 0.725718497727691 0.684378265101892
1604559569.40651 -103.771194458008 -281.231292724609 31.9705371856689 -0.0550205169906441 -0.0447219228995346 0.7252410014665 0.684834419487016
1604559569.70655 -103.761581420898 -279.85400390625 31.8536033630371 -0.0555587239053591 -0.044212627058364 0.724436471711763 0.685675047132692
1604559569.90673 -103.764877319336 -278.921051025391 31.7564067840576 -0.0561597945417239 -0.0455100788952113 0.724336938552336 0.685646344440494
1604559570.2065 -103.776252746582 -277.529357910156 31.7208976745605 -0.0554921889264568 -0.0437151613136864 0.724400526936302 0.685750303108848
1604559570.40691 -103.748100280762 -276.57958984375 31.6349201202393 -0.0543086953761696 -0.0444054934132052 0.72409489998451 0.686123380725136
1604559570.60666 -103.765647888184 -275.620391845703 31.5638446807861 -0.0541937144133596 -0.0461741794264542 0.724186526112378 0.685918990748662
1604559570.80666 -103.75080871582 -274.664947509766 31.481273651123 -0.0544272021240005 -0.0453269564015009 0.724319879334602 0.685816199205762
1604559571.00639 -103.736236572266 -273.680908203125 31.3862609863281 -0.0551162382990567 -0.0437837433021579 0.724825715820379 0.685326831361277
1604559571.20658 -103.760971069336 -272.693084716797 31.2946147918701 -0.0579052198410029 -0.0423580582435708 0.725806639080782 0.684147281718826
1604559571.50646 -103.785758972168 -271.192260742188 31.2715873718262 -0.0580155376708154 -0.0432751109903998 0.727195186930703 0.682604294055022
1604559571.70683 -103.779098510742 -270.215148925781 31.1640491485596 -0.0552689259989447 -0.0419805181538613 0.727744640882769 0.682327428424848
1604559571.90662 -103.79557800293 -269.204040527344 31.0478935241699 -0.0555321847867521 -0.0487547183127388 0.728919817928045 0.680599039763355
1604559572.10644 -103.807197570801 -268.203247070312 30.972635269165 -0.054880261698663 -0.0459547832451171 0.729286648324232 0.680453745194182
1604559572.3064 -103.816581726074 -267.207305908203 30.8686847686768 -0.0535917354281908 -0.0451809835375772 0.730011889581102 0.679830306540243
1604559572.60657 -103.840103149414 -265.682250976562 30.7796401977539 -0.0549913770849219 -0.0445892399976329 0.730121721484999 0.679639625050305
1604559572.80661 -103.858192443848 -264.663391113281 30.6851425170898 -0.0548227759226197 -0.0453639915782588 0.730273223645175 0.679439173388693
1604559573.00658 -103.869979858398 -263.642700195312 30.610818862915 -0.0543231434888536 -0.0449649585912561 0.73068394821177 0.67906414748979
1604559573.20652 -103.87622833252 -262.6123046875 30.5142211914062 -0.0538014646096243 -0.0425855545376893 0.730986368412329 0.678933577123662
1604559573.50676 -103.912971496582 -261.037231445312 30.4116172790527 -0.0556585768095486 -0.0416949300150249 0.730935780662966 0.67889361477716
1604559573.70685 -103.926818847656 -259.990539550781 30.3195381164551 -0.0538899207989104 -0.0380500749109739 0.731115467616558 0.679056876297839
1604559574.00657 -103.967208862305 -258.407897949219 30.2391223907471 -0.0555563881832946 -0.0403328622731133 0.732076131959146 0.677754590518294
1604559574.20728 -103.984008789062 -257.361541748047 30.120532989502 -0.0542392222915364 -0.0414173800289927 0.732153048448796 0.677712786543
1604559574.40713 -104.010108947754 -256.318328857422 30.0409393310547 -0.0523440303584464 -0.0400524997163357 0.732356743754563 0.67772376351248
1604559574.60744 -104.028205871582 -255.240753173828 29.939245223999 -0.0527085381620057 -0.0364120552003728 0.732244061653619 0.67802257072602
1604559574.80815 -104.059112548828 -254.200897216797 29.8363246917725 -0.0521943415904475 -0.0393840767056034 0.732596808842787 0.677514989414516
1604559575.10646 -104.103462219238 -252.621856689453 29.771354675293 -0.0506213767366655 -0.0420590683231271 0.733645953926104 0.676337286623274
1604559575.30639 -104.132041931152 -251.5439453125 29.6920318603516 -0.0523565924275197 -0.037987688975803 0.733066513023136 0.677074006442248
1604559575.50647 -104.152168273926 -250.482803344727 29.5998001098633 -0.0497771495812511 -0.0375552183950856 0.733301945384894 0.677037737386619
1604559575.70658 -104.172264099121 -249.403259277344 29.4860458374023 -0.0512583306470218 -0.0363709576029983 0.733004735127229 0.677313660915962
1604559576.00661 -104.205993652344 -247.806121826172 29.3878650665283 -0.0504164896543719 -0.0368034823859515 0.731814426582282 0.678639319743002
1604559576.20658 -104.221008300781 -246.754302978516 29.2891082763672 -0.0497328658686378 -0.0339082183803215 0.73090751780355 0.679816942416867
1604559576.40662 -104.243202209473 -245.67756652832 29.2211971282959 -0.052501209685856 -0.0355148262673914 0.730194008126828 0.680293341575821
1604559576.60647 -104.244667053223 -244.633193969727 29.1278877258301 -0.0507272802268354 -0.0340892773684026 0.72960614852756 0.681131068326844
1604559576.90674 -104.277542114258 -243.044570922852 29.0254516601562 -0.0544296292143155 -0.0382020415783109 0.729231254654886 0.681028484512434
1604559577.10655 -104.28849029541 -242.017044067383 28.9481773376465 -0.0516912914065802 -0.0371796243038226 0.728840945425307 0.681715895517254
1604559577.30699 -104.291023254395 -240.994262695312 28.8538208007812 -0.0511491478344544 -0.0343389323746302 0.728173121942294 0.682618859159335
1604559577.60704 -104.315818786621 -239.423065185547 28.7190933227539 -0.0567086884597517 -0.0378524603143373 0.728050777414337 0.682124168614268
1604559577.9071 -104.313018798828 -237.910369873047 28.5377502441406 -0.051769741225792 -0.0347156164013181 0.728067609065404 0.682665567097886
1604559578.20751 -104.347236633301 -236.34846496582 28.4857044219971 -0.05154968141663 -0.0390084343605483 0.72784672984152 0.682685952875543
1604559578.50737 -104.352851867676 -234.848754882812 28.356294631958 -0.0507370811396994 -0.0398966317823367 0.727618828436831 0.682938392444049
1604559578.70738 -104.365447998047 -233.850952148438 28.2646923065186 -0.0524874196905356 -0.041743058239835 0.727512609009913 0.682808898297763
1604559579.00698 -104.354866027832 -232.309478759766 28.1636085510254 -0.0503703003199832 -0.0374536269304819 0.727067537620316 0.683690613080331
1604559579.20698 -104.363319396973 -231.289627075195 28.1181526184082 -0.0495838295667573 -0.0367240350660324 0.726489995654132 0.684401253146444
1604559579.50738 -104.356567382812 -229.788314819336 27.9365329742432 -0.0489118645364931 -0.0360507452235539 0.726395347467171 0.684585840091977
1604559579.70706 -104.353118896484 -228.751235961914 27.8944072723389 -0.0472447188802242 -0.033089507792416 0.726330607418699 0.684921068254414
1604559579.90735 -104.348030090332 -227.717407226562 27.8013858795166 -0.0434341857848462 -0.030061162173622 0.726237142822471 0.685411854594763
1604559580.20703 -104.352920532227 -226.168487548828 27.7168865203857 -0.0464174553932638 -0.0316707470967824 0.725716036480225 0.685695718237017
1604559580.40696 -104.33332824707 -225.145095825195 27.6170845031738 -0.0425859417358405 -0.0301609408685528 0.724633179393061 0.687156103469291
1604559580.60713 -104.321067810059 -224.12223815918 27.5318126678467 -0.0418768388061201 -0.0305111195256568 0.723872418835983 0.687985554503465
1604559580.80745 -104.303901672363 -223.100952148438 27.4510269165039 -0.0401757396473351 -0.0289065566909858 0.722704719698881 0.689382483857128
1604559581.50687 -101.945877075195 -219.371109008789 30.6820125579834 -0.0289458679953589 -0.0227388727562905 0.714318728017389 0.698851797733531
1604559581.80655 -101.875068664551 -217.807205200195 30.6119327545166 -0.028099748489779 -0.0280766153830447 0.712683264673145 0.700360387270919
1604559582.10671 -101.789627075195 -216.298156738281 30.4740943908691 -0.0236702180185859 -0.0230363498804652 0.710498312491085 0.702923321074538
1604559582.80706 -100.85319519043 -212.692123413086 32.1716423034668 -0.0210814590282689 -0.021305667338193 0.701675908165229 0.71186554947196
1604559583.40692 -100.241325378418 -209.627899169922 33.2339935302734 -0.0123200492776443 -0.0202569859732894 0.691786629396663 0.72171263692212
1604559583.71678 -100.079132080078 -208.08708190918 33.120288848877 -0.0165747021299621 -0.0239284955187754 0.688048849681718 0.725080331275904
1604559584.20691 -99.5876235961914 -205.54541015625 33.8559112548828 -0.0117618116376087 -0.0220618319944398 0.68159228058511 0.731304928468857
1604559585.30758 -98.6239471435547 -200.010345458984 34.1338348388672 0.000199255439198975 -0.0160543727766766 0.666047416689488 0.745736586291216
1604559585.60721 -98.3703155517578 -198.518524169922 34.0837669372559 -0.000176216342002942 -0.0153991294359018 0.661587306320872 0.749709991847187
1604559585.90733 -98.0747375488281 -197.04313659668 34.0712509155273 0.00112726452796927 -0.014983896415103 0.657148631408037 0.753611231578623
1604559586.40749 -97.5235824584961 -194.77961730957 34.2973861694336 0.00267785501899388 -0.0149531639803199 0.646520532761849 0.762745326237277
1604559586.70737 -97.2089462280273 -193.427398681641 34.3425216674805 0.00102759625820752 -0.0122639129139918 0.640188542823459 0.768119242125559
1604559587.2065 -96.5713272094727 -191.269638061523 34.4940719604492 0.00228892536202753 -0.0168570613843457 0.627347462466886 0.778553634400695
1604559587.5067 -96.1806411743164 -189.946563720703 34.4500846862793 0.00496277398096604 -0.0188307441214464 0.618867182657233 0.78525421627658
1604559588.1069 -95.2749481201172 -187.332092285156 34.5633239746094 0.00484916415121334 -0.0187051277155362 0.606959770555289 0.794497602722407
1604559588.40757 -94.8391647338867 -186.024551391602 34.5366897583008 0.000798623759890944 -0.0199469292774547 0.601985825032678 0.798257194563391
1604559588.60721 -94.5647583007812 -185.225219726562 34.5489082336426 0.0125457281425665 -0.0307378627942884 0.597942785975013 0.800850930696002
1604559589.20746 -93.5641708374023 -182.741500854492 34.4834671020508 -0.00170046657554927 -0.0234136966779421 0.587402543832487 0.808954361333458
1604559589.50742 -93.0944519042969 -181.508056640625 34.5040855407715 -0.0101656607754519 -0.00807642839572328 0.581338741535143 0.813558048473312
1604559590.00758 -92.2662200927734 -179.613525390625 34.4222106933594 0.000829900693111738 -0.0320795612209207 0.570277422959464 0.820825117719619
1604559590.20719 -91.8970031738281 -178.806991577148 34.405387878418 -0.00471802500869958 -0.0269303853371574 0.564870636595477 0.824726414332553
1604559590.70726 -90.9906692504883 -176.907791137695 34.344970703125 -0.00839805302708986 -0.029730191276805 0.552815802007933 0.832730615194568
1604559590.9073 -90.6113510131836 -176.164703369141 34.3265609741211 -0.00680214462781531 -0.0310137449000094 0.548873435214219 0.835302239055949
1604559591.20675 -90.0506134033203 -175.076629638672 34.2183456420898 -0.00949443915699523 -0.0328817495897459 0.544272149652935 0.838210279870859
1604559591.50647 -89.4599151611328 -173.94157409668 34.1845588684082 -0.0108591517694815 -0.0328182630813197 0.540266670009995 0.840783542719221
1604559591.80669 -88.8662872314453 -172.820297241211 34.1563453674316 -0.0131578676833604 -0.0356491598424102 0.536540377997626 0.843018641963938
1604559592.10652 -88.2411727905273 -171.681503295898 34.0851440429688 -0.0151875202698653 -0.033008916394622 0.532103047968069 0.845899578560952
1604559592.40798 -87.6300735473633 -170.565963745117 33.9648056030273 -0.0160535857861738 -0.0357611391687278 0.528250626255571 0.848183175481191
1604559592.70667 -86.9699935913086 -169.390441894531 33.9542045593262 -0.0166487674148485 -0.0369129064869626 0.525641310120516 0.849742001417512
1604559593.30683 -85.6928024291992 -167.115509033203 33.7982864379883 -0.0211144087491582 -0.0404975507551049 0.521647832497976 0.851937596879123
1604559593.60661 -85.0363235473633 -165.974456787109 33.7859230041504 -0.0253640958714088 -0.0395906639724602 0.519779565098641 0.853005536718674
1604559593.90665 -84.3920211791992 -164.878128051758 33.7294807434082 -0.0245252422331769 -0.0395356776297374 0.517455696880271 0.854444289848036
1604559594.60733 -82.9951248168945 -162.432922363281 33.5402908325195 -0.0307112300229983 -0.0416143750323557 0.512913074760383 0.856881113037853
1604559594.90862 -82.3789291381836 -161.415618896484 33.5361976623535 -0.0342872408294501 -0.0466955036414211 0.513514756079292 0.856122952819747
1604559595.70831 -80.9303207397461 -158.750198364258 33.2947807312012 -0.0417974216195539 -0.0463188198567565 0.525652293905086 0.8484086329036
1604559596.0073 -80.4060211181641 -157.746109008789 33.273811340332 -0.0444382004702514 -0.0473670275513321 0.533022112963512 0.843604787878679
1604559596.30655 -79.9345092773438 -156.776382446289 33.244010925293 -0.0477430150427486 -0.0501061315863613 0.540445188127872 0.8385278640102
1604559596.90687 -79.0981826782227 -154.97331237793 32.9670066833496 -0.0526872571083632 -0.0501618650989656 0.55616151823107 0.827884174185678
1604559597.50656 -78.4443664550781 -153.385787963867 32.7494773864746 -0.046847290506058 -0.0515904635890312 0.573809183191931 0.816018858068561
1604559597.80692 -78.1482391357422 -152.574890136719 32.7298202514648 -0.0439400722132031 -0.0537232239765425 0.584206919542088 0.808631782963426
1604559598.00689 -77.9530792236328 -152.014923095703 32.7207489013672 -0.0418753745850109 -0.0555109979376384 0.591553783208129 0.803261541270016
1604559598.60688 -77.4377517700195 -150.313262939453 32.4805335998535 -0.0311101335105029 -0.0538426713790256 0.616080659826757 0.785224647422097
1604559599.20683 -77.0107192993164 -148.542846679688 32.4448547363281 -0.0200490100963606 -0.0510381142460871 0.643864542388847 0.763172063916624
1604559599.60758 -76.8252868652344 -147.389892578125 32.4574584960938 -0.0165045019310097 -0.0525739963696122 0.662936019918082 0.746645437819658
1604559599.80658 -76.7431945800781 -146.8291015625 32.4479484558105 -0.01372519512942 -0.0534489988726431 0.672435003539649 0.73809619261503
1604559600.50675 -76.6343688964844 -144.931549072266 32.2671127319336 -0.0106617433141929 -0.0552810253310046 0.705123299323609 0.706846141829213
1604559600.90658 -76.6475143432617 -143.826461791992 32.2569961547852 -0.00520553478674538 -0.0502348426111812 0.724266337126983 0.687668260064457
1604559601.50717 -76.7947616577148 -142.183654785156 32.0567741394043 -0.00643489578011333 -0.0497802388649273 0.748603201167695 0.661115547492516
1604559601.90717 -76.9459381103516 -141.042404174805 32.0631790161133 -0.00784286599469793 -0.0497813391396124 0.762852303365241 0.644605826049379
1604559602.10686 -77.0186767578125 -140.506866455078 32.0636940002441 -0.00797931405054611 -0.049648342741529 0.768328374958977 0.638077488118176
1604559602.80662 -77.300163269043 -138.877670288086 31.8418064117432 -0.00838248122146813 -0.0490217564997223 0.780137986745043 0.623627551536688
1604559603.50738 -77.6021423339844 -137.412551879883 31.6212005615234 -0.00802844253841467 -0.0466952618997102 0.784647389467954 0.618129089129163
1604559603.80714 -77.7198333740234 -136.802856445312 31.6125583648682 -0.00851691983929102 -0.0437515670867046 0.783857620528606 0.619338754796711
1604559604.20754 -77.838981628418 -136.048263549805 31.5891723632812 -0.00720683351063183 -0.0400890202207035 0.782652963963937 0.621124198535977
1604559604.9072 -78.0534591674805 -134.940124511719 31.359224319458 -0.0055962143868088 -0.0424297257995827 0.778739338363117 0.625886126734636
1604559605.60705 -78.2253875732422 -133.828918457031 31.149040222168 9.26566734420278e-05 -0.0464767236209795 0.771488285622462 0.634543718528136
1604559606.00689 -78.3087310791016 -133.092910766602 31.1250076293945 0.00198511472847833 -0.0470659607675028 0.765935231457937 0.641189578726935
1604559606.30714 -78.3654479980469 -132.49951171875 31.1446266174316 0.00153741755863165 -0.0482954680150714 0.760031443805104 0.648087485254873
1604559606.90752 -78.4813766479492 -131.365829467773 30.9130992889404 0.000919494240085899 -0.0487631332294368 0.747572846828407 0.662386707334063
1604559607.70707 -78.4938125610352 -129.726318359375 30.7039184570312 0.00294510440333256 -0.0459647922199042 0.721863863028295 0.690500635401663
1604559608.10726 -78.4080123901367 -128.837463378906 30.6902561187744 0.00233967147760759 -0.044436443596921 0.704152579779941 0.708652998869749
1604559608.40747 -78.3135147094727 -128.128112792969 30.7113246917725 0.00206891393841326 -0.0451387232725882 0.687451478150096 0.724823206337714
1604559608.7071 -78.1570816040039 -127.373741149902 30.7080860137939 0.00170792421369014 -0.045779058090974 0.667224919747229 0.743446210094239
1604559609.40746 -77.5967254638672 -125.453987121582 30.5232639312744 0.000210147952419051 -0.0492737346156961 0.605352891230859 0.794430570908056
1604559609.90728 -76.8848495483398 -124.055068969727 30.5087032318115 -0.0022639781701737 -0.0521733032834985 0.550263790266763 0.833356215521664
1604559610.20711 -76.3598480224609 -123.264183044434 30.5191478729248 -0.00293819607158071 -0.0488393562825425 0.515566835460052 0.855451297535669
1604559610.50738 -75.7936172485352 -122.517532348633 30.5555744171143 -0.00311146123024258 -0.0487336215248743 0.484706940748983 0.873312392292612
1604559611.20753 -74.4754943847656 -120.951026916504 30.3688468933105 -0.00129890421984554 -0.0504042697652987 0.433702601600353 0.899644249579988
1604559611.60755 -73.6631088256836 -120.098983764648 30.3939476013184 -0.000752991026226588 -0.0510352506274888 0.420618067549004 0.90580090386864
1604559611.80751 -73.2492065429688 -119.687324523926 30.4312229156494 0.0013292383414087 -0.0500860582732075 0.418782194128049 0.906703421066327
1604559612.40714 -72.2294616699219 -118.446243286133 30.237678527832 0.000567916797786849 -0.0532891741786203 0.431167264592494 0.900696803219428
1604559612.80752 -71.5569076538086 -117.613990783691 30.2762584686279 0.00257753716943475 -0.0557661168373286 0.44963606431382 0.891465594503458
1604559613.51699 -70.6508102416992 -116.091209411621 30.0895538330078 -0.00197667762492134 -0.0577246855734979 0.496771659856672 0.865957199510608
1604559613.90707 -70.2192687988281 -115.178268432617 30.1295280456543 -0.00746787675995753 -0.0607258578982719 0.528209931752469 0.846906647156149
1604559614.30654 -69.8038177490234 -114.206512451172 30.1886234283447 -0.00963662339241892 -0.059082749471884 0.558982320008997 0.82701579798804
1604559614.70669 -69.4719314575195 -113.169372558594 30.1768627166748 -0.012765846657895 -0.0585659795144206 0.591593557646231 0.804005050826237
1604559615.20704 -69.1585540771484 -111.795478820801 30.1717090606689 -0.015624275045758 -0.0588117102713869 0.631972141135488 0.772598393470292
1604559615.60661 -69.0012435913086 -110.639579772949 30.1850337982178 -0.0167018546516873 -0.0579034886913185 0.665358305206568 0.744087736588376
1604559616.00683 -68.9275054931641 -109.459442138672 30.1624126434326 -0.0179283058784419 -0.0539989451108496 0.697331204935162 0.714487145020063
1604559616.30729 -68.9613418579102 -108.554473876953 30.1566009521484 -0.0213760185007791 -0.0542826822340252 0.721068519141528 0.690403249518408
1604559616.60736 -69.0410614013672 -107.628089904785 30.1720733642578 -0.0207017978515262 -0.0516311223744551 0.742962516454257 0.667017512447782
1604559617.00746 -69.2567672729492 -106.344886779785 30.0967884063721 -0.0234256096347478 -0.049612159480954 0.768704353550611 0.637246805623389
1604559617.30769 -69.4570999145508 -105.337028503418 30.0532112121582 -0.0246399696877358 -0.0496997390438218 0.783800912356766 0.618529657834985
1604559618.00725 -70.1804504394531 -102.82878112793 29.6919937133789 -0.0217305576621627 -0.0452778079004083 0.810088113900956 0.584153191116694
1604559618.407 -70.690055847168 -101.241271972656 29.6352691650391 -0.0300233061472267 -0.0485326862823638 0.815921873080051 0.575338749329253
1604559619.30718 -71.8816680908203 -97.4904479980469 29.1932373046875 -0.0315308707849424 -0.0488192369984937 0.817751242064956 0.572630240545895
1604559619.80762 -72.6014633178711 -95.1880416870117 29.1038265228271 -0.0313324030632486 -0.0503140695394723 0.817038703731282 0.573528143624849
1604559620.10746 -72.9707641601562 -93.7992248535156 28.9474868774414 -0.0322441551990973 -0.0486338525105575 0.815395577223129 0.575955827725042
1604559620.50757 -73.5582275390625 -91.874137878418 28.8744316101074 -0.0362710301883852 -0.0493432293357741 0.814788244955431 0.576515198386165
1604559620.80728 -73.9740829467773 -90.4507827758789 28.7360591888428 -0.0365108411195727 -0.044103007516117 0.813808843541716 0.578305325396601
1604559621.20687 -74.5168151855469 -88.5113677978516 28.620325088501 -0.0340420658243393 -0.0473121824491593 0.811802458087203 0.581015889791221
1604559621.60683 -75.0501327514648 -86.5461044311523 28.5135631561279 -0.0355209304621641 -0.0503972821128156 0.810318380810173 0.582737075511694
1604559622.00665 -75.5837326049805 -84.5727005004883 28.4332599639893 -0.033212513565379 -0.048092281748241 0.810620901568176 0.582647247757779
1604559622.60679 -76.4214630126953 -81.6239318847656 28.2181205749512 -0.0368200071293568 -0.0426439951210566 0.81148910842983 0.581645255851769
1604559623.00677 -76.988883972168 -79.6762847900391 28.1122264862061 -0.0346979705707198 -0.0428185768845945 0.813162862453474 0.579421072656427
1604559623.30662 -77.4339599609375 -78.2203598022461 28.0092220306396 -0.0361681012899707 -0.0460877372677197 0.814605209010618 0.577049514665239
1604559624.40676 -79.1088943481445 -72.9830169677734 27.3237648010254 -0.0415161333414596 -0.0497834382610922 0.815115567742418 0.575660169866939
1604559625.00716 -79.9457168579102 -70.0947570800781 27.1420421600342 -0.0408531903211241 -0.0469526620974055 0.814684783429963 0.576554566377049
1604559625.30688 -80.3558807373047 -68.692268371582 27.0420761108398 -0.0387096948916275 -0.0454831396720062 0.814423268312365 0.57718938274918
1604559626.40674 -82.0006332397461 -63.5551223754883 26.3461399078369 -0.042496863417814 -0.0479568012666963 0.813708049909695 0.57773122758258
1604559627.00663 -82.7962875366211 -60.7763290405273 26.132345199585 -0.0410697232114476 -0.0449514149426629 0.81491526163519 0.57637293871593
1604559627.50754 -83.4643325805664 -58.4903373718262 25.9337196350098 -0.0408023833823989 -0.0393476547321998 0.817227397536531 0.573520974588603
1604559627.70754 -83.7481384277344 -57.606761932373 25.9028835296631 -0.0384297613518344 -0.0391029713835089 0.818475291062343 0.571919844901219
1604559628.41671 -84.7318954467773 -54.7024421691895 25.2703990936279 -0.0380718323614336 -0.0387672296852965 0.815322210283009 0.57645236655113
1604559628.70678 -85.0554046630859 -53.5307273864746 25.1325988769531 -0.0353479425919295 -0.0380240903089668 0.814725764080555 0.577517636833759
1604559630.00683 -86.5812530517578 -48.6772842407227 24.3923416137695 -0.0315320099988436 -0.0400721725404644 0.814212015402198 0.578324085014631
1604559630.50699 -87.1013031005859 -46.9307098388672 24.2864227294922 -0.030393098410086 -0.0463879977969334 0.815157747760859 0.576578060192087
1604559630.90699 -87.5675048828125 -45.3873558044434 24.1924018859863 -0.0661464608300436 -0.0241329121799638 0.815550380282816 0.574386477460889
1604559631.70724 -88.5656051635742 -42.4750862121582 23.3809127807617 -0.0291358422681282 -0.0541097782656754 0.822390942478228 0.565593822739551
1604559632.20732 -89.2550811767578 -40.3368263244629 23.27880859375 -0.0405326484732445 -0.0363719736745269 0.822306067008299 0.566433505453294
1604559632.40786 -89.5150833129883 -39.4698143005371 23.2154655456543 -0.0414559916791914 -0.032978747402872 0.821835671357579 0.567256496003237
1604559633.00755 -90.3978042602539 -36.8409385681152 22.5797061920166 -0.0385961823971139 -0.034960222713835 0.822284723793389 0.566688583393205
1604559633.40743 -90.9916687011719 -35.0024185180664 22.3838081359863 -0.0397746334690972 -0.032314823662124 0.82316972350564 0.565477972168442
1604559633.70764 -91.4575576782227 -33.6091194152832 22.3132057189941 -0.0414760249414626 -0.0360095955226066 0.823315623175942 0.564919846544414
1604559634.40664 -92.5402145385742 -30.3511142730713 21.6320648193359 -0.0438409380808849 -0.0287646278171058 0.822030333237064 0.567024425904998
1604559634.90688 -93.3098678588867 -27.9553699493408 21.3911838531494 -0.0436733195643949 -0.0392577813014674 0.822786632247105 0.565308434008355
1604559635.50705 -94.2079849243164 -25.074556350708 20.7902507781982 -0.045644871836369 -0.0345857690719606 0.820785044701309 0.568359288344453
1604559636.10711 -95.0948333740234 -22.1359100341797 20.5186939239502 -0.0471452708033889 -0.0370571009620196 0.817275553953632 0.573118455137286
1604559636.40837 -95.5291290283203 -20.6545066833496 20.3400917053223 -0.0420767945078138 -0.0275943710739564 0.817419333873087 0.573841203347632
1604559636.60727 -95.8353271484375 -19.6756381988525 20.2468719482422 -0.0458807195370243 -0.0281860437863941 0.818146258782888 0.572483367225634
1604559637.40706 -96.9973831176758 -15.7177495956421 19.5321731567383 -0.0406673629055359 -0.0286328513450731 0.81906720064908 0.571537615769111
1604559637.80667 -97.5971908569336 -13.7442817687988 19.388708114624 -0.0355215753045002 -0.0269686897254348 0.818060532276666 0.573400272927731
1604559638.10764 -98.0352783203125 -12.2596445083618 19.2034645080566 -0.0392623775390397 -0.0274270216390455 0.817821564599274 0.573475468237647
1604559638.80696 -99.0155868530273 -8.84972953796387 18.5947151184082 -0.039729149360632 -0.021459033276162 0.816472812220318 0.575615541387634
1604559639.80746 -100.313613891602 -3.9660120010376 17.8211345672607 -0.0335793674708313 -0.0168746426298801 0.807887907952525 0.588136719394789
1604559640.20741 -100.766860961914 -2.01500296592712 17.6016330718994 -0.0318960629987255 -0.0150583869841278 0.804572810499323 0.592805599460598
1604559640.50763 -101.120162963867 -0.543569147586823 17.5041351318359 -0.0315155982875318 -0.00740473478480885 0.803011788339989 0.595083191456756
1604559641.00741 -101.608787536621 1.84576499462128 16.9227695465088 -0.0301049244592327 -0.00208439424144288 0.800206127999921 0.598965359211469
1604559641.40727 -102.008392333984 3.81686735153198 16.7153549194336 -0.0250908826447432 0.00334649705056521 0.795776289608512 0.605061439411328
1604559641.80678 -102.398597717285 5.77957105636597 16.5325107574463 -0.0238193646520899 0.0029974928626742 0.790309537489887 0.612237280681788
1604559642.10672 -102.65665435791 7.24961090087891 16.3901901245117 -0.0167682954934686 0.00640808287314345 0.784942746831327 0.619308198667696
1604559642.70704 -103.031356811523 10.173397064209 15.8022718429565 -0.0156187958115271 0.0147328685116196 0.774639490568094 0.632038492067707
1604559643.40699 -103.35986328125 13.6572351455688 15.1820011138916 -0.0101998258046375 0.0165660408715031 0.760101557476954 0.649513011543655
1604559644.00725 -103.540237426758 16.6911582946777 14.9098443984985 -0.00779501827616923 0.0190092835112955 0.745573844764866 0.666106242901984
1604559644.40697 -103.596611022949 18.7622737884521 14.7236223220825 -0.010303645007081 0.0188745726583904 0.736490044539513 0.676106500265096
1604559645.2075 -103.472801208496 22.8072566986084 13.9939308166504 0.000833218215505298 0.0342096560515889 0.72299659990496 0.690003566444482
1604559645.90772 -103.369903564453 26.2493534088135 13.6323585510254 0.00258366569447931 0.0322818177791868 0.708823280005628 0.704642296938322
1604559646.30715 -103.215225219727 28.22705078125 13.4002418518066 -0.00405816173997442 0.0259706532888016 0.699985241640926 0.713673397273529
1604559647.10718 -102.664901733398 32.1235008239746 12.6963968276978 -0.00341680115675124 0.0322301031256842 0.680753675398007 0.731795039170442
1604559647.50733 -102.375930786133 34.1429901123047 12.4821119308472 -0.00804801483583301 0.025626377040114 0.670331003781089 0.741575932475453
1604559648.2069 -101.589447021484 37.6467132568359 11.8014736175537 -0.00721138023151105 0.0341274074306884 0.652950464829368 0.756596990832192
1604559648.60716 -101.168174743652 39.6578788757324 11.5467157363892 -0.00610197398924075 0.0325032135053744 0.6479682453354 0.760949052211922
1604559649.10692 -100.570411682129 42.2101669311523 11.2583131790161 -0.0102158750199205 0.0300973769196227 0.641190751216018 0.766723029754014
1604559649.40778 -100.222358703613 43.7325859069824 11.0745487213135 -0.010909165227011 0.0312045311437353 0.638408531662435 0.76898752528943
1604559649.90728 -99.6052398681641 46.2852935791016 10.7537708282471 -0.0120560015700065 0.0272958602586864 0.639283879509855 0.768391638578734
1604559650.40724 -99.0121231079102 48.8647003173828 10.4711236953735 -0.0148190236119323 0.0260874289130727 0.6401181277439 0.767690448765346
1604559651.3072 -97.808967590332 53.5034103393555 9.63527774810791 -0.0145198549656072 0.025436075611015 0.641207034005773 0.766808789341129
1604559652.1069 -96.8734130859375 57.6450538635254 9.14477443695068 -0.024792233610416 0.0133344265229894 0.639502908004092 0.76827310826048
1604559652.50728 -96.3641815185547 59.7306365966797 8.92203235626221 -0.0267445186796332 0.0101026911064407 0.637463377086419 0.769950069307472
1604559653.40728 -95.0490264892578 64.3615875244141 8.09327507019043 -0.0253007074812833 0.0148848425831493 0.631957299057072 0.774447085236113
1604559654.10699 -94.0966491699219 67.9172973632812 7.76493072509766 -0.0216784312917924 0.0128441423360077 0.627354025269428 0.778326410063686
1604559654.60718 -93.3965301513672 70.3616638183594 7.54358434677124 -0.020779252935144 0.00411648955480294 0.62426320376377 0.780926840099504
1604559655.00697 -92.8110046386719 72.2696838378906 7.37867307662964 -0.0165078257476627 0.00871052639918422 0.618943562838612 0.785213655280891
1604559655.40752 -92.2204818725586 74.1298828125 7.1471004486084 -0.0108088818075631 0.0114232718916463 0.613920796578201 0.789210955614624
1604559655.80735 -91.6215438842773 75.9564056396484 7.00193071365356 -0.010113466206675 0.014661416208115 0.607374404477575 0.79421602443011
1604559656.30755 -90.8291549682617 78.2262954711914 6.70264291763306 -0.0145535644850856 0.0153797481668602 0.600235483360592 0.799543007987675
1604559657.10788 -89.2297210693359 81.8240737915039 5.99649381637573 -0.00979652375820585 0.0184882396379381 0.585665363076914 0.810282849139319
1604559657.50786 -88.461296081543 83.6425323486328 5.81416940689087 -0.0041842609800468 0.0187591806862855 0.57818563339917 0.815678832893701
1604559657.80747 -87.8835525512695 85.0156173706055 5.71482849121094 -0.00624014047569317 0.0184715667823362 0.572990360834097 0.819330158274832
1604559658.20742 -87.0750732421875 86.7622680664062 5.52345561981201 0.00137222275766908 0.0193446847742338 0.56504000614937 0.824835554293345
1604559658.60741 -86.2532577514648 88.5027694702148 5.33846759796143 0.000899655691394425 0.0214567521907234 0.557064212453332 0.830191701722446
1604559659.00758 -85.4017791748047 90.1924743652344 5.15655326843262 0.00464443376248925 0.0201596771915357 0.54699099020322 0.836882831277509
1604559659.40698 -84.5098495483398 91.8582000732422 4.98926687240601 0.0050600473473527 0.0174257128816516 0.534341710897122 0.845073769825419
1604559659.70699 -83.793212890625 93.070442199707 4.84701585769653 0.0010990375340665 0.017889388443612 0.52459916308831 0.851160666375425
1604559660.00712 -83.0627059936523 94.2751617431641 4.76326751708984 0.00496028578853826 0.0203600272019856 0.512621649291748 0.858358846598926
1604559660.30714 -82.3127670288086 95.4270935058594 4.56308650970459 -0.000399031153039985 0.020856362501492 0.502403779118586 0.864381452626506
1604559660.70688 -81.2773513793945 96.9352569580078 4.3630952835083 -0.000540712082077887 0.0254812826300221 0.487945217653397 0.872502078183859
1604559661.10738 -80.1954879760742 98.3815841674805 4.22708320617676 0.00528068335408992 0.0272601405368955 0.474142166202288 0.880010343888198
1604559661.50746 -79.1249923706055 99.7806701660156 4.0832691192627 0.00246151444869258 0.0215269395284646 0.465809545940804 0.884619691580274
1604559661.90732 -78.0248641967773 101.1328125 3.92882061004639 0.00616372651294484 0.0242931616526999 0.458408239809769 0.888388280228245
1604559662.20761 -77.2496719360352 102.085632324219 3.78613972663879 0.0051961796344028 0.0239327805945781 0.451319480251132 0.89202631602216
1604559662.60775 -76.2175216674805 103.270622253418 3.6836941242218 0.00503503968292012 0.0253595163459783 0.440467243593588 0.897396317480273
1604559662.90756 -75.5163269042969 104.07544708252 3.5246741771698 0.0111453796123976 0.00863724993170698 0.433401341891548 0.90109070313344
1604559663.80709 -72.9179306030273 106.30638885498 2.95299363136292 0.00544776759009966 0.0503971500434637 0.410136468509835 0.910614367498153
1604559664.20714 -71.9703903198242 107.249526977539 2.78002047538757 -0.00171030356875824 0.0395906136771372 0.401492501536484 0.915004606207175
1604559664.50739 -71.2548370361328 107.895492553711 2.6531867980957 0.00682791941694957 0.0283121277642022 0.394362670089178 0.918493270186577
1604559664.80696 -70.4662551879883 108.584365844727 2.54707169532776 0.0147921517481106 0.0228516378144383 0.385873234412062 0.922150118939553
1604559665.20692 -69.4379425048828 109.502967834473 2.4205334186554 0.0108105040036182 0.0191639738590046 0.377181731865076 0.925877862493958
1604559665.50717 -68.5911865234375 110.202919006348 2.31562328338623 0.0152986372319485 0.0205926617246911 0.369518135298407 0.928869335088378
1604559666.00711 -67.0888137817383 111.449401855469 2.10025763511658 0.00953847738886544 0.0221543303141226 0.358352927984239 0.933274548084623
1604559666.30757 -66.0983123779297 112.200843811035 2.01518321037292 0.0158754284214133 0.0226852401988401 0.349402457550957 0.936563544724494
1604559666.6075 -65.1261215209961 112.944396972656 1.85337698459625 0.0115604412852919 0.0174621551390536 0.3438361614318 0.938796103223183
1604559666.90753 -64.0927581787109 113.680732727051 1.76877498626709 0.0164852797650679 0.0216124345333359 0.336488181535502 0.941295300058138
1604559667.7073 -61.0473785400391 115.42756652832 1.08069980144501 0.0188658598863544 0.0216938347290016 0.315716271800608 0.948417994655217
1604559668.2077 -59.3173751831055 116.51879119873 0.903410375118256 0.0166445876867261 0.0230502141208864 0.301208013035314 0.953134501638168
1604559668.60747 -57.9015464782715 117.359130859375 0.756668925285339 0.0148961299013618 0.0232747467438704 0.288962735270925 0.956941444970755
1604559669.00776 -56.4879150390625 118.159797668457 0.572268605232239 0.013910384957199 0.0219824396981758 0.27679399520932 0.960577096203798
1604559669.30777 -55.4201812744141 118.730255126953 0.456277459859848 0.0122700571836896 0.0193766840831591 0.268097603430262 0.963118717939591
1604559669.70756 -53.7206344604492 119.338760375977 -0.0332294292747974 0.00675301076458038 0.0152827203196033 0.254553489900926 0.966914347853265
1604559670.20731 -51.8194885253906 120.200103759766 -0.219662994146347 0.00987438244539606 0.0217498717594139 0.236789544523706 0.971267291353944
1604559670.60693 -50.2526206970215 120.856918334961 -0.390946537256241 0.00573688957774108 0.018491980960231 0.224512089584182 0.974278941766003
1604559670.90728 -49.0631256103516 121.325019836426 -0.554352998733521 0.00738270239305497 0.0191227589132966 0.215024094956563 0.976393596038519
1604559671.50767 -46.3548278808594 122.111282348633 -1.10966777801514 0.00599400378632176 0.0180728286038904 0.192578693410873 0.98109677995039
1604559672.00768 -44.2551612854004 122.769416809082 -1.30359625816345 0.0013526976460923 0.0178762766724959 0.173761059006424 0.984624650978418
1604559672.30701 -42.9874954223633 123.10986328125 -1.4222149848938 0.00383787608808225 0.016967511823199 0.162066207257823 0.98662653456854
1604559673.10726 -39.362964630127 123.84839630127 -2.00334739685059 0.00236571848087427 0.0207528780643971 0.142784600868545 0.989533364360658
1604559673.70758 -36.8160934448242 124.423439025879 -2.26352143287659 -0.000221528523171176 0.0171482546359542 0.129770704740928 0.991395709330587
1604559674.10707 -35.1038436889648 124.764434814453 -2.43701124191284 -0.00742139488147646 0.0151868881613464 0.121294996457251 0.992472571490227
1604559674.40708 -33.8314895629883 124.994407653809 -2.54926156997681 -0.0015364614764611 0.00939678634260256 0.114425658289356 0.993386182920626
1604559674.80764 -32.147590637207 125.277481079102 -2.70877480506897 -0.00909845807791205 0.00828268977660606 0.107756463250248 0.994101181841399
1604559675.20749 -30.4091510772705 125.545402526855 -2.86013603210449 -0.0110949397236464 0.00957260669129551 0.100689583484349 0.994809969437083
1604559675.60758 -28.6078052520752 125.783531188965 -2.9638786315918 -0.0101948404963251 0.0090719982631671 0.0929084103937078 0.995581132481367
1604559676.10718 -26.2976169586182 126.076934814453 -3.11015772819519 -0.0196420849642351 0.00968961935129255 0.0839402815778024 0.996230058221355
1604559676.50724 -24.4095001220703 126.272193908691 -3.30574154853821 -0.0181055963279168 0.00972378057913743 0.0755033929518977 0.99693373557404
1604559676.90721 -22.4904823303223 126.433746337891 -3.46766686439514 -0.0131953776382495 0.00810756774525954 0.0686669009180837 0.997519426413614
1604559677.20729 -21.0271835327148 126.553443908691 -3.58387732505798 -0.0223601361193269 0.00783385439268801 0.0676645832491254 0.997426768846616
1604559677.60686 -19.0772819519043 126.687347412109 -3.71874070167542 -0.0198201458415547 0.00538509701249827 0.0653716868894565 0.997649590338317
1604559678.00742 -17.10471534729 126.858764648438 -3.79481172561646 -0.0201274834057249 0.000646949463949266 0.0652593623425842 0.997665114903184
1604559678.30734 -15.6478900909424 126.969833374023 -3.99673056602478 -0.0156055920418722 0.00315904234125789 0.06556395002997 0.997721331036365
1604559678.70733 -13.6827754974365 127.10816192627 -4.11595869064331 -0.0112207360500825 0.00319655677298176 0.0632996876375047 0.997926363341648
1604559679.40726 -10.0453109741211 127.122283935547 -4.64097547531128 -0.0109248086288064 0.00439020450823597 0.0566208305500027 0.998326327514519
1604559679.90747 -7.59912872314453 127.241119384766 -4.81304883956909 -0.0119173139127103 0.00277163272105974 0.0510948924502733 0.998618850035718
1604559680.30713 -5.62915134429932 127.33903503418 -4.8735671043396 -0.0148119275124353 -0.00151138586222223 0.0458227293068995 0.998838625602258
1604559681.30698 -0.662778496742249 127.259162902832 -5.52289915084839 -0.00907628670198879 -0.00156952724038143 0.0408914271440715 0.999121138195998
1604559681.9069 2.24594497680664 127.350997924805 -5.76502847671509 -0.00623536058867445 0.00272218404472215 0.0402599890896228 0.999166073919076
1604559682.2071 3.69933199882507 127.363883972168 -5.81589460372925 -0.00816773792591516 0.00214033712965829 0.0398941745872994 0.99916823500757
1604559682.5074 5.14512014389038 127.412490844727 -5.94229888916016 -1.86714268922769e-05 0.00436312220883835 0.0385001633336637 0.999249068170318
1604559683.5071 9.99949741363525 127.248718261719 -6.49627017974854 0.00731006958016041 0.0011397915647975 0.0355456712313716 0.999340667147411
1604559683.90705 11.7797479629517 127.266052246094 -6.63288497924805 0.00334807134820872 0.00420204766372097 0.0325988381039048 0.999454075467179
1604559684.30787 13.5083408355713 127.266845703125 -6.76263618469238 0.00589341056874144 0.00116177044731903 0.0276290237938688 0.999600197601768
1604559685.30759 17.761344909668 126.911064147949 -7.24541997909546 0.00407212838323051 -0.00217201986615108 -0.00580914278856377 0.999972476601328
1604559685.80753 19.7756824493408 126.674713134766 -7.33815097808838 0.000878239702249092 -8.12338611687667e-05 -0.0326556468174545 0.999466272981244
1604559686.30754 21.7524280548096 126.32006072998 -7.4372992515564 0.00544104884407407 0.000576149782042501 -0.0575013755702036 0.9983304336974
1604559687.40753 26.2622547149658 124.976020812988 -8.0007209777832 0.0146867056907953 -0.0057243243499276 -0.111836741416624 0.99360156806237
1604559688.20756 29.578929901123 123.756889343262 -8.23339080810547 0.0174112406315016 -0.00483648131400212 -0.158281381700151 0.987228677336342
1604559688.80756 32.0512886047363 122.645416259766 -8.40085792541504 0.00914754184930679 -0.00351225137223748 -0.191895655476649 0.981366416776935
1604559689.90759 36.5201148986816 119.813774108887 -8.8790979385376 0.0105236892926905 -0.00776839116187939 -0.25939084503846 0.965683847629575
1604559690.60748 39.1014099121094 117.81169128418 -9.05651569366455 0.00677643199992591 -0.00471314857309316 -0.311163979013906 0.950320390375852
1604559691.10748 40.8221282958984 116.20426940918 -9.21481609344482 0.00324932562576643 -0.00512775937800974 -0.348116221451507 0.93743172782292
1604559691.50752 42.1211967468262 114.846885681152 -9.3452787399292 0.00484798719591387 -0.00457808478656754 -0.371742303506148 0.928312015404184
1604559691.90762 43.3693466186523 113.38777923584 -9.4596586227417 0.00573881541100633 -0.00357237072072288 -0.394652710757225 0.918805497402517
1604559692.31694 44.5350151062012 111.894905090332 -9.58437061309814 0.000307506090307159 -0.00256872766974413 -0.414947243072209 0.909841795338583
1604559692.70721 45.6467933654785 110.334953308105 -9.71360397338867 0.00316061396179796 -0.00452051563903948 -0.431775656665759 0.90196416656572
1604559693.10696 46.7119026184082 108.739601135254 -9.78709602355957 0.00640465234930788 -0.00350846942265549 -0.447253218169872 0.894377565632819
1604559693.40702 47.4973564147949 107.532669067383 -9.88964939117432 0.00474191514446677 0.00266253939766237 -0.454824381849419 0.890564543870916
1604559693.9071 48.7033309936523 105.550132751465 -10.023193359375 0.00878579420859932 -0.00364803398424493 -0.466618870349943 0.884407333473393
1604559694.30745 49.6461906433105 103.941780090332 -10.1228456497192 0.0055077649236062 -0.00748327215578177 -0.474150077138737 0.880395007660038
1604559695.30774 52.0063552856445 99.6503372192383 -10.6525068283081 0.0047911169967973 -0.00220067863501372 -0.47397464512437 0.880522707254444
1604559695.90793 53.4858322143555 97.1766815185547 -10.8488063812256 -0.000440700473602182 0.00304145241356456 -0.474376393795845 0.880316756832197
1604559696.31832 54.4919738769531 95.5301971435547 -10.9577579498291 -0.0117730020802366 0.00417421968503175 -0.473849147897048 0.880517437277242
1604559697.10719 56.3941307067871 92.007698059082 -11.4448709487915 -0.0166141504828167 0.0117002034392047 -0.473286940474918 0.88067391650889
1604559697.70768 57.8609161376953 89.5280532836914 -11.6462564468384 -0.0140007483538262 0.00888683989987098 -0.472071724248652 0.881404158310495
1604559698.10706 58.8918571472168 87.8554763793945 -11.7551898956299 -0.0164380691841526 0.0105847262257391 -0.470137489890082 0.882376616900106
1604559698.40754 59.6321182250977 86.6378402709961 -11.874870300293 -0.016213718390011 0.0127700512062841 -0.469844086529874 0.882508116382545
1604559698.70756 60.3473358154297 85.4591445922852 -11.8699464797974 -0.0305696589811865 -0.00430111798328212 -0.468970612469482 0.882674096693602
1604559699.0077 61.0771293640137 84.2684097290039 -11.9981966018677 -0.0295899468746138 -0.00206246123188599 -0.468747628713179 0.882833983189023
1604559699.20726 61.6142387390137 83.4123687744141 -12.0236368179321 -0.0266787595320116 0.0134628927751317 -0.466399225234363 0.884069429970715
1604559699.51727 62.2970771789551 82.2117156982422 -12.1175060272217 -0.00484545512775067 0.0275819681818419 -0.468509978100174 0.883014245081242
1604559699.70821 62.7986640930176 81.4561462402344 -12.1822738647461 -0.0224015405411524 0.027329615906555 -0.467349469755271 0.883366139375542
1604559700.00726 63.4789199829102 80.3104019165039 -12.3525629043579 -0.0265179814577908 0.00649197424425997 -0.468732594442107 0.882918119554349
1604559700.20746 63.9749794006348 79.4969787597656 -12.3747816085815 -0.0187242822680228 0.0161432510075522 -0.469767165638911 0.882444109724825
1604559700.51735 64.6860504150391 78.3367767333984 -12.418288230896 -0.0279121775813009 0.0161494084766295 -0.469796214078629 0.88218570844574
1604559700.70743 65.1410064697266 77.5683746337891 -12.4809408187866 -0.0282389891634293 0.0164883038007588 -0.470496687749175 0.881795646477038
1604559701.00711 65.8319473266602 76.3977127075195 -12.5724000930786 -0.0271842572988176 0.0126417631098442 -0.472088580118479 0.881041187744537
1604559701.20726 66.2880935668945 75.6229629516602 -12.6232852935791 -0.0283899145730341 0.00971060587561581 -0.472565859028877 0.880784437739657
1604559701.50753 66.9778594970703 74.4422607421875 -12.7223615646362 -0.0284044973738659 0.0114866928185272 -0.473813768077689 0.880091900654161
1604559701.80721 67.6698303222656 73.2407302856445 -12.7869319915771 -0.0274429895152233 0.0132253170817217 -0.474505673725456 0.879725149644425
1604559702.10749 68.3563079833984 72.0399322509766 -12.8835115432739 -0.0206310750890729 0.0106673102633214 -0.476632245741437 0.878795920309083
1604559702.40705 69.0452041625977 70.8397979736328 -12.9494581222534 -0.024438166860711 0.0122340877288821 -0.477305672498862 0.878312244078573
1604559702.70709 69.7369079589844 69.6211166381836 -13.0385580062866 -0.0209806022308602 0.0109007063663303 -0.478352590088968 0.877849524967646
1604559702.90745 70.2128829956055 68.8148193359375 -13.105673789978 -0.0219136586591465 0.0103291673552813 -0.476935967784613 0.878604110222159
1604559703.10714 70.6791381835938 68.0204544067383 -13.1688070297241 -0.019680171411253 0.00905373405533203 -0.474227092916192 0.880136003750066
1604559703.30723 71.1628341674805 67.222541809082 -13.2245006561279 -0.0225462088837472 0.00868528580220877 -0.471076818430539 0.881761229252492
1604559703.60745 71.9104309082031 66.0093841552734 -13.3040075302124 -0.0205031346281228 0.0101120889600708 -0.46661143627143 0.884166915614918
1604559703.80747 72.4184875488281 65.21435546875 -13.3536977767944 -0.0214615679217004 0.0106616144725314 -0.463181426447356 0.885939443344394
1604559704.00711 72.9389801025391 64.4137344360352 -13.4083337783813 -0.0212077125034948 0.0110437370330574 -0.46017574602567 0.887505803683802
1604559704.20728 73.4565200805664 63.6116371154785 -13.4727411270142 -0.0218854386277386 0.0113799919680938 -0.457650043851281 0.88879016686831
1604559704.4082 73.9885787963867 62.8178405761719 -13.5097494125366 -0.0274371439800287 0.013280058068103 -0.454924812671483 0.890008010078417
1604559704.60724 74.5083923339844 62.0248603820801 -13.5756759643555 -0.0272601943472414 0.0134557633892872 -0.453613846124084 0.890679685880551
1604559704.90714 75.2907638549805 60.8399810791016 -13.6967220306396 -0.0298973280385172 0.0131959001721772 -0.451723869205251 0.89155906365481
1604559705.10711 75.8153305053711 60.0345840454102 -13.762170791626 -0.0303341698892424 0.0146100628214228 -0.451600159008307 0.891584926176501
1604559705.30733 76.3597564697266 59.2123031616211 -13.7800855636597 -0.02913529367183 0.0149300543403643 -0.452196688333189 0.891317218054575
1604559705.50713 76.8717651367188 58.4053077697754 -13.8455371856689 -0.0259374661689418 0.0113789354630346 -0.453274019929526 0.890921113529919
1604559705.8071 77.6808776855469 57.1851272583008 -13.9488477706909 -0.0317108561969884 0.015521424661126 -0.453117117547846 0.890751584203404
1604559706.10706 78.4734039306641 55.9514656066895 -14.0105381011963 -0.0235770458790945 0.0133092120804716 -0.455298202055131 0.889927263874288
1604559706.3078 79.0066680908203 55.1247482299805 -14.0920000076294 -0.0237018064427158 0.0136082598769214 -0.456204440851011 0.889455197175378
1604559706.50782 79.5606918334961 54.2872848510742 -14.1364097595215 -0.0301821261980867 0.015203750408838 -0.456213574679114 0.88922835059965
1604559706.70766 80.0835494995117 53.4585380554199 -14.1976823806763 -0.0302136053158407 0.0152174758236927 -0.457084030608282 0.888779925204356
1604559707.4078 81.9317779541016 50.5376777648926 -14.4248504638672 -0.0268389031202589 0.0163588429756925 -0.46027443753009 0.887220098787306
1604559707.70798 82.7413482666016 49.2649002075195 -14.5113410949707 -0.0347212297803531 0.0202772563830852 -0.460538796040546 0.886728417508788
1604559707.90794 83.2518920898438 48.4133529663086 -14.5935039520264 -0.0329286599809718 0.0178805520575143 -0.461754530990589 0.886215968215218
1604559708.10742 83.7734451293945 47.5719718933105 -14.6371259689331 -0.0317589283782421 0.0160627939317812 -0.463946525610383 0.885147998073444
1604559708.3073 84.2956619262695 46.7238883972168 -14.7132329940796 -0.0318658278083831 0.0160937100098371 -0.465632863153717 0.884257653779416
1604559708.60696 85.0727462768555 45.4323577880859 -14.798469543457 -0.0324725923709691 0.0162691762679626 -0.467291302935147 0.883357052866758
1604559708.90704 85.8266372680664 44.1687278747559 -14.9153261184692 -0.0328081972081428 0.0172854406966453 -0.469840427674554 0.881972113084346
1604559709.10705 86.3361663818359 43.3192138671875 -14.95849609375 -0.033264900290606 0.0151234749110996 -0.470206077237596 0.881799847949693
1604559709.40792 87.114616394043 42.0345878601074 -15.0404863357544 -0.0331670669430368 0.0181779080854115 -0.46851959486041 0.88264313205274
1604559709.6079 87.6189041137695 41.2025032043457 -15.1137828826904 -0.0341372054978932 0.0180228147334865 -0.466075481614446 0.883902412479873
1604559709.90784 88.4181442260742 39.9274520874023 -15.1609106063843 -0.0292015628654828 0.017957043114579 -0.462701794552785 0.88585092574678
1604559710.2076 89.2616195678711 38.6405868530273 -15.2527704238892 -0.0325685080758103 0.0229049838709138 -0.458186663636999 0.887963757853204
1604559710.40774 89.8089828491211 37.8158378601074 -15.2819547653198 -0.032042666741232 0.022312814626914 -0.455938234464211 0.88915450410218
1604559710.70761 90.5831985473633 36.5886306762695 -15.494348526001 -0.031691895458936 0.0232788025250867 -0.453535025179877 0.890370541993785
1604559711.00804 91.4502258300781 35.3494262695312 -15.4821634292603 -0.038756014934082 0.0161664716011221 -0.453191422681652 0.890423579489099
1604559711.4076 92.5279998779297 33.6823196411133 -15.6578645706177 -0.0399952322942143 0.0186121850474633 -0.45240985757372 0.890718411582256
1604559711.70718 93.3383255004883 32.4527397155762 -15.754020690918 -0.0419687587901087 0.0246797841332868 -0.450017817273633 0.891691367950272
1604559712.00747 94.1943511962891 31.2074069976807 -15.8094072341919 -0.0403348379900946 0.0262250015940116 -0.447751576257812 0.892862742023852
1604559712.20779 94.7478332519531 30.3898220062256 -15.8723526000977 -0.0436290830489044 0.0265236435262444 -0.444869318301795 0.894138853355619
1604559712.50806 95.5876159667969 29.1754970550537 -16.0008659362793 -0.0464534996496343 0.0280155148530548 -0.441450361923125 0.895644338594155
1604559712.80797 96.4555587768555 27.9742431640625 -16.0417461395264 -0.0486398583498119 0.0218163528478991 -0.436846766520561 0.897954961848676
1604559713.10754 97.3309707641602 26.7747344970703 -16.198637008667 -0.0522726197146131 0.0272518666808862 -0.431859960398459 0.900012157470787
1604559713.40729 98.222770690918 25.5775470733643 -16.2555713653564 -0.0503344307569023 0.0281709885567313 -0.426648446754844 0.90257628118946
1604559713.70717 99.1052932739258 24.4047241210938 -16.3680019378662 -0.0505520751955416 0.0287848505420508 -0.421809434709835 0.904816401742622
1604559714.1073 100.339935302734 22.8239574432373 -16.4945449829102 -0.0464150938618797 0.0259313205865636 -0.413548254292599 0.908928515916391
1604559714.40714 101.302146911621 21.6666526794434 -16.5575637817383 -0.0541618452934622 0.0289551230456597 -0.40518838037157 0.912168006331992
1604559714.70738 102.23558807373 20.5186805725098 -16.6897010803223 -0.0425156307478484 0.0207681165723747 -0.399133254118663 0.91567120296141
1604559715.10721 103.554084777832 19.0305194854736 -16.8009567260742 -0.0449052090121885 0.0266836650858037 -0.387551043265967 0.920367151241623
1604559715.40725 104.586875915527 17.9255790710449 -16.8793792724609 -0.0466330786453847 0.0253864950310751 -0.377166232011911 0.924622363603665
1604559715.80726 105.987686157227 16.484525680542 -17.0347309112549 -0.0496266222701399 0.0300191352106541 -0.365919195311386 0.928837548975024
1604559716.20733 107.423110961914 15.061635017395 -17.1996631622314 -0.0506006140497369 0.0317091602450173 -0.354154552127225 0.933278447314578
1604559716.70742 109.282638549805 13.3084554672241 -17.4431705474854 -0.0447896841508731 0.03262357311382 -0.3411004825854 0.938392267365284
1604559717.20724 111.170349121094 11.6385278701782 -17.6349563598633 -0.0493670393051781 0.0286148687960681 -0.329268281104136 0.942510734035826
1604559717.50735 112.324821472168 10.6455049514771 -17.7364177703857 -0.0515881369082319 0.030368143335527 -0.326475093834561 0.943308249251752
1604559717.80737 113.451988220215 9.66818332672119 -17.848783493042 -0.0489723643710417 0.0333367716944836 -0.325286119049482 0.943758077016894
1604559718.20803 114.973495483398 8.35936546325684 -18.0155792236328 -0.0495405133474261 0.0346259757168568 -0.3211208408938 0.945107499116681
1604559718.50768 116.094306945801 7.40298318862915 -18.1266326904297 -0.0482618713665445 0.0323599667829439 -0.316228495308468 0.946901876160856
1604559718.808 117.230041503906 6.4697904586792 -18.2984066009521 -0.0476369509430381 0.0300752600121329 -0.311377044827812 0.948615061863532
1604559719.20771 118.743125915527 5.23724365234375 -18.4875240325928 -0.0405724755040214 0.0283305856730721 -0.304097366216571 0.951354846525229
1604559719.61776 120.342758178711 4.04277229309082 -18.6378078460693 -0.0476792474316886 0.0317415886852211 -0.295318412333322 0.953680342803086
1604559719.90781 121.53914642334 3.13000917434692 -18.7509479522705 -0.0415154746272138 0.0310608333595566 -0.290171500626386 0.955569040007952
1604559720.30815 123.178260803223 1.95095598697662 -18.9170227050781 -0.0462506080159818 0.0306143891233594 -0.281403143552333 0.957985339781158
1604559720.60792 124.415046691895 1.0672013759613 -19.0803928375244 -0.0455096387428669 0.0327231280893355 -0.276557748612671 0.959361183992678
1604559721.0081 126.043762207031 -0.0909172743558884 -19.2482089996338 -0.0368633154095036 0.0349237195101824 -0.276047343535299 0.959801695101492
1604559721.40806 127.613731384277 -1.2060672044754 -19.4622173309326 -0.0385562944161854 0.0304490789361406 -0.274371709008154 0.960367862357325
1604559721.80792 129.174499511719 -2.30554842948914 -19.665584564209 -0.0332943614553479 0.0358268954314086 -0.274895572485509 0.960229318072976
1604559722.20788 130.724304199219 -3.38962697982788 -19.7872734069824 -0.0380984445001091 0.0329833990832232 -0.274726870027804 0.96020089085374
1604559722.60766 132.284103393555 -4.49040460586548 -20.0017223358154 -0.0393570904376525 0.0300873285334328 -0.276709445868912 0.959675807062428
1604559723.00781 133.885223388672 -5.6413311958313 -20.1788749694824 -0.0317253207596968 0.0357491467765393 -0.277760534034883 0.959460571498433
1604559723.5081 135.89826965332 -7.05234813690186 -20.4327068328857 -0.0371286411188983 0.03344623297972 -0.275230940161046 0.960078508813835
1604559723.90792 137.529754638672 -8.19575119018555 -20.6238842010498 -0.0335263037444609 0.0405230675475077 -0.273547798715958 0.96041942388283
1604559724.20794 138.761703491211 -9.0532922744751 -20.7896995544434 -0.0335906746548373 0.0384608660262534 -0.271652988814596 0.961039584007256
1604559724.60773 140.411209106445 -10.1859655380249 -21.0248622894287 -0.0363665159527589 0.0388687817775531 -0.270300651140352 0.961303413243544
1604559724.90793 141.657821655273 -11.0544099807739 -21.2013931274414 -0.0331335633973354 0.0389052551981536 -0.270069736504308 0.961483689679162
1604559725.30775 143.292755126953 -12.1976308822632 -21.4265918731689 -0.0296750340270672 0.0364103582248167 -0.270732905869622 0.961507863643779
1604559725.60782 144.531921386719 -13.0454034805298 -21.5722675323486 -0.0297609141498589 0.0371534933221339 -0.270739854883421 0.961474823851686
1604559726.00797 146.157653808594 -14.1964673995972 -21.8066730499268 -0.0254402978611871 0.0345265068393244 -0.270908581403187 0.961649235476388
1604559726.40782 147.785629272461 -15.3013868331909 -21.9846420288086 -0.0269650398942761 0.0370640263345439 -0.271459337828721 0.961357879502199
1604559726.81779 149.408874511719 -16.4177951812744 -22.2083377838135 -0.0285758741763683 0.0394137668892396 -0.271564947282796 0.961188042893766
1604559727.10795 150.623413085938 -17.2539653778076 -22.3363037109375 -0.029341006679315 0.0368746046216506 -0.273132431247311 0.960821546314389
1604559727.40785 151.817337036133 -18.1092758178711 -22.5180397033691 -0.0272125554662685 0.0347985270448898 -0.274423324647209 0.960593763372464
1604559727.70815 153.037536621094 -18.9568500518799 -22.6534538269043 -0.0332334956390876 0.0394814850691043 -0.27350406527339 0.960485436320236
1604559728.0082 154.246536254883 -19.7854537963867 -22.8426094055176 -0.025322575594499 0.034032459914479 -0.274780317965609 0.960570838458127
1604559728.30796 155.457015991211 -20.6468944549561 -22.976526260376 -0.03257333075532 0.0409278898208955 -0.27290205360977 0.960618735552187
1604559728.6081 156.654815673828 -21.4576587677002 -23.1333484649658 -0.0282387018477785 0.0347216520280805 -0.272963027599752 0.960982917726413
1604559728.90788 157.82844543457 -22.3310527801514 -23.3115768432617 -0.0272939706309917 0.0364206990985176 -0.272700058817045 0.961021981936704
1604559729.21757 159.078598022461 -23.1400623321533 -23.4388446807861 -0.0298140630252151 0.0372497886439261 -0.272057684524588 0.961097389021025
1604559729.4074 159.872848510742 -23.7044715881348 -23.5382881164551 -0.0253072178641081 0.0339770158654637 -0.272828837154357 0.961129300736305
1604559729.70744 161.098114013672 -24.570276260376 -23.7278251647949 -0.0283345763515478 0.0373071837918738 -0.272193836509451 0.961101368840334
1604559730.0072 162.338668823242 -25.4211597442627 -23.8702812194824 -0.026749154345904 0.0306910835551684 -0.273357301721954 0.961050636401268
1604559730.30764 163.62776184082 -26.3064346313477 -24.0529842376709 -0.0336615052346658 0.0363780715514255 -0.271914306144991 0.961044301314577
1604559730.5075 164.489562988281 -26.8887977600098 -24.1468772888184 -0.0345254727374634 0.0412025017980434 -0.27182778266259 0.960843380656066
1604559730.81717 165.743896484375 -27.7635040283203 -24.3363723754883 -0.028304438095654 0.0333951511619314 -0.273380974599492 0.960909186858983
1604559731.1075 166.998031616211 -28.630392074585 -24.4619903564453 -0.0368505541895666 0.0355897036684996 -0.272185325988653 0.960880095519291
1604559731.40807 168.195587158203 -29.4826183319092 -24.6437377929688 -0.0287481877930239 0.0336479994871687 -0.272320837917516 0.961188178800088
1604559731.70841 169.368072509766 -30.2812976837158 -24.7541313171387 -0.0285456216771539 0.0375808847726897 -0.270954504557567 0.961434595301589
1604559732.00796 170.47590637207 -31.0771369934082 -24.9356517791748 -0.0273033933093889 0.0332173538686584 -0.271190136845142 0.961564892138679
1604559732.20716 171.237823486328 -31.6013984680176 -25.0387859344482 -0.0252334960371036 0.0311078616330951 -0.271381521640675 0.961637999111076
1604559732.51734 172.434951782227 -32.415168762207 -25.1543846130371 -0.0244596416707789 0.0344316112457438 -0.271343730632462 0.96155539098006
1604559732.70737 173.208770751953 -32.9652214050293 -25.2507495880127 -0.0217661396419835 0.0334714792239447 -0.271355059653118 0.961650834161911
1604559733.00756 174.355728149414 -33.761474609375 -25.4330978393555 -0.0246386190579809 0.036425786505627 -0.270315839540264 0.961766836308055
1604559733.20749 175.134368896484 -34.2840156555176 -25.5197372436523 -0.0264798036064154 0.0367348098989157 -0.268912340015867 0.962099541175364
1604559733.50741 176.263702392578 -35.0396156311035 -25.6718120574951 -0.0232460287061793 0.0364101659401929 -0.268202464335091 0.962393557797528
1604559733.80773 177.334808349609 -35.7629089355469 -25.7854557037354 -0.026224987984128 0.0284745112389365 -0.266778947880304 0.962979981714477
1604559734.00722 178.00617980957 -36.2138671875 -25.8600120544434 -0.0273106505465375 0.0266202230810504 -0.266653921818166 0.963037474903667
1604559734.30822 179.006042480469 -36.8707237243652 -25.9737415313721 -0.0291467164392191 0.0251495798086817 -0.265320316996387 0.963391455715274
1604559734.50774 179.686294555664 -37.3281402587891 -26.0151042938232 -0.0201726658244963 0.0383588941827516 -0.264560248019204 0.963394796518347
1604559734.90811 180.986663818359 -38.1636619567871 -26.195219039917 -0.0182286694246214 0.0584367040078592 -0.261511443329859 0.963257303238984
1604559735.10743 181.574371337891 -38.5651435852051 -26.2678337097168 -0.016680814409547 0.0509909043260374 -0.261424354654992 0.963731801332647
1604559735.40802 182.417190551758 -39.1076622009277 -26.4261932373047 -0.0238949162948505 0.0459185207344684 -0.259774736621578 0.964280876426578
1604559735.70817 183.262680053711 -39.6632919311523 -26.5396461486816 -0.024837955643235 0.0304742415666336 -0.259682850637138 0.964893369054515
1604559736.00793 184.101669311523 -40.2179679870605 -26.6462173461914 -0.0266466252179368 0.0316800370859892 -0.258051217895004 0.965243959606912
1604559736.20789 184.667755126953 -40.5724296569824 -26.6882476806641 -0.0281293021307777 0.0337287852779715 -0.257032720732526 0.965404211653411
1604559736.5077 185.506591796875 -41.1325340270996 -26.827299118042 -0.0237894192351195 0.0302113743446732 -0.256861624520422 0.965682889069384
1604559736.70783 186.084167480469 -41.4963226318359 -26.8868942260742 -0.0242803518081024 0.0304662735433015 -0.255768275661928 0.965952824861227
1604559736.90773 186.700607299805 -41.873462677002 -26.9397869110107 -0.0255727171252989 0.0303009252859397 -0.255034072435859 0.966118787708026
1604559737.10729 187.306182861328 -42.2348861694336 -27.0054588317871 -0.0294414683770887 0.0304622062813178 -0.253679570280373 0.966360144847996
1604559737.30715 187.925018310547 -42.6532592773438 -27.0960063934326 -0.0235756388517936 0.0306699304077082 -0.254763903158893 0.966229216215677
1604559737.6073 188.925445556641 -43.2615737915039 -27.2075729370117 -0.0244847103775309 0.0314242645545109 -0.254120771701671 0.966351720619715
1604559737.90767 189.90153503418 -43.8969879150391 -27.3764533996582 -0.0299152712048001 0.0357077590368974 -0.254214198849922 0.966025451836751
1604559738.10763 190.540802001953 -44.3020095825195 -27.4531288146973 -0.0305076469310079 0.0349497520599072 -0.253812473706711 0.966140272683301
1604559738.30955 191.213668823242 -44.6977043151855 -27.5167083740234 -0.0311632558244923 0.0363113880370773 -0.252978957457183 0.966287732339139
1604559738.50797 191.870147705078 -45.1162071228027 -27.5767211914062 -0.0307460163673315 0.0375316406698661 -0.252598862110736 0.966353906851175
1604559738.80784 192.869033813477 -45.7077560424805 -27.7296123504639 -0.0299442319006118 0.0393159790404089 -0.250711663707689 0.966799492371039
1604559739.00783 193.542373657227 -46.1063652038574 -27.797737121582 -0.0328835904248033 0.0404995730334796 -0.247596795012953 0.96745763791713
1604559739.2077 194.164642333984 -46.4829368591309 -27.85862159729 -0.031024684837472 0.0413300124409908 -0.244407679451827 0.968294472372602
1604559739.40744 194.804351806641 -46.8506240844727 -27.9506969451904 -0.0314927478503517 0.0427277568670972 -0.238462036550358 0.969700161261303
1604559739.70774 195.747482299805 -47.3460655212402 -28.0873546600342 -0.0354159165551544 0.0418227428219809 -0.221852081673784 0.973539020735386
1604559739.90726 196.413940429688 -47.6496238708496 -28.1593532562256 -0.0323756613732128 0.0397653324849 -0.206301753010899 0.977143859207866
1604559740.20722 197.397338867188 -48.0411033630371 -28.3320369720459 -0.0435246400281764 0.0382532828605057 -0.175096778349541 0.98284455041091
1604559740.50729 198.423904418945 -48.3476982116699 -28.429256439209 -0.043516469787252 0.0382352327930874 -0.14355686452876 0.987945246700031
1604559740.70752 199.102844238281 -48.5222816467285 -28.5188751220703 -0.041832877271214 0.0379047073756603 -0.121611643574941 0.990971165920068
1604559741.0076 200.126312255859 -48.6981773376465 -28.6357536315918 -0.049712014453911 0.0332858155726809 -0.0835048096699531 0.994709865670679
1604559741.30768 201.129730224609 -48.7624969482422 -28.7226982116699 -0.0521440906884736 0.0309608973832904 -0.0388861909298199 0.997401764984634
1604559741.60754 202.14436340332 -48.7104949951172 -28.8320274353027 -0.0534903958691641 0.0194852767643983 0.015715131514867 0.998254544783366
1604559742.00768 203.418579101562 -48.4436950683594 -28.9634571075439 -0.0536917866129768 0.0199408672894643 0.0955085555084997 0.993779487455205
1604559742.20818 204.014694213867 -48.2300834655762 -29.0494327545166 -0.0642164750827346 0.0164575112391119 0.136582174761391 0.988408166796092
1604559742.50782 204.88362121582 -47.8326950073242 -29.1340446472168 -0.0573789480587796 0.0154367768237095 0.196092035828362 0.978783569399104
1604559742.9078 205.988265991211 -47.1601104736328 -29.3506698608398 -0.0660312251556105 0.0185458377073437 0.265230442913469 0.961742554616415
1604559743.20782 206.740844726562 -46.523006439209 -29.3862400054932 -0.0642481532343728 0.0187646534301672 0.312117589630563 0.947682791249702
1604559743.60949 207.630661010742 -45.643798828125 -29.5227603912354 -0.0674416093320465 0.00773505983150586 0.375704845146321 0.924249786320606
1604559743.90791 208.173233032227 -44.9853363037109 -29.778226852417 -0.0680041231138354 0.00669433860210599 0.421927484080721 0.904050785767875
1604559744.30781 208.77326965332 -43.9329223632812 -29.8983783721924 -0.070505224797267 -0.00462741684286308 0.483964459724159 0.872230475283656
1604559744.70768 209.246826171875 -42.8247413635254 -30.0692882537842 -0.0690867326509478 -0.000967317187670586 0.548838193427155 0.833068259571022
1604559745.00809 209.46516418457 -41.9246635437012 -30.0948963165283 -0.0783573493751865 -0.0105643849668697 0.594880214333327 0.799916276971472
1604559745.40776 209.665390014648 -40.7905235290527 -30.2237815856934 -0.0699286179434089 -0.00887954227912749 0.650191149842257 0.756493629046697
1604559745.90789 209.600158691406 -39.3408355712891 -30.4606266021729 -0.0774290047904915 -0.0170130893391982 0.713794226856828 0.695854227345177
1604559746.40804 209.385192871094 -37.7695999145508 -30.6710624694824 -0.0710954325893952 -0.0208105422888939 0.764545405378036 0.640298902005855
1604559747.10757 208.712448120117 -35.5632286071777 -30.9893112182617 -0.0752911924531078 -0.0313055989342608 0.811990242711666 0.577947265375836
1604559747.80722 207.797225952148 -33.3138656616211 -31.3352203369141 -0.0715486802088001 -0.0359823660333035 0.842886244861068 0.532098518997216
1604559748.40806 206.868682861328 -31.3847007751465 -31.6016521453857 -0.069846424731423 -0.0386161147607124 0.858206548653009 0.507061921743405
1604559749.00816 205.909896850586 -29.4899444580078 -31.8880805969238 -0.0487782414287583 -0.0454278409830705 0.865858274441395 0.495829046152104
1604559749.60727 204.899337768555 -27.4401378631592 -32.1715698242188 -0.0867746179463366 -0.0134402618114243 0.863258536303128 0.497065613920828
1604559750.20821 203.94694519043 -25.5180625915527 -32.4534606933594 -0.0554992017306837 -0.0286016654199236 0.865968454700302 0.496185871228147
1604559750.80806 202.938095092773 -23.4690761566162 -32.6993408203125 -0.0487791791698155 -0.0221781703053364 0.867824621269891 0.493972820263623
1604559751.50778 201.730392456055 -21.0440711975098 -33.046085357666 -0.0518045907547221 -0.0179151272358863 0.863344412941489 0.501629103258148
1604559752.10732 200.745697021484 -18.8926811218262 -33.3187828063965 -0.0453816717358226 -0.0176649746006671 0.856662950738514 0.513572819933845
1604559752.80752 199.583557128906 -16.1559772491455 -33.7328872680664 -0.0428180225034687 -0.0133644398073056 0.847716161815298 0.528550203570739
1604559753.40761 198.596542358398 -13.5681238174438 -34.010498046875 -0.0416208120835866 -0.00754776143921301 0.840730129375154 0.539799582122472
1604559754.00742 197.613403320312 -10.8949403762817 -34.3612403869629 -0.043794597823201 -0.00486476147264006 0.835138726081247 0.548271534457801
1604559754.50741 196.815536499023 -8.6109733581543 -34.6583633422852 -0.0419083154393738 -0.00216199258012386 0.830039865517323 0.556123044421917
1604559755.10738 195.936065673828 -5.83700466156006 -35.0266647338867 -0.0411957018964433 0.000279849042285223 0.821013533211828 0.569420419472997
1604559755.61753 195.308441162109 -3.54273366928101 -35.269832611084 -0.0389285293382179 8.42137857559218e-05 0.813594837923609 0.580127574086648
1604559756.20725 194.623779296875 -0.834689080715179 -35.6475524902344 -0.0356025181998742 0.00602038521116486 0.804917782232374 0.592286737573832
1604559756.80752 193.998550415039 1.89174497127533 -35.9684906005859 -0.032694354249762 0.00957001159854548 0.799390782810781 0.599844871975548
1604559757.21796 193.55827331543 3.74657964706421 -36.1871757507324 -0.0398247478197475 0.0027764058321686 0.798519692088004 0.600643473600961
1604559757.70793 193.047714233398 6.06807804107666 -36.4917945861816 -0.0375813582060287 0.00705930653013644 0.79520092547592 0.605139071477742
1604559758.10819 192.681381225586 7.95429086685181 -36.7422180175781 -0.0345345943894646 0.00536627720882908 0.791484214272291 0.610189563510428
1604559758.40819 192.40641784668 9.40978527069092 -36.8998031616211 -0.0337902138937796 0.00324998817208036 0.784662372707836 0.618993230882538
1604559758.70801 192.197723388672 10.8294658660889 -37.0552520751953 -0.0330316684562178 0.000525576282766706 0.778624673763523 0.626619701298337
1604559758.90798 192.058441162109 11.7870054244995 -37.1723747253418 -0.0330634035908249 0.000295084532443656 0.775396523726237 0.63060840088075
1604559759.30824 191.78923034668 13.7581081390381 -37.351146697998 -0.0376155267134165 0.00601405446316027 0.77035151649021 0.636480513716029
1604559759.70845 191.572647094727 15.6762056350708 -37.5799102783203 -0.0318024610935622 0.00570845352730586 0.764676413257407 0.643603915490347
1604559760.00807 191.409286499023 17.1513385772705 -37.722240447998 -0.0292066764132987 0.0126259797084432 0.760171322126283 0.648943075859562
1604559760.30819 191.295791625977 18.591869354248 -37.8959465026855 -0.0325637571478073 0.00455707871434544 0.758672962320083 0.650641353587735
1604559760.5078 191.205352783203 19.5705718994141 -38.0178375244141 -0.0344563620663726 0.00463592022040597 0.756570855150474 0.652986836386264
1604559760.80825 191.072631835938 21.028392791748 -38.1811180114746 -0.0320828038736202 0.00794505056922874 0.752787508410507 0.657433294751764
1604559761.1079 190.989044189453 22.4885158538818 -38.3447494506836 -0.0325339136313249 0.00661685993514157 0.747533782518739 0.663393552592769
1604559761.30809 190.951400756836 23.468412399292 -38.461742401123 -0.0311080317847802 0.00711706434971883 0.74395534845281 0.667466910986587
1604559761.50822 190.914321899414 24.4314289093018 -38.5588531494141 -0.0345300304155511 0.0061379030051567 0.740888631202851 0.670711591744594
1604559761.7082 190.877517700195 25.4211044311523 -38.6620788574219 -0.0339133181307803 0.00521019912409402 0.737122334843742 0.674887697437846
1604559761.90822 190.861358642578 26.3905334472656 -38.7356414794922 -0.038797489551413 0.00264028308885951 0.733881651491245 0.678163332327989
1604559762.10753 190.844024658203 27.3561973571777 -38.8638305664062 -0.0374447913029439 0.000146097277103151 0.730482094513202 0.681904521069827
1604559762.30824 190.846466064453 28.3233909606934 -38.9749183654785 -0.0356077210493882 0.00220407270069602 0.726145782006882 0.68661454655346
1604559762.50816 190.865417480469 29.285514831543 -39.077995300293 -0.0366901130201945 0.0024212408421543 0.723137024261754 0.689725175226485
1604559763.10774 190.934051513672 32.1558265686035 -39.3808670043945 -0.0324067987556915 0.00270292828313142 0.715355052817894 0.698004041521976
1604559763.30773 190.974166870117 33.0907897949219 -39.4660758972168 -0.0324189261887142 0.0034494350462476 0.71146033860678 0.701969587099155
1604559763.5073 191.032501220703 34.0547370910645 -39.5757217407227 -0.0307207870584942 0.00518542142966322 0.7076475741877 0.705878357362915
1604559763.70761 191.103759765625 35.0052871704102 -39.6789703369141 -0.0300153716093933 0.00462994602493412 0.70405400743854 0.709496719990085
1604559763.90765 191.174224853516 35.9317207336426 -39.7321128845215 -0.0319731203634443 0.006590036422781 0.700388625639287 0.713014771284075
1604559764.10749 191.267929077148 36.8851547241211 -39.8518867492676 -0.0353214291254115 0.00214936697071808 0.697384001640937 0.715823533506294
1604559764.30819 191.362258911133 37.8030242919922 -39.9550743103027 -0.0308347964191899 0.00615702557814064 0.694339373038019 0.718960458867515
1604559764.50808 191.455307006836 38.739070892334 -40.0636825561523 -0.0321228557840399 0.00214753747662893 0.691622818392382 0.721540981024669
1604559764.70811 191.565780639648 39.6476135253906 -40.141357421875 -0.0312728328499478 0.00566583681606455 0.688783702835308 0.724269921318837
1604559764.90783 191.671142578125 40.5499153137207 -40.2321434020996 -0.0300325373279417 0.00638177066548259 0.685369632264251 0.727547790096832
1604559765.11781 191.783721923828 41.4723739624023 -40.3216438293457 -0.0299286224933018 0.00347993217953915 0.682204924351266 0.730539943342294
1604559765.30766 191.915023803711 42.3786010742188 -40.4143218994141 -0.0226992538231028 0.00568358173024377 0.678203938076557 0.734501095405609
1604559765.50756 192.038726806641 43.290828704834 -40.4966506958008 -0.0257087543667529 0.00610664541412926 0.674748000545434 0.737575016246236
1604559765.70777 192.188354492188 44.2165718078613 -40.5783157348633 -0.0247371757217941 0.00622631285343991 0.670904475229908 0.741104911791874
1604559765.90757 192.351211547852 45.162841796875 -40.6531600952148 -0.023857795713235 0.00914571058201872 0.668695427613236 0.7430972928566
1604559766.1081 192.507720947266 46.1214218139648 -40.7688179016113 -0.0234609873798095 0.00716902568616963 0.666727963288231 0.744897315145787
1604559766.30834 192.682281494141 47.0735816955566 -40.8588333129883 -0.0237485579537452 0.00752501136140529 0.664401058281465 0.746960918625331
1604559766.50831 192.865585327148 48.0464897155762 -40.9623985290527 -0.0224789960166851 0.00706564100397589 0.661784220477431 0.749323973313522
1604559766.70835 193.037353515625 48.9811973571777 -41.0451850891113 -0.0235162916035869 0.00769720864577581 0.659554558383163 0.751249307170575
1604559766.90797 193.225051879883 49.9220428466797 -41.1212882995605 -0.0198725893862886 0.0125933580653871 0.656684023519177 0.753798766766295
1604559767.10791 193.423187255859 50.8741798400879 -41.2043952941895 -0.0192552640435375 0.0148846596321054 0.655467641146644 0.754831009646467
1604559767.3181 193.595367431641 51.7992973327637 -41.3064308166504 -0.0203482056451227 0.014138948227562 0.654971731810175 0.755247026607601
1604559768.00801 193.233840942383 50.7742652893066 -44.2239875793457 -0.0171072874813295 0.0173389084920104 0.641648015770263 0.766612370644657
1604559768.40825 193.686676025391 52.5593414306641 -44.4089012145996 -0.0183099757071887 0.0190033320971024 0.634531115566685 0.772446685238864
1604559768.60836 193.927871704102 53.4290313720703 -44.4864120483398 -0.0131418559163019 0.0205591836732227 0.630141565521175 0.776096784552216
1604559769.40749 194.781112670898 55.1854057312012 -45.5798759460449 -0.0112247241567735 0.0214787466324045 0.605913096272291 0.79516161173464
1604559769.80748 195.40934753418 56.8507461547852 -45.7493667602539 -0.00867526882620417 0.021021111022477 0.592902595538596 0.804953020247623
1604559770.10789 195.903381347656 58.0564231872559 -45.8784561157227 -0.00851639959284896 0.0207592881296272 0.581420251371834 0.813293928533245
1604559770.70812 196.970962524414 59.3054733276367 -46.5431823730469 -0.00517684007602622 0.0221572749371485 0.550960119509719 0.834221314882342
1604559771.50821 198.66325378418 61.4905548095703 -47.1048202514648 -0.00608855620932544 0.0239204376474086 0.512462686414032 0.858354668641906
1604559771.90817 199.569686889648 62.851432800293 -47.264476776123 -0.0070600346505745 0.0246091632885351 0.493981377076623 0.869095474671485
1604559772.10817 200.033889770508 63.4888877868652 -47.3627395629883 -0.00632065708353183 0.0212622003641949 0.484599072129557 0.874455091711906
1604559772.60814 201.33869934082 64.5471801757812 -47.7667503356934 -0.00241535411939478 0.0231270818465806 0.45767532727169 0.888815278309555
1604559773.00803 202.396987915039 65.7676391601562 -47.9389152526855 -0.00292458263781066 0.0220184490187685 0.439676902355753 0.897881315238296
1604559773.30744 203.239929199219 66.6404342651367 -48.0687255859375 0.00136679059554264 0.0228333577364367 0.424295930533536 0.905234628696135
1604559773.90782 205.021179199219 67.8868560791016 -48.4941711425781 0.00182458552879821 0.0248797914079418 0.391283850086169 0.919931853741836
1604559774.40812 206.569549560547 69.1723251342773 -48.6647300720215 0.0010848820792 0.0221488731233626 0.367736876826134 0.929665445131957
