<?xml version="1.0" encoding="UTF-8"?>
<kml xmlns="http://www.opengis.net/kml/2.2">
<Document>
<name>GPS Trajectory</name>
<description>GPS Trajectory</description>
<Style id="GPScolor">
<LineStyle>
<color>7fFF00FF</color>
<width>3</width>
</LineStyle>
<PolyStyle>
<color>7fFF00FF</color>
</PolyStyle>
</Style>
<Placemark>
<styleUrl>#GPScolor</styleUrl>
<LineString>
<extrude>1</extrude>
<tessellate>1</tessellate>
<altitudeMode>absolute</altitudeMode>
<coordinates>
114.26368703919,22.3387738154656,104.915090453811
114.26368662521,22.3387685192506,104.939632960595
114.263686472984,22.3387630535261,104.944851228036
114.263686532181,22.3387568810731,104.953002098016
114.26368663378,22.3387508279335,104.975710881874
114.263686844668,22.3387418695064,104.985484111123
114.263687241779,22.3387350823327,104.981412020512
114.263687490534,22.3387266928988,104.999539215118
114.263687853187,22.3387173926881,105.01894404646
114.263688018814,22.3387051773166,105.030432794243
114.263688346426,22.3386955752945,105.080881089903
114.263688408364,22.3386896184028,105.032907577232
114.2636886322,22.3386832898489,105.104148246348
114.26368874315,22.3386729379635,105.118600123562
114.263688994821,22.3386644065577,105.154746116139
114.263688982021,22.3386579580319,105.115841529332
114.263689201643,22.3386449996893,105.125068278983
114.263689290552,22.3386363560552,105.159830489196
114.263689411799,22.338629731852,105.165042318404
114.2636892303,22.3386208952903,105.206659344956
114.263689038816,22.3386119595422,105.20171196945
114.263688994143,22.3386074331663,105.203756866977
114.263688867808,22.3385983384055,105.238375812769
114.263688565266,22.3385935673434,105.254664486274
114.263688399807,22.338588830247,105.259166263975
114.263688312394,22.3385839654337,105.275367329828
114.263688138709,22.3385789703367,105.291632851586
114.263687979868,22.3385739974927,105.281976593658
114.263687790767,22.3385691557942,105.294766968116
114.263687578844,22.3385641935267,105.316204395145
114.263687312157,22.3385594588933,105.312315532938
114.263686976331,22.3385503946016,105.31959679164
114.263687010425,22.3385458346049,105.342532959767
114.263686776975,22.338536800455,105.332757033408
114.263686570961,22.3385321680308,105.359465593472
114.263686420547,22.3385274827973,105.386919516139
114.263686470455,22.3385227284941,105.394089347683
114.263686382915,22.3385181052151,105.393841955811
114.2636862726,22.3385134453008,105.408822892234
114.263686197354,22.3385089013912,105.421086324379
114.263686166331,22.338504278336,105.418908823282
114.263686243058,22.338499727519,105.41852185782
114.263686500639,22.3384906994675,105.437991662882
114.263686743163,22.3384817574165,105.46154998336
114.263687813363,22.3384730549202,105.507617005147
114.263688808513,22.3384642171955,105.519332417287
114.263690511287,22.33845524924,105.558556837961
114.26369256764,22.3384465128276,105.56979955174
114.263694580682,22.3384377011802,105.582772425376
114.263697214005,22.3384290166151,105.645912512206
114.263698660446,22.3384246592079,105.640682486817
114.263701438443,22.3384160026492,105.701413346455
114.263703054647,22.3384116617433,105.709484819323
114.263706045186,22.3384031202421,105.76783596538
114.26370769429,22.338398859841,105.75748299621
114.263710939324,22.3383905632326,105.80572624132
114.263714247591,22.3383823344876,105.858844302595
114.263717385918,22.3383742111873,105.878590490669
114.263720342226,22.3383663273728,105.913059931248
114.263723185176,22.3383582958104,105.963365839794
114.263726045145,22.338350348715,106.00652355887
114.263728667401,22.3383427654273,106.026170644909
114.263731192816,22.3383353180391,106.056488394737
114.263733487127,22.3383279899468,106.104371382855
114.263735641809,22.3383208594833,106.129788121209
114.263737710212,22.3383144278736,106.156403617002
114.263739313132,22.3383087593298,106.184870524332
114.263740700466,22.3383038461695,106.213306304067
114.263741934275,22.3382992831412,106.224886570126
114.263742998941,22.3382948586994,106.246149864048
114.263744531995,22.3382883857526,106.278959297575
114.263745415947,22.3382838881076,106.291802735999
114.263746378225,22.3382791007186,106.319077010266
114.263747420987,22.3382737213008,106.354670780711
114.263748409232,22.3382679028028,106.368530768901
114.263749333323,22.3382619386576,106.38710114453
114.263750088752,22.3382557598303,106.403625657782
114.263750713966,22.3382495416983,106.430780868977
114.263751272453,22.3382432379595,106.422336518764
114.263751526907,22.3382366673868,106.450658984482
114.263751818455,22.3382299997741,106.489942693152
114.263752028797,22.3382232326732,106.511669429019
114.263752251488,22.3382159643496,106.54128365498
114.263752140209,22.3382088489404,106.547537992708
114.263751943667,22.3382016564394,106.593595521525
114.26375215401,22.3381941914107,106.563932722434
114.26375203761,22.3381869478219,106.59996311646
114.263752028106,22.3381797517718,106.636162376963
114.263751659534,22.3381725642675,106.696455773897
114.263751855759,22.3381656091434,106.66852612514
114.263751722725,22.3381585131283,106.6688101748
114.263751516853,22.338151083381,106.705608971417
114.263751550368,22.3381435151521,106.750247282907
114.263751301597,22.3381362203002,106.739158806391
114.263751529491,22.3381290589741,106.772598359734
114.263751566756,22.3381214780638,106.770607579499
114.26375146651,22.3381134344471,106.805960474536
114.263751944658,22.3381054621384,106.843999529257
114.263751828685,22.3380969835051,106.84896009136
114.263752058845,22.3380885699799,106.863617252558
114.26375248232,22.3380799874502,106.871160866693
114.26375227156,22.3380717685543,106.84559533
114.263752405553,22.338063853646,106.96691688709
114.263752579198,22.3380558832622,106.960103916936
114.263752721551,22.3380481564385,107.046537674032
114.263752878532,22.3380388269995,107.047253670171
114.263753117515,22.3380315752131,107.083586239256
114.26375349262,22.338024190384,107.091387093067
114.26375365162,22.3380166796814,107.105471951887
114.263753965349,22.3380109247411,107.110771114007
114.263754339194,22.3380028504652,107.139646112919
114.263754784071,22.3379944961255,107.17800308764
114.263755143196,22.3379860686159,107.202232557349
114.263755359297,22.3379815268804,107.231532806531
114.263755731219,22.3379770076027,107.23997289408
114.263756217035,22.3379724062707,107.262347776443
114.263756682281,22.3379676247731,107.278367202729
114.263757147286,22.3379627586012,107.292089401744
114.263757760243,22.3379579829573,107.288102282211
114.26375831984,22.3379531345632,107.322006694973
114.263758993321,22.3379480157463,107.330429887399
114.263759836972,22.3379430189483,107.361205194145
114.263760622718,22.3379380085084,107.389819534495
114.263761586622,22.3379329049877,107.407507858239
114.263762619948,22.3379278007795,107.436772421002
114.26376376453,22.3379229669173,107.430700611323
114.263764817527,22.3379180263417,107.482567099854
114.263765967959,22.3379132549729,107.508281252347
114.263767265269,22.337908639651,107.50358016789
114.263768695423,22.3379041889945,107.516757418402
114.263770297144,22.3378998407931,107.573921376839
114.263771875017,22.3378954769503,107.616768359207
114.263775139716,22.3378869197754,107.638491623104
114.263776868745,22.3378825434599,107.663757795468
114.263778956294,22.3378783735577,107.682752853259
114.263783085383,22.3378701377162,107.704460825771
114.263787240698,22.3378622770245,107.778803994879
114.263789615874,22.3378582845312,107.799271489494
114.263794532692,22.3378506502318,107.862574940547
114.263799747378,22.3378431617805,107.884004432708
114.263805128917,22.3378359671761,107.926040124148
114.263810561242,22.3378290204654,107.991950296797
114.263816110692,22.3378224798286,108.038043999113
114.263821746346,22.3378161263852,108.09213122353
114.263828757406,22.3378087880637,108.157265742309
114.26383371829,22.3378036803393,108.19581494946
114.263837760618,22.33779960021,108.234382588416
114.263841572437,22.3377959130663,108.264096056111
114.263845419768,22.3377922671907,108.28837404307
114.263849144661,22.3377887502909,108.319734741002
114.263852921024,22.3377852335281,108.346697160043
114.263856885146,22.3377814781064,108.370660825633
114.263861054188,22.3377773752385,108.394863209687
114.263865225673,22.3377732007892,108.434464767575
114.263869442279,22.3377687512348,108.470346640795
114.26387366777,22.3377640741836,108.507033440284
114.263877954824,22.3377594721589,108.532337613404
114.263882311437,22.3377547802945,108.568271230906
114.263886657662,22.3377501221223,108.615607462823
114.26389124893,22.3377452788234,108.657292748801
114.263896424858,22.3377403897751,108.692401428707
114.263901910129,22.3377355331123,108.756882002577
114.263907675676,22.3377305660744,108.807676828466
114.263913872062,22.3377252165196,108.848650331609
114.263920610041,22.3377197348211,108.896653991193
114.263927304973,22.3377144961235,108.959597544745
114.263934099735,22.3377087916124,109.00593777746
114.26394112134,22.3377029265019,109.048291271552
114.263948172031,22.3376967027117,109.070384846069
114.263951704495,22.3376932070251,109.066662919708
114.263955226053,22.3376900756657,109.072758368216
114.263962008333,22.3376838432688,109.127137828618
114.26396856751,22.3376773418916,109.134397786111
114.26397564773,22.3376705490752,109.11296653375
114.263984578603,22.3376617162357,109.158350399695
114.263988270958,22.3376580842717,109.162475179881
114.26399185304,22.3376545120383,109.149220057763
114.263995476187,22.3376509752209,109.155133782886
114.263999261226,22.3376472026383,109.158827043138
114.26400296554,22.3376435142484,109.16781206429
114.264006657745,22.3376399278261,109.179608343169
114.26401039957,22.3376363065415,109.18953938596
114.264014274332,22.3376326826371,109.192100570537
114.264018104916,22.3376290379971,109.206860270351
114.264021928094,22.3376254371738,109.213689164259
114.264025981485,22.3376218653558,109.222524720244
114.264030139818,22.3376184727372,109.22803454008
114.264034330885,22.3376152099876,109.228454392403
114.264038603825,22.3376120741463,109.233717777766
114.264042903204,22.337609014849,109.23868542444
114.264047399766,22.3376061763637,109.23723644577
114.264052019933,22.3376035201087,109.229804794304
114.264056734302,22.3376010087462,109.240262913518
114.264061393201,22.3375986128543,109.249640275724
114.264066175189,22.3375964958515,109.235531013459
114.26407118813,22.3375949173491,109.247618196532
114.264076067876,22.3375934458429,109.256836442277
114.264080973691,22.3375919690293,109.254257812165
114.264085886025,22.3375907242554,109.229422814213
114.26409093881,22.3375895238571,109.240794108249
114.264095915094,22.337588447608,109.237697876059
114.264108143865,22.3375862843555,109.233950605616
114.264113122076,22.3375857258633,109.225020690821
114.264118072254,22.3375852156028,109.238334189169
114.26412311734,22.3375845919341,109.231151688844
114.264128361942,22.3375841161157,109.217070178129
114.264133463238,22.337583756876,109.23145360779
114.264138722278,22.3375834251962,109.25619977247
114.264143789473,22.3375832470115,109.242685021833
114.264149151199,22.3375831968388,109.245451398194
114.264154317114,22.3375831414288,109.23907098081
114.264159822439,22.3375829987989,109.257954875939
114.26416505119,22.3375828543804,109.287767698988
114.264170526374,22.3375828025557,109.304270138033
114.264176130865,22.3375828328543,109.316193011589
114.264182007412,22.3375829726983,109.332174770534
114.264187803455,22.3375829903233,109.367965558544
114.264193675707,22.3375829065263,109.373469910584
114.264199397435,22.3375828130811,109.362035992555
114.264213895191,22.3375827555826,109.422685099766
114.264219665832,22.3375827134017,109.445002796128
114.264228204391,22.3375826673582,109.497597598471
114.264233801698,22.3375824518286,109.49360377714
114.264239552754,22.3375826473373,109.49764298927
114.264245162243,22.337582637536,109.511822993867
114.264250930071,22.3375826134038,109.527496697381
114.264256833279,22.3375826067702,109.540682414547
114.264262906788,22.3375825976509,109.5295754252
114.264269036801,22.3375826348358,109.551216673106
114.264275058688,22.3375824325337,109.560427263379
114.264280921424,22.3375823694001,109.551925797015
114.264296295935,22.3375823346109,109.525663698092
114.264302574217,22.3375822352347,109.514844586141
114.264308906192,22.3375821718218,109.501998961903
114.264315162778,22.3375819295468,109.454003193416
114.26432164517,22.3375819996503,109.418039550073
114.264328332331,22.3375819779886,109.416590840556
114.264334896776,22.3375817113291,109.406496605836
114.264341760195,22.3375815150857,109.425546911545
114.264348421661,22.3375814396787,109.395726706833
114.264355201101,22.3375813872842,109.375718063675
114.264362105331,22.3375811031192,109.34825052321
114.264369070142,22.3375808528499,109.31671468541
114.264376282973,22.337580715714,109.319830728695
114.264383341985,22.3375806087534,109.313429888338
114.264390556005,22.337580350077,109.283356604166
114.264397795279,22.3375801633271,109.247274173424
114.264404971678,22.3375799182908,109.21196531225
114.264412294414,22.3375796138679,109.194701328874
114.264419646107,22.3375794504097,109.191648810171
114.264426692753,22.3375794990134,109.171258662827
114.264433608239,22.3375794340784,109.165681152605
114.264440296736,22.3375791052648,109.132106048055
114.264446979974,22.337579025997,109.110620177351
114.264453648623,22.3375789226146,109.086129389703
114.264460185518,22.3375787327027,109.085461475886
114.264466783884,22.3375785739285,109.068496307358
114.264473041877,22.3375785745805,109.039497875609
114.264479360669,22.3375783726788,109.027376271784
114.264485544673,22.3375780088693,109.009114203043
114.264491488138,22.337577891846,108.976766488515
114.264497559498,22.3375778763811,108.974206803367
114.264503608346,22.3375777206401,108.959188660607
114.264509750654,22.3375775610434,108.96172595676
114.264515760326,22.337577380083,108.930659507401
114.264521836277,22.3375772609984,108.938305573538
114.264527677907,22.3375769485859,108.91976580862
114.264533230413,22.3375767746545,108.886534962803
114.264538860976,22.3375766085786,108.864400267601
114.264544346013,22.3375764985857,108.844337616116
114.264549897628,22.3375763604835,108.830793540925
114.264555025769,22.3375761762284,108.8479706496
114.264559998244,22.3375760393685,108.830008374527
114.264565123204,22.3375759703043,108.825361419469
114.264570076941,22.3375758718887,108.808838209137
114.264575310845,22.3375757680964,108.786027905531
114.264580852094,22.3375756512105,108.75696920231
114.264586601667,22.3375755427342,108.758035995066
114.264592328728,22.3375753256736,108.742337937467
114.264597837165,22.3375752674933,108.745424230583
114.264603407666,22.3375751242899,108.726866750047
114.264609214343,22.3375750266936,108.70326227136
114.264614947256,22.3375749481131,108.680303325877
114.264620741055,22.3375747357235,108.596718328074
114.264627027926,22.3375746568694,108.604311825708
114.264633042264,22.3375745623024,108.580486656167
114.264639366312,22.3375742609101,108.581912958063
114.264645521736,22.337574149389,108.53539311979
114.264651979094,22.3375740934031,108.524502039887
114.264658294853,22.3375740246004,108.499186497182
114.264664953945,22.337573770192,108.497956587933
114.264671526911,22.337573405129,108.459236964583
114.264678158976,22.3375733004978,108.437156635337
114.2646849773,22.3375731689939,108.406464128755
114.264691787773,22.337572934972,108.378564751707
114.264698916847,22.337572646934,108.35746201314
114.264706045406,22.3375724841467,108.319189121947
114.26471313234,22.3375723044142,108.299767559394
114.264720424198,22.3375720450332,108.2679531537
114.264727702876,22.3375718515146,108.221617540345
114.264735085091,22.3375717348813,108.163272883743
114.264742618826,22.3375716889406,108.136582790874
114.264750066136,22.3375715108538,108.096331685781
114.264757678449,22.3375713962885,108.057961476967
114.264765063925,22.3375714299862,107.998172990978
114.264772359195,22.3375713646125,107.94754087925
114.264779869306,22.3375712770555,107.914988589473
114.264787475331,22.3375711175612,107.838378417306
114.264795112084,22.3375710443329,107.804676871747
114.264802706105,22.337570926046,107.770412297919
114.264810687749,22.337570722739,107.744251654483
114.264822492775,22.3375705231152,107.668248564005
114.26482961859,22.3375704220587,107.656513458118
114.264837146099,22.3375700462403,107.651226215065
114.264844459357,22.3375698776634,107.641139757819
114.264851851929,22.3375698339309,107.655844028108
114.264859149701,22.3375696468963,107.684067334048
114.264866367416,22.3375695011999,107.71212119516
114.264873353696,22.3375693579852,107.740576165728
114.264880093663,22.3375692691939,107.73324634321
114.264886781264,22.3375691866102,107.762391181663
114.264893260166,22.3375690690277,107.788595086895
114.264899727887,22.3375689361483,107.805639029481
114.264906197537,22.3375688126346,107.801068000495
114.264912409755,22.3375687392829,107.81501483079
114.264918579609,22.3375685603829,107.836691406555
114.264924723991,22.3375684112424,107.837366586551
114.264930921101,22.3375683111582,107.851591157727
114.264936984312,22.3375683027084,107.87143911235
114.264943226739,22.3375681490272,107.915153070353
114.264949400743,22.337568054316,107.927116609178
114.264955599777,22.3375679970853,107.945305764675
114.264961476804,22.3375678698569,107.957678458653
114.264967391748,22.3375677682582,107.973853534088
114.264973032376,22.3375676355207,107.992559664883
114.264978649897,22.3375675765039,108.017917507328
114.264983888087,22.3375675064677,108.049331371672
114.264989277509,22.3375672837499,108.053521424532
114.26499450637,22.3375671890452,108.067628613673
114.26499979448,22.3375670272332,108.074852033518
114.265004995792,22.3375669173696,108.081034727395
114.265010174587,22.3375668560136,108.110232805833
114.265015355306,22.3375666276507,108.133329227567
114.26502055099,22.3375664752084,108.138693411835
114.265025794809,22.3375663147765,108.160387532786
114.265030762834,22.3375661460774,108.172577722929
114.265035763743,22.3375660130646,108.175078615546
114.265040707182,22.3375659394423,108.184220194817
114.265050253092,22.337565668323,108.197072263807
114.265059031599,22.3375655153012,108.223856076598
114.265066872079,22.3375653412017,108.233873690479
114.265073703583,22.3375653663568,108.226932709105
114.265079819979,22.3375653922027,108.198235841468
114.265085584734,22.3375654625652,108.203432156704
114.2650905815,22.3375655278344,108.200613449328
114.26509634018,22.3375655102854,108.211681348272
114.265101649182,22.3375655955284,108.1923324503
114.265107434976,22.337565597953,108.171795708127
114.265114054968,22.3375654344676,108.157102685422
114.265119501268,22.3375650214497,108.147076147608
114.265125474564,22.3375640659374,108.153158797882
114.265131373498,22.3375625932872,108.160659185611
114.265137285457,22.3375607944839,108.19012401253
114.265143954876,22.3375581842149,108.25461633224
114.265148385937,22.3375557362853,108.310935996473
114.265153732797,22.3375520261614,108.374844516627
114.265157458957,22.3375489793886,108.43301116582
114.265161542212,22.3375449949343,108.520851640031
114.265165011667,22.3375410241267,108.60581002105
114.265168608041,22.3375364077637,108.73105681967
114.265171770133,22.3375312370577,108.832422922365
114.265174950568,22.3375245936225,108.966826935299
114.265177097291,22.3375179676932,109.081028606743
114.265178315792,22.3375134509674,109.152571815066
114.265179226937,22.3375085995498,109.251572318375
114.265180814478,22.3374995036881,109.404177464545
114.265181662373,22.3374937759014,109.480181250721
114.265182620431,22.3374858423279,109.606672534719
114.265183415284,22.3374795884551,109.723149654455
114.265184154443,22.3374730194485,109.833921649493
114.265184929295,22.3374660249337,109.933509224094
114.265185767528,22.3374587556679,110.078654761426
114.265186186923,22.3374536270127,110.159786229022
114.265186878824,22.3374455822334,110.234099354595
114.265187710488,22.3374343955112,110.412942657247
114.265188339993,22.3374256072266,110.613962034695
114.265188463104,22.3374162979265,110.698184153996
114.265188950716,22.337407057674,110.860675247386
114.265189135134,22.3373977682291,111.006204759702
114.265189373169,22.3373889332314,111.175437915139
114.265189469726,22.3373774322083,111.333147971891
114.265189556852,22.3373688171132,111.419312610291
114.265189487853,22.3373605903335,111.561568215489
114.265189310737,22.3373524098456,111.666386110708
114.265189074486,22.337342135326,111.826566633768
114.265188752369,22.3373347398504,111.940341129899
114.265188452329,22.3373278908627,112.052280373871
114.265187952923,22.3373215909878,112.184003570117
114.265187646677,22.3373153154881,112.260007894598
114.265187142396,22.337309317372,112.352072803304
114.265186437655,22.3372996225552,112.511522759683
114.265185903283,22.3372920133664,112.627798455767
114.265184943021,22.3372807194637,112.795189084485
114.265183985896,22.3372701901576,112.881815880537
114.26518352219,22.3372632473318,112.974473493174
114.265182929163,22.3372560223168,113.109803837724
114.2651820926,22.3372459861852,113.250093271956
114.265181582368,22.3372380203883,113.363545121625
114.265180948007,22.3372297309205,113.494078987278
114.265180650063,22.3372239782087,113.561618100852
114.265180082199,22.3372149368022,113.688522991724
114.265179549876,22.3372054216653,113.82697376702
114.265179058572,22.3371956363226,113.992836138234
114.265178449076,22.3371856594407,114.125595029444
114.26517783438,22.3371752569272,114.304024945013
114.265176968338,22.3371646457861,114.435549552552
114.26517626729,22.3371539124293,114.599659363739
114.265175308363,22.3371428797918,114.776175064035
114.265174709273,22.3371356327258,114.87741806265
114.265173640888,22.3371241730628,115.029791996814
114.265172141865,22.3371087714367,115.262764928862
114.265170995858,22.3370970495633,115.446119256318
114.265170022269,22.3370850523643,115.576535757631
114.265168827088,22.337072908839,115.736009952612
114.265167738393,22.3370606997355,115.93962478172
114.265166261343,22.3370484348199,116.104598125443
114.265164810796,22.3370356613151,116.288987457752
114.265163098527,22.3370230844455,116.477743627504
114.265161444471,22.3370103397397,116.651013142429
114.265159659475,22.3369974380917,116.832461888902
114.265157764881,22.3369846046453,116.986112757586
114.26515576689,22.3369716306622,117.178740841337
114.265153724474,22.336958756433,117.337419902906
114.265151783507,22.3369456485173,117.535130433738
114.265149683768,22.3369323515377,117.683891373686
114.265147713479,22.3369191431664,117.860501869582
114.265145506054,22.3369059629087,118.040114185773
114.265144043571,22.3368969967542,118.154587216675
114.265142068093,22.3368835990614,118.346221578307
114.265139851331,22.3368699496229,118.535916836001
114.265138512083,22.3368609874629,118.645008255728
114.265136406413,22.3368473425673,118.819521883503
114.265134225946,22.3368338325728,118.994866802357
114.265132868044,22.3368250810931,119.081443688832
114.265130498122,22.3368119134037,119.336009182036
114.265128130013,22.3367987068089,119.431446979754
114.265126343746,22.3367897696016,119.559240021743
114.265124054868,22.3367765649538,119.712631469592
114.265122598758,22.3367677531331,119.831107837148
114.265120844195,22.3367589287725,119.937540676445
114.265119266639,22.3367500779449,120.014354989864
114.265117823564,22.3367414627597,120.145396703854
114.265116169868,22.3367329246009,120.269344323315
114.265113879815,22.336720558429,120.429611876607
114.265112263906,22.3367125225108,120.504718400538
114.265109849287,22.3367005456125,120.683569821529
114.265107375285,22.3366887274392,120.819974618964
114.265104842618,22.3366768481015,121.00134554226
114.265103153988,22.3366690863934,121.076735689305
114.265100595123,22.3366572398269,121.182913481258
114.265097768893,22.3366451728121,121.343619088642
114.265095184546,22.3366329893474,121.464496792294
114.265093381118,22.3366249497209,121.564939605072
114.265090350787,22.336612647627,121.703793983907
114.265088120191,22.3366045549555,121.806776912883
114.265084723424,22.3365923140405,121.930083878338
114.265081246516,22.3365800651508,122.101118578576
114.265077531592,22.3365675989514,122.234933936037
114.265075068898,22.3365594212631,122.333168129437
114.265070818537,22.3365467322492,122.442769913934
114.26506681803,22.3365340603496,122.637732128613
114.265062471834,22.3365212469147,122.759942475706
114.265058259093,22.3365084013729,122.881367797032
114.265053962211,22.3364955500629,123.053437216207
114.265049392501,22.3364824862723,123.20720054768
114.265044636915,22.336469435421,123.317985467613
114.265040108961,22.3364562691368,123.538085754961
114.265035230002,22.33644310942,123.619120786898
114.265030366127,22.336429942028,123.812855770811
114.26502529683,22.3364168743781,123.945343338884
114.265020000613,22.3364039381998,124.118092387915
114.265014560577,22.3363908231617,124.274002317339
114.26500887349,22.3363779241791,124.412731587887
114.26500349641,22.3363651191754,124.56817369163
114.264994153562,22.3363438487866,124.813747727312
114.26499042685,22.3363354032467,124.918215535581
114.264984604841,22.3363229711056,125.046310464852
114.264980836368,22.3363147961862,125.135510889813
114.264976955177,22.3363066311912,125.230622044764
114.264970815608,22.3362948373259,125.398507092148
114.26496472315,22.3362829321047,125.51697942242
114.264960216321,22.3362751548662,125.615605121478
114.264954067131,22.3362635654854,125.780236118473
114.264950032948,22.3362558813828,125.856493378989
114.264943930719,22.3362445008874,125.998357890174
114.264939710206,22.3362368906481,126.086167554371
114.264933731652,22.3362253285454,126.23923368752
114.264929591571,22.3362178221962,126.313625170849
114.264925415647,22.3362101496645,126.376489514485
114.264921430934,22.3362028304558,126.497360862792
114.264915078407,22.3361918029683,126.587407623418
114.264909003141,22.3361810720446,126.764892381616
114.264904602377,22.3361740678295,126.87356241513
114.264898244372,22.3361635929065,126.998511680402
114.264894265153,22.3361566225729,127.076300850138
114.264890215729,22.3361496673967,127.153052321635
114.264886141863,22.3361427315189,127.247111048549
114.264879949672,22.3361323191653,127.401779564098
114.264876052734,22.3361253306444,127.483466251753
114.264871933766,22.3361184016612,127.588072912768
114.264865630431,22.3361079187277,127.667235988192
114.264861671797,22.3361007745141,127.779231537133
114.264855557451,22.3360902271088,127.898190709762
114.264851430562,22.3360830878501,127.993235600181
114.264845262009,22.336072204498,128.092509212904
114.264841251319,22.3360649701586,128.180394957773
114.264837066886,22.3360577777174,128.286941770464
114.264832787296,22.3360505020309,128.348170354031
114.264826509424,22.3360395680015,128.516380287707
114.264822250935,22.3360322906778,128.61573143024
114.264817936609,22.3360250417365,128.70726231765
114.264811586691,22.3360139040252,128.816975497641
114.264807423068,22.3360065385224,128.936726849526
114.264803095858,22.3359989550145,129.014811239205
114.264799057323,22.335991480369,129.111337897368
114.264794862681,22.3359840947277,129.181851498783
114.264788889268,22.3359725973897,129.325793906115
114.264784768533,22.3359650588056,129.414007097483
114.264778653672,22.3359534639079,129.549268037081
114.264774573218,22.335945563214,129.660244002007
114.264770395828,22.3359379855035,129.7619236717
114.264765965979,22.3359303289644,129.83460983634
114.26475957052,22.3359190383139,129.964996292256
114.264752992213,22.335907676012,130.094355056994
114.264748628574,22.3359001352205,130.170804482885
114.264744286261,22.335892534634,130.26334862411
114.264740006008,22.3358849748383,130.365715641528
114.264735562389,22.3358775302273,130.442910585552
114.264731255476,22.3358698119678,130.54013459757
114.264724731975,22.3358585312506,130.693309552968
114.264720371078,22.3358509681418,130.780050174333
114.264716030697,22.3358434452658,130.861021019518
114.264711670244,22.3358359190922,130.962114515714
114.264705240066,22.3358246364267,131.073113396764
114.264698929784,22.3358135334607,131.2236797316
114.264692435329,22.3358024880734,131.330542644486
114.264688269727,22.335794925792,131.420220060274
114.264683929202,22.335787693391,131.516176329926
114.264677449704,22.335776551838,131.65200934466
114.264673146877,22.3357692676225,131.738685152493
114.264668890114,22.3357616865951,131.812890729867
114.2646624549,22.3357506641144,131.989359916188
114.264656036589,22.3357394492229,132.055478987284
114.264651934237,22.3357319426113,132.147385140881
114.264645371423,22.3357210923841,132.346681072377
114.264639038208,22.3357098929229,132.408168067224
114.264634462034,22.3357025205368,132.525086171925
114.264630152771,22.3356950734416,132.592221584171
114.264624084154,22.3356840953237,132.756457293406
114.264617542536,22.3356733329785,132.891312364489
114.264611643753,22.3356622983085,132.93896067515
114.264605227883,22.3356519937359,133.125901584513
114.264599221799,22.3356414614481,133.150418781675
114.264595315481,22.3356344715856,133.295004915446
114.264589007084,22.3356244387084,133.416317027062
114.264585197202,22.3356178216813,133.496127797291
114.264579572587,22.3356080299252,133.591755576432
114.264575865499,22.3356015956128,133.675315511413
114.264572335409,22.335595158548,133.76766108349
114.264566962525,22.3355858123987,133.834863765165
114.264561918602,22.3355764158312,133.933817197569
114.264558575365,22.3355701791024,133.998040270992
114.264553910319,22.3355611543181,134.136985626072
114.264549467531,22.3355525709964,134.226799297146
114.264545400878,22.335544083595,134.353192241862
114.264542727125,22.3355385311556,134.444195540622
114.264537908779,22.3355282438999,134.55312370602
114.26453461864,22.335521286791,134.618404914625
114.264531555121,22.3355141334475,134.651327714324
114.264528195075,22.3355067240855,134.682424558327
114.264526108381,22.3355014541173,134.770600724965
114.264522762622,22.3354941351756,134.856464843266
114.264519603192,22.3354864698134,134.926008443348
114.264516644681,22.3354788190522,134.987774203531
114.264513834574,22.3354708224562,135.099610392936
114.264510806597,22.3354629735494,135.160992284305
114.264507821791,22.3354546500938,135.241252510808
114.264505059149,22.3354460254513,135.377770463005
114.264500950571,22.3354346501815,135.486361594871
114.2644975489,22.3354259450217,135.526848338544
114.264495720669,22.3354200381644,135.594441969879
114.264492851685,22.3354112387873,135.702553479001
114.264489544945,22.3354017959084,135.788329831325
114.264486464675,22.3353922805485,135.871967112646
114.264482176351,22.3353795962673,136.014671208337
114.264480100175,22.3353731101256,136.071881426498
114.264477075886,22.3353632224712,136.195690555498
114.264473798325,22.3353531796428,136.280361764133
114.264470790332,22.3353430312665,136.369905618951
114.264468009472,22.3353327376625,136.472089041956
114.264466105476,22.3353257940631,136.556414205581
114.264463161397,22.3353152683974,136.621646340005
114.264460632402,22.3353044203283,136.749049526639
114.264458935327,22.3352973452557,136.799379665405
114.264456703301,22.3352865859352,136.946798766963
114.264454608219,22.3352758364869,137.005198442377
114.264452838095,22.3352653745066,137.125230911188
114.264451412635,22.3352548681611,137.254919356667
114.264450177513,22.3352441999899,137.282291553915
114.264449188474,22.3352339248637,137.420249709859
114.264448174707,22.3352231260814,137.478678978048
114.264447241283,22.335212303087,137.608462656848
114.264446169158,22.3352013860782,137.665020096116
114.264444765841,22.3351900901657,137.765326878056
114.264443796577,22.3351788419182,137.849055482075
114.264443094242,22.3351713815736,137.898578825407
114.264442189402,22.3351601986675,138.030715979636
114.264440660491,22.3351488123323,138.074017299339
114.26443929842,22.3351376029791,138.216976823285
114.264437830372,22.3351263583608,138.375668516383
114.264436315684,22.3351148821652,138.383460221812
114.264435203555,22.3351036105409,138.546120353043
114.264434252606,22.3350960104953,138.627448584884
114.264432913577,22.3350847922815,138.694687618874
114.264431840485,22.3350733527871,138.788818617351
114.26443094812,22.3350657179954,138.831104193814
114.264429816443,22.3350541060039,138.957364153117
114.264428396614,22.3350426893888,139.05685868673
114.264427621333,22.3350350496419,139.108551952988
114.264426846271,22.3350273817981,139.181836718693
114.264425573821,22.3350158653991,139.243876246735
114.264424895696,22.3350080528907,139.347573236562
114.264423532009,22.3349965177428,139.392817105167
114.264422799086,22.3349887016351,139.467129732482
114.264422128593,22.3349808874572,139.542670876719
114.264420861545,22.334969282615,139.636408421211
114.264419814235,22.3349580632816,139.672049663961
114.264419184327,22.3349506850865,139.758089990355
114.264418394382,22.3349432622384,139.828925164416
114.264417384688,22.3349324758884,139.928654563613
114.264416629403,22.334925460092,140.019132731482
114.264415899972,22.3349186490169,140.04519072175
114.264414780005,22.3349084554828,140.195159480907
114.26441401495,22.3349020214305,140.256832679734
114.264413180575,22.3348955038937,140.347215904854
114.264412251611,22.3348862316184,140.458760681562
114.264411288436,22.3348772985826,140.559530338272
114.264410393687,22.3348684964706,140.694143251516
114.264409570202,22.3348629341218,140.797852121294
114.264408740191,22.3348545613174,140.843247809447
114.264407845963,22.3348458278195,140.965603977442
114.264406945438,22.334836743771,141.07780820597
114.264406327687,22.3348307341245,141.145220400766
114.264405514786,22.334821548585,141.135004513897
114.26440495353,22.3348119849471,141.134500382468
114.264404500417,22.3348055726057,141.098320406862
114.264403665657,22.3347951841739,141.149355269037
114.26440337745,22.3347847656371,141.097989523783
114.264402911738,22.3347779261804,141.129546908662
114.26440241535,22.3347674310654,141.132030104287
114.264402071223,22.334757077061,141.153017713688
114.264401521752,22.3347501386652,141.17739686463
114.264401115937,22.3347400949689,141.196139298379
114.26440023154,22.3347269060581,141.277073864825
114.264399965932,22.3347201018717,141.302108860575
114.264399633125,22.3347094932784,141.404360097833
114.264399025205,22.3346989711664,141.421771667898
114.264398563611,22.3346881669119,141.529391991906
114.264398006881,22.3346808115569,141.554957891814
114.264397550202,22.3346736146739,141.59757065773
114.264396757698,22.3346587504999,141.708339748904
114.264396114986,22.3346510953101,141.736262003891
114.264395409597,22.3346396676657,141.815613436513
114.264394272607,22.3346284924396,141.864059718326
114.264393117321,22.3346176768894,141.968854060397
114.264392193713,22.3346106142171,142.007781060413
114.264390952378,22.3346002004523,142.083615088835
114.264389348985,22.3345899357445,142.10361577943
114.26438861563,22.3345827515407,142.146015748382
114.264387836727,22.334575737111,142.208502592519
114.264386197859,22.3345651328912,142.24187698774
114.264385144624,22.334554258918,142.346715228632
114.264384342615,22.3345468597689,142.404925466515
114.264382870519,22.3345356409985,142.445935058407
114.264381612522,22.3345245090462,142.501364006661
114.264380729717,22.3345169585972,142.553071753122
114.264379487196,22.3345056020477,142.615327457897
114.264378743617,22.3344979187671,142.668490142561
114.264377660908,22.3344861937678,142.742922195233
114.26437696006,22.3344782588748,142.791517287493
114.264375889718,22.3344662841919,142.860653253272
114.264375289214,22.3344582724256,142.93156157434
114.264373952127,22.3344460584869,142.927735957317
114.264373208176,22.3344377713948,142.973881700076
114.264371993053,22.3344254574624,143.035128658637
114.264371260802,22.3344170008899,143.08758185897
114.264370639933,22.3344085746328,143.141938610002
114.264369386517,22.3343960082896,143.239168571308
114.264368783643,22.3343873552256,143.293001168407
114.26436809746,22.3343786754023,143.306016777642
114.264366777835,22.3343658580089,143.413377535529
114.264366034032,22.3343573201411,143.467960990965
114.264364700061,22.3343449617636,143.416798616759
114.264363812515,22.3343365572698,143.456644939259
114.26436279648,22.3343281957737,143.504948063754
114.264361965854,22.3343158253947,143.635347606614
114.264360469476,22.3343036596692,143.608808258548
114.26435976744,22.3342955390558,143.688566212542
114.264358795964,22.3342839697973,143.808148615994
114.264357815243,22.3342726055022,143.824896703474
114.264357039898,22.3342652686441,143.890190575272
114.264355973047,22.3342543640567,143.950475940481
114.264355143621,22.3342440977515,144.049635658972
114.264354412125,22.3342375115645,144.081735583022
114.264353624705,22.3342277348933,144.066664119251
114.264352777135,22.334217599773,144.173784471117
114.264351503668,22.3342079797238,144.280816089362
114.264350331077,22.3341983019981,144.277638093568
114.264349432143,22.3341919742967,144.289579277858
114.264347729729,22.3341822396618,144.473722183146
114.264345655282,22.3341728620212,144.426965693012
114.264343343389,22.3341633687607,144.553481312469
114.26434073847,22.3341542868563,144.549622034654
114.264337614404,22.3341450989062,144.618250153027
114.264334160351,22.3341359971603,144.610480364412
114.264329917731,22.3341273493864,144.712363104336
114.264324945731,22.334119273447,144.803124057129
114.264319766089,22.334111719114,144.787827878259
114.264313707311,22.3341047391906,144.890830938704
114.264306991587,22.3340984487265,144.91512622498
114.264300048732,22.3340927204691,144.955880599096
114.264292648798,22.3340874408876,145.02596561145
114.264284444391,22.3340825630947,145.072013705969
114.264276057737,22.3340781631306,145.068535058759
114.264267131609,22.3340741165474,145.172524291091
114.264258184911,22.3340709787367,145.130642875098
114.264249153261,22.3340678812386,145.193722561002
114.264240462023,22.3340652119383,145.175541994162
114.264231683023,22.3340624754343,145.210580931976
114.264222992596,22.3340599853024,145.245087623596
114.264211388254,22.3340566144096,145.279340307228
114.26420006548,22.3340531718407,145.283732693642
114.264189067371,22.3340492117012,145.261473195627
114.264180660918,22.3340455932694,145.22746002581
114.264172118158,22.3340415802365,145.243358151056
114.264163778722,22.3340371775131,145.243234605528
114.264155971385,22.3340329610787,145.236964485608
114.26414914571,22.334028588631,145.192191180773
114.264145055364,22.3340256227546,145.137870664708
114.264134217204,22.334017621453,145.148593139835
114.264127623102,22.3340124437586,145.124110504985
114.264123109366,22.3340086070848,145.138744702563
114.264115868487,22.3340025353912,145.111675976776
114.264111309172,22.3339984379907,145.095798928291
114.264105311781,22.3339928568472,145.085294129327
114.264099050044,22.3339873220168,145.093995828182
114.264094002325,22.3339831193449,145.079805732705
114.264087319132,22.3339770741089,145.058589562774
114.264080242069,22.3339709120227,145.033796149306
114.264076575437,22.3339677240647,145.037191336043
114.264072716739,22.3339644153851,145.019892814569
114.264066962073,22.3339590800598,145.007258058526
114.264062796299,22.3339554268978,144.988207870163
114.264058519994,22.3339515119458,144.990053183399
114.264054060621,22.3339476912417,144.988513921387
114.264049539781,22.3339435899835,144.975998585112
114.264044823728,22.3339394997559,144.972455252893
114.264039910907,22.3339354376252,144.951608134434
114.264035037372,22.3339311969285,144.948649888858
114.264029937816,22.333926919303,144.944688655436
114.264024867845,22.3339225948389,144.955410723574
114.264019534237,22.3339183502444,144.899481571279
114.264014094647,22.3339138400576,144.938178487122
114.264008904558,22.3339095922033,144.945379044861
114.264003575392,22.333905137633,144.916757714003
114.263998327646,22.3339007321974,144.99434104003
114.263990533832,22.3338944279067,144.969855687581
114.263985277316,22.3338901265797,144.96570453234
114.26398014166,22.3338857475376,144.962183683179
114.263974952943,22.3338814710216,144.969667322002
114.263969775001,22.3338773493891,144.983245476149
114.263964549589,22.3338731682255,144.990838984959
114.263959413693,22.3338690592809,145.019347922876
114.263954313531,22.3338649718124,145.022611086257
114.263949148625,22.3338609080416,145.022478989325
114.263944283313,22.3338572274046,145.114575246349
114.263936699826,22.3338511826976,145.071228903718
114.263931874861,22.3338474292198,145.051814809442
114.263927136634,22.3338436074211,145.064177893102
114.263922447637,22.3338398104228,145.073973541148
114.263917984476,22.3338364775129,145.087964934297
114.26391116768,22.3338313037212,145.133077872917
114.26390458722,22.3338260967983,145.100264717825
114.263900065944,22.3338225798011,145.119415528141
114.263895450577,22.3338188666182,145.178584400564
114.263890855633,22.3338152614425,145.209237450734
114.263886180968,22.333811471588,145.192654895596
114.263881564457,22.3338077137112,145.189023017883
114.263876855301,22.3338039244104,145.17598060891
114.263872143239,22.3338002161281,145.158653586172
114.26386755387,22.3337964709209,145.146144986153
114.263862980737,22.3337926976417,145.182247410528
114.263855867403,22.3337869065136,145.196838201024
114.26385099451,22.3337830560341,145.186161790974
114.263832980292,22.3337679280407,145.138491725549
114.263825146503,22.3337612693166,145.085590224713
114.263819894643,22.3337565341984,145.062994117849
114.263814571505,22.3337519258392,145.027598544955
114.263806435085,22.3337447671938,144.963528994471
114.263800924482,22.3337397829298,144.920408657752
114.263795400151,22.3337347430101,144.893554827198
114.263789729356,22.3337297273267,144.84749382548
114.263783952549,22.3337247006242,144.807139795274
114.263775187223,22.333716950025,144.749439571053
114.263769216129,22.3337116692252,144.700154216029
114.263763285665,22.3337065951135,144.650184141472
114.263757121895,22.3337014669938,144.608839688823
114.263751051436,22.3336960230558,144.570916417055
114.263744902358,22.3336906017115,144.528148364276
114.26373552929,22.333682565053,144.47114620544
114.26372916892,22.3336770621397,144.43443696294
114.26371981409,22.3336689168899,144.365648914129
114.263713432476,22.3336633869796,144.342875333503
114.26370719704,22.3336581254902,144.32155647222
114.263701071548,22.3336527978189,144.248965041712
114.263694811864,22.3336474282913,144.217424089089
114.263688420763,22.3336422362279,144.170370938256
114.263682346923,22.333637111977,144.14681197796
114.263673506708,22.3336296639671,144.093670114875
114.263664793376,22.3336225295634,144.029245328158
114.263656201191,22.3336155737332,143.958253903314
114.26364766732,22.3336084917163,143.926795653999
114.263638811211,22.3336014978491,143.849777823314
114.263633125852,22.3335967412039,143.797987338156
114.263624446807,22.3335897820956,143.765422194265
114.263616017592,22.3335831850712,143.690129034221
114.263610652495,22.3335787591334,143.645759010687
114.263602943675,22.3335725325179,143.598805624992
114.263598021546,22.3335685905154,143.564032522961
114.26359067316,22.3335628296392,143.517768995836
114.263586066151,22.3335590937615,143.467635997571
114.263581327479,22.3335552129445,143.440354567021
114.263576647507,22.3335513536066,143.393141184933
114.263572009821,22.3335475879889,143.37192790024
114.263564859889,22.3335417896122,143.30202559568
114.263557861347,22.3335359140754,143.237125261687
114.26355301162,22.333531980343,143.207639883272
114.263548216722,22.3335281552008,143.190013362095
114.263541351965,22.3335223612208,143.106134410016
114.263536756132,22.3335184908797,143.085353718139
114.263532208019,22.3335148123495,143.068969489075
114.26352785025,22.3335111503409,143.036090363748
114.263521777093,22.3335055101554,142.974697748199
114.263517730704,22.3335018497842,142.922497237101
114.263513846295,22.3334981348596,142.88547597453
114.263510085218,22.3334944105613,142.843995450065
114.263506257805,22.3334907573541,142.790658189915
114.263502511328,22.3334870644886,142.768834577873
114.263498844784,22.3334833556172,142.720544788986
114.26349536989,22.3334795701387,142.679049753584
114.263491991641,22.3334757532568,142.653538642451
114.263487071722,22.3334700711997,142.614172951318
114.263483990217,22.3334661148736,142.591013149358
114.263480936779,22.3334622577481,142.555817003362
114.263477165219,22.3334561832614,142.520353849977
114.263470677068,22.3334433816281,142.360177909955
114.263465561951,22.3334275271247,142.276823149063
114.263464926461,22.333420349169,142.20816775132
114.263464585496,22.3334130919001,142.205145045184
114.263465313888,22.3334033504232,142.104365615174
114.26346669979,22.3333958765196,142.070079598576
114.26346812938,22.333391023971,142.019901227206
114.263470396537,22.3333832144595,142.049896256067
114.263472474251,22.3333781723162,142.008638548665
114.263476270078,22.3333706344804,141.975863493048
114.263480488491,22.3333628403724,141.969130243175
114.263485104991,22.3333555665162,141.899029487744
114.263490414197,22.3333485782254,141.89777336549
114.263495861026,22.333341944869,141.8735110173
114.263501656985,22.3333356174433,141.885389777832
114.263509783222,22.3333277797612,141.838537589647
114.26351648699,22.3333220729397,141.833564246073
114.263523421424,22.3333170070974,141.790662363172
114.263533706893,22.333311079254,141.780586839654
114.263544036812,22.3333065150281,141.795571226627
114.263554399713,22.3333031181851,141.814766416326
114.263565221412,22.3333011560741,141.874355738983
114.263576180645,22.3333002643403,141.938755757175
114.263586900157,22.3333006893311,141.977858335711
114.263600004836,22.3333030490145,142.113688901998
114.263610016326,22.3333063550034,142.187753887847
114.263621471968,22.3333113828964,142.31666387897
114.263632591143,22.333317461334,142.46209602803
114.263642957736,22.3333237194934,142.65577487275
114.263650887693,22.3333290687246,142.794768346474
114.263660476978,22.3333358675481,142.950134790502
114.263672176914,22.3333453109735,143.2064947607
114.263682822594,22.3333547273932,143.466589942575
114.263697208475,22.3333669625695,143.811781433411
114.26370970977,22.3333778159152,144.105165035464
114.263722246112,22.3333895753991,144.417170731351
114.263738464511,22.3334042599507,144.740461680107
114.263752199657,22.3334167106499,145.115461387672
114.26376837143,22.3334314139753,145.486525167711
114.263784652881,22.3334461537186,145.910327643156
114.263806604698,22.3334660750954,146.441417490132
114.26382627682,22.3334828381551,146.843485319056
114.263845925392,22.3334994860738,147.315921399742
114.263865869841,22.3335170737274,147.782009243965
114.263883299633,22.3335323849151,148.088356955908
114.263903445296,22.3335507216707,148.641437707469
114.263921110756,22.3335665025153,149.03119508177
114.263941667641,22.3335851269423,149.549687781371
114.263959546904,22.3336009855327,149.98851893004
114.263974736251,22.3336143676495,150.343752207235
114.263992655601,22.3336307845543,150.766516049393
114.264007686048,22.3336446417346,151.073364350945
114.264025167695,22.3336605796039,151.418410113081
114.264037032368,22.3336710790632,151.73115789704
114.264051565264,22.3336835362993,152.081127824262
114.264063364148,22.3336932281526,152.220422517508
114.264078604504,22.3337045169026,152.571118850261
114.264093773542,22.3337144431232,152.877460258082
114.264111982491,22.3337240165594,153.152752541006
114.264124004383,22.3337295112877,153.343695240095
114.264136445622,22.3337337641639,153.453580653295
114.264151623163,22.3337372261891,153.67386981193
114.264169844161,22.3337391598109,153.896503747441
114.26419309517,22.3337375631997,154.154809995554
114.264208436647,22.3337341708418,154.337153630331
114.264223588829,22.3337293007822,154.500331519172
114.264235445352,22.3337241688805,154.603935032152
114.264247866329,22.3337182741648,154.717102616094
114.264259672071,22.3337109392667,154.858535558917
114.264277160357,22.3336977426764,155.024766365066
114.264288424882,22.3336876744884,155.115628159605
114.264296209349,22.3336795955296,155.262222750112
114.26430747638,22.333668495579,155.387648905627
114.264315561813,22.3336596300419,155.462051328272
114.264327012271,22.3336476862727,155.616829440929
114.264335581435,22.33363843271,155.691545856185
114.264344704687,22.3336289432458,155.768451352604
114.264356763951,22.3336160454031,155.928741691634
114.264366083885,22.3336059959901,156.05625567399
114.264372377895,22.3335992028578,156.131205581129
114.264381997157,22.333588969374,156.285047554411
114.264388086845,22.3335821194611,156.346742094494
114.264394395961,22.3335752254569,156.412526857108
114.264400707514,22.3335682548752,156.521445325576
114.264407023807,22.3335610208126,156.603629387915
114.264413359804,22.3335539801828,156.652063075453
114.264419456449,22.3335469428713,156.713252933696
114.264429053782,22.333536367093,156.845596663654
114.264435078217,22.3335294957118,156.94082751032
114.264441327268,22.3335224451618,156.990555091761
114.264450114579,22.3335122794069,157.061752478592
114.264455858858,22.3335052795843,157.132772900164
114.264461939946,22.3334983359686,157.190888233483
114.264467555806,22.3334912490845,157.289367856458
114.264473352883,22.3334840458862,157.367947784252
114.264482200689,22.3334736773112,157.452919598669
114.264487721755,22.3334664823935,157.545575677417
114.264493430123,22.3334594615531,157.528641766869
114.264499366423,22.3334524396983,157.618943291716
114.264507760691,22.3334413254448,157.766014947556
114.264513549844,22.3334336652778,157.78614802938
114.264522331514,22.3334224158807,157.808100167662
114.264527777116,22.3334146019438,157.833991129883
114.264536588862,22.3334029528612,157.752882570028
114.264542729409,22.3333949134719,157.755400851369
114.264548548256,22.3333869176198,157.749857936054
114.264554608824,22.3333788583665,157.726421474479
114.264560621771,22.3333708856624,157.721512216143
114.264566629386,22.3333628782331,157.71502039209
114.264575679653,22.3333511845472,157.68780462537
114.264581616986,22.3333434675983,157.698224483989
114.264587698724,22.3333355307486,157.728273658082
114.264596921993,22.3333242277979,157.652341320179
114.264602822885,22.3333166525199,157.687189567834
114.264612002672,22.3333052597795,157.671679740772
114.264620997018,22.3332940831178,157.679151277989
114.264629927091,22.3332833253112,157.647678237408
114.264635891231,22.3332762173974,157.652264393866
114.264644579255,22.3332651047998,157.80788331572
114.264653530725,22.333254619284,157.793124377728
114.264665281104,22.3332407116441,157.899531160481
114.264674139911,22.3332304880322,157.998573940247
114.264685599848,22.3332177301196,158.089736904018
114.264694049955,22.3332078795634,158.087789255194
114.264703174324,22.3331977308983,158.17564807646
114.264709089363,22.3331911284002,158.174638278782
114.264717713872,22.333181227662,158.146084800363
114.264726861217,22.333171292744,158.113779278472
114.264736075055,22.3331612630677,158.131405801512
114.264745309414,22.3331512179059,158.08986691013
114.264754494736,22.3331410994944,158.111897173338
114.264763665257,22.3331314814985,158.082172135822
114.264775252999,22.3331186855385,158.160957394168
114.264784500089,22.3331098155252,158.184585073963
114.264790127181,22.3331038050471,158.256770424545
114.264798643257,22.3330951930173,158.316023647785
114.264807112818,22.3330871917344,158.432532788254
114.264812713411,22.3330820658458,158.462915057316
114.26482071302,22.3330745771296,158.552669411525
114.264826069966,22.3330698392868,158.60661439877
114.264834150233,22.3330629794171,158.655327660032
114.264842174132,22.3330560402233,158.753259106539
114.264850442563,22.333049051976,158.85404136125
114.264859137628,22.3330418349883,158.952938926406
114.26486831857,22.3330344521031,159.061074914411
114.264877567351,22.3330269347084,159.143272832036
114.264886988681,22.3330195275483,159.228220532648
114.264893476235,22.333014374649,159.264294060878
114.264903325902,22.3330069410317,159.352417204529
114.26490979612,22.3330016591806,159.413013303652
114.264919471308,22.3329939902085,159.494245986454
114.264928782278,22.3329860153732,159.612163697369
114.264937955209,22.3329778652438,159.704585896805
114.264943691381,22.3329723921258,159.747456321493
114.264952354805,22.332964391374,159.847723023035
114.264960642617,22.3329560334406,159.918658126146
114.264969016037,22.3329478270869,159.999571219087
114.264976851509,22.332939530357,160.092966074124
114.264981826083,22.3329340638744,160.153287753463
114.264986763485,22.3329286976845,160.191280900501
114.26499412129,22.3329205729457,160.309312419035
114.2650008877,22.3329126217628,160.354209309444
114.265007713644,22.3329049489561,160.43861602433
114.265012146427,22.3328997332448,160.482668397017
114.265016770715,22.3328943058888,160.533204851672
114.2650213405,22.3328890515942,160.577067411505
114.265028401782,22.3328810811799,160.689638715237
114.265033022664,22.3328758075971,160.737038061023
114.265039911551,22.3328679887268,160.818479655311
114.265044504144,22.3328628226175,160.860850161873
114.265049157019,22.3328575848524,160.899815185927
114.265053772271,22.3328522721336,160.94414834585
114.265058688931,22.3328470167342,160.989156845957
114.265065828125,22.3328390209211,161.05459912587
114.265070835729,22.3328336034498,161.07026346121
114.265076047582,22.3328284527393,161.082667576149
114.26508397592,22.3328210257241,161.146690463647
114.265089346704,22.3328161588457,161.139480589889
114.265097638395,22.3328096554752,161.08477691561
114.265106704117,22.3328035969127,161.053404709324
114.265112555674,22.3327998235851,161.084975461476
114.265124818094,22.3327929426045,161.007047242485
114.265137915282,22.3327873618411,160.948050247505
114.265151505543,22.3327835735085,160.925437832251
114.265161681257,22.3327817137388,160.893338297494
114.265171875195,22.3327807865631,160.878897915594
114.265178727147,22.3327804767152,160.850888468325
114.265188860814,22.3327807516475,160.84531116765
114.265195457126,22.3327813170934,160.854869752191
114.26520487899,22.3327824529102,160.798595089465
114.265214112739,22.3327838450826,160.806903775781
114.265219891774,22.3327849661205,160.823454076424
114.265228393421,22.3327867732914,160.79104584828
114.26523385432,22.3327882845501,160.797287466936
114.265239406899,22.3327897996711,160.809136942029
114.265245093381,22.3327916559395,160.794596641324
114.265250957895,22.3327938467765,160.791542895138
114.265260183082,22.3327974320391,160.789519772865
114.265266460093,22.3328000235692,160.783941187896
114.265272517159,22.3328029193576,160.790104049258
114.26529032417,22.3328122432807,160.760672202334
114.265296061619,22.3328156014956,160.759463017806
114.265301829577,22.3328188599492,160.759254585952
114.265307663746,22.3328225709157,160.763065738603
114.265313384025,22.3328263248503,160.741111703217
114.265319199089,22.3328300159715,160.741768441163
114.265325064511,22.3328338548133,160.750980080105
114.265330794566,22.3328378198543,160.739064192399
114.265336337552,22.3328418267988,160.740865037777
114.265342141803,22.3328456937593,160.759819176979
114.265348067662,22.3328496836035,160.751348484308
114.26535369655,22.3328536679626,160.768401243724
114.265362469266,22.3328598482269,160.872062194161
114.265368302699,22.3328638127356,160.883104013279
114.2653739301,22.3328676747533,160.920555639081
114.265379703693,22.3328712821013,160.928107248619
114.265385362794,22.3328749197688,160.940117644146
114.265390618875,22.332878330379,160.974140327424
114.265398178102,22.3328829568752,161.0425340496
114.265402938306,22.3328856801481,161.039644595236
114.265407566532,22.3328882358959,161.068105887622
114.265414533314,22.3328917947286,161.077763907611
114.265419035488,22.332893772858,161.1126134675
114.265425930415,22.3328967188384,161.173925559036
114.265436267918,22.3329001949952,161.22411068622
114.265444094447,22.3329025214991,161.338373155333
114.265449883254,22.3329036359452,161.388617433608
114.265459597887,22.3329046501229,161.534844857641
114.265469368647,22.3329045520199,161.659287979826
114.265475163644,22.3329042356679,161.750747404993
114.265484438213,22.33290315925,161.881357232109
114.265491686181,22.3329021891901,161.968132738024
114.265500861964,22.3329009909417,162.074337462895
114.265508718661,22.3328998103488,162.18425738439
114.265517091829,22.3328985487095,162.274381648749
114.26552616571,22.3328969613196,162.363329346292
114.265530943623,22.3328961709462,162.426722954027
114.265535842241,22.3328953938159,162.508091684431
114.265540835509,22.3328945053245,162.563785285689
114.265546108116,22.3328937425037,162.627588433214
114.265551399081,22.3328926930847,162.702316408977
114.265556953395,22.3328916458463,162.754374494776
114.265562668255,22.3328906658749,162.835210463032
114.265568442658,22.3328897873126,162.910403589718
114.265574266233,22.3328887125327,162.984943024814
114.265583268564,22.3328869934307,163.094770712778
114.265589483302,22.3328858773036,163.164478806779
114.265595733437,22.3328848030705,163.240587666631
114.265602264682,22.3328835612892,163.328345677815
114.265608672113,22.3328824550816,163.399671919644
114.26561513952,22.3328813637787,163.497067900375
114.2656218054,22.332880184826,163.582308160141
114.265628583843,22.3328789551674,163.670990295708
114.265635464778,22.3328777574777,163.762564028613
114.265642395937,22.3328766655749,163.814479214139
114.265649338184,22.3328753736478,163.920931703411
114.265656255698,22.3328740624232,164.020151745528
114.265662995927,22.3328727848058,164.102097945288
114.265669565083,22.3328715518516,164.201945516281
114.26567609381,22.3328702874576,164.27645235043
114.265682635724,22.3328691503782,164.345640167594
114.265688908517,22.3328680226718,164.414758376777
114.265695361858,22.3328669076457,164.490278182551
114.265701724541,22.3328655931228,164.593166659586
114.265708073017,22.3328642840791,164.661127725616
114.265714428459,22.3328632280199,164.727109997533
114.265720862251,22.3328622529826,164.79464808479
114.26572706676,22.3328610745794,164.875813862309
114.265733075908,22.3328597236547,164.948405552655
114.265739242046,22.3328583859832,165.050470049493
114.265745227793,22.3328573084471,165.132770895027
114.265751091046,22.3328561151783,165.227233946323
114.265756637057,22.3328549461274,165.281298026443
114.265762277416,22.3328535907697,165.324340137653
114.265767795577,22.3328522376333,165.383647717535
114.265773195245,22.3328507621425,165.446969388984
114.265778228331,22.3328492276947,165.524679526687
114.265783472174,22.332847670659,165.616344875656
114.265788440384,22.3328460678712,165.698709588498
114.265793094884,22.3328443488086,165.800262480974
114.265797718589,22.332842424119,165.857269615866
114.265804408871,22.3328396087466,165.950312728994
114.265808903119,22.3328376129711,166.021747499704
114.265817492907,22.3328337178618,166.145289368927
114.265825489791,22.3328292396304,166.276121985167
114.265829731077,22.3328270492499,166.298775913194
114.265834058843,22.3328249134818,166.372767766938
114.265838315964,22.3328226586466,166.43025075458
114.265842683126,22.3328202329552,166.495823298581
114.265847169504,22.3328175967463,166.594281423837
114.265851481856,22.33281467721,166.661675309762
114.26585638267,22.3328119687311,166.694629896432
114.265861190013,22.3328092950158,166.769171624444
114.265865831623,22.3328064801823,166.821009334177
114.265870681328,22.3328035683421,166.874931802973
114.265875609378,22.332800441001,166.936501744203
114.265880526617,22.332797372631,166.993859602138
114.265885661593,22.3327942590289,167.015848977491
114.265890799805,22.3327910628027,167.092679463327
114.265895614555,22.3327880148172,167.139462541789
114.265900548391,22.3327851872917,167.180285029113
114.265905229986,22.3327823614443,167.243582800962
114.265909647805,22.3327795322598,167.271074923687
114.26591387011,22.3327766782946,167.319051570259
114.265918235359,22.3327739499543,167.325019904412
114.265922644591,22.3327714663563,167.356689052656
114.265926959472,22.33276893041,167.40059604682
114.265931183115,22.3327661337513,167.432901436463
114.265935483173,22.3327632726281,167.490133140236
114.265939909144,22.3327603513774,167.496134682558
114.265944656365,22.332757416352,167.511819359846
114.26594964499,22.3327543760891,167.56909406092
114.265954533051,22.3327511765252,167.611027570441
114.265959810514,22.3327479289561,167.602212457918
114.265965071525,22.3327445392125,167.621910043992
114.265970471323,22.3327412144856,167.621534544043
114.265976000281,22.3327379327345,167.60697606951
114.265981596476,22.3327345727274,167.604190992191
114.265987226733,22.332731364303,167.614130188711
114.265993072354,22.3327279056108,167.588268460706
114.265999126068,22.3327243543251,167.568847908638
114.266005282729,22.3327208961611,167.524051395245
114.266011710285,22.3327174071301,167.482018232346
114.266018079767,22.3327138486865,167.475912562571
114.266024510728,22.3327101276067,167.427481241524
114.266031318484,22.3327064445531,167.38057694491
114.266038087873,22.3327028028553,167.352379389107
114.266044812965,22.3326988321232,167.337903257459
114.266051643969,22.3326949385259,167.295259024948
114.266058706469,22.3326911187895,167.260999669321
114.266065717271,22.3326872136356,167.240619085729
114.266072727777,22.3326832263503,167.213029795326
114.266079862705,22.3326791486488,167.162042827345
114.266087100116,22.3326751740405,167.138818548061
114.266094340795,22.3326712721661,167.094681377523
114.266101338714,22.3326673868428,167.064009020105
114.266107989325,22.3326636205487,167.003823455423
114.266114308603,22.3326600008925,166.966988486238
114.266120381734,22.3326567510554,166.910678032786
114.266126116552,22.3326534841981,166.918193983845
114.266131390321,22.3326504394257,166.88101249747
114.266136433767,22.33264744704,166.866946571507
114.266141359317,22.3326444287501,166.852003141306
114.266146115132,22.3326415769202,166.841901767068
114.266150683738,22.3326388678402,166.825976756401
114.266155255603,22.332636203956,166.810234377161
114.266159647658,22.3326335428377,166.802128290758
114.266164030238,22.3326308083992,166.778779543936
114.266168558259,22.3326280304254,166.765220480971
114.266173118565,22.3326251907254,166.757124979049
114.266177659622,22.3326224215654,166.738965440542
114.266182267027,22.3326195851709,166.730366657488
114.266186735212,22.3326166936474,166.707073777914
114.266191263827,22.3326139129111,166.68731992878
114.266195761334,22.3326111685646,166.680344801396
114.266199967659,22.3326085052351,166.663739232346
114.266204092815,22.3326058479805,166.658379014581
114.266208023648,22.3326031047417,166.648052298464
114.266212109414,22.3326005411692,166.625204310752
114.266220042477,22.3325954719262,166.606148599647
114.266227635177,22.3325903867089,166.591829627752
114.266235037121,22.3325853620964,166.550325725228
114.266242625075,22.3325800189333,166.537947960198
114.266250133932,22.3325742541184,166.516732564196
114.266253761442,22.3325712418764,166.468863960356
114.266257636297,22.3325681309688,166.418678311631
114.266261380798,22.3325648266302,166.396494328976
114.266264772194,22.3325611656936,166.37703680899
114.266268223737,22.3325574705502,166.32344609499
114.266271472953,22.3325536888876,166.281238635071
114.266274175052,22.3325497721754,166.216569514014
114.266276742964,22.3325456950617,166.138168859296
114.26627944297,22.3325410023139,166.084037682042
114.266281762921,22.332536571392,166.044817218557
114.266283808569,22.332531800387,165.989028638229
114.266285635288,22.3325268144693,165.973639377393
114.266287100924,22.3325216460839,165.920981190167
114.266288366298,22.3325164424602,165.902181854472
114.266289132261,22.3325112117855,165.830730256625
114.266289842516,22.3325060721024,165.808021571487
114.266290044755,22.3325009357206,165.771158142015
114.266289927371,22.3324960297386,165.740493277088
114.266289442652,22.3324912164078,165.759470195509
114.266288800659,22.3324866791811,165.743767530657
114.266286813732,22.3324781620013,165.743579606526
114.266283971627,22.332470958843,165.764673418365
114.266280941446,22.3324645245425,165.759748580866
114.266277219585,22.3324591038976,165.800211030059
114.266273680222,22.3324541103666,165.801492222585
114.266270140872,22.3324497644573,165.801079508848
114.266266564796,22.3324459592551,165.810738541186
114.266262902225,22.3324427102075,165.844445950352
114.266257160749,22.3324386807353,165.87521658279
114.266251346715,22.3324353848637,165.899859266356
114.266246103236,22.3324334172884,165.913234932348
114.266241464938,22.3324320190905,165.956635607406
114.266235107681,22.3324310987521,165.968651030213
114.266229558523,22.3324308128167,166.001589673571
114.266222379559,22.3324313994215,166.048937934451
114.266216348182,22.3324326826646,166.075599391013
114.26621019685,22.3324348400645,166.103638291359
114.266204008215,22.3324380072013,166.126987975091
114.266197847723,22.3324417762336,166.170456876047
114.266191729614,22.3324462435695,166.187298585661
114.266187209906,22.332449817436,166.204684436321
114.266179786366,22.3324560733566,166.243837956339
114.266174029955,22.3324610918513,166.257150018588
114.266169606816,22.3324650058,166.287799900398
114.266163494052,22.3324703439838,166.30729421787
114.266157034106,22.3324755581746,166.341780470684
114.266151941501,22.3324795972574,166.381573926657
114.26614298442,22.3324862461849,166.422777068801
114.26613379479,22.3324924982884,166.478678477928
114.26612624756,22.3324977185482,166.504028335214
114.266120105578,22.3325016193128,166.5543557778
114.266114085652,22.3325054268931,166.569482910447
114.266109925837,22.3325080632057,166.578963211738
114.266105789555,22.3325107756282,166.638323716819
114.266099683877,22.3325147799719,166.648847815581
114.266095362914,22.3325174609389,166.666154832579
114.266091180284,22.3325202019946,166.697202270851
114.26608501061,22.3325242107755,166.73585585691
114.266078884933,22.3325281197696,166.749654347077
114.266074848341,22.3325306634911,166.76731532719
114.266068986142,22.3325343470713,166.800000486895
114.266063178301,22.3325380422229,166.83051143121
114.266055789234,22.3325428132971,166.879359556362
114.266050351684,22.3325462537571,166.863244355656
114.266045237294,22.3325498452877,166.90367777925
114.266036851181,22.332556035039,166.906606867909
114.266030533122,22.3325615137846,166.943183199503
114.266026068662,22.3325657970051,166.966620544903
114.266020001095,22.3325733525504,167.003371668048
114.266014838349,22.332581356726,167.032446008176
114.266011031563,22.3325892131651,167.058040962555
114.266009128272,22.3325947309526,167.068183642812
114.266007589488,22.3326007133742,167.082754977047
114.266006553242,22.3326065750917,167.106858899817
114.266006124256,22.3326122119039,167.110673746094
114.266006183299,22.3326182483199,167.128546808846
114.266006684153,22.3326231244839,167.109760898165
114.266007418555,22.3326276964495,167.142882316373
114.266008808375,22.3326334688373,167.161786234938
114.266010313425,22.3326393018575,167.186595109291
114.266012161354,22.3326448377782,167.196333217435
114.266015393168,22.3326553066492,167.217188192531
114.266018090146,22.3326662583889,167.27705234196
114.266019156322,22.3326711775887,167.31345965527
114.266019892664,22.3326760559798,167.321774765849
114.266020081288,22.3326809206043,167.334856296889
114.266019972055,22.3326856231912,167.349754393101
114.266018778845,22.3326933186395,167.364262298681
114.266016890374,22.3327003951713,167.416357213631
114.266012759096,22.3327097033941,167.443782066926
114.266010266591,22.3327138124044,167.455984809436
114.266005133584,22.3327204629194,167.497330086306
114.266001727368,22.3327245047204,167.530846682377
114.265991592382,22.3327340731983,167.576624853536
114.265984618777,22.332739417447,167.594388472848
114.265980694456,22.332742364615,167.60794226639
114.265964962057,22.3327525669781,167.614217721857
114.265957601287,22.3327567178988,167.576780235395
114.265939640442,22.3327670326175,167.464096899144
114.265931485071,22.3327716200383,167.388741322793
114.265922657268,22.3327764180366,167.336742133833
114.265905722105,22.3327867856112,167.182696894743
114.265885089823,22.3327992922843,166.98917003721
114.265873022437,22.3328065153848,166.849004830234
114.265864129055,22.3328118887199,166.709544233978
114.265858056403,22.3328154625245,166.649399460293
114.265849117398,22.3328212062677,166.534028400667
114.26584007353,22.332826463857,166.392852472141
114.265819107422,22.3328389379138,166.096094657667
114.265809612387,22.3328437132567,165.977590170689
114.265797003783,22.3328493043011,165.78472464066
114.265787285681,22.3328527694832,165.62905668281
114.265780536004,22.3328548528756,165.50555015076
114.265770513793,22.3328576374358,165.423512826674
114.265761024807,22.3328602345181,165.262698558159
114.265754273178,22.3328617138703,165.184273675084
114.265743869889,22.3328640254663,165.03221828863
114.26573298449,22.3328663447998,164.896961260587
114.265722041764,22.3328682132792,164.76371970959
114.265714851724,22.3328694771159,164.671593834646
114.265703376986,22.3328716437757,164.530130567029
114.265691930827,22.332873183191,164.37442684453
114.26568004092,22.332875346575,164.262663897127
114.265667838218,22.3328772982512,164.083813462406
114.265655722587,22.3328793216349,163.967077477835
114.265647459788,22.3328806173982,163.81891059503
114.265635037272,22.3328825602946,163.681621342897
114.265622560705,22.3328847963951,163.52531640511
114.265605877494,22.3328875693137,163.292598836124
114.265593256942,22.3328898032612,163.192549426109
114.26557660528,22.3328927889251,162.956687081605
114.265564368064,22.3328948690097,162.769723390229
114.265552204448,22.3328971668442,162.625993506983
114.265540416742,22.332899341751,162.469315553084
114.265525214767,22.3329023445608,162.321670111269
114.265513966797,22.3329044427879,162.100725227967
114.265499121162,22.3329069297231,161.981194089167
114.265488900765,22.3329085115472,161.820744516328
114.265474601672,22.3329095317167,161.596530216746
114.265460675486,22.3329097053711,161.466012078337
114.265448210286,22.3329085654856,161.241507856175
114.265436263567,22.3329059937847,161.157181196846
114.26542424855,22.3329020810951,161.079564518295
114.265413019246,22.3328967193826,161.013338401914
114.265401849039,22.3328904200914,160.905611790717
114.265393984104,22.3328854331333,160.836488729343
114.265385999481,22.3328799468416,160.794280008413
114.265375391033,22.3328721891948,160.736888122745
114.265367268801,22.3328660624687,160.720447321422
114.265359274107,22.3328596689186,160.6434250772
114.26534744105,22.3328503228202,160.59404802043
114.265332054011,22.3328382027419,160.565002520569
114.265312446786,22.332823094824,160.543743109331
114.265295498043,22.3328101392177,160.549437268637
114.265278593158,22.3327978604225,160.530901241116
114.265264842939,22.3327889410086,160.552908886224
114.265251182646,22.3327809728742,160.535897182301
114.265240516754,22.3327757253086,160.548506441526
114.265225866357,22.33276959533,160.530250964686
114.265206387811,22.3327638622597,160.534619044513
114.265186916697,22.3327613750662,160.585050911643
114.26517123936,22.3327613581222,160.578980213962
114.265152506636,22.3327631286758,160.603658594191
114.265134294537,22.3327671640269,160.681314084679
114.265120185303,22.3327721340743,160.708676416427
114.265103709861,22.3327802111044,160.759023092687
114.265091339936,22.3327879997967,160.769050696865
114.265074077457,22.3328012788515,160.91096961312
114.265059495824,22.33281391068,160.916073684581
114.265050508489,22.3328219980146,160.863237128593
114.265038217568,22.3328336590946,160.741874730214
114.265025498903,22.3328464523033,160.646229094826
114.265013038252,22.3328599206924,160.551568772644
114.265000350121,22.3328739500953,160.372795737348
114.264990551014,22.332884697874,160.260900432244
114.264974680426,22.3329024835463,160.109502960928
114.264962476604,22.3329164551093,159.971680555493
114.264950235606,22.3329303665749,159.812241482548
114.264938096936,22.3329443503102,159.726727460511
114.264925517201,22.332958349415,159.568588747643
114.264916452421,22.3329688006363,159.433954231441
114.264900608456,22.3329862975478,159.343359705061
114.264884849294,22.3330035226562,159.169944672845
114.264875186354,22.3330136139638,159.030992396176
114.26485890183,22.3330308693928,158.861273989081
114.264845659715,22.3330449307963,158.718666902743
114.264829838706,22.3330621652489,158.518536898308
114.264820142354,22.3330725525565,158.405042629689
114.264803780494,22.3330898013922,158.260668637231
114.264787617542,22.3331072381982,158.143183793873
114.264774723607,22.3331205737524,158.052346705459
114.264759249866,22.3331375686012,158.033506366424
114.264741757441,22.3331573430377,158.046447873116
114.264728191876,22.3331730845641,158.087692725472
114.264711245824,22.3331921138112,158.09940948803
114.264696211369,22.3332089069097,158.065240971744
114.264684659088,22.3332222171098,157.990654024296
114.264672638551,22.3332357323275,157.893287101761
114.264660816254,22.3332494945144,157.850075741298
114.264651794076,22.3332596944257,157.749770847149
114.264633866191,22.3332797663816,157.642580029555
114.264621968267,22.3332928842593,157.61043607723
114.26461019779,22.3333059321472,157.590290851891
114.264601199194,22.3333153501165,157.687749979086
114.264592861869,22.3333247150245,157.616193211637
114.264581663901,22.3333367780095,157.645724083297
114.264573724538,22.3333457047986,157.649185364135
114.264563171079,22.3333570804438,157.647627800703
114.264557955632,22.3333627310466,157.62893775478
114.264547566939,22.333373740189,157.659054510295
114.26453985328,22.3333818893393,157.738647555932
114.264529894334,22.3333921102645,157.720083017834
114.264522615537,22.3334000929138,157.74702847749
114.264515107469,22.3334079906316,157.711840905249
114.264505241312,22.3334184568404,157.711348936893
114.264497628453,22.3334265121929,157.676579711027
114.264490039298,22.3334346446711,157.596872813068
114.264482277437,22.3334430356912,157.568203903735
114.264471789077,22.333454488378,157.42780966498
114.264463922511,22.3334632982191,157.31775032822
114.264453087264,22.3334753109353,157.225145036355
114.264445271947,22.3334840518493,157.078469788656
114.26443182556,22.3334986627782,156.970874324441
114.264417991346,22.3335137735794,156.815021919087
114.264407020277,22.3335261186185,156.684229983948
114.264395823479,22.3335384273014,156.577948058024
114.264387818415,22.333547687467,156.4917435674
114.264379350134,22.3335569172751,156.350267944857
114.264360426341,22.3335783103114,156.174284348264
114.264352560796,22.3335872606876,156.050150944851
114.264339579103,22.3336020126179,155.828645109199
114.264331324302,22.3336111482922,155.832455055788
114.264316050057,22.333628199109,155.547566775233
114.264308142359,22.3336370751427,155.504848771729
114.264297580422,22.3336482533504,155.372647016309
114.264287101127,22.3336590220551,155.261190310121
114.26427103489,22.3336743235471,155.083113498986
114.264254400778,22.3336877747366,154.870787654072
114.264236841062,22.3336987979896,154.612758608535
114.264205061886,22.3337117326628,154.247848760337
114.264188029036,22.3337150439901,154.048609044403
114.264174286133,22.333716284597,153.895676529966
114.264164194171,22.3337161263193,153.738759416156
114.26414760479,22.3337137550281,153.473166405223
114.26413462365,22.3337098818592,153.299277617596
114.264122743545,22.3337044251168,153.052262421697
114.264108106305,22.3336956657863,152.824435033835
114.2640969642,22.3336873550951,152.59463415388
114.264085916778,22.3336784446952,152.322160719894
114.264065902992,22.3336611354395,151.862298155203
114.26404816933,22.3336443448845,151.47744161915
114.264029477784,22.3336261631536,151.066674621776
114.264010045381,22.3336068409934,150.587285689078
114.263986027473,22.3335835249873,150.019903580658
114.263961149852,22.3335598754335,149.350181865506
114.263927687637,22.3335289007578,148.588590188883
114.263885855602,22.3334907325928,147.629562114365
114.263843848122,22.3334541352139,146.637866024859
114.263800372731,22.3334153071886,145.600616239011
114.263764850873,22.3333839162318,144.745074830018
114.263736889201,22.3333598504756,144.081349083222
114.263712640934,22.3333387605513,143.502807741053
114.263695162126,22.3333247257728,143.122593347915
114.263677698317,22.3333120072423,142.807563013397
114.263650818529,22.3332947519185,142.371777347289
114.263632197547,22.3332845038098,142.152166726999
114.263620724013,22.3332783989572,142.055929603055
114.263595138116,22.3332648377065,141.781599747017
114.263575002387,22.3332539447757,141.627756224014
114.263560689366,22.3332463269725,141.55465410836
114.263549175712,22.3332403295974,141.464753878303
114.26353755341,22.3332340296522,141.402143709362
114.263528628083,22.3332293104531,141.324578082189
114.263513333208,22.3332212638415,141.260797726922
114.263503693137,22.3332163561638,141.210818839259
114.263484367303,22.3332068103218,141.102680088021
114.263470836934,22.3332007677734,141.048560906202
114.263456971441,22.333194746705,140.978572834283
114.263442988237,22.3331898153233,140.935020789504
114.263418373817,22.3331840753339,140.86434405949
114.26340083844,22.3331820684341,140.795528808609
114.263390313255,22.3331816506299,140.795415690169
114.263377099508,22.3331815447442,140.750733510591
114.263367521686,22.3331822535118,140.725938602351
114.263351996765,22.3331844090939,140.703500147909
114.263337845438,22.3331879773341,140.687634199858
114.263327474946,22.333191753923,140.67142482195
114.263319921933,22.3331950091766,140.732230794616
114.26331287931,22.3331987212653,140.694398887455
114.263301382712,22.3332058655744,140.757988595404
114.26329122719,22.3332141214915,140.700270010158
114.263281768617,22.3332234881591,140.80338615831
114.263276884285,22.333229691011,140.786439175718
114.263269802655,22.3332407387239,140.854551848955
114.263263360195,22.3332552400738,140.921368929558
114.263259373671,22.3332683354058,141.004271081649
114.263257354312,22.333278988482,141.061715918593
114.263255856196,22.3332901497241,141.102111212909
114.26325501608,22.3332987932493,141.17785309162
114.263254338807,22.3333104086919,141.258000282571
114.26325416915,22.3333221332418,141.308372544125
114.263254270955,22.3333310440583,141.351076263934
114.263254311533,22.3333489489533,141.478910464793
114.263254299935,22.3333668664871,141.562746472657
114.263253920735,22.3333789895431,141.626345388591
114.263253354875,22.3333912889567,141.670476490632
114.263251935369,22.3334037339334,141.781604473479
114.263250060997,22.333419256056,141.845799682662
114.263247395444,22.3334343747258,141.917900270782
114.263245720262,22.3334434084367,141.948082203977
114.263242937706,22.3334553969865,141.996163916774
114.263239601211,22.3334673365171,142.088447693735
114.263235578506,22.3334789061843,142.149714883417
114.263230216224,22.3334923112436,142.207672577351
114.263223997626,22.3335055333071,142.260239144787
114.263216636631,22.3335187184387,142.312952267006
114.263211954349,22.3335264552454,142.355434346013
114.263204871292,22.33353709118,142.369099646807
114.263199151809,22.3335451250551,142.400360862724
114.263191731941,22.3335563061227,142.446812626906
114.263183979853,22.3335676282825,142.485916463658
114.26317824507,22.3335765561258,142.480681852438
114.26317219592,22.3335853203158,142.531464347616
114.263166050712,22.3335943622383,142.512168376707
114.263159420992,22.3336036621531,142.549713263288
114.263152966781,22.3336130877015,142.545795054175
114.263146183383,22.3336227221032,142.493405748159
114.263136913897,22.3336359639619,142.50597037375
114.263132215243,22.333642585164,142.509292714298
114.263124925999,22.3336527950099,142.487031266093
114.263120021202,22.3336597022418,142.456995574757
114.263112372373,22.3336702108165,142.429479166865
114.263107153278,22.3336773181179,142.394162591547
114.263101782217,22.3336847020994,142.349936276674
114.263096262413,22.3336922205821,142.326045087539
114.26308770253,22.3337040100691,142.292738748714
114.263081957776,22.3337117330236,142.254388491623
114.263076423823,22.3337195551947,142.222724404186
114.263070807851,22.3337274423934,142.178112851456
114.26306530789,22.333735140559,142.156650772318
114.263059916828,22.3337428321005,142.122001406737
114.26305443475,22.3337505297032,142.085811098106
114.263049160103,22.3337581545467,142.042816027068
114.263043727529,22.3337659056078,142.000006979331
114.263038355237,22.3337734692684,141.953961158171
114.263032916223,22.3337811277592,141.945218577981
114.263027686416,22.3337887449009,141.921091666445
114.263022312679,22.3337964761284,141.889498610049
114.263016912209,22.3338044008411,141.889310301282
114.263011462486,22.333812364655,141.848548720591
114.263006024094,22.333820135006,141.805355365388
114.263000781214,22.3338281148319,141.79988351278
114.262995385483,22.3338358069567,141.808437554166
114.262990091279,22.3338436318867,141.78197146859
114.262979748521,22.3338589863537,141.772800697014
114.262972062121,22.3338702224809,141.761034195311
114.262962024329,22.3338851691016,141.777964347042
114.262954520331,22.3338962647001,141.792254128493
114.262949562864,22.3339036652586,141.804657028057
114.262944453064,22.3339111159823,141.829423219897
114.262939598315,22.3339185882125,141.867391727865
114.262934685208,22.3339260593296,141.891688587144
114.262929770026,22.3339334664998,141.901795518585
114.262924879652,22.3339409359545,141.914831673726
114.262920050004,22.3339484831275,141.932044277899
114.262915198435,22.3339560551051,141.952110220678
114.262910434477,22.3339634165406,141.978872944601
114.26290566526,22.3339708562482,142.013512444682
114.262900932106,22.3339783758584,142.025522524491
114.262896221686,22.3339860183801,142.038222053088
114.262888962659,22.3339972446164,142.069965549745
114.262879722813,22.3340124348635,142.10242714081
114.262875112147,22.3340199098333,142.120805009268
114.262863830458,22.3340388932366,142.166697703302
114.262848266539,22.33406499499,142.215031207539
114.262843959433,22.3340724947863,142.26548341848
114.262837489692,22.3340836835233,142.269606469199
114.262833253159,22.3340910929162,142.304659813643
114.262826993887,22.3341021653604,142.313819535077
114.262818764165,22.3341169890794,142.346306113526
114.262814760761,22.3341243769733,142.376400828362
114.262804828673,22.3341429318552,142.439748823643
114.262800967157,22.3341505253244,142.453835506923
114.262795111934,22.3341618339495,142.468182158656
114.2627893053,22.3341732798708,142.558367828839
114.262780262021,22.3341922662535,142.527055020444
114.262776881723,22.3342001929134,142.54982502386
114.262766391572,22.3342238003516,142.586887900718
114.262763032227,22.3342316776656,142.587514548562
114.262756400634,22.3342477622037,142.636975406669
114.262753348628,22.3342558316235,142.668007303029
114.262748817085,22.3342680651253,142.692741781473
114.262744036716,22.3342804425163,142.767757243477
114.26273958167,22.3342929730936,142.784848865122
114.262736682143,22.3343013541977,142.811831247993
114.262731100362,22.3343183445562,142.815081593581
114.262727194598,22.334331381427,142.890781891532
114.262723304156,22.3343443080196,142.903380732983
114.262720740691,22.3343531187491,142.910992643796
114.262717461806,22.334367112152,142.94714929536
114.262715570191,22.3343759951167,142.995687851682
114.262712565239,22.3343898713819,143.009915014729
114.262710839432,22.3343992126349,143.04272949975
114.26270923752,22.3344082427356,143.050564119592
114.262707372081,22.3344222537654,143.060535878874
114.26270608343,22.3344312527266,143.068431713618
114.262704546004,22.3344437615693,143.117795190774
114.26270372066,22.3344523926479,143.156962800771
114.262702533301,22.3344646815689,143.197138457559
114.262701841333,22.3344724514133,143.191009973176
114.262701037969,22.334483844697,143.250525763258
114.262700527214,22.3344916765316,143.218117321841
114.262699899085,22.3344994102863,143.229357758537
114.262699619182,22.3345066590394,143.280385209247
114.262699205966,22.3345138642018,143.260280668736
114.262698675742,22.3345208872056,143.246243271045
114.262698326348,22.3345316119049,143.281057060696
114.262698019333,22.3345386043248,143.274122766219
114.262697477414,22.334545778935,143.312265736051
114.26269725194,22.334552824839,143.335703689605
114.262697180058,22.3345597751,143.335342372768
114.262696653075,22.3345703022003,143.365764313377
114.262696485662,22.3345773497606,143.393246075138
114.262696249443,22.3345847205597,143.386831857264
114.26269601086,22.334592087802,143.419781639241
114.262695886766,22.3345994294025,143.432811198756
114.262695730602,22.3346072053191,143.436689796858
114.262695330267,22.3346150451549,143.417184296995
114.262694955116,22.3346227805634,143.427411456592
114.262694848052,22.3346307711714,143.446841143072
114.262694692109,22.3346388532705,143.461856698617
114.262694291253,22.3346473040834,143.449178964831
114.262693986825,22.3346556460656,143.475225065835
114.262693903158,22.3346641897654,143.482401867397
114.262693591171,22.3346727078305,143.483697111718
114.262693392637,22.3346813556871,143.469465480186
114.262693171222,22.334690255174,143.488225372508
114.262693055634,22.3346991317803,143.495053056628
114.26269280178,22.3347083200806,143.514188709669
114.262692524043,22.3347224959099,143.512003579177
114.262692516054,22.3347319471085,143.513166178018
114.262692438301,22.3347415617198,143.500110419467
114.262692252799,22.3347513882833,143.531094056554
114.262692442094,22.3347614016718,143.524115790613
114.26269240063,22.3347715404673,143.544152810238
114.262692279111,22.334781486075,143.561048327014
114.262692395233,22.3347916711433,143.538886955008
114.262692354357,22.3348019212606,143.535676953383
114.262692379619,22.3348121964766,143.564769716002
114.262692437607,22.3348223283554,143.540511360392
114.262692272318,22.3348326110023,143.555627725087
114.262692380887,22.3348432783608,143.559262532741
114.2626924819,22.3348537230296,143.535711898468
114.262692541782,22.334869897153,143.571807178669
114.262692545113,22.3348803853646,143.549553908408
114.262692539115,22.3348911061813,143.545548646711
114.262692686491,22.3349018859827,143.55578700453
114.262692556152,22.3349124783799,143.558451429009
114.26269260977,22.334923420221,143.562311010435
114.262692785207,22.3349342835022,143.534860171378
114.262692657239,22.3349450721245,143.55165345408
114.262692744775,22.3349563000349,143.574859722517
114.262692873341,22.3349665482195,143.564160659909
114.262692861342,22.3349780189149,143.579339662567
114.262692901554,22.334988879177,143.573763683438
114.262692817055,22.3349996639286,143.569287308492
114.262692817347,22.3350109436292,143.560447255149
114.262692803203,22.3350219155128,143.571587252431
114.262692650422,22.3350329761334,143.581651324406
114.262692558221,22.3350434544255,143.562544894405
114.262692613979,22.3350546886445,143.535834175535
114.262692461568,22.3350651065779,143.507516215555
114.262692156902,22.3350758219022,143.540075357072
114.262692077736,22.3350863318939,143.533294836059
114.262691480648,22.3351024213781,143.519148021005
114.26269113791,22.3351129195118,143.501271592453
114.262690550119,22.3351234209625,143.503327534534
114.262689909824,22.3351339830504,143.520756585523
114.262689143403,22.3351445790145,143.503147821873
114.262688438005,22.3351551369462,143.481778152287
114.262687488957,22.3351656234936,143.449240148999
114.262686525175,22.3351762701741,143.448893507011
114.262685640561,22.3351867324848,143.441864878871
114.262684729876,22.335197230337,143.419058672152
114.262683748392,22.3352077899246,143.404427270405
114.262682797052,22.3352182800709,143.400767578743
114.262681839269,22.3352285651785,143.391231056303
114.262680914591,22.3352386808014,143.381943788379
114.262679958739,22.335248578447,143.392097942531
114.262679197878,22.3352584592754,143.38853061758
114.262678381109,22.335268429965,143.422873432748
114.262677454062,22.3352786161426,143.422402245924
114.262676796215,22.3352884410263,143.4161539739
114.262676051939,22.335298424915,143.396832001396
114.262675242938,22.33530847743,143.38825206086
114.262674471188,22.3353185247073,143.376349688508
114.262673653297,22.3353286086283,143.347960225306
114.262672954269,22.335338645153,143.326128540561
114.262671893479,22.3353485667801,143.348388666287
114.262671254667,22.335358661756,143.376834601164
114.26267050906,22.3353682926196,143.356410034932
114.262669765015,22.335377800869,143.375865289941
114.26266898742,22.3353869326532,143.366175114177
114.262668166208,22.3353959701943,143.370447576046
114.262667486442,22.3354048203228,143.34538996499
114.262666788756,22.3354136925035,143.330716001801
114.262666142541,22.3354223657096,143.31142759975
114.262665548539,22.3354310808184,143.317705090158
114.262664940909,22.3354395448561,143.299574106932
114.262663498781,22.3354607141896,143.266703967936
114.262662146557,22.3354819149362,143.22538479697
114.26266129525,22.3354947439785,143.227567585185
114.262660995027,22.3355032854431,143.180799723603
114.2626600393,22.33551643583,143.208047585562
114.262659657467,22.335525342183,143.188450038433
114.262658793669,22.3355433519162,143.11779072322
114.262658470077,22.3355568106284,143.028848615475
114.262657886359,22.3355660132276,142.995124449953
114.262656938759,22.3355887759529,142.868315858766
114.262656341007,22.335602668453,142.814166606404
114.262655862782,22.3356164421658,142.737824340351
114.262655153045,22.3356302698705,142.617361706682
114.262654956829,22.3356441750384,142.537711579353
114.262654611602,22.3356582987285,142.42459442839
114.262654264602,22.3356722038862,142.324616780505
114.262653866131,22.3356867721155,142.251773428172
114.262653706164,22.335696363008,142.195797462948
114.262653590438,22.3357107837762,142.070270405151
114.262653379812,22.3357205378117,142.006691320799
114.262653335706,22.3357351776937,141.927851624787
114.262653139297,22.3357450502249,141.850260907784
114.262653276992,22.3357598711434,141.718827326782
114.262653223738,22.3357698398614,141.654210076667
114.26265309502,22.3357797242544,141.598981598392
114.262653245133,22.3357894072004,141.552245510742
114.262653216793,22.3358042168259,141.432673433796
114.262653237749,22.3358140598873,141.387485880405
114.262653326758,22.3358237712001,141.300348918885
114.262653230921,22.3358336283067,141.235111803748
114.262653223285,22.3358434622608,141.160803509876
114.262653301036,22.3358532537678,141.069745160639
114.262653253556,22.3358630042136,140.981968074106
114.262653065784,22.33587754959,140.941276327707
114.262653124728,22.3358869415013,140.855763617903
114.262653170342,22.3358963441643,140.778185611591
114.262653254321,22.3359055139581,140.700845501386
114.262653024191,22.3359193802902,140.654490088113
114.26265308936,22.335928381149,140.573790586554
114.262653055816,22.3359374553346,140.541453742422
114.26265308714,22.3359462382006,140.449532953091
114.262653074032,22.335954946941,140.373287376948
114.262653171199,22.3359636256528,140.318507226184
114.262653155284,22.3359721376398,140.27485196013
114.262653217309,22.3359845882559,140.143708490767
114.262653208064,22.3359929125801,140.124201590195
114.262653319931,22.3360052653649,139.994295015931
114.262653094949,22.3360134524257,139.92644587066
114.262653500754,22.3360250321865,139.774467710406
114.262653360202,22.3360328372922,139.7189040659
114.262653469969,22.33604055119,139.685175926425
114.262653491866,22.3360523734905,139.593950614333
114.262653497137,22.3360599085243,139.53982286714
114.26265374643,22.3360673239599,139.495670876466
114.26265360029,22.3360784002369,139.372475506738
114.262653599269,22.3360857026833,139.333226662129
114.2626537768,22.3360929086701,139.279920961708
114.262653778885,22.3361002593309,139.209040601738
114.262653804671,22.3361077059057,139.161875791848
114.262653945835,22.3361151786512,139.088847117499
114.262654098669,22.3361264726559,138.994356769137
114.26265423887,22.3361340556379,138.926233511418
114.262654166346,22.3361458084973,138.845711067319
114.262654402821,22.3361536028545,138.777861532755
114.262654556123,22.3361615225887,138.675683168694
114.26265458775,22.3361695101237,138.591369015165
114.262654667932,22.3361816085756,138.526527631097
114.262654750216,22.3361898821769,138.461701582186
114.262655052044,22.3362023077286,138.342422971502
114.262655158834,22.3362107232435,138.243725819513
114.262655276343,22.3362232830374,138.205826298334
114.262655694622,22.3362318454459,138.117447014898
114.26265567448,22.3362405001792,138.044666448608
114.262655966564,22.3362491157766,137.959651965648
114.262656259386,22.3362579893173,137.861990665086
114.262656172808,22.336266903093,137.768281975761
114.262656187742,22.3362804500391,137.741594497114
114.26265640243,22.3362892615684,137.631143475883
114.262656397681,22.3362983834027,137.512268650346
114.262656446484,22.3363074121054,137.434074265882
114.262656511574,22.3363163956013,137.327018226497
114.262656536346,22.3363301591331,137.23310460709
114.262656524194,22.3363393512509,137.135287316516
114.262656577957,22.3363485593609,137.057359836064
114.262656683778,22.3363578531701,136.956868106499
114.262656591014,22.3363720694841,136.848537965678
114.262656628331,22.3363815115601,136.752329997718
114.262656507872,22.336395797606,136.665747825988
114.262656512896,22.3364052358144,136.542776447721
114.26265643513,22.336414648683,136.458833659999
114.262656437932,22.3364243693732,136.352310334332
114.262656309877,22.3364337517812,136.244839061983
114.262656158686,22.336448005866,136.172601786442
114.262656066105,22.3364577320762,136.088158690371
114.262656050766,22.3364673046434,135.990574694239
114.262656035719,22.336477042279,135.871204413474
114.262655988869,22.3364914560552,135.764490230009
114.262656022186,22.3365009427763,135.659849958494
114.262655997074,22.3365106572797,135.585875326768
114.262656162808,22.3365200744185,135.486141189002
114.262656125956,22.3365344103416,135.374229087494
114.262656200898,22.3365436777054,135.290502637625
114.262656353895,22.3365528995922,135.189400471747
114.262656388876,22.336567074288,135.044427858666
114.262656672392,22.3365807129559,134.852475650609
114.262656631921,22.3365948101032,134.7899322249
114.262656843091,22.3366083356615,134.649693369865
114.262656897223,22.3366173333615,134.550935666077
114.262657280877,22.3366312344164,134.437902002595
114.262657389595,22.3366404331721,134.384714164771
114.262657714362,22.3366539664318,134.191074338742
114.262657943795,22.3366633186909,134.140514412895
114.262658179218,22.3366726374498,134.038898873143
114.262658421793,22.336686608923,133.941472576931
114.262658795706,22.336695829986,133.832552469335
114.262659101709,22.3367050485732,133.738143756054
114.262659456443,22.3367142522808,133.647977128625
114.262661050717,22.336746357369,133.33087108843
114.262661870649,22.336760449277,133.226289001293
114.262662811956,22.3367740314696,133.05454366561
114.262665286787,22.3368064733415,132.759941538796
114.262668179645,22.3368342304161,132.520442273468
114.262669791626,22.3368480895811,132.353316373192
114.262673323139,22.3368714307088,132.221261885948
114.262681998807,22.3369216036158,131.723426168784
114.262684492319,22.336935032754,131.611530012451
114.26268740375,22.336948323837,131.536178824492
114.262692441246,22.3369692071291,131.270408867858
114.262695545839,22.3369814058087,131.254441586323
114.262701437318,22.3370013366932,131.024449122138
114.262705247975,22.3370132395109,130.916878291406
114.262713893003,22.3370373050348,130.717247541063
114.262718142907,22.3370490718582,130.624451703392
114.26272082644,22.337056272647,130.595964460634
114.262730310779,22.3370790520031,130.338347758166
114.26273489833,22.3370901669435,130.293242087588
114.262742967682,22.3371077199632,130.101590408944
114.262746558356,22.3371149732481,130.040196984075
114.262755304613,22.3371324892182,129.896311141551
114.262758989865,22.3371391698366,129.835457646288
114.26276453403,22.3371494389907,129.714623404667
114.262770270085,22.3371596455936,129.615555989556
114.262776192703,22.3371702314218,129.589618966915
114.262782249429,22.3371804579969,129.451960166916
114.262788375625,22.3371909897925,129.34947975073
114.262794788803,22.3372015702362,129.269805225544
114.262807456231,22.3372224852957,129.091783125885
114.262813832533,22.3372327550162,129.012135203928
114.262820076564,22.3372426051465,128.890483412892
114.262834099563,22.3372650373153,128.721122408286
114.262840086329,22.337274194635,128.656345172785
114.262854692604,22.3372985928251,128.438878309913
114.262859782966,22.3373076269506,128.361169661395
114.262864358104,22.3373163488334,128.277498467825
114.262872774464,22.3373330379027,128.104130508378
114.262879473052,22.3373477843727,127.99211669527
114.262882345742,22.3373550823007,127.931515982375
114.262884239391,22.3373601219407,127.894360168837
114.262889462279,22.3373758702901,127.751220448874
114.262893606431,22.3373918192669,127.633325845003
114.262895415625,22.33740221795,127.594951158389
114.262896210985,22.3374072672314,127.560826068744
114.262897444626,22.3374248224562,127.482507594861
114.262897317852,22.3374347848751,127.429585945792
114.26289602825,22.3374500744985,127.358351587318
114.262894564715,22.3374603714769,127.325048353523
114.262893858463,22.3374651993217,127.306917475536
114.262891123454,22.3374803599624,127.224339341745
114.262888341205,22.3374939428751,127.147949161008
114.262887194445,22.3374994374961,127.119674275629
114.26288602968,22.3375062346701,127.071142221801
114.262884225248,22.3375165452836,127.010321305133
114.262882875168,22.3375268966899,126.968945346773
114.262882059516,22.3375335263095,126.920201892033
114.262881513896,22.3375388832838,126.919488176703
114.262880883665,22.337549404591,126.870090954937
114.262881274902,22.3375644787187,126.81083269231
114.262882110311,22.3375724893078,126.763137335889
114.262883037788,22.3375788907588,126.756203741767
114.262884560692,22.3375856894646,126.72158532124
114.262890706882,22.3376032695237,126.667032160796
114.262897632122,22.3376158676769,126.58490544837
114.262902740364,22.3376229903512,126.553135773167
114.262908255196,22.3376297208732,126.547667014413
114.262921846102,22.3376440877026,126.492419070564
114.26292975377,22.3376517551544,126.466230196878
114.26293378737,22.3376554642166,126.478006881662
114.262944371359,22.3376668536713,126.434011857957
114.262950929902,22.3376743477759,126.426223826595
114.262960361302,22.3376882832243,126.374790796079
114.262964587877,22.3376965130649,126.372550984845
114.262968665519,22.3377052800247,126.38767492678
114.262971917321,22.3377146183967,126.331761546433
114.262975003734,22.3377269985473,126.271121861413
114.262976572989,22.3377374234142,126.240318918601
114.262977323815,22.3377480591644,126.174730477855
114.262977025314,22.3377562213244,126.138147473335
114.262976288164,22.3377645854216,126.123133007437
114.262974222962,22.3377761469151,126.008245402016
114.262972305006,22.337785232896,125.934200721793
114.262965774426,22.3378082202887,125.720436170697
114.262960879935,22.3378225491393,125.621428463608
114.262949846272,22.3378567058581,125.277072651312
114.262942944147,22.3378774898137,125.126788392663
114.262939386045,22.3378899903525,124.932039135136
114.262933758493,22.3379073681444,124.807259652764
114.262929757516,22.337920188778,124.630087411962
114.262924558757,22.337937681073,124.460601992905
114.262919457237,22.3379554094097,124.298717516474
114.262914362382,22.3379732199437,124.16275824327
114.262906339312,22.337999808688,123.865211407654
114.262900914371,22.338017381802,123.704981599934
114.262896651886,22.3380305113745,123.561732491478
114.262881656293,22.3380783813047,123.039669231512
114.262873692833,22.3381044487207,122.77967877686
114.26286978768,22.338117101879,122.641652596183
114.262855199475,22.3381640582581,122.160215493292
114.26284766503,22.3381891396667,121.873838205822
114.262841334889,22.3382097678549,121.615608115681
114.262838651448,22.3382177553221,121.562207319774
114.262830400832,22.3382445016147,121.26152327843
114.262827350988,22.3382550681449,121.094256225042
114.262813925645,22.3382994281137,120.635822551325
114.26280906065,22.3383152211644,120.489457516
114.262804700529,22.3383291777129,120.35942066554
114.262795863918,22.3383559258613,119.902173245326
114.262789431209,22.3383752852671,119.754457458854
114.262787009261,22.338383125746,119.672092271969
114.262779181218,22.3384072348653,119.364769568667
114.262773638776,22.338423861974,119.132074346766
114.262769305839,22.3384364842086,119.033737754449
114.262759305729,22.3384663370339,118.659809436649
114.262752152597,22.3384880177323,118.37392785307
114.262743650806,22.3385144266578,118.069656516425
114.262735453762,22.3385410261371,117.745318893343
114.262731440067,22.3385544238391,117.539707744494
114.262728609514,22.3385632850906,117.428975872695
114.262717540946,22.3385993164101,116.969045459293
114.26271202359,22.3386171950373,116.79234112706
114.262707987374,22.3386306269845,116.581599460915
114.262698676423,22.3386618277945,116.240822241642
114.262686479687,22.3387062397211,115.678687461652
114.262682382034,22.3387238846819,115.427533384413
114.26267920062,22.3387372077729,115.306270845234
114.262674227095,22.3387590645106,114.981699829921
114.262670669925,22.338776888689,114.744256788865
114.262667214295,22.3387946407687,114.529943673871
114.262664961504,22.3388079297621,114.363130210899
114.262661135564,22.3388345638328,114.019210216589
114.262657877985,22.3388662189626,113.612658326514
114.262656659533,22.3388935938871,113.288846454583
114.26265648229,22.3389122677002,113.06509187445
114.262657519374,22.3389487848964,112.517834448256
114.262659125296,22.3389797794642,112.093002151698
114.26266097603,22.3389975632223,111.821520272642
114.262665887348,22.3390327364704,111.314842516556
114.262669054497,22.3390508770212,111.059733219445
114.262676082479,22.3390824693685,110.574455725029
114.262680520343,22.339100505348,110.27738538757
114.262686782486,22.3391233838817,109.932603986003
114.262690437657,22.3391370286577,109.715318395756
114.262696898428,22.3391598974494,109.337284719571
114.262703151245,22.3391830151288,108.997343367897
114.262714172979,22.3392246713372,108.319982077926
114.262724030914,22.3392617963767,107.741196221672
114.262729378399,22.3392804835851,107.472834982909
114.262741796634,22.3393222158781,106.831531268544
114.262751742926,22.3393540704233,106.426985647529
114.262759031142,22.3393759562131,106.151700560004
114.262765107779,22.3393930296256,105.943530379795
114.262771211888,22.3394096594892,105.66916949302
114.262777418733,22.3394259921938,105.481321703643
114.262785576794,22.3394462606518,105.127629707567
114.262799921009,22.3394787379982,104.658605840988
114.26280775918,22.3394949579355,104.431289310567
114.262813668494,22.3395072077481,104.297866830602
114.26282188897,22.3395227629053,104.061112760566
114.262830245499,22.3395382572273,103.830351643264
114.262838884276,22.33955328326,103.602473427542
114.262847919429,22.3395680813832,103.388372373767
114.26285514895,22.3395788289861,103.210204784758
114.262862530601,22.3395895095457,103.09017318394
114.262870061028,22.3395996916539,102.853921115398
114.262880461567,22.3396130131263,102.605161579326
114.262891317811,22.3396257683989,102.419919190928
114.262902053934,22.339638095341,102.227762584575
114.262913066602,22.3396499853428,102.024784849025
114.262920821013,22.3396583563566,101.847861951217
114.26293114916,22.339668754664,101.700922749005
114.262938145055,22.3396758025833,101.51166896522
114.262960407948,22.3396960795889,101.193378595635
114.262969816648,22.339704321709,100.982749170624
114.262976906393,22.3397099452522,100.828328195959
114.262984724523,22.339715936153,100.692058804445
114.262994931751,22.3397239296899,100.525852067396
114.26300332259,22.3397299989284,100.389003971592
114.263018208853,22.3397408009381,100.11682797689
114.263028019505,22.3397472903117,99.9951981240883
114.263037632818,22.3397537012228,99.7974145701155
114.263047859877,22.3397600348219,99.6752344407141
114.263074630019,22.3397760372243,99.2545086927712
114.263091685127,22.3397853867512,99.018805006519
114.263105629605,22.3397925571239,98.8243497572839
114.263119533943,22.3397993610399,98.5927606420591
114.263130033447,22.3398041891781,98.4415209852159
114.263144021408,22.3398103339525,98.2412534002215
114.263162666983,22.339817565663,97.9973762435839
114.26317801566,22.3398230382855,97.7780956085771
114.263189651479,22.339826909732,97.5785945830867
114.263213917978,22.3398343307981,97.242127657868
114.263234427522,22.3398396803864,96.9901434006169
114.26324679344,22.3398423904995,96.8357987822965
114.263280169671,22.3398491457759,96.4149647783488
114.263304974837,22.3398536303114,96.0866476939991
114.26332163915,22.3398562273115,95.8673036042601
114.263334019964,22.3398579428232,95.7211944097653
114.263350397427,22.3398600152371,95.5170631697401
114.263367302183,22.3398619309778,95.3198597664014
114.26338482033,22.3398635585833,95.1689806776121
114.263407281028,22.3398655297927,94.9623518921435
114.26342560623,22.3398667263244,94.7179163377732
114.263444229252,22.3398676068189,94.5066951261833
114.263458430517,22.3398682425745,94.3529213583097
114.263477351469,22.3398688551212,94.1682474538684
114.263496518933,22.339869798705,94.0413712793961
114.263510634261,22.3398703380157,93.80214123521
114.263529708642,22.3398709699138,93.6326333610341
114.263563084685,22.3398719492893,93.3257587859407
114.263586807796,22.3398722905872,93.0954031981528
114.263605931229,22.339872585009,92.9870327720419
114.263652769482,22.3398723781264,92.5518013807014
114.263680959214,22.3398723683257,92.2460541464388
114.26369504903,22.3398720649845,92.1625544577837
114.263709059631,22.3398720767208,92.003385537304
114.263755003626,22.3398713767706,91.6382111869752
114.263772249801,22.3398710360945,91.4643102288246
114.263788991143,22.3398705560373,91.2983343778178
114.263829294834,22.3398682212795,90.9705878263339
114.263848751685,22.3398655511135,90.8401407506317
114.263867808089,22.3398618177302,90.7047032024711
114.263910654655,22.3398503880269,90.2891330281273
114.263942458446,22.3398385259117,90.0039909537882
114.263966108992,22.3398278480599,89.7989566670731
114.264008254791,22.3398031955606,89.4520731084049
114.264032748727,22.3397844840443,89.2465801388025
114.264048993038,22.3397695401645,89.0696599911898
114.264061213611,22.3397569558674,88.9262155815959
114.264072912387,22.3397434641954,88.8005241611972
114.264083796532,22.3397296852944,88.6662481613457
114.264094135219,22.3397153118829,88.5289451982826
114.264104017169,22.3397006319406,88.4485218981281
114.264111285095,22.3396895265856,88.3411442674696
114.264122407917,22.3396713069314,88.2012330684811
114.2641310849,22.3396565337754,88.0971077335998
114.264153263285,22.339619123157,87.7769337678328
114.264166921838,22.3395964093526,87.5749125378206
114.264176220513,22.3395812844031,87.4619417656213
114.264194516068,22.339550855034,87.1672748848796
114.264208079332,22.339528104018,86.9625423327088
114.264217631581,22.3395127471552,86.8508272143081
114.264224477756,22.3395015654544,86.7293238826096
114.264231106295,22.339490747859,86.7325427131727
114.264237851712,22.3394798083309,86.602541109547
114.26424282957,22.339471943321,86.5756927533075
114.264249116475,22.3394609255225,86.4809322413057
114.26425376803,22.3394539720238,86.41459925659
114.264260029244,22.3394434430564,86.243166369386
114.264264613953,22.3394359696563,86.2199704898521
114.264271183354,22.3394253077708,86.1750784087926
114.264275372808,22.3394182471374,86.1117781372741
114.264281732399,22.3394074904547,86.0194218251854
114.264285930183,22.3394003712571,85.9679921874776
114.264292269628,22.339389521219,85.8682261724025
114.264298626992,22.3393784837083,85.8031501444057
114.264304924294,22.3393674508854,85.7062006564811
114.264311247292,22.3393564242596,85.6398959206417
114.264317586288,22.3393452266333,85.5506058484316
114.26432195537,22.3393378112466,85.4831373216584
114.264326232765,22.3393305056124,85.419732561335
114.264330677683,22.3393231628411,85.3635807754472
114.264337552427,22.3393119951112,85.2832587184384
114.264342232336,22.339304670182,85.2328086327761
114.264347028891,22.3392972899628,85.1773157343268
114.264351793452,22.3392898956893,85.1121469475329
114.264356703834,22.3392825732031,85.0741296578199
114.264361489947,22.3392752586428,85.007405824028
114.264368691668,22.3392643258852,84.8856772389263
114.264373517031,22.3392568961282,84.8195535531268
114.264378534943,22.3392493107281,84.8008544072509
114.264383234921,22.3392418685008,84.7349997851998
114.264390677406,22.3392306044822,84.6306318864226
114.264397958359,22.3392192255405,84.5682962620631
114.264402851262,22.3392115951203,84.4864110294729
114.264407945826,22.3392038633143,84.4414066076279
114.264412736968,22.3391962175285,84.3799549676478
114.264429668782,22.3391692685326,84.1522278441116
114.264437087038,22.3391575229534,84.0654855873436
114.264441743611,22.339149671097,83.9836487835273
114.264446514306,22.3391419096989,83.9401328964159
114.264451283079,22.3391340842629,83.8642265191302
114.264458370948,22.3391221747085,83.7796190846711
114.264465236494,22.3391105205918,83.6635349122807
114.264469881876,22.3391026864378,83.6208759788424
114.264476979001,22.3390908353749,83.5396093046293
114.264481572248,22.3390831562057,83.4668184956536
114.264488874884,22.3390713852316,83.4201348815113
114.264496593815,22.3390594883824,83.3282517883927
114.264501609569,22.3390518625684,83.2989860111848
114.264508655904,22.3390405144913,83.0871420977637
114.264516628626,22.3390290446573,83.098661750555
114.264526463959,22.3390136266469,82.9234644155949
114.264533870281,22.3390022511218,82.827505021356
114.264541718068,22.3389907203328,82.7718545468524
114.26454678248,22.3389831494799,82.708898851648
114.264554469271,22.3389718953663,82.5801764167845
114.264562444587,22.3389607558229,82.5385882183909
114.264570474353,22.3389496183837,82.3809363786131
114.264578676368,22.3389385035377,82.3230166034773
114.264586787445,22.3389276057359,82.2095532175153
114.264598158844,22.3389129027012,82.0810298044235
114.26460705206,22.338902119054,82.0157595667988
114.26461565786,22.3388914223228,81.881756035611
114.264627872061,22.3388775217737,81.7665586024523
114.264637461888,22.3388671805676,81.6844736980274
114.264650481276,22.338853668608,81.5236340202391
114.264663839638,22.3388403055654,81.3525874465704
114.264681172049,22.3388238027155,81.1003043055534
114.264698814544,22.3388080431894,80.8985313223675
114.264709615922,22.3387986594776,80.7907038712874
114.264720155501,22.3387894248165,80.672248586081
114.26473438229,22.3387770506478,80.4971842467785
114.264744865804,22.3387680045492,80.3799942601472
114.264755492857,22.3387591553638,80.2016705451533
114.26476965907,22.3387474648419,80.0037614377216
114.264784683559,22.3387360880238,79.8430573735386
114.264795911671,22.3387274022806,79.7223723102361
114.264811319717,22.3387161449046,79.545238269493
114.264822941394,22.3387076986071,79.3735026940703
114.264838253679,22.3386966301286,79.1946491394192
114.264853005046,22.3386859650134,78.970045379363
114.264867673685,22.3386754439906,78.7560869278386
114.26488225277,22.3386650721037,78.6238282136619
114.264896907263,22.3386545354244,78.3989112498239
114.264911946559,22.3386435327557,78.211286325939
114.26493086333,22.3386300196959,77.9439512630925
114.264946195459,22.3386190689855,77.7418706258759
114.264957771285,22.3386108492349,77.5677949525416
114.26497327376,22.3385999811946,77.3214461980388
114.264984984079,22.3385916541842,77.1366352140903
114.265000340058,22.3385806944997,76.9006727775559
114.265011989345,22.3385725576432,76.7466527586803
114.265027249341,22.3385615269914,76.5017991615459
114.265042557171,22.3385509159731,76.3128543440253
114.265057806797,22.3385401972829,76.0784369427711
114.265069221604,22.33853217226,75.9424825748429
114.265080419869,22.3385239762164,75.7533226143569
114.265091882221,22.3385158435216,75.6100372374058
114.265103235274,22.3385078800358,75.4129932466894
114.265114596457,22.3384996243928,75.2715756651014
114.265125851596,22.3384918276891,75.1068768482655
114.265136842635,22.3384834723514,74.9218990579247
114.26514860952,22.3384756724208,74.7860260298476
114.265156060951,22.3384702591068,74.6817383980379
114.26516755234,22.3384619485265,74.484710210003
114.265179204429,22.3384537706239,74.3343860460445
114.265191306364,22.3384452585115,74.1435591289774
114.265199404629,22.3384396552738,74.0441359523684
114.265211171814,22.338431249918,73.8469629921019
114.265222949055,22.3384229210742,73.7135969093069
114.265234175158,22.3384147402569,73.5247887447476
114.265245190769,22.3384070592234,73.4070650096983
114.265255569779,22.3383994212866,73.2191665964201
114.265262720527,22.338394377945,73.111374325119
114.265273966611,22.3383865486397,72.9883611546829
114.26528122237,22.3383812678425,72.8875219635665
114.265291978639,22.3383736082988,72.6983438627794
114.265299293795,22.338368574083,72.6068567326292
114.265309900163,22.338361290443,72.4477535253391
114.265319960998,22.3383543250801,72.3275492247194
114.26532626761,22.338349979672,72.2488633207977
114.26533566532,22.338343641209,72.1288287630305
114.265342059757,22.338339237032,72.083316013217
114.265354284624,22.3383311585724,71.8948307624087
114.265359800577,22.3383272921779,71.8187444005162
114.265367717113,22.3383220417129,71.6550157992169
114.265375660148,22.3383166764331,71.5363333756104
114.265383541416,22.3383113228663,71.4246337302029
114.265388871919,22.3383078918349,71.378894707188
114.265396744158,22.3383024852143,71.2348314523697
114.265402179237,22.3382989631325,71.1715091392398
114.265407986241,22.3382953055263,71.114507149905
114.265413692677,22.3382917925005,71.0446950690821
114.265419499389,22.3382877574384,70.9505708487704
114.265428920799,22.3382818524677,70.832355896011
114.265438086121,22.3382757062173,70.6575686559081
114.265444098273,22.3382717843849,70.5768844839185
114.26545044221,22.3382679344091,70.5086963679641
114.265456617732,22.3382638855637,70.4446259941906
114.265466024785,22.3382581265454,70.2850031796843
114.265472370944,22.3382542491126,70.2123426953331
114.265478232604,22.3382505918461,70.1473882235587
114.265484262538,22.3382470040232,70.0508886417374
114.265493172508,22.3382421355389,69.9071122156456
114.265499492314,22.3382391173546,69.8294711317867
114.265508832447,22.3382351658814,69.6477391971275
114.265518638997,22.3382319710703,69.5397099936381
114.265525133308,22.33823010894,69.4425755282864
114.265534963579,22.3382280918529,69.3132041972131
114.265544652401,22.3382270926893,69.2125619649887
114.265554497215,22.33822713559,69.0878142677248
114.265566949117,22.3382290079507,68.9342989502475
114.265572809674,22.3382306812462,68.8367913523689
114.265581395509,22.3382339015589,68.7341888761148
114.265592367183,22.3382394930633,68.4924317691475
114.265599936342,22.3382449287089,68.4372675800696
114.265608926772,22.338252480607,68.2758592050523
114.265614436694,22.3382581684239,68.0035672672093
114.265620694928,22.3382674024108,67.8603143822402
114.26562574364,22.33827718483,67.6673555634916
114.265628248323,22.3382852108974,67.6262036617845
114.26563066405,22.3382953434879,67.4788066362962
114.265630626988,22.3383084174917,67.2229397781193
114.265629194793,22.3383226517774,66.9939231798053
114.265623583957,22.3383427884216,66.6549147302285
114.265615636393,22.3383634078914,66.2911112168804
114.265607432216,22.3383811538091,66.0113590275869
114.265598916839,22.3383985991669,65.7124836742878
114.265589967337,22.3384174644668,65.4150906475261
114.26558152646,22.3384351541011,65.1201879577711
114.265572598567,22.3384540157189,64.8602874381468
114.265561891382,22.3384763378171,64.497112609446
114.265553238414,22.3384961101154,64.2085239756852
114.265543098876,22.3385212172203,63.7728573782369
114.26553461274,22.3385449270096,63.4731651404873
114.265526190917,22.338569396079,63.0990454945713
114.265519404272,22.3385902854603,62.7812954075634
114.265512029521,22.3386156194396,62.38660085015
114.265506906544,22.3386365391473,62.1201083753258
114.265501391283,22.3386611981329,61.7140199355781
114.265496468932,22.3386860057566,61.3635375555605
114.265492975656,22.3387028883563,61.1249387934804
114.265488991886,22.3387239986189,60.7947900006548
114.265486225299,22.3387411303039,60.5228924294934
114.265484170647,22.3387543508648,60.3485965486616
114.265482743576,22.3387672216299,60.1759699322283
114.265481793681,22.3387759000806,60.0472329091281
114.265480017415,22.3387937667387,59.8442603098229
114.265478721363,22.3388111276574,59.5912752300501
114.265477760874,22.3388244817479,59.4302520258352
114.26547726445,22.3388374994868,59.23761048913
114.265476797432,22.3388463483068,59.1030396679416
114.265476124151,22.338859531135,58.9208237500861
114.265475928412,22.3388727145874,58.7374995425344
114.265475975074,22.3388815531717,58.6070126062259
114.265476022913,22.3388902417063,58.4966330518946
114.265476084385,22.3388991698399,58.3797382544726
114.265476341661,22.3389079105533,58.2924881568179
114.265476578068,22.3389166110153,58.1506841462106
114.265477009396,22.3389253192605,58.0256579117849
114.2654776001,22.3389339760033,57.9084714977071
114.265479480484,22.3389598000494,57.5633144509047
114.265480267439,22.3389682052812,57.464058178477
114.265481240149,22.3389768614358,57.3396867569536
114.265482333425,22.3389853922134,57.2217092216015
114.26548341602,22.3389937119745,57.1541810659692
114.265484726003,22.3390022574604,57.0193015588447
114.265486029163,22.3390104839002,56.9015042241663
114.265487327143,22.3390188741437,56.7780384523794
114.265488786563,22.3390270129612,56.6856400715187
114.26549019207,22.3390350959216,56.5802907282487
114.265491676527,22.3390433578591,56.4758268697187
114.265493335174,22.3390514652929,56.3681439850479
114.26549492435,22.3390596312211,56.2708255862817
114.26549677111,22.33906790845,56.1735997330397
114.265498756216,22.339076366188,56.0826955139637
114.265500679421,22.3390849324767,55.9508977653459
114.265502778734,22.339093436617,55.8445637691766
114.265504970037,22.3391021225772,55.7242532782257
114.265507035722,22.3391104712513,55.62543432042
114.265509259748,22.339118869564,55.5329713150859
114.265511588944,22.3391273645044,55.4331922605634
114.265513651969,22.3391356240619,55.3152505792677
114.265521631296,22.3391641979911,54.9301392259076
114.26552644654,22.3391801961662,54.7282517245039
114.265528993018,22.3391879861482,54.6423669466749
114.265540197284,22.3392188323132,54.229045948945
114.265546546158,22.3392337696605,54.0488163372502
114.265551524252,22.339244577767,53.9120168341324
114.26556272406,22.3392654232824,53.6271035997197
114.265579384887,22.3392913172537,53.2979789916426
114.265588259491,22.339303555418,53.134919418022
114.265592800849,22.3393092851794,53.0350257465616
114.265605173971,22.3393234413713,52.8273368999362
114.265615476159,22.3393344359583,52.6531160892919
114.26562368045,22.3393422964986,52.5221972428262
114.265640577521,22.3393571774372,52.2835237048566
114.265655609236,22.3393687863219,52.1140356780961
</coordinates>
</LineString></Placemark>
</Document></kml>
