-0.0722695097898747 0.996970582389906 0.0287537093931098 3.77638105361887 -0.994675661400174 -0.0741667757913131 0.0715515058321504 3.28641358861816 0.073467316358081 -0.0234296226570832 0.997022369964331 4.14004307769311
-0.0410231177787948 0.998763556484317 0.0280795663517889 3.73373445888865 -0.996373704846743 -0.0429892770056019 0.0734258970153531 2.69992835521364 0.0745422302971995 -0.0249655823351472 0.996905299214016 4.16458615540273
-0.0127611100069394 0.999541839486255 0.0274456770334813 3.71805271060011 -0.996913644438983 -0.0148443065921449 0.0770897664621218 2.09467191501241 0.077461859019629 -0.0263772189253107 0.996646327800885 4.16980477674309
0.0144114427379131 0.999533666838395 0.0269213516526246 3.72415117995629 -0.996594041059279 0.0121723092907571 0.0815607271403778 1.41115488288156 0.0811949976497862 -0.0280050663831131 0.996304716747608 4.17795573205236
0.035031345667022 0.999039490925704 0.0263230011903518 3.73461778441972 -0.995878217734751 0.0326913206885843 0.0846040956047146 0.740850134490072 0.0836622989297639 -0.0291782988288519 0.996066888625077 4.20066457896916
0.0567859261868045 0.998063567405528 0.0253864925670282 3.75634289086624 -0.99446360067941 0.0542926688425077 0.0899691782428913 -0.25117653497073 0.0884166585596295 -0.030354925921616 0.995620948434414 4.21043775227167
0.0631348691371674 0.997670212732005 0.0258483060626912 3.79725227569217 -0.994153201525537 0.060596782434136 0.0893724893642289 -1.00276575747314 0.0875979462976272 -0.0313396966467097 0.995662805983296 4.20636534748152
0.0652957939866312 0.997560796533323 0.0246762336562103 3.82287824711712 -0.993889512872555 0.0628102429956574 0.0907662358852837 -1.93178404389513 0.0889949183358913 -0.0304521032874074 0.995566458814158 4.224492649796
0.0651001449016907 0.997436938194339 0.029690494426363 3.8602381602959 -0.994020859669049 0.062205967617577 0.0897382200378751 -2.96165866730923 0.0876612894987516 -0.0353549419213776 0.995522740275255 4.24389680159159
0.0653315718380241 0.997044269343783 0.0404290822292226 3.87730082380976 -0.993725648603365 0.061321323044585 0.093536253120833 -4.31434860021375 0.0907806203382416 -0.0462862864008961 0.994794681661607 4.25538494441136
0.0630391355401762 0.997135621016885 0.041792591324537 3.91105061501484 -0.993978779893872 0.058968850023803 0.0923518264440941 -5.37764519371511 0.0896228347634526 -0.0473627282379584 0.99484899329638 4.30583231300691
0.063387754658595 0.996861132120433 0.0474328559851736 3.91743146465984 -0.993696035728106 0.0586400824077234 0.0955485704417567 -6.03729166697579 0.0924671895192542 -0.0531904502968708 0.994294018316326 4.25785848423471
0.062085598619351 0.997129199161782 0.0433444185917829 3.94049060099042 -0.994062579170552 0.0578897377527907 0.0921323339317061 -6.73809480072497 0.0893586433249023 -0.0488071556423432 0.994802942507328 4.32909815801635
0.061180534598732 0.997235873090335 0.0421610674434287 3.95192039253487 -0.994040348969939 0.0570573625751205 0.0928883307832173 -7.88442836785331 0.0902259763368315 -0.0475927599297121 0.994783495237199 4.34354898276625
0.0611278262010585 0.997203633170878 0.0429918928954507 3.9778471427293 -0.994161515920269 0.056991229703867 0.0916235777513282 -8.82916820283292 0.0889172037743304 -0.0483416355499255 0.994865225618682 4.379693718704
0.0609168855342413 0.99695189527056 0.0487447594439311 3.97652874134699 -0.994226027036141 0.0562833515560551 0.0913607766032436 -9.54325676995528 0.0883387809556956 -0.0540287224914311 0.994624128465223 4.34078811092271
0.0574857846909914 0.997014664413077 0.0515474878509206 3.99915395267911 -0.99452384709757 0.0526753446232801 0.0902641990108401 -10.9782205234579 0.0872794483982964 -0.056454114235355 0.994582943184322 4.35001234030914
0.0545929181267698 0.997152756585513 0.0520191630489965 4.00831341519011 -0.994683276675884 0.0497540197123876 0.0901649412121234 -11.9353881599441 0.0873200572132776 -0.0566649588050111 0.994567388391503 4.38477259762369
0.0497040313535237 0.997272404327608 0.0545642816670392 4.02080394313789 -0.994966685872316 0.0446816929815746 0.089693033824039 -12.6689307607559 0.0870103630119301 -0.0587477478626406 0.994473679314641 4.38998304893094
0.0418453351611133 0.997751819812432 0.0523476263667516 4.00210683663643 -0.995062361703287 0.0368984702025449 0.0921379358255391 -13.6474632948932 0.0899992458120253 -0.0559446955277339 0.994369311068868 4.43159839646612
0.0343964672737867 0.998113124133925 0.0508632919766179 3.98238086281158 -0.995422230342917 0.0296739808386442 0.0908517374645047 -14.6369785724918 0.0891709951621873 -0.0537554303564124 0.99456467227073 4.42664871809661
0.0311808472499734 0.997910024571844 0.0565980355118049 3.97777885990329 -0.995631200311751 0.0260236869498729 0.0896731882076099 -15.1382141132207 0.0880128838895546 -0.0591468560158251 0.994361796175258 4.42869219703436
0.0271936624695449 0.998028722667474 0.0565612363038581 3.9647646602421 -0.995616069482714 0.0219754447585129 0.0909160162757732 -16.1453375570588 0.0894938372698564 -0.0587856152336091 0.994251026920427 4.46330895052036
0.0252839117418319 0.998525647989614 0.0480338850599396 3.93359772914554 -0.995774241640956 0.0209126068669428 0.0894221592135162 -16.6736697722309 0.0882858057187563 -0.0500918474499489 0.994834872392219 4.47959612799707
0.0232120578445501 0.998622710896959 0.0470519038024083 3.91655280076689 -0.995718470255208 0.0188810057197977 0.0904888701202321 -17.1982399595883 0.0894758535206483 -0.0489508825642479 0.994785345053359 4.4840967633321
0.0217272057986771 0.998622836449118 0.0477531051398883 3.90754794242999 -0.995532287524753 0.0172205416516831 0.0928381249323417 -17.7369541208844 0.0918879373144939 -0.0495568710426916 0.994535430997079 4.50029605637289
0.0196836228438566 0.99871249985264 0.0467535841388704 3.88965552870418 -0.995526564791864 0.0152558013633663 0.0932422614401431 -18.2900952406074 0.0924089486221508 -0.0483797805167733 0.994545113633211 4.51656014674128
0.018673882418971 0.998711561729066 0.0471858303317052 3.87329240111325 -0.99568021971792 0.0142826148301781 0.0917437026508539 -18.8407699942901 0.0909515595131713 -0.0486952090282278 0.994664059087196 4.50690235050285
0.0174829431031132 0.998739382188656 0.0470530888026993 3.85381191491679 -0.99558338039383 0.0130476320174416 0.0929703822856161 -19.3769251775356 0.0922392507777977 -0.0484706691119364 0.994556441260018 4.51969109209797
0.0175710692128626 0.998806408090836 0.0455742984959792 3.83198048757573 -0.995764607709203 0.0133670536502186 0.09096245330053 -19.9264294697645 0.0902446871591662 -0.0469795810261863 0.994810944554868 4.54112668814376
0.016872777101042 0.999129395944775 0.0381544172007246 3.80450730118452 -0.995884488036597 0.0133949790395764 0.0896362706978317 -20.450726790695 0.0890471553783962 -0.0395098050559315 0.995243477458385 4.53723641347139
0.0182519989347335 0.999163559566111 0.0365929743265901 3.76991179502581 -0.995710492714192 0.0148442684624323 0.091325037052681 -21.4544769876473 0.0907054531643211 -0.0381028729756071 0.995148577769802 4.54451429235284
0.0190757841428997 0.998976535276552 0.041012149738714 3.77342408172264 -0.995846235022653 0.0153313612327756 0.0897509083739974 -21.9594362815306 0.0890302794028024 -0.0425538638622552 0.995119479268622 4.56744860297353
0.0199379254113804 0.998874863299969 0.0430289042128428 3.74937514909535 -0.995820587636219 0.016003530340104 0.0899179862792095 -22.9598475734684 0.0891282018787821 -0.044641846782152 0.995019230540664 4.55766924191376
0.0197978186353742 0.998881425327549 0.0429411750291545 3.72815218207171 -0.99587087277923 0.0158958311331914 0.0893785617613101 -23.4728279460728 0.0885959994989396 -0.0445333660100906 0.99507161962574 4.58437580690243
0.0203437971184399 0.998930580556775 0.0415189733411964 3.71265730471848 -0.995936565084818 0.0166038913967883 0.0885136662755513 -23.9916546593196 0.0877296315155814 -0.043150967764198 0.99520927735585 4.61182764698719
0.0214830780400909 0.998771282590161 0.0446587329772035 3.7177986614757 -0.995928870675088 0.0174677325600088 0.0884339463953581 -24.518130992319 0.0875451992616867 -0.0463767548715714 0.995080416194497 4.61899575748622
0.0232075159493717 0.998627035934515 0.0469622646824387 3.70878086885449 -0.995687743293789 0.0188678041753335 0.0908290912655503 -25.0300983461338 0.089818311373484 -0.0488676689258352 0.994758574668131 4.61874620151708
0.0271996879614905 0.998637356923398 0.0445376956279384 3.69741647506873 -0.995462264354271 0.0229951240254734 0.0923369076681748 -25.5461223808763 0.091186935585453 -0.0468471304148122 0.994731264789858 4.63372495045889
0.0309646154208006 0.998653865115494 0.0416131022843268 3.68966498517885 -0.995287384234096 0.0269791444362187 0.0931404775054352 -26.0492988796586 0.0918924119625371 -0.044301054788499 0.99478299199792 4.6459867134488
0.037711034756876 0.998480283269301 0.0401870847415181 3.68646941422469 -0.995157624419975 0.0338717820823935 0.0922713657499139 -26.5612416596583 0.0907699312347277 -0.043472132464593 0.994922606679849 4.64380679402112
0.0463564291899421 0.998081529683611 0.0410407307096478 3.69437366729448 -0.994616978270675 0.0423060116749086 0.0945899990055627 -27.0651837693788 0.0926722612676942 -0.0452046621554285 0.994669990756202 4.64341767568372
0.0714032153658306 0.996836569265319 0.034906088448434 3.7209091873245 -0.993260212566479 0.0678566440310177 0.0939660895921562 -28.0649207471843 0.091300224357962 -0.0413803097643895 0.994963285250258 4.66288314662333
0.0982079060543354 0.995030770809754 0.0164003759155092 3.74589341018189 -0.99099776709141 0.0962765376425209 0.093028242590122 -29.0551345376995 0.0909869925223449 -0.0253888448204203 0.995528389223745 4.68643707180786
0.128623222724459 0.991556677887686 0.0164748630437535 3.85614252022462 -0.987224567941961 0.126450548433855 0.0969428246575644 -30.0188203720035 0.0940410496952479 -0.0287334880777406 0.995153589972475 4.7324998218397
0.161842759818667 0.986815820507975 0.00120726527726264 3.95866003071866 -0.981695459958834 0.160878279428711 0.10194215567796 -30.9974806183823 0.100403909239077 -0.0176837666584397 0.994789595545851 4.74421040148088
0.192870722508395 0.981221228005524 0.00240543352041396 4.13407537638075 -0.976092980602131 0.191611173002872 0.102604344935837 -31.9905618254044 0.100216653398217 -0.0221373009148566 0.99471933845174 4.78342950889631
0.22847252056965 0.973505144028005 0.00938306429507414 4.34591496602312 -0.967811393752705 0.226070195984933 0.110604577707168 -32.9580048026576 0.105552894166847 -0.0343511431883852 0.993820197769524 4.79466733814761
0.261032716240454 0.965320652963882 -0.00423768964332449 4.55329291060406 -0.959393641548499 0.25991108526727 0.109590457210012 -33.93377550409 0.106891354226801 -0.0245410822209016 0.993967793077314 4.80763481709914
0.291995240917544 0.95640834013846 -0.00467613035558926 4.82457021665538 -0.950244094973163 0.290661051237988 0.112037106629283 -34.8954777883564 0.10851239215011 -0.0282708366841987 0.993693021281239 4.8707694715122
0.307302300442432 0.951601815599833 -0.00439097823831849 4.97357831196704 -0.945968470488319 0.305978392968168 0.107335343101001 -35.378002695729 0.103484051837863 -0.028830670885666 0.994213178061677 4.86553657493933
0.332076663707264 0.943124816723328 -0.0155135264089865 5.25975966807164 -0.937128260763203 0.331747119151666 0.108325767080162 -36.3366021617775 0.107311286917956 -0.0214342953035526 0.993994395700929 4.92626192063732
0.342604133155993 0.939422941421692 -0.0103414251941886 5.42625670106195 -0.933563379676316 0.341659338994022 0.10829733240252 -36.8172980173992 0.105270243049801 -0.0274487378359152 0.994064757809796 4.93433036223494
0.356652101113281 0.934002582744774 -0.0209392979245476 5.73433343392507 -0.92779120285544 0.356730671387707 0.109301015527454 -37.7631556280741 0.109557120606279 -0.0195551404333171 0.993788123196838 4.99267585584189
0.365979704137835 0.930417729777826 -0.0195372534982781 5.90421947843093 -0.924117141043223 0.365819177140738 0.110380429724538 -38.234940087382 0.109847010834535 -0.0223422861665277 0.993697366636126 4.98231984849034
0.376985250885591 0.925981654086385 -0.0209784868417606 6.2385139971783 -0.919456550540685 0.376868746432497 0.11211422581556 -39.1536806171135 0.111721852305412 -0.0229766023998344 0.99347385645502 5.03055735429907
0.385170853169866 0.922654936075769 -0.0187425399404425 6.5793221479476 -0.915963209471134 0.384695311105156 0.114109230604052 -40.0649048637887 0.112493612101926 -0.0267840726688308 0.993291397671163 5.08366932461155
0.383422646348047 0.923453290830533 -0.0148692273409711 6.90262422940178 -0.916860949113075 0.382524261255233 0.114198027752707 -40.9644521651024 0.111144384738635 -0.0301530961162498 0.993346725235289 5.10340938761934
0.374957124499445 0.926844040105351 -0.0191645534333188 7.2071747481553 -0.920215088796153 0.374620533962688 0.11341801393693 -41.8374786774372 0.112300245498376 -0.0248913811328493 0.993362508858828 5.13787267973628
0.366252695974836 0.930276567578339 -0.0210824691586903 7.5000478587175 -0.923516701423762 0.366178265628377 0.114150689760374 -42.7268670482419 0.113911653848673 -0.0223379854968222 0.99323972409555 5.18817241276335
0.357812577032144 0.933571053659419 -0.0203776222081201 7.7946737755927 -0.926935611953338 0.357740098467304 0.11319184264467 -43.6069039474938 0.112962520378698 -0.0216127212040681 0.993364162466036 5.23132373135363
0.350506876769386 0.936328584774095 -0.0208257214115418 8.06481188599904 -0.929876948547787 0.350571365006803 0.11148353509252 -44.4466501613639 0.111686122221288 -0.0197103874190184 0.993548041481118 5.25096445627067
0.343790690903967 0.938905565421037 -0.0162573081774126 8.32497355609911 -0.932313898346849 0.343344130995175 0.113602828576009 -45.2713509219912 0.112244179346082 -0.0238986805612816 0.993393223889893 5.28127616988366
0.334647163226361 0.942200427090883 -0.0164204547533963 8.56132719533418 -0.935565657159894 0.334275926338245 0.113914468851347 -46.0828400754391 0.112819223927157 -0.0227587403093153 0.993354852231571 5.3291528305566
0.328093784765812 0.944422824880942 -0.020493809844591 8.7832965713379 -0.938328914469249 0.328327918317305 0.108349556179936 -46.8724441730751 0.109056483846717 -0.0163188816199571 0.99390159343552 5.35456351093749
0.322537672389336 0.946433655401015 -0.0152573200118069 8.99637760109087 -0.940421986668365 0.322237830831636 0.108486254298172 -47.584661313334 0.107591527921092 -0.0206425847508313 0.993980858374249 5.38117356609831
0.315233395843461 0.948881175758459 -0.0158877448445614 9.16150691475852 -0.943054017190157 0.315083042285712 0.106638628674061 -48.212374014811 0.106193346338196 -0.018633055445258 0.994170902027549 5.40963548534751
0.308058504762853 0.951251252575858 -0.014866476251587 9.30442636216424 -0.945465145211265 0.307847876640568 0.106420599690738 -48.7564413937169 0.105809341902867 -0.0187280356887086 0.994210060221342 5.43806673570682
0.298927124617849 0.954146553717164 -0.0157139491332883 9.43152974102163 -0.948173173343542 0.298834493104789 0.108007310319445 -49.2617394471841 0.10775067294148 -0.0173867696960309 0.994025901433255 5.44964333284789
0.288118083561655 0.957464319974977 -0.0158128397074613 9.54120902617383 -0.951429761687189 0.288094889198557 0.108548345881133 -49.7516852294008 0.108486766476923 -0.0162299350745919 0.993965397137574 5.47090248096103
0.272044369344541 0.962146976227938 -0.0162805787171623 9.69914089424848 -0.956221118341836 0.272187768078692 0.107494147493833 -50.4684787160097 0.107856543357445 -0.013675344375012 0.994072407328162 5.50370583559757
0.260720232600125 0.965271934337428 -0.0165847247012833 9.79020282156556 -0.959553637497664 0.260989266115372 0.105552923870264 -50.9665340338608 0.106215710127735 -0.0116058499490647 0.99427537793562 5.51654510719335
0.246678325612409 0.968928913257194 -0.0180711019943724 9.88933451972479 -0.963117516023771 0.247181900382813 0.106328540154291 -51.4966717784388 0.107491646192901 -0.00882435138544018 0.994166825448006 5.54381529826032
0.23215123871686 0.972572401209194 -0.0144473792921961 9.99675759231045 -0.96690370173185 0.232363494892294 0.105377596379334 -52.0923722340991 0.105844385488672 -0.0104943150145194 0.994327328103226 5.57940381428139
0.217210725782402 0.976042675579969 -0.0126568578951289 10.0985644794483 -0.970780606469781 0.217358329792366 0.10168761267744 -52.7366943505522 0.102002523043533 -0.00980060796931156 0.994735861108961 5.59325842577309
0.200618422438352 0.979626566818512 -0.00916723304608056 10.1937616845282 -0.974509509624689 0.200512166231393 0.100628459415034 -53.3971456314074 0.100416453977404 -0.0112543669998947 0.994881839714664 5.61182287782614
0.180143161308504 0.983597015538747 -0.0092386393504444 10.2715844037482 -0.978593529119051 0.180161190658271 0.0994819086412888 -54.0813687153621 0.0995145527051084 -0.00888011282943619 0.994996481097314 5.62834171586191
0.158469313027313 0.987344199822557 -0.00623762017176259 10.3359931493057 -0.982290601952381 0.15829151007505 0.100244556730977 -54.7699439561894 0.0999632439683757 -0.00975853036661443 0.994943275237539 5.6554910199484
0.136399054492094 0.990650998476319 -0.00242840514270717 10.3935270178346 -0.985426627536265 0.135930404665616 0.102260876340587 -55.4679997580681 0.101634933345607 -0.0115552717543192 0.994754651167069 5.64704036812236
0.114556610875541 0.993408508844099 -0.00403948769678833 10.4197406622823 -0.988222380476413 0.114371959187332 0.101664062859898 -56.1956033368137 0.101455949210679 -0.00765437834144254 0.994810585419137 5.67535654488722
0.0952201555272493 0.995455772521007 -0.000962775141791729 10.4497756625323 -0.990062752774584 0.0948047416427744 0.103864366028295 -56.9339527038385 0.103483658370679 -0.00893677327976833 0.994591004651443 5.71463329882943
0.0792938044860391 0.996847811489585 0.00263311575042143 10.4714446254986 -0.991403403129278 0.078584403538434 0.10461254123764 -57.6833193258477 0.104075860956411 -0.0109056063074863 0.994509569042575 5.73635346050516
0.0674202466979092 0.997670860586303 0.0103616732325877 10.4943866249682 -0.992768470897227 0.0660478557936845 0.100241927043718 -58.4881894985608 0.0993240833210884 -0.0170450779418144 0.994909137454462 5.7659602057743
0.0566016965775558 0.998389953798294 0.0037078429284753 10.4829239248957 -0.993200379844428 0.0559282916230585 0.102103044386584 -59.2761261454786 0.10173128044719 -0.00946183654297929 0.994766917537878 5.77220733198704
0.0461311223601608 0.998926741091586 0.00415758126028629 10.4626767935168 -0.993221141649974 0.04542230290775 0.106998028851364 -60.0725998228314 0.106694345348348 -0.00906533676708242 0.994250540024991 5.81825721330331
0.0462988101744728 0.998775179343741 0.0174516848271538 10.4843464284984 -0.996055710386362 0.0448348455290043 0.076569304770985 -60.8992529834533 0.0756930775114199 -0.020927918034733 0.996911520779844 5.78858657735914
0.0442597248480432 0.999014561266833 -0.00331408105096409 10.4723554708354 -0.994083198489224 0.0443701500326109 0.0991457728171809 -61.7013855178075 0.0991951170058686 -0.00109369233353999 0.995067401033353 5.82460941960571
0.0419624364282443 0.999119098571292 0.000425204767407984 10.4713773328202 -0.994046560694005 0.0417065547849321 0.100657828609565 -62.4982524843283 0.100551425158606 -0.00464652107066647 0.99492101231229 5.86080093755325
0.0380130737732768 0.99914388917182 -0.0163246731335828 10.4334084637481 -0.99694391885448 0.039034995112973 0.0676689871034101 -63.2941733306282 0.0682482884868094 0.0137024774088875 0.997574264519429 5.92108652101522
0.0350133970369429 0.999371102410654 0.00560907251228119 10.4536234261035 -0.993995821672213 0.0342417982693788 0.103922113861581 -64.0643631442806 0.103664692765249 -0.00921406087421799 0.994569621774209 5.89314881712674
0.0330419596872048 0.999442509682816 0.00478526268291608 10.4399191876474 -0.99400256246426 0.0323619720266387 0.104458645314925 -64.8501492519002 0.104245550094531 -0.00820808171635926 0.994517718635534 5.89342496087469
0.0297925559523753 0.999553950909248 0.00207432676713256 10.4187114438562 -0.994014297305573 0.0294090893861041 0.105217309477044 -65.6728958145597 0.10510937333051 -0.00519660304356636 0.994447090073111 5.93021516864402
0.0314039565465151 0.999444004314089 0.0112015067666456 10.4221653538435 -0.994564220501966 0.0301335587596198 0.0996693530319015 -66.5109771621346 0.0992763960392496 -0.0142706298774492 0.994957560055885 5.97484489372163
0.0375722045854906 0.999280298367611 0.00521677457110335 10.396538024208 -0.994165634705354 0.0368506700029664 0.101374152974186 -67.3187853450288 0.101108952192609 -0.00899518841782239 0.994834692987656 5.96374813147352
0.0442736656090252 0.998868489368911 0.0173661590287024 10.4200152900139 -0.993946670589487 0.042292640934912 0.101396984900057 -68.1118069137939 0.100547792405463 -0.0217502521507351 0.994694459607456 5.99717905999644
0.050844012625674 0.9986079900491 0.0140345498758252 10.4238549948768 -0.992850586954136 0.0490213237881983 0.108832999585971 -68.9512916595764 0.107993510753876 -0.0194677174868891 0.993960969862953 5.99517923566493
0.0544899436173249 0.998460619285475 -0.0103555676157747 10.4135284297935 -0.993477094336153 0.0552525519188098 0.0997517846249103 -69.8420195643348 0.100170400188758 0.0048525501051823 0.99495846329558 6.03052247689002
0.059519370485171 0.998142292346015 0.0130157123235469 10.4627870547219 -0.992685281955315 0.0578118752345302 0.105989235638169 -70.7248464219877 0.105039875886947 -0.0192289186411378 0.994282089329556 6.06855161698378
0.0624501525965377 0.998043934432987 -0.00287808655039245 10.4508404102879 -0.992720731430215 0.0624141045343577 0.10300499475187 -71.6637447415267 0.10298314342322 -0.00357554145503486 0.994676674942152 6.07350142202686
0.0644156609193128 0.99787752692187 -0.00954274030979372 10.4745509206662 -0.992739091102236 0.06505154932536 0.101180002608592 -72.5954280440557 0.101586020818972 0.00295587460191915 0.994822367651384 6.08814798795085
0.0609829557607975 0.99784152469224 -0.0243592016811143 10.5181768393341 -0.993537564285013 0.0630243609856879 0.0943982959430437 -73.5458260796068 0.0957297626722299 0.0184450948007923 0.995236449803014 6.09568048887307
0.0603602446630881 0.998109189930093 0.0116054229265655 10.4964661466835 -0.99432065137379 0.0591020337158173 0.0885064509640814 -74.4559630678816 0.0876531979782548 -0.0168817827182642 0.99600799308863 6.07010460487157
0.0571463297866833 0.998293108505672 0.0120485062142843 10.5102703656461 -0.994172545341477 0.0557972368886911 0.0922367521372951 -75.3324330052745 0.0914070406542141 -0.0172492859467078 0.995664207980365 6.19141579413799
0.0575020850473903 0.998318583430685 0.0073154762083673 10.5281591247048 -0.99392859588994 0.0565576446759505 0.0943778528096678 -76.2150495113734 0.0938054182201491 -0.0126979843149003 0.995509570374329 6.1845924581406
0.0587632921482936 0.998262945915087 -0.00423866828449724 10.5428245345689 -0.994885752672263 0.0589128644897422 0.0820464108133814 -77.0706926872267 0.0821536038505869 -0.000604326521795573 0.996619496178866 6.27101578328547
0.0634667920581067 0.997983330125876 0.00111314721391267 10.5589969658803 -0.993168449214809 0.0630510703130404 0.0981885635735208 -78.1038030191566 0.0979203645321253 -0.00733725583899435 0.995167205491946 6.27171882440914
0.0665044460314262 0.997786086242925 0.000291132408872894 10.5836167580227 -0.992603250098333 0.0661292930252999 0.101812103888486 -78.906843891243 0.101567448290675 -0.00705993654365391 0.994803604106719 6.3080417069418
0.0716133599057817 0.997407855484494 0.00700688952583363 10.6222604785645 -0.991981071503383 0.0704867478059497 0.104905539237636 -79.7246162608004 0.104139716064543 -0.0144633399172774 0.994457506048615 6.31583223241492
0.0760867830337033 0.997095748093971 0.00329705633965299 10.638640605614 -0.991755257791471 0.075336481994146 0.103662544459017 -80.5563255773033 0.103113093691122 -0.0111572224890607 0.994607061253727 6.32990652484164
0.078095164394983 0.996934498942815 0.00476970814190548 10.6709603909001 -0.991502486062141 0.0771685909024821 0.104727401909523 -81.1936091886063 0.104038288291926 -0.0129078811492733 0.994489527935575 6.33519726988632
0.0824223436816313 0.99656669047044 0.00783509456368949 10.7094737682852 -0.991416811254276 0.0811907625841853 0.102473247403417 -82.0877329455867 0.101485287724036 -0.0162139296838658 0.994704903405918 6.36406096668454
0.0865742494318915 0.996243982436945 0.00168130707461396 10.7553041155161 -0.990778830098891 0.0859225265860747 0.104759864704671 -83.0128663868783 0.104221922661119 -0.0107353101138165 0.994496125660417 6.40240578871245
0.0944541143696429 0.995529111807257 -0.000455875967800305 10.792301631324 -0.989640563110918 0.0939451322585151 0.10856273748591 -83.9460980701237 0.108120192952801 -0.00980304387329289 0.994089495069064 6.42662310474356
0.0986358963946433 0.99510406683127 -0.00623346759778579 10.8145641506307 -0.989104848477542 0.0987252983079447 0.109201255451687 -84.449034008783 0.109282014351138 -0.00460561069510017 0.994000115537962 6.45591631171122
0.104926190448965 0.994467210887114 -0.00504589221741374 10.8528782807383 -0.988264145922191 0.104835429763817 0.111101352606161 -84.9494852006459 0.11101564053119 -0.00667076732003365 0.993796271084175 6.46434956646289
0.111831744144956 0.993725322985025 -0.00190878490277335 10.9029268837461 -0.987730197172461 0.111367363036827 0.109482272737989 -85.4590191973021 0.109007883178919 -0.0103582290248668 0.9939869156565 6.48671778048402
0.121962902961751 0.992534646518008 0.000160507064267452 10.9508554119158 -0.98664285902184 0.12122132129975 0.108817553747324 -85.9885082139002 0.107985735365146 -0.013430067897002 0.994061725565335 6.50272997177586
0.131360261028337 0.991320479104967 -0.0053093812885144 10.9987591247183 -0.985615068021789 0.131174981890085 0.106564824471033 -86.5273737568743 0.10633635084473 -0.00876537695912106 0.994291581305902 6.51644485043178
0.14385238960138 0.989576349900007 -0.00671846147216412 11.0619044471301 -0.983736797857717 0.143734800050494 0.107713600789734 -87.0562139716421 0.10755650862044 -0.00888566109101457 0.9941592641425 6.51245001304556
0.156377381470766 0.98763966483239 -0.0106774067128175 11.1195532422596 -0.981344291390236 0.156586607645233 0.111552750131732 -87.5931067663207 0.111845859646844 -0.006966114836988 0.993701150710785 6.54634692032568
0.167416602143951 0.985742909549314 -0.0168106394829639 11.1889340506283 -0.979763877645959 0.168250086619533 0.108418874798971 -88.1599519491086 0.109701528643539 -0.00168066230157728 0.993963153234314 6.55476222486255
0.181959723504871 0.983194444002936 -0.0148102769653125 11.2758459045254 -0.97714247055526 0.182482411203233 0.109053940041683 -88.7132813713865 0.10992384299683 -0.00537167415360861 0.993925497136277 6.58552961662832
0.194244517349634 0.980602319027814 -0.0262327923957969 11.3567914569907 -0.974767308291975 0.19594906759485 0.106923606345493 -89.2681183404488 0.109989827551574 0.00480154412477066 0.993921115083684 6.61413609611346
0.208116202460973 0.977708122471345 -0.0278293644695764 11.4560910752233 -0.972236093735353 0.209895843891214 0.103444249503869 -89.8332668035946 0.106979550903184 0.00552828822986762 0.994245851747847 6.63181636200771
0.221897812408275 0.974608691816456 -0.0299876421920249 11.5625423252502 -0.969833640190979 0.223784747092852 0.0966596985434073 -90.3984916409437 0.100916159272617 0.00763444853301093 0.994865641176365 6.66107279644479
0.236622696265687 0.971164717679988 -0.0291340135495418 11.6804544360291 -0.965424685870993 0.238388458661506 0.105480418504507 -90.93377924353 0.109384073442395 0.00316763484945814 0.993994512342301 6.6549930748025
0.247890991641515 0.968422571031201 -0.0266041384055949 11.788931400379 -0.962711707330393 0.249314153063093 0.10501724454312 -91.480877737378 0.108333858197625 -0.000420713382749303 0.994114479407813 6.70685133014691
0.261598720600947 0.964528351632629 -0.0353718571294893 11.907446717278 -0.95889367403035 0.263896032519842 0.104315894881195 -92.0092503464612 0.109950130898173 0.00662894540090907 0.993914999282306 6.73255767812868
0.277196343422808 0.95998588934281 -0.0398657679685 12.0410933384365 -0.95469423232307 0.279869063253652 0.101154486813921 -92.5203301446736 0.10826407512231 0.0100199648810271 0.994071672638193 6.72784919213225
0.295506468288916 0.954401208828345 -0.0423587037857128 12.1884238320902 -0.948479281116759 0.298400083817097 0.106510296545382 -93.0131806360527 0.114293396535619 0.00870187134717963 0.993408927352381 6.74101876950087
0.313049885742394 0.949070509876877 -0.0355659432423535 12.3534298613801 -0.942598150836565 0.31506177272798 0.110656248829391 -93.4946936217739 0.116226051624251 -0.00111653371972211 0.993222159577749 6.79817555666154
0.329780746138497 0.943401448910618 -0.0351904201407918 12.5159786383659 -0.936766043994076 0.331630154690878 0.111762334081718 -93.9779277354162 0.117106952381253 -0.00389187526187015 0.99311168305026 6.84101479492191
0.36364831386688 0.930840248943276 -0.0360046492691638 12.8523008872408 -0.923677123124104 0.365320932407543 0.115590607585839 -94.925525521899 0.120749641982725 -0.00877765869140508 0.992644184322329 6.86272342861052
0.380150389798233 0.924015695151566 -0.0409960516369466 13.0304215775628 -0.917362401385496 0.382328016811313 0.110776857174073 -95.4101423068514 0.118033493807854 -0.00450362905835381 0.992999401643735 6.88798190149874
0.398694633834485 0.916563107950706 -0.0308975418978198 13.2454760847804 -0.910093809095505 0.399582967435154 0.109830372765246 -95.8718999523404 0.113012599287081 -0.0156691186560699 0.993469995079327 6.90696950781447
0.434858753824271 0.900069123673882 -0.0278107323048804 13.6708450207649 -0.893923072319775 0.435202846857663 0.107238159539231 -96.7839148568647 0.108625066153156 -0.0217727971541969 0.993844323980021 6.92866300504812
0.472016435532898 0.880527834529618 -0.0432575681863775 14.0989161124667 -0.873763954833899 0.473786293280728 0.10983214252818 -97.6543812668707 0.117205101509449 -0.0140456725680661 0.993008400398642 7.00299153454144
0.49154680702639 0.869745174426352 -0.043875597594054 14.3436015769221 -0.862774390914774 0.493215365102825 0.111170832542203 -98.096497593448 0.118330414026998 -0.0167909257803539 0.992832301009409 7.02345173674482
0.526762987609142 0.848823976050248 -0.0449289724714185 14.85012096731 -0.841239765111928 0.528172100965754 0.115541721277853 -98.9418948300546 0.121804813039219 -0.0230670640452482 0.992285996110403 7.08674103300128
0.560641421737407 0.826599412408789 -0.0491386572639448 15.3873251866571 -0.818892615015786 0.562263483702064 0.115215710594634 -99.7711430242063 0.122866111295453 -0.0243554162490249 0.992124353291699 7.10815629771473
0.591688656030276 0.804510211998705 -0.0516512644074023 15.9417194310371 -0.796587235649657 0.593304276774661 0.11592588650053 -100.567847974974 0.12390847559841 -0.027447294050515 0.991913975969782 7.1501777586217
0.616703331584569 0.785528550451775 -0.0512044650165054 16.5013438544932 -0.77724665108386 0.617928460282587 0.118541390879802 -101.3371011951 0.12475834317359 -0.0333063717316227 0.991627975306594 7.21607448086866
0.638941557201518 0.767354018191413 -0.0540508764627533 17.0730367874044 -0.759186971177551 0.640351233287112 0.116556599220857 -102.061392691917 0.124051720162024 -0.0334381338170378 0.991712187044042 7.2621548875508
0.659705515679302 0.749684396465899 -0.0525541461529592 17.6536092686421 -0.741575729111152 0.66071966344656 0.116253878766796 -102.764956478275 0.12187727669901 -0.0377204457903737 0.991828159205922 7.31622923273471
0.68110662796053 0.730504329498112 -0.0495700104170572 18.375871263128 -0.722396167790743 0.681492602533667 0.117096581731224 -103.577574622346 0.11932115533083 -0.0439460723660294 0.991882656675735 7.38134868711605
0.692713292111105 0.719517010187772 -0.0494324486854936 18.8869297179223 -0.71166776738071 0.693052076009768 0.114925231389395 -104.14318805587 0.116949920068162 -0.0444307549902114 0.992143449409938 7.41988692963297
0.701550839050847 0.710586538872596 -0.0537883909418738 19.3033616390095 -0.702685340257769 0.702356869205507 0.113701982685717 -104.595010863846 0.118573744201132 -0.0419714075640011 0.992057794754529 7.45844587302996
0.708065310214887 0.703937902290781 -0.0558117029730454 19.6960471246854 -0.695852371690367 0.709006631471165 0.114451183230247 -105.003311736802 0.120137393359386 -0.0422022066765136 0.991859859288824 7.48815135261317
0.713888007181748 0.698198130839564 -0.0536962130341829 20.0923898429524 -0.689819650418953 0.714365721363149 0.117603001820452 -105.407042768036 0.120468930010795 -0.0469146697041326 0.991607911761805 7.51242165168733
0.718967743003536 0.69298428672612 -0.0534617888878716 20.4761208832729 -0.684569860278164 0.719338598577438 0.117966465554331 -105.796494469231 0.120206035285814 -0.0482157541405112 0.991577405013612 7.54377442480036
0.722201162435083 0.689662053802853 -0.0528368481445172 20.8651518867605 -0.680956177755483 0.722324528068616 0.120606633843641 -106.185926413719 0.121343170199476 -0.0511226730021223 0.991293249927113 7.5707293863218
0.723287089833324 0.688434807016489 -0.0539750142993013 21.2735280519343 -0.679750472011771 0.723567794707359 0.119953917243685 -106.601794263114 0.121635033934372 -0.0500715782705005 0.991311129549793 7.59468478915438
0.719418154817192 0.692636315889068 -0.0518888468849271 21.7030129375279 -0.683964429288485 0.719455613581255 0.120732263933452 -107.05612915921 0.120955272673432 -0.0513668569998198 0.991328032497042 7.61887809044695
0.71154334444018 0.700853125542533 -0.0501095340244464 22.1327498721728 -0.691828330241613 0.711272324500647 0.124359325643665 -107.518393992442 0.122799146812936 -0.0538198552275003 0.990971136171636 7.65847011623095
0.7017940237947 0.710479710914687 -0.0519973897866733 22.5671340901365 -0.701482226270917 0.701933234592529 0.12333864114894 -108.011123076347 0.124128298111437 -0.0500830765134526 0.991001438472672 7.69434205831862
0.692390586698676 0.719729352032403 -0.0508422587429104 23.0024360531858 -0.710589033392216 0.69242396568942 0.124949099083008 -108.529042861162 0.125133932543419 -0.050385628525953 0.990859620412631 7.73101876884012
0.684007968465246 0.727718799554556 -0.0505811017171921 23.4440786683592 -0.717880771667348 0.683829789876003 0.130476113325148 -109.038659791977 0.129538784718485 -0.0529355008762534 0.99016035873016 7.75631244931
0.682031627308571 0.729538537755601 -0.0510527303896774 23.8928862572972 -0.719460576488114 0.681854396331534 0.132102464332613 -109.558219340266 0.131184367324056 -0.0533676318827949 0.989920480461441 7.79223559377551
0.68749829131148 0.724119827440199 -0.0547409805518024 24.3406250397775 -0.713890671476888 0.687747763895305 0.13176920139124 -110.074053967222 0.133064678341296 -0.051512025440526 0.989767802372325 7.83956084628017
0.700268077570136 0.711182275233388 -0.0620031525818438 24.8136081715276 -0.700954932396688 0.701443645523942 0.128992228071439 -110.61037883095 0.135228703628256 -0.0468677239466872 0.989705316832783 7.88123505199846
0.715751945069143 0.695563845648412 -0.0623705840643788 25.3468209587786 -0.685722890631119 0.716906832532369 0.125812204228801 -111.151781318354 0.132224318467675 -0.0472813926952236 0.990091510674927 7.91633214356685
0.731698672079648 0.679033090062255 -0.0594231930931409 25.9119018398765 -0.669353804615135 0.73225670626474 0.125561141988909 -111.68959212822 0.128773201886591 -0.0520977804788147 0.99030464188807 7.98080128929868
0.747127457966104 0.66207480859595 -0.0588005899268253 26.505856345717 -0.652321323892614 0.747340584805161 0.126328701006816 -112.239627256866 0.127583117802065 -0.0560267625846492 0.990244187019641 8.0315842099776
0.761381430067356 0.645361512673213 -0.0616995616575056 27.144192801364 -0.635614348369994 0.761827853470505 0.124950877638809 -112.832015628896 0.127642932020436 -0.055918151227158 0.990242617881378 8.07254411006027
0.771722447999066 0.63290517603809 -0.0622535251895333 27.8383249830488 -0.623144621323736 0.772092330131283 0.124756621739053 -113.439038641814 0.127024580966146 -0.0574845361522558 0.990232439346306 8.12053412185723
0.77517868858101 0.628442525344616 -0.0644825023421704 28.528022711759 -0.617013378048369 0.775063655907108 0.136274798114863 -114.019157835447 0.135618922275494 -0.0658507526941673 0.988570273825005 8.1834644327966
0.773756125986867 0.629291997516277 -0.072753277312913 29.2280052269561 -0.619007480262468 0.775483356755182 0.124319358005197 -114.650858699777 0.134652132834589 -0.0511580419649723 0.989571451622067 8.2297899379635
0.768072192395206 0.637398483973705 -0.0615490040312906 29.9513542810661 -0.627712028353093 0.768423199487329 0.12451263369835 -115.30034086202 0.126659846557885 -0.0569996413819983 0.990307186761893 8.27212809747276
0.76132484499317 0.647504908595579 -0.03349438371958 30.6777024417961 -0.642086386912918 0.760114139360601 0.0997575404929717 -115.98954102776 0.0900530517930438 -0.0544416062283313 0.994447866594342 8.29420528514096
0.757734381961975 0.652103616776047 -0.0244842680164923 31.0416088386617 -0.649140291823717 0.757067046988942 0.0739348895614397 -116.376641353759 0.0667494413738842 -0.0401292829619483 0.996962463047248 8.29047535900951
0.753890031841402 0.656937036496125 -0.00914056726138929 31.4043913586983 -0.655653392083029 0.753161813450627 0.0535342153186342 -116.723399993962 0.0420529349771242 -0.0343658673606765 0.998524179887677 8.29656250555588
0.743912341674453 0.668063785740374 -0.0168880456734923 32.1030887750508 -0.665949022072003 0.743191509382797 0.0646396192954554 -117.413549997656 0.0557344409299473 -0.0368396330540581 0.997765760853051 8.35092552023242
0.735771268242142 0.6764731355558 -0.0320115244975623 32.7787992942583 -0.673843279247829 0.735994748252279 0.0651687467855391 -118.133492531631 0.0676452203920105 -0.0263785408309873 0.997360665327115 8.35816858852678
0.729133148413981 0.682452489772212 -0.0512196357623191 33.5081910001148 -0.677116522071779 0.730248998959736 0.0908273915496875 -118.885700628841 0.0993884672451155 -0.0315436003336884 0.994548608091457 8.33671929642826
0.724671966497835 0.686865788716982 -0.0553708340406484 34.428228593903 -0.682600067759366 0.726527000899427 0.0788394854054285 -119.863821774982 0.0943805513178928 -0.0193366298583902 0.995348384375366 8.38207963169604
0.723403506428428 0.688354452699965 -0.0534370127831681 34.8086100428951 -0.684486057483802 0.725159285626619 0.0749856491588541 -120.266017765977 0.0903670515029571 -0.0176679913296648 0.995751795421448 8.38619558848785
0.721653686838201 0.690292210463144 -0.052082822952849 35.1776286692969 -0.686626276394431 0.72333215478546 0.0730407449177659 -120.661588984367 0.088092637816953 -0.0169486880710894 0.995968086403937 8.37293099987222
0.7203355316096 0.691893122578706 -0.0489962123944527 35.5508772944527 -0.688070018977718 0.721703439940042 0.0755234649808431 -121.053245554063 0.0876149010426683 -0.0206894105038874 0.995939545056969 8.37883464395991
0.71900638741997 0.693268678492273 -0.0490749862033845 35.9408026910842 -0.690079482284425 0.720520759528019 0.0681185967209085 -121.471009655096 0.0825840358625418 -0.0151120650720713 0.99646951910729 8.38251818162281
0.717831170023791 0.694797514165007 -0.0444390104795722 36.3224132038918 -0.692076403418763 0.719057913172516 0.0631345336162133 -121.879446799746 0.0758199391534048 -0.0145647455904418 0.997015147835106 8.39149274525317
0.716379208306374 0.696266694497249 -0.0448722635957481 36.7027791386001 -0.692898020879239 0.717505686517297 0.0712595430589832 -122.276595461063 0.0818117507939147 -0.0199569524030028 0.996447970283857 8.40327918244123
0.71616802770247 0.696466975386366 -0.0451343360749088 37.0882534788749 -0.693046490266723 0.717305581024664 0.0718280290683726 -122.6776058969 0.0824009613155883 -0.0201607447044178 0.996395316100608 8.41320071279798
0.71861764551468 0.694227984509244 -0.0404497846616402 37.487422696777 -0.690890512946592 0.719360690594452 0.072045096626127 -123.078902766641 0.0791137072531239 -0.0238265052348854 0.996580814070268 8.41575112726618
0.720078223344504 0.692707973298349 -0.0405341336889578 37.8820403661447 -0.689059640617081 0.720724212848297 0.0758513064281724 -123.482501190162 0.0817567363443533 -0.02668843837872 0.996294917842716 8.43050130818724
0.725704785550125 0.686948231873071 -0.0381404110636905 38.2758990781553 -0.6834249854409 0.726150728236628 0.0750693623026019 -123.881240149691 0.0792644529707547 -0.028412085595282 0.996448643878536 8.43731983628267
0.735201292622004 0.676929166938119 -0.0352981908232967 38.693468120658 -0.67354624768991 0.735401409187557 0.0742981802455438 -124.276771568078 0.0762529445318579 -0.0308491541767124 0.996611166973761 8.44614521137723
0.749679637317661 0.661030924104927 -0.0319148675110255 39.1218515614949 -0.657549175698965 0.749454300405644 0.0771189544865399 -124.652460678145 0.0748967484532576 -0.0368289150053698 0.996510967370986 8.45164490235565
0.765365098553156 0.64290165012846 -0.0298953872499217 39.5536084082799 -0.639482791299067 0.764895785122623 0.0774351182216533 -125.013760954437 0.0726500209846673 -0.0401485512036446 0.996549079718192 8.4520553122227
0.78206642017775 0.622632138371932 -0.026482724496399 39.9937986575587 -0.619157582109557 0.781127156262484 0.0805248673735854 -125.361014227398 0.0708237456408866 -0.0465788150952842 0.996400728139896 8.45730854069413
0.799729204205026 0.599758548822043 -0.0268864846432829 40.4367092165849 -0.596459508295348 0.798832307732611 0.0781216940846911 -125.699787988274 0.0683319464501651 -0.0464395008313755 0.996581214882594 8.46226689237453
0.819165415870602 0.572912976725155 -0.0271798186430059 40.8999354157237 -0.569142275171649 0.817815035534238 0.0851800344363208 -126.014112108966 0.0710288114358076 -0.0543073545116674 0.99599478873735 8.46080865852933
0.839369587046983 0.543088924968994 -0.0226520620827703 41.3758948423419 -0.539640042671638 0.837587250954635 0.0850659825289289 -126.308260394049 0.0651714714114284 -0.0591778388781061 0.99611779559437 8.45336865727051
0.861571713644836 0.507164425518374 -0.0218729910098838 41.8615593096128 -0.503873391207366 0.859628025531028 0.0845651426701096 -126.586358457401 0.06169106807545 -0.0618377167289081 0.996177850039573 8.46381801544229
0.884000588657174 0.466414109422445 -0.0316360203792506 42.3415114290679 -0.463053574233651 0.88290869650042 0.0778050193327607 -126.851667028556 0.0642210763161905 -0.0541305105795028 0.996466527877977 8.473186669421
0.904932529124671 0.42394960152185 -0.0369303818216011 42.8341403090057 -0.420980202212097 0.90451755093343 0.067997569065741 -127.086097346392 0.0622317208301864 -0.0459862525419629 0.99700174398025 8.45906952726592
0.924130844298897 0.380333526852045 -0.0364498418061303 43.3505621134534 -0.376659453946192 0.922881238007604 0.0801116488814616 -127.260898291946 0.0641080210922417 -0.06030446820788 0.996119236209101 8.47114939128435
0.939086552256161 0.341477356114431 -0.0388543772660571 43.8532629597806 -0.337386296263203 0.937514936319512 0.0850660406485424 -127.423844397916 0.0654746856841082 -0.0667754403873139 0.995617449674145 8.48036096317363
0.951472740983343 0.303747209023962 -0.0493685747798934 44.3586485660447 -0.299249399921074 0.950667882305434 0.0817335561429847 -127.587376521451 0.0717594580004735 -0.0629937343158397 0.995430745770102 8.47777540272297
0.961818781870682 0.268310132175135 -0.0539842922798649 44.8647082406487 -0.26300360521718 0.960688047659989 0.0889245676177497 -127.725222294783 0.075721426845785 -0.0713312558097788 0.994574339836414 8.4529342059872
0.969929680894479 0.237806883923578 -0.0518102314074176 45.3852335818766 -0.232857375486466 0.968636450348403 0.0867229481625406 -127.858145535884 0.0708085927094098 -0.0720507669286436 0.994884330052247 8.4642992250775
0.976694854883132 0.208542161228232 -0.0507673855450065 45.8978804247638 -0.20403992416008 0.975534754224166 0.0818514059106143 -127.977325439491 0.0665948180684205 -0.0695852735214391 0.995350701971612 8.46119656854257
0.986747115200107 0.152068236945887 -0.0566160927337404 47.1576631695687 -0.147820811882412 0.986324383428965 0.0728918255217938 -128.216875510036 0.0669263641526298 -0.063556761761788 0.995731590246923 8.45743573704904
0.989931401108875 0.130247645743334 -0.0554199591928608 47.6705057045225 -0.125451545059825 0.988650303447044 0.0826588612078158 -128.278713202489 0.0655570815451875 -0.0748740827816202 0.995035748496951 8.44850058414924
0.99220662344073 0.110666816592694 -0.0572614364610766 48.1804613543495 -0.105539882461966 0.990696356173325 0.0859189331568529 -128.335216255368 0.0662370712687482 -0.0792059692834855 0.9946552492294 8.46180869255462
0.994021327936953 0.0914228498796556 -0.0596947411949985 48.7001937710178 -0.0866989842129517 0.993220627215438 0.0774343064165644 -128.404283980349 0.0663693132622163 -0.0717958786676089 0.995208755017484 8.45462171844908
0.995581421972602 0.0716814171682292 -0.0606581128602523 49.2404837272133 -0.0668189248961453 0.994655404516121 0.0787137697140268 -128.456977186384 0.0659762343479538 -0.0743128568931634 0.995050117231107 8.44053420948037
0.996402523934657 0.0546025756987233 -0.0648117969486295 49.7660083238392 -0.0495776055079366 0.995816312085714 0.0767589318327673 -128.496744390889 0.0687318800029842 -0.0732695797113176 0.994940951695216 8.45491297542018
0.996903830119828 0.0376976245140006 -0.0690046563531555 50.3077825683115 -0.0327138152554384 0.996869314848643 0.0719817713357405 -128.533477562616 0.0715021662878037 -0.0695014979637073 0.995016071225461 8.47965424912855
0.996386449619031 0.0223891479506431 -0.0819314900976629 50.8297902423102 -0.0165467363057824 0.997317289201218 0.0713051903998743 -128.55320320562 0.0833081540619293 -0.0696918267401539 0.99408390025813 8.46613529782626
0.996258017336114 0.0094350852494659 -0.0859124092308642 51.3821455438903 -0.00294308107819259 0.997150489397555 0.0753806325788156 -128.558759496869 0.0863788236044189 -0.0748457123725237 0.993446937773813 8.46889707813722
0.99535683731891 0.000506760702783899 -0.0962523225490455 51.9143255116486 0.00725905855491841 0.996743134437905 0.0803145691627356 -128.564894429053 0.0959795419419765 -0.0806403567978819 0.992111415307837 8.46251176352754
0.994943435777825 -0.00703069316790619 -0.100190463399458 52.4814737714901 0.015219203388943 0.996581526102479 0.0812012172289284 -128.580689133154 0.0992770640723494 -0.0823154370992003 0.991649249162395 8.48139092402445
0.995003456372469 -0.0151845866669659 -0.0986790258088953 53.0201264530712 0.0228636775224459 0.996756510609633 0.0771602929456432 -128.596678685729 0.0971873142801509 -0.079030923599951 0.992123348711212 8.51119930541135
0.994688807848948 -0.0229241899949499 -0.100342698055784 53.5841664975584 0.0308513196737772 0.996462107943419 0.0781758498984337 -128.602419630106 0.098195578385308 -0.0808563475926998 0.991876947730687 8.52769693658826
0.994485243376555 -0.0296366934516771 -0.100602023376899 54.1615298700928 0.0378943328409072 0.995978028917436 0.0811898112590618 -128.599063744356 0.0977912074003453 -0.0845543157679775 0.991608515211619 8.53961481453641
0.994609012823226 -0.0348895792417414 -0.0976505446535842 54.7669185832155 0.0436088704801982 0.995109484796595 0.0886305798429488 -128.583565989844 0.0940806995416629 -0.0924112034776644 0.991266357466832 8.55559198256679
0.994457662177831 -0.035624682885312 -0.0989183506995661 55.3640140532037 0.0444233157687316 0.995109894309548 0.0882205603210125 -128.581625420354 0.0952918000245194 -0.0921258933013019 0.991177225642077 8.59137678889093
0.994688683342598 -0.0344770652125875 -0.0969832728077271 55.9689589752668 0.0432296170104765 0.995035111274517 0.0896455662263165 -128.590889171481 0.0934110456171997 -0.0933619799770571 0.991240595038089 8.59687621958015
0.994349159961347 -0.0328605765803889 -0.100945186071297 56.5583974149519 0.0425694591687611 0.994510737124214 0.0955836538887792 -128.601249029612 0.0972501374304612 -0.0993407079270884 0.990289773005003 8.58543684242832
0.994273559739476 -0.0293881534962615 -0.102744463778213 58.051924088714 0.0390193395369571 0.994899048078555 0.0930235200069564 -128.607608952023 0.0994865797235586 -0.0964998474945173 0.990348524454115 8.6460725660643
0.994296898967149 -0.0276859571678955 -0.102991089323346 58.6464053648654 0.0374183708181069 0.994887654843354 0.0937998921407242 -128.612271470972 0.0998676235305041 -0.0971187006502365 0.990249673443207 8.66838481391975
0.994513102484766 -0.0280684941053076 -0.100776230455336 59.5260264141479 0.0387039424482103 0.993699437980848 0.105182849341109 -128.617373952468 0.0971889593785858 -0.108506159250105 0.989333472384159 8.72097125952515
0.994688252909196 -0.0308001262847319 -0.09821726806065 60.1026503721848 0.0402333036854502 0.994610429809653 0.0955582240752322 -128.641237175583 0.0947447138314714 -0.0990022481295374 0.990566501586991 8.7169709664693
0.994895852749539 -0.0325395531118333 -0.0955165936633487 60.6951116904542 0.0429142031798737 0.993152718297517 0.108655645521473 -128.61958020485 0.0913269584909277 -0.112200069614656 0.989479929574755 8.72100574491138
0.995062406697407 -0.0340628405424347 -0.0932230104198866 61.2729864819656 0.0444195853396693 0.992784648973158 0.111380165206804 -128.620672269349 0.0887564488688985 -0.114971142716005 0.989395739391856 8.73517990941203
0.995328997357292 -0.0350863961738984 -0.0899396009734095 61.8671753636533 0.0447144555761541 0.993212479039759 0.107375923475548 -128.623334199942 0.0855616998560455 -0.110895970545493 0.990142050028438 8.75084797835263
0.995632256884702 -0.0344545882097718 -0.0867714838064315 62.4753098391068 0.0440572133120429 0.992809429127536 0.111303186794603 -128.624070586049 0.0823126418349694 -0.114639952838232 0.989991065720997 8.76402770200676
0.996696158943181 -0.0331925765681432 -0.0741283994746669 63.1009891625554 0.040996791430011 0.993480929095806 0.106371549840064 -128.625077887887 0.070114405369739 -0.109059141678728 0.991559415151683 8.75291475201717
0.997234309059798 -0.0318781109332577 -0.0671380583376872 63.7324900755156 0.039742593187544 0.992066261555949 0.119268851629973 -128.620951107157 0.0628033368600522 -0.121607231387488 0.990589431678691 8.77454923217004
0.997557515491726 -0.0315301344546486 -0.0623285962239508 64.3528485332706 0.0384437335275502 0.992847150643127 0.113033688837822 -128.643362700081 0.0583188017575741 -0.115153749748302 0.991634272945659 8.78375351972929
0.997763978726044 -0.0329341412592403 -0.0581582762493277 64.9568177335644 0.0391236342514756 0.993302964607308 0.108713208697424 -128.650351710824 0.054188412042922 -0.110745486778691 0.992370421343975 8.77524534240335
0.998206460859264 -0.0367763938391717 -0.0472372560063246 66.5406669011707 0.0421437521943971 0.99209775025009 0.118177654823939 -128.654185249515 0.0425178274350675 -0.119956453785925 0.991868279332143 8.74896673915588
0.998559148045998 -0.0359826528826315 -0.0398105079744171 67.1874406789123 0.0402853879071315 0.99275892176061 0.113167180692478 -128.665198215017 0.0354501815908608 -0.114607905295578 0.99277807825764 8.738141308255
0.998779897155307 -0.0349060158458417 -0.0349326079216185 67.839741521436 0.0388071296857013 0.992247033782725 0.118067059906383 -128.672213405018 0.0305405259285568 -0.119278640196601 0.99239099263791 8.72528858647238
0.998662505037632 -0.0327385991776479 -0.0400173107023401 68.4842865803584 0.0368050855889503 0.993736671547289 0.105512147627201 -128.699028590014 0.0363123492320777 -0.10684386620672 0.993612500699971 8.6772850392406
0.998595150550985 -0.0319175587450392 -0.0422965097828822 69.1520828602834 0.0366314180525405 0.992594570291341 0.115819507163552 -128.6912614235 0.0382866100290494 -0.117206179324748 0.992369309793778 8.64131473223846
0.998673914832274 -0.0291892650632034 -0.0424075304474435 69.8409794457863 0.0341991274400646 0.991857986210007 0.122670921060241 -128.693664853805 0.038481573719366 -0.123958549509502 0.991540945441781 8.63985817293914
0.998356072512154 -0.0272228489683068 -0.050438764578015 70.517237211994 0.0328767847174825 0.992833886804094 0.114891210456309 -128.723197197145 0.0469496486115491 -0.116360602041775 0.992096739631639 8.62975550771678
0.998828420894635 -0.0244338311569558 -0.0417704860891306 71.2242864605201 0.0289183149933467 0.993469907133471 0.110368812071876 -128.744915760435 0.0388009880167305 -0.11144743835192 0.993012563774357 8.64879792816851
0.998648813954238 -0.0230013459997533 -0.0465991895851329 71.9105365109351 0.0281106576144464 0.993294914889341 0.112138320762614 -128.753258708227 0.0437074057371845 -0.113296734891943 0.992599371623088 8.6189701037071
0.998557161515296 -0.0232433322593106 -0.0484080849858685 72.6089365688727 0.0291991661785181 0.991573792258893 0.126209441801303 -128.759058627354 0.0450666604153784 -0.127440817679426 0.990821797352181 8.59895345878139
0.998718407954174 -0.0219842482512322 -0.0455876566880532 73.320200226418 0.0272173504103149 0.992693888836053 0.117550239915529 -128.79052513707 0.0426703345442914 -0.118640363689533 0.992020013232341 8.57147705505473
0.998663448011795 -0.0225879914308108 -0.0464876354347523 74.0376944103056 0.0278051159188892 0.992995961092157 0.114829860155795 -128.818231725529 0.0435682583302335 -0.115968978169957 0.992296832086189 8.53993256047361
0.99900552531375 -0.0214770347150223 -0.0390729749628895 74.7807496778647 0.0259726488398837 0.992619999538723 0.118452344966175 -128.833419267266 0.0362406112647255 -0.11934937576542 0.992190679556889 8.54303898498067
0.999237537561089 -0.0207766619456605 -0.0330556174839587 75.5079493120863 0.0245801205514761 0.9925701125004 0.119165386940248 -128.845268175482 0.0303341590047416 -0.119887038871347 0.992324007926915 8.53662927003429
0.999254706688809 -0.0189893255422926 -0.0336070926399188 76.251123062715 0.0228582092677254 0.992659637376943 0.118761721913034 -128.873896521577 0.031105199393865 -0.11944140755251 0.992353876766017 8.50654682765275
0.999232149754401 -0.0181699075725873 -0.0347126109073005 76.996892856044 0.0222107121429493 0.992547515178628 0.119817003713301 -128.894578476671 0.0322768518183087 -0.120495994006165 0.992188953912089 8.47045495328907
0.999225493578323 -0.0169951317047302 -0.0354905407326653 77.7361929434365 0.021202759019717 0.992332429216544 0.12176531909844 -128.92170466312 0.0331489968643077 -0.122423508459495 0.99192420505972 8.43513684924524
0.999064258683158 -0.0184301052572375 -0.0391272059068742 78.4905610796781 0.02285567597219 0.99300296970544 0.115856463919944 -128.955411980416 0.036718184837026 -0.116642330979735 0.992495008312832 8.41786335693545
0.999141827447844 -0.021470267535335 -0.0354208449383029 79.2479159046786 0.0252328022313406 0.993672201564794 0.109447985495068 -128.973517155902 0.0328468314413462 -0.110247827413223 0.993361214370144 8.4148004307865
0.999025549866734 -0.0236423196639624 -0.0372691753916899 79.9738448027476 0.0278196900323855 0.992873568384876 0.115879860412334 -128.96812967134 0.0342639104594253 -0.116803758174072 0.992563784608546 8.39440115983269
0.998935709989368 -0.0248101068418043 -0.0388832342602505 80.686267759757 0.0293876808175078 0.992099508158218 0.121962822730493 -128.975306419528 0.0355501269225239 -0.122975706994185 0.991772738063047 8.38881478592806
0.998963940181028 -0.0252386846570596 -0.0378689188488066 81.3752998338681 0.0292138800888952 0.993679576460306 0.108385647277756 -129.011726319102 0.0348940600696976 -0.109379651318003 0.993387384885375 8.35523062946871
0.9990456911891 -0.0260521189780139 -0.0350570109000828 82.0637928187488 0.0297970586075281 0.993381232665662 0.110931789339147 -129.020489698331 0.0319349685271905 -0.111870521963567 0.993209516718787 8.33373515616827
0.999105946996883 -0.0261828553145711 -0.0331928420452273 82.7507819789813 0.0298711500886146 0.992800956775257 0.115991269578879 -129.031935591414 0.0299169027114541 -0.116879075602577 0.992695452099202 8.3092356646414
0.999181769134279 -0.0244501439759579 -0.0322177387357898 83.4241920155405 0.0280111477552807 0.992951086570788 0.115167335991265 -129.052963270479 0.0291747807382422 -0.115975558362303 0.992823499939151 8.30855880189616
0.999228970034798 -0.0244064984692828 -0.0307536709299273 84.1039430734873 0.027837953201339 0.992788261528564 0.116604099982171 -129.070546865694 0.0276859857104171 -0.117370313979137 0.992702218992021 8.29158397061177
0.999109732182812 -0.0237214859979052 -0.0348860166777313 84.7486234173246 0.0278886097035374 0.99185570140241 0.124275874747833 -129.070457517692 0.0316538861183191 -0.125138158439329 0.991634243456741 8.26257697233187
0.999122965607197 -0.0231317481382077 -0.0349030346008887 85.399576501622 0.0273393026338325 0.991737218830252 0.125338945736487 -129.092819080801 0.0317153295391365 -0.126183243796111 0.991499837043514 8.25044675954604
0.999297117713424 -0.0226745094981412 -0.0298519203513348 86.0366378450573 0.0258160788433548 0.993657176206116 0.109448372519831 -129.133107399773 0.0271808867183805 -0.110142102726908 0.99354411910297 8.23217455390367
0.999110985353758 -0.0219882435400267 -0.035968821101987 86.6489159911117 0.0256598127251584 0.994138431938666 0.105025483352568 -129.146050319291 0.0334486615031464 -0.10585506737306 0.993818842523674 8.19981823556676
0.999127711403926 -0.0202052246736773 -0.0365453854903819 87.2743769321071 0.0243134920293071 0.992985001856011 0.115713612830804 -129.147762147514 0.0339510001339462 -0.11650122310475 0.992610091931874 8.197250377447
0.999189311449615 -0.0191498949605083 -0.0354118822974385 87.8975128780271 0.0231256107411583 0.993037499934261 0.115506406108751 -129.16500844753 0.0329533915203663 -0.116231687793445 0.992675308819552 8.18222348812154
0.999245048922031 -0.0180889315097103 -0.0343820121814421 88.5302833191652 0.0220230931134277 0.992801567804004 0.117728630059256 -129.182685594061 0.0320049304721179 -0.118396948958784 0.992450425413142 8.18475191824191
0.999353067626233 -0.0178576061732972 -0.0312178174732938 89.1493840899501 0.0214912425747452 0.992512964673322 0.120233695143947 -129.202706756128 0.0288370025944085 -0.120826821762114 0.992254658051167 8.15367558892828
0.999540161144843 -0.016807330735981 -0.0252384605725608 89.7753168702947 0.0197248297588833 0.992554150634693 0.120196460633531 -129.215895839939 0.023030357129763 -0.12063901396885 0.99242925740785 8.16131309216149
0.99950645188737 -0.0156121545033977 -0.0272601039484996 90.3771077837697 0.0185090596801057 0.993817219358088 0.109474879388457 -129.250490802403 0.0253824219742569 -0.109925407159223 0.993615689044612 8.14276373817615
0.999487878436779 -0.01531208715744 -0.0280984135642597 90.9491096445218 0.0183398659156543 0.993665232037093 0.11087405448915 -129.269747834197 0.0262227034483679 -0.111332594632256 0.993437176270502 8.10952507048289
0.999423793965263 -0.0150409976989942 -0.0304277577928395 91.5291573027179 0.0184296658062226 0.993270095809678 0.114345372396546 -129.288137249438 0.0285031134150605 -0.114840259310281 0.992974968147332 8.08738144646365
0.99936260049997 -0.0152752953961871 -0.0322654315405546 92.0942149853051 0.0189351156444235 0.993027105851082 0.11635561198565 -129.300302538781 0.0302630817576686 -0.116892396654283 0.992683390355125 8.06731027039188
0.999428150467104 -0.016170110674443 -0.0296967940134764 92.6661274376993 0.0195635198431967 0.992846140112314 0.117787141723637 -129.315597689502 0.0275797161922933 -0.118300759020622 0.9925947257919 8.05375758569016
0.999189826718582 -0.0174367460693384 -0.0362718908881743 93.1944223805041 0.021299721651486 0.993813668304905 0.108998690578905 -129.33600039112 0.0341469184504169 -0.10968296393178 0.993379904861921 8.07092651206258
0.998067212452278 -0.0178749973481626 -0.0595174251588764 93.7066714865316 0.0245685107695778 0.993210819209614 0.113704251826978 -129.351157213756 0.0570808873994125 -0.114946740165917 0.991730315770836 8.0529568642131
0.997960913619349 -0.0182812992721921 -0.0611539776707594 94.2346310886778 0.0252303238492907 0.99306068068299 0.114864769359004 -129.358796425956 0.0586297334677134 -0.116173484833494 0.991496987274871 8.04830188262947
0.997729650443388 -0.0183402238441722 -0.0648010865299437 94.7449548894506 0.0257359113927524 0.993008148452638 0.11520624970655 -129.369691275957 0.0622350985449526 -0.116612406269698 0.991225675218863 8.03177117745381
0.997767564189284 -0.0185809669252379 -0.0641454247776622 95.2841405357415 0.0259162329747776 0.992970742167728 0.115487895760853 -129.38118672289 0.0615486532767416 -0.116892484219456 0.99123554739165 8.00895236222896
0.998163046661307 -0.0205138491458817 -0.057006265208638 95.8549913531364 0.027349213305161 0.992172782334692 0.121840840959937 -129.394118360276 0.0540606401313042 -0.123176101527268 0.990911244865622 7.97988463793771
0.999515739690912 -0.0215246934450836 -0.022471619483747 96.4472947833275 0.0241694556429611 0.991866983429861 0.124962892874923 -129.406127337806 0.0195990694689842 -0.125445505116133 0.991906901741342 7.98094241389277
0.999759130163268 -0.0218809872344732 0.00170412817302899 97.0372853315965 0.0215705405549826 0.993956988495389 0.107629999541677 -129.430160347685 -0.00404888075289166 -0.107567315755393 0.994189558960376 7.96523489639633
0.999733498096691 -0.0229714519126582 -0.00229023587829933 97.6047537245196 0.0230833306323779 0.993407204655327 0.112291075272281 -129.436600833839 -0.000304352213975073 -0.112314015759002 0.99367271736413 7.96831204752432
0.999707605563938 -0.0238367109874852 -0.00406381433105799 98.1786086161748 0.0241483646738927 0.992853438254323 0.116871325097939 -129.452461098428 0.00124894403193382 -0.116935287043179 0.993138751022703 7.94974570069421
0.999711655477449 -0.0224187936163217 -0.00860253423862346 98.7767998524441 0.0232563726818088 0.993161912870574 0.114405226947665 -129.463262545943 0.00597888218839799 -0.114572302569385 0.993396919892409 7.9261315418114
0.999552435899706 -0.0228217141108501 -0.0193415938331177 99.3673901589529 0.0249885401398393 0.992410102419348 0.120406650471212 -129.471956704897 0.0164469069627788 -0.120836078970892 0.992536216603857 7.90316363456567
0.998707039831866 -0.0222663023632546 -0.045699675812195 99.9642584983468 0.0272799550441898 0.99331159797572 0.112195692340251 -129.495465451976 0.0428958347984809 -0.113297312880709 0.992634709372462 7.81956846835119
0.999242551908256 -0.0229625058082724 -0.0314172847789284 100.611912454886 0.0266469221274901 0.992124659819825 0.12238709457508 -129.504193112932 0.028359548603719 -0.123131566644801 0.991985056993597 7.82715162134441
0.998919355869446 -0.0235096749843371 -0.0400925884859071 101.231496095138 0.0283544512334214 0.991763433164283 0.124905235012172 -129.514658659243 0.0368258817222476 -0.125907060248126 0.991358293764194 7.80331639296121
0.998996594201322 -0.0225925789991514 -0.0386701454396967 101.882984414462 0.0270245401248121 0.99261961188005 0.118220050508117 -129.548028750129 0.0357138489273086 -0.119146470720984 0.992234165663292 7.80473197567863
0.999012804539516 -0.0237383478263437 -0.0375487311179141 102.517102494108 0.0281661086344647 0.992109679761024 0.122168136798718 -129.560379345978 0.0343523898802025 -0.123105134608408 0.991798890472542 7.75820164082501
0.999132346610816 -0.0221374063665327 -0.035277318425984 103.182328940668 0.0263583990045317 0.991923077827173 0.124071924607411 -129.566569853514 0.032245755656879 -0.124894126816404 0.99164593899682 7.74729952188585
0.999138569538579 -0.022187200262353 -0.0350691745685682 103.832959468579 0.0265452621553976 0.991270870608295 0.129141047465846 -129.574185182426 0.0318977729238839 -0.129960721866235 0.991005924732291 7.72197331817343
0.999266686569486 -0.0222039793472903 -0.0311941086358762 104.518967538064 0.0258287643417451 0.992308011986096 0.121068923678947 -129.602355956411 0.0282659520451784 -0.121785847492002 0.99215384054371 7.72073178724075
0.999302362427185 -0.022162569069148 -0.0300600894826054 105.196100023782 0.0252679048479997 0.99391596737777 0.107203464384804 -129.642781632416 0.027501298733686 -0.107888230700882 0.993782575941133 7.68200012090334
0.999386758820892 -0.0228444227006805 -0.0265374950766731 105.879315003645 0.0257335818098688 0.993125085831783 0.114194337245112 -129.654358431144 0.0237463483657304 -0.114807213375677 0.993103929453613 7.65990852463915
0.999464193079583 -0.0218413116138628 -0.0243779379513846 106.581728007006 0.02454240201086 0.992869875388163 0.116649393698515 -129.668910922176 0.0216563444586741 -0.117185185299507 0.99287392708793 7.62920387351792
0.999593250865711 -0.021491081658915 -0.0187474327001406 107.283323953121 0.0235606074797438 0.992705400119664 0.118240798155472 -129.694824473417 0.0160695550312351 -0.118634404716286 0.992807960996843 7.601292147483
0.999698874173555 -0.0205426422692273 -0.0134224001105598 108.017748007233 0.0219116230312656 0.993534511910305 0.11139593538046 -129.726716205265 0.0110472508917432 -0.111656497758753 0.993685455642772 7.58017629771666
0.99977162249403 -0.0198899204837014 -0.00781625989875304 108.752116982351 0.0206667694745521 0.992948887430866 0.116727852671464 -129.744735653633 0.00543943886246853 -0.116862731497074 0.993133180641903 7.54189085509163
0.999791250044214 -0.0196001338724184 -0.00576984291029234 109.482189536525 0.0201528669172748 0.992505535937269 0.1205264414512 -129.764637424311 0.0033642666423438 -0.120617560438181 0.992693349340017 7.52245599843771
0.999792682134977 -0.0198080685495228 -0.00471520621886672 110.233386052553 0.0202174663237035 0.99323343819277 0.114361668889622 -129.793354575685 0.00241801670774968 -0.114433289195527 0.993427992115732 7.49062838945947
0.999745967078737 -0.0212407925263537 -0.00753857033213198 110.983213104963 0.0219413915024044 0.99369310803097 0.109966278425206 -129.814773020057 0.0051552544785211 -0.110103750093283 0.993906729812539 7.44427924519406
0.999713076829191 -0.0234955921236347 -0.0046605973297769 111.743710885213 0.0238754107365648 0.993100955201276 0.114806173790751 -129.827686703539 0.0019310046273475 -0.114884506914864 0.993376978438728 7.38592101347091
0.999628022538255 -0.0272559618645159 0.000963897867622217 112.519820006593 0.0269320156271351 0.992084564353613 0.122649434183614 -129.832768884616 -0.00429919649689444 -0.122577851645968 0.992449589246396 7.35921704042787
0.999517941614125 -0.0310380308099631 -0.000724592922422645 113.287022787081 0.0309279282509244 0.993392080595206 0.110524374980527 -129.852478990446 -0.00271065408510776 -0.11049350593664 0.993873149602232 7.31895212726559
0.999382115660825 -0.0344091602745916 0.00716914126591575 114.071229225651 0.0334610538675214 0.993846040819227 0.105595478227148 -129.865155046406 -0.0107584743977945 -0.105290345412781 0.994383325680539 7.28056741707951
0.999339359489992 -0.036044480478155 0.00465188146817797 114.832064304033 0.0352913082077668 0.99300231903154 0.112698349424326 -129.861414972669 -0.00868148254150596 -0.112459725346646 0.993618358342799 7.22076562277343
0.99924245410005 -0.0388792414419328 -0.00170953473444375 115.583601897902 0.0388057213731133 0.992111637790911 0.119199891562648 -129.868659496816 -0.00293835205866724 -0.119175931902103 0.992868804698005 7.17011965765665
0.999285043750268 -0.0373912576684817 -0.00559421013154217 116.357279592838 0.037788020391642 0.992518148544186 0.116102499220733 -129.878337352896 0.00121113661800833 -0.116230885139832 0.993221483098158 7.13755326631459
0.999214055688176 -0.0378010377153646 -0.0119311551339048 117.140834517174 0.0389624658358757 0.99199037490154 0.120154160804735 -129.89599131917 0.00729363909005306 -0.120524593549796 0.992683547349547 7.06092828553277
0.999279150659042 -0.0368432648177273 -0.00915166081740349 117.927553680737 0.0376704305007986 0.992202155335701 0.118810023201215 -129.904099404406 0.0047029484401261 -0.11906912607708 0.992874828712668 7.0272121002928
0.999319822148109 -0.0354193845101795 -0.0102645147372938 118.709867782188 0.0363917527012165 0.992198176684221 0.119241010226521 -129.917192313968 0.00596098961629564 -0.119533448814246 0.992812278941676 6.99293263045756
0.999410360688963 -0.0324857729586121 -0.0111178011691827 119.532118104493 0.033516907916766 0.993308460407359 0.110521126337287 -129.939695538053 0.00745304174515264 -0.110828593054522 0.993811589351976 6.96675653202351
0.999117370872069 -0.0298907193133355 -0.0295131177719018 120.748243010428 0.0330659998967474 0.992961464024201 0.113728495170498 -129.961785611868 0.0259059621036371 -0.114603995837183 0.993073413834865 6.89072981822212
0.998218408866008 -0.0266077100938242 -0.0534044751362489 121.482329875501 0.0328298552293761 0.992322573846998 0.119239716702479 -129.972979318729 0.049821770408461 -0.120780541467706 0.991428188017738 6.87898085717571
0.996806877572976 -0.0252749267155325 -0.0757444843057184 122.257799400367 0.0333110507610781 0.993723961186362 0.106785124719113 -130.014592656985 0.072570122780712 -0.108967275104079 0.99139281328643 6.87367782787536
0.994909478148556 -0.0232740131490189 -0.098048205501712 123.011195885257 0.0335704110094021 0.993936022501786 0.104710126912295 -130.033250490278 0.0950166185192172 -0.107468616280607 0.989657687647555 6.86357651760072
0.99547932462744 -0.0226372982756691 -0.0922413517142558 123.772755902949 0.0332725660422838 0.992756427761389 0.115445274859588 -130.038080537542 0.0889598256982134 -0.117992490715394 0.989021699229357 6.87826580940782
0.995578224885287 -0.0229628098638935 -0.0910862640435749 124.524557825646 0.032750518375592 0.993669692338504 0.10746137014775 -130.058786374443 0.0880420449580264 -0.10996932249976 0.990027952347081 6.90647423198652
0.995874734634057 -0.0237491547114506 -0.0875756277056437 125.268112229705 0.0330231702289459 0.993815622561336 0.106018765230757 -130.074915904316 0.0845161709117019 -0.108473434552042 0.99050014177228 6.93451330682835
0.996246214102998 -0.0236483619932697 -0.0832720593024887 125.987819944052 0.032388638422414 0.993920655697981 0.105226927533005 -130.090769632369 0.0802773753095106 -0.107528996795885 0.990955628603768 6.96295352888618
0.995763492756485 -0.0239239663477991 -0.0887846288925714 126.682161755798 0.0337450237112514 0.993267367639805 0.110820619726754 -130.100608771773 0.0855356058500162 -0.113347166775725 0.989866698053727 6.95560988700297
0.995822200422052 -0.0228183906262873 -0.0884164362311062 127.371097929649 0.0329269540647653 0.992864175420205 0.114614767212486 -130.109744733509 0.085170187522395 -0.117047213620751 0.989467527987159 6.98474091626181
0.995843865507505 -0.0220901066991451 -0.0883573580246303 128.038545550421 0.0322561555593937 0.992802411096217 0.11533825449549 -130.122752595382 0.0851735637366459 -0.117708961882937 0.989388732669239 7.01093107545281
0.996076630693935 -0.0212479184704973 -0.0859061799062849 128.704829363687 0.0307233471323099 0.993397852958079 0.110529551158362 -130.137464779447 0.0829904917831404 -0.112735228296005 0.990153193488079 7.02796126993211
0.996369228055254 -0.0208527239289752 -0.0825440808860271 129.371317915152 0.0303340982091286 0.992863614217886 0.115332935660361 -130.151130889231 0.0795500086135506 -0.117418088329439 0.989891301438014 7.0233766614082
0.99635164280543 -0.0199416169190653 -0.082980333775992 130.011285761306 0.0294907971614839 0.992870248496033 0.115494426420516 -130.1592624839 0.0800855590084875 -0.117520217690732 0.98983599736129 7.0373102827435
0.996236072160798 -0.0195621978101175 -0.0844453014824567 130.646892817007 0.0290304587099312 0.993239426423176 0.112395170117096 -130.179062728095 0.0816757062578349 -0.114423608645235 0.990068844470871 7.05897349309404
0.995804671566578 -0.0198013240168204 -0.0893362393061161 131.27988152732 0.0295342530723862 0.993605363914714 0.108977560512993 -130.195564628385 0.0866070665802451 -0.11115884295497 0.990021680394565 7.05963509370967
0.995077395158833 -0.020363960684051 -0.0969860131625675 131.918292816512 0.0314503593297436 0.992960875784423 0.114190954367946 -130.206657134584 0.0939779364635194 -0.116679082387079 0.988713375651087 7.07384641574359
0.994786361785371 -0.0211122565205614 -0.0997715742605938 132.542907393198 0.0330898697440367 0.992226374976669 0.119966167401403 -130.207574212175 0.0964632309543379 -0.122642135603017 0.987751867448795 7.09368112695177
0.99475593827074 -0.0223734190769822 -0.0998000671037047 133.185993001428 0.0336715148527936 0.993024069760236 0.11300188478223 -130.224592057214 0.0965756302729436 -0.115769715364702 0.988569937152529 7.13738145609108
0.994721133873736 -0.0231749198651979 -0.0999639380686231 133.822018136667 0.0344372328072919 0.993059991113395 0.11245412863226 -130.235078748786 0.0966640720305233 -0.115302979749468 0.988615840475648 7.14933176570682
0.99497705368839 -0.0229885544573044 -0.0974278656110854 134.460639508136 0.0338594262005969 0.993194300429933 0.111438865979801 -130.241414343339 0.0942029823887467 -0.114177966164498 0.988983918044982 7.16750727962956
0.995081256557268 -0.0223546133387356 -0.0965068086244974 135.066077536902 0.0334569860974745 0.992801373515718 0.115004620892282 -130.255496224838 0.0932412083238043 -0.117667769621846 0.988665956257491 7.17986682514783
0.995262263000424 -0.0221131498322556 -0.0946785955312608 135.675419879495 0.033319861864152 0.992397947600232 0.118474049496935 -130.266746108678 0.0913390094791358 -0.121067428333737 0.988433034223374 7.19602880584026
0.995541578319507 -0.0214461050019041 -0.0918533092346263 136.256507351161 0.032411217318762 0.992292654328718 0.119602680392964 -130.281435334003 0.0885803523870875 -0.122046518776706 0.988563689615125 7.21472207787022
0.995710712361739 -0.0203323011852349 -0.0902594860199722 136.835206724927 0.0309426655468706 0.992559943503063 0.117759543146413 -130.287957831813 0.0871936278459107 -0.120047307682056 0.988931704002536 7.24006763002974
0.995756421523635 -0.0189529874636041 -0.0900551678730774 137.37482676032 0.0295331647987006 0.992616126178806 0.117647856872758 -130.295719630986 0.0871604335201267 -0.119808223073312 0.988963623452652 7.27146960492369
0.9958090852756 -0.017194841204336 -0.0898254035255646 137.930031589682 0.027418348534058 0.993119162661975 0.113853251676196 -130.320378721933 0.0872496409519133 -0.115838966628401 0.98942853908922 7.27564709277927
0.995991378879885 -0.0158943209271326 -0.0880258130278298 138.468706552578 0.026065255484572 0.992950203400753 0.115630861031685 -130.330853334992 0.0855673749361816 -0.117461756025825 0.989384131779897 7.2897423112455
0.995805597409868 -0.0144673970712652 -0.0903432708570877 139.013477421688 0.0246519424773898 0.993328251774621 0.112655518988033 -130.348767249269 0.0881106911746028 -0.114410133503785 0.989518482622928 7.29695389185243
0.995794275426029 -0.0133330817193539 -0.0906420981697628 139.549305198947 0.0236905905653498 0.993178443657698 0.114172391462808 -130.360924472376 0.0885015081646455 -0.115839578666088 0.989317277250855 7.30312437950354
0.995611059410801 -0.0131994382769774 -0.0926520005616387 140.082808610312 0.024065812252577 0.992820907306296 0.117164340548328 -130.367722034228 0.0904403397800194 -0.118879858868831 0.988781130531831 7.33231062513998
0.995591642115058 -0.0123706212111268 -0.0929744582210143 140.616522589067 0.0227823776050167 0.993472529941343 0.111773411519066 -130.392998396156 0.0909848636933789 -0.113398853533882 0.989374779644143 7.35539476756094
0.995494414461607 -0.0123832412382354 -0.094008117267489 141.151767944395 0.0227398778108642 0.993681390936858 0.109909923405215 -130.409882808793 0.0920530756297111 -0.111552447943687 0.989485867824741 7.36074678356454
0.995504794975565 -0.0120451861237133 -0.0939420921201039 141.69196413244 0.0224590651976817 0.993611351359165 0.110598701803685 -130.427645188772 0.0920097471526972 -0.112211389535373 0.989415388240671 7.38242845871456
0.995526401696481 -0.0120467554629668 -0.0937126416662668 142.203760257539 0.0225216310922863 0.993505118655788 0.111536340883556 -130.446325138343 0.0917603381543333 -0.11314793364249 0.989331888424829 7.39460716592546
0.995730806773765 -0.0125053738707629 -0.0914536826268806 142.718948032448 0.0229216274681702 0.993244934175834 0.11375016364055 -130.461042172787 0.0894134186566883 -0.115360809456218 0.989291223152076 7.39709605229532
0.996017885251518 -0.0137418415528661 -0.088088217429059 143.228212188046 0.0239717537401433 0.992942371389202 0.116149912279815 -130.469185827554 0.0858704098145288 -0.117799019056708 0.989317776969343 7.40622613535334
0.996940865327504 -0.014567411948307 -0.0767899833909206 144.211606533607 0.0239376939071742 0.992172873113224 0.122556014412424 -130.499208350307 0.0744036144985982 -0.124019274176961 0.989486392924209 7.41905557858772
0.997655543383669 -0.0155042976830387 -0.0666560838122993 145.11595760796 0.0238039935705666 0.99179712468375 0.125585960039877 -130.516147565417 0.0641621901584491 -0.12687821019545 0.98984096355509 7.44581824873442
0.998128273140074 -0.0153237678272573 -0.0592041594653004 145.923663788322 0.0227079366697816 0.991752435268336 0.126140622923486 -130.535412288976 0.0567829197084616 -0.127248926435157 0.99024411674621 7.45581734078726
0.998351473727279 -0.0158516762773788 -0.0551639308404375 146.627423373785 0.0231174349769111 0.99075517668832 0.133677836851825 -130.532619083513 0.0525349322514046 -0.134732714009969 0.989488340845333 7.44886028596061
0.998523528868761 -0.0170843791999707 -0.0515643896776408 147.257526004955 0.0241609062051387 0.98987068570912 0.139900951337367 -130.529756844546 0.0486519568652942 -0.140940234004011 0.988821944301436 7.42014874687494
0.998782587960573 -0.017146580238003 -0.0462529650176386 147.851389611268 0.023944882905643 0.988290819042669 0.15069140512519 -130.521957112986 0.0431275384112773 -0.151615473425739 0.987498234757142 7.42533149445986
0.998787061588602 -0.0177805165580223 -0.0459157797944813 148.366153093495 0.0249072402440535 0.986860525290627 0.1596431426856 -130.514731564447 0.0424739330252148 -0.160593140744054 0.986106387850383 7.42250086959343
0.999000425850985 -0.0191205682775717 -0.0404048637949958 148.959392379159 0.025473792427027 0.986280404802838 0.163101345798672 -130.516665647289 0.036731935001225 -0.163967579023098 0.985781617793905 7.43355493744064
0.999066427067765 -0.0185456342028761 -0.0390170957153538 149.506321364527 0.0250676654208843 0.98443408689574 0.173957295644928 -130.50721856245 0.0351836106219154 -0.174772961323436 0.983979941631861 7.41419352879083
0.999096077593949 -0.0162826302256629 -0.0392670814973461 150.10234948438 0.02345560212014 0.981545698762183 0.189783761082556 -130.506937865735 0.0354522561421214 -0.19053324432863 0.981040376508552 7.39364270255972
0.999234843551569 0.00685909629515173 -0.0385055870035319 150.784339388979 0.00132444333977895 0.978003552492411 0.208584029019638 -130.525040383582 0.0390892988209361 -0.208475428073045 0.977246142283226 7.37893340381307
0.998731544794619 0.0364050085999994 -0.0347847205104409 151.345393788952 -0.0278068095908425 0.974711392923624 0.221730651569119 -130.570770999517 0.0419771696584481 -0.220482144070039 0.974487322325819 7.36889244218843
0.995998285098297 0.0828833397473647 -0.0334330386530446 151.960756314291 -0.0732402261540009 0.971337470254686 0.226140195790438 -130.6765768819 0.0512180178664099 -0.222786603887105 0.973520849172881 7.37495872767422
0.98877839958903 0.143694174145238 -0.0408565884879776 152.568446326213 -0.131045381548737 0.965600029531004 0.224596729594334 -130.83964210728 0.0717243646253062 -0.216722327614028 0.973594909719978 7.3824410637477
0.976653913503627 0.210057989675093 -0.0449752622194554 153.177493560121 -0.194502623356989 0.953566014993087 0.229957788642722 -131.038829466806 0.0911913523602952 -0.215841367730702 0.972160810375959 7.41188735579654
0.951060351970803 0.303152331797831 -0.0598570850836397 153.864559429383 -0.279461859498746 0.926495851047567 0.252004974310323 -131.327875928127 0.13185323657262 -0.22294416726432 0.96587298455239 7.47635700222853
0.923936795806787 0.37597284697743 -0.0706060598672272 154.32104026835 -0.347692418746269 0.902302737630289 0.254872029872353 -131.598948301681 0.159533003797512 -0.210936454887653 0.964393608802325 7.53266021794127
0.881002294605311 0.467243486908239 -0.0742864781909053 154.871866692634 -0.435813264055911 0.862587534380748 0.25692322667263 -132.009795960572 0.184124294358758 -0.193974919700391 0.963572506225722 7.59654686423253
0.842806465952323 0.532526890753772 -0.0780536454822979 155.255744545697 -0.498548606527353 0.827079671536318 0.259592958034331 -132.347190061591 0.202796814271307 -0.179873087357444 0.962558634352168 7.6546969795118
0.792054306470754 0.60512696420652 -0.0804445945439252 155.676393373029 -0.569287968392358 0.779775260091029 0.260502884424856 -132.788400689147 0.220366024252462 -0.160536291660702 0.962115852907016 7.74251810619609
0.739851356815883 0.66817894465479 -0.0784657105856375 156.033820491694 -0.632080247960549 0.730306033218299 0.259090057669306 -133.228119283318 0.230422503145477 -0.142091504900771 0.962660622586801 7.82745829069319
0.675907267805089 0.733849675435841 -0.0679265720537341 156.404304538239 -0.69889246088256 0.667490742556039 0.256915232564184 -133.739322697234 0.233877518051183 -0.126177503798015 0.964043849669463 7.95268540214907
0.604137786118033 0.794804008241874 -0.0574815089141883 156.730077006719 -0.760669256070871 0.596680372022477 0.255645881077137 -134.311911585219 0.237486459093965 -0.110720920000549 0.965060132645237 8.05403164567017
0.502675088504279 0.863413460980134 -0.0428363256538456 157.057724358257 -0.830584787892576 0.496113565425508 0.252982687791545 -135.047578582164 0.239680340284012 -0.0915888945183687 0.966522016760219 8.1884119998942
0.410712867989081 0.911378844378729 -0.0265243677978444 157.278883683877 -0.879628465924496 0.403724567303886 0.251515875623402 -135.781312815787 0.239934786980754 -0.079969217666437 0.967489649671932 8.30259248655501
0.356402448498728 0.934089249261443 -0.0213206265926754 157.404417031321 -0.903380230889993 0.35033073606248 0.247330818554955 -136.28147705486 0.238498329430741 -0.0688886767481704 0.968696493786693 8.37412168081952
0.30687268963818 0.951561913161085 -0.0189493476258116 157.498293336729 -0.921019549705219 0.301923783941956 0.246099609408399 -136.818714658054 0.239900273895269 -0.0580685294405284 0.969059288420264 8.47310792134873
0.239258439947795 0.970903547432676 -0.0100846663997084 157.661846389212 -0.942840312292425 0.234799118463223 0.236477312834056 -137.825964017162 0.231964532698578 -0.047070962934057 0.971584674651875 8.62568720882457
0.211588456017576 0.977320896802223 -0.0086133590308572 157.749201556578 -0.949783907969857 0.207689407558148 0.234041958096521 -138.460239820163 0.230522999810445 -0.041339746755898 0.972188341781854 8.70167585544377
0.181708029628251 0.983306129936 -0.00955231903277191 157.847916106439 -0.956468408422499 0.178987825708499 0.230502802451237 -139.338774728623 0.228364567431878 -0.0327477186751853 0.973024774228909 8.82814528545122
0.167058239216908 0.985892323584716 -0.0103860967873974 157.929814753738 -0.959277586421818 0.164963899079444 0.229288953482806 -140.031310451072 0.227767550143737 -0.0283414589821676 0.973302987154709 8.94460533314861
0.156441719414659 0.987650434788593 -0.00852097931523216 158.005963337589 -0.960704029339217 0.154164929159579 0.230826650603035 -140.758748749996 0.229289678001385 -0.0279247789450061 0.972957578871193 9.05535934256099
0.150393161005975 0.988607620185381 -0.00607210293276623 158.085799862892 -0.961726590233212 0.147721332064031 0.230782091358114 -141.533288642738 0.229049913252609 -0.0288683453738424 0.972986513716583 9.15492701654001
0.145271850475674 0.98938840531651 0.00258319271967614 158.172158222632 -0.962310864335643 0.140688414674893 0.23273283042547 -142.338269344014 0.229899738670923 -0.0362953633611669 0.972537277824107 9.30005296034474
0.140026266096864 0.990147702042067 0.000415865103020993 158.21537621522 -0.962826634033708 0.13606452539246 0.233348061326949 -142.906211849791 0.230992462210979 -0.0330752637259083 0.972393186592323 9.38117026382023
0.128987210104707 0.991644995020877 0.00158223874620719 158.286670866055 -0.964908768324731 0.125141188799743 0.230847897274026 -143.797057607056 0.228721158705216 -0.031303142267713 0.972988563573444 9.45546133698653
0.111278419294322 0.993763299572375 0.00718455443153261 158.372357214873 -0.967956385468282 0.106745336837473 0.227301273411819 -145.035850433628 0.225116745779911 -0.0322480617476003 0.973797983815425 9.63427445207059
0.100622671680658 0.994854704524294 0.0117980858499703 158.437225007043 -0.967833066541252 0.0951274431699529 0.232916132685791 -146.009033617338 0.230595388620857 -0.0348552211558646 0.97242525692465 9.83527018427935
0.0893097304564398 0.996003900106426 -5.49416452157369e-05 158.44991365912 -0.969837573482061 0.0869760076595028 0.227706511004938 -147.039922929086 0.2268013516455 -0.0202831226491478 0.973729809458135 9.91946805965067
0.0826366057940606 0.996540359629655 0.00886019255059797 158.500161249233 -0.970588928963871 0.078461056845012 0.22759831618781 -148.063159197501 0.226115727793533 -0.0274075571323023 0.973714795746907 10.0819342486745
0.0747465324233146 0.99719119469497 0.00476204929727878 158.519177954925 -0.972493914453855 0.0718371785824189 0.221573929250569 -149.091848426353 0.220609479036847 -0.0211929468488219 0.975131948385937 10.2274385567418
0.0694377056357739 0.997530067203928 0.0105910367843564 158.543721556909 -0.973325242209405 0.065418021899832 0.219905559931342 -150.070210304464 0.218669563300528 -0.0255782609815645 0.975463671620381 10.3966484607382
0.0616878371666433 0.998077026620991 0.00607121710212637 158.553683537098 -0.97236766261291 0.0587244031389248 0.22594816480928 -151.343792187842 0.225157143902666 -0.0198417087816671 0.974120406901639 10.5543278139931
0.053229448472633 0.998498842538674 0.0129107422028432 158.562662048554 -0.974323871946892 0.0490995229679699 0.219732176521179 -152.297804377763 0.218768412641579 -0.024275466900696 0.975474798924626 10.6404694996805
0.0464577647473786 0.998846302580393 0.0121548309800865 158.555566185285 -0.973451079995573 0.04253972705369 0.224907462031946 -153.208810209297 0.224130923681073 -0.022280831305739 0.974304312628345 10.7827032040157
0.038228830500214 0.999190388396966 0.0125349213682033 158.537333883951 -0.974241110316267 0.0344785105054171 0.222857558281194 -154.114695681372 0.222244944798108 -0.0207316195327091 0.974770426543213 10.8874996327465
0.0255255511921463 0.999527412176854 0.0171288803889718 158.513021904227 -0.97542346071572 0.0211514948093835 0.219320966970095 -155.252469651695 0.218855017127106 -0.0223062003571031 0.975502391029322 11.047653050385
0.0146127767579143 0.999793378257667 0.0141303767658506 158.479845580245 -0.976148995616613 0.0112029206972456 0.216812437199824 -156.071426582874 0.21660933754596 -0.0169615848308096 0.976111007789547 11.1614084308888
0.00413041091586584 0.999835878987326 0.0176395803608458 158.448943120072 -0.973085407160258 -4.57138108663411e-05 0.230444761888834 -156.829861107731 0.230407747433588 -0.0181166497975796 0.972925514580993 11.2733299492373
-0.00099698945446623 0.999875932669015 0.0157202188691013 158.397505980108 -0.969693505066826 -0.00480746311514137 0.244277290245345 -157.527498201958 0.244322557786299 -0.0150002522532561 0.96957799077181 11.4050371465713
-0.00821132731206443 0.999780222338139 0.0192894044821367 158.365968929746 -0.969064561596593 -0.012714546258604 0.246479645754048 -158.222420038697 0.246670731059397 -0.0166687532508929 0.968955986154008 11.4810250616264
-0.0107847069752129 0.999790154509464 0.0174165737560821 158.314018488584 -0.969774520443223 -0.0147037896964732 0.243559393306189 -158.8866478079 0.243764373103569 -0.0142634327742006 0.969729593696573 11.5730745807508
-0.0133896152931096 0.999777401103299 0.0163054115383359 158.24144595232 -0.978500588423083 -0.0164575798944135 0.20558634808688 -159.960213772757 0.205808932405723 -0.0132021326743436 0.97850313593512 11.7324993828374
-0.0165331524992012 0.999609944064429 0.0225081006738955 158.186397219962 -0.98242878630726 -0.0204262410341392 0.18551670682734 -160.80283361871 0.18590410082428 -0.0190454300220106 0.982383294285888 11.8487544215594
-0.0242713851690801 0.999490092835093 0.0207473898712262 158.087498538128 -0.98010574519829 -0.0278797710052213 0.196508133668816 -162.053500473352 0.196986365242062 -0.0155651114095249 0.980282662916941 12.016116437558
-0.0298829096062467 0.999303129912845 0.0223666327339823 157.988911301277 -0.974862883213811 -0.0340802585665763 0.220183775306196 -163.219489492178 0.220792596446346 -0.0152246682205969 0.975201947717525 12.1027152691559
-0.0294228404032 0.999428922895197 0.016616995611518 157.941154225592 -0.976009792151678 -0.0323133293035095 0.215315429947236 -163.988316880343 0.215729418686113 -0.00988315890129916 0.976403165236309 12.1953549136113
-0.0266725754466544 0.99943786121896 0.0203109645540084 157.880073180039 -0.975042511678373 -0.0304907119491493 0.219914567286403 -164.788384840142 0.220410240549241 -0.0139383660055858 0.975307668284279 12.3306651378641
-0.0240782006169965 0.999490443875369 0.0209545426307847 157.793897530145 -0.975128685964342 -0.0281005373838866 0.219850871292776 -165.899763441689 0.220327678843362 -0.0151397622357321 0.97530841354668 12.4709281317148
-0.0225565152596737 0.999532143109813 0.0206566819612099 157.74135584447 -0.974735354056889 -0.0265802196767999 0.221775745909072 -166.781873984706 0.222221045742594 -0.015132310208277 0.974878874536128 12.5843586028425
-0.0176112425816511 0.999637898893832 0.0203449067299963 157.676010672585 -0.974218944492325 -0.0217336332282855 0.224555332555161 -167.699834353651 0.22491618956178 -0.0158656951256595 0.974248935021839 12.7148697176235
-0.0133760678046692 0.999647777582353 0.0229216400971943 157.645325045294 -0.973911670522719 -0.0182182844986005 0.226194942758621 -168.336864166472 0.226532864789488 -0.0192980539067664 0.973812326008291 12.7823921257634
-0.0064675725691385 0.999736812109551 0.0220108386504864 157.586842595006 -0.973591156884041 -0.011318614887402 0.228017868146833 -169.338094971393 0.228206988811164 -0.0199548357564148 0.973408123444466 12.9092720206258
-0.0029404898394656 0.999766611429627 0.021402714548038 157.532018145983 -0.974635496315506 -0.00765477933300602 0.223667283426053 -170.391765700168 0.223778915095527 -0.0202021539416912 0.97443053633124 13.0476960895282
-0.00161758165253325 0.999793967966729 0.0202337600791767 157.48141313033 -0.974635453623062 -0.00610440882046297 0.223715150881476 -171.4753753147 0.223792573537565 -0.0193586624098089 0.97444452187856 13.2135309017923
-0.00412068820227952 0.99987781865813 0.0150787162650131 157.418635909358 -0.974199027295809 -0.00741656341016327 0.22556872523265 -172.580190038975 0.22565299719844 -0.0137601723333759 0.974110559696751 13.3462606258208
-0.00587166785122121 0.999616255581151 0.0270714812037213 157.355329883129 -0.974627161042899 -0.0117783440514553 0.223524422757031 -173.73212483128 0.223757503726921 -0.0250721397037438 0.974322311833497 13.5246609701741
-0.0127564822757024 0.999719458549625 0.0199568624085875 157.266134451308 -0.975075043361993 -0.0168583922061934 0.221233935970115 -174.90718088874 0.221508311294535 -0.0166372716954364 0.975016548176479 13.6561553487591
-0.0192714757048919 0.999655911178397 0.0177952091936146 157.193917197409 -0.973302274032903 -0.0228290556917223 0.228388961157501 -176.095770807435 0.228716622890716 -0.0129187252588242 0.973407321192496 13.8202345307669
-0.0243116616721617 0.999392872721844 0.0249565434208358 157.095154407754 -0.974021677015856 -0.0293018933530396 0.22455104486318 -177.317489479114 0.225145987772284 -0.0188490052444373 0.974142699603778 13.9967187051705
-0.0284498057525611 0.999307981093453 0.0239617919940609 157.033446854023 -0.972708760077964 -0.0331989859055833 0.22964210285231 -178.120007393807 0.23027869337008 -0.0167745717610314 0.972980131925623 14.097940093717
-0.035219288415351 0.99920369790772 0.018750248293196 156.923405327761 -0.975589225611094 -0.0384442035403136 0.21621217839358 -179.38902880972 0.216760846545363 -0.0106777011426205 0.976166339361917 14.2502816483421
-0.0367453552324578 0.999135388048176 0.0194487845034695 156.768997917436 -0.975743588096869 -0.0400744087258736 0.215217313553342 -181.094559609795 0.215810632631217 -0.0110687901368451 0.976372496913048 14.4832092568383
-0.0353055962119405 0.999149682173523 0.0212938368705327 156.650962574697 -0.975282917915443 -0.0390970315491722 0.217473336633211 -182.392605532412 0.218120940990219 -0.013089489546673 0.975833961473441 14.6665296550987
-0.037969680579427 0.999064319508857 0.0207072171235443 156.550667877967 -0.97475196809905 -0.0415927377264871 0.219382416924067 -183.721143400042 0.220038414927317 -0.0118545203496793 0.975419174664694 14.7969103844992
-0.0422630549298495 0.998889933453605 0.0208022843228997 156.427560467126 -0.976049589091545 -0.0457259997490997 0.212688346133894 -185.065890195174 0.213403453163772 -0.0113152018099364 0.976898629534189 14.9563486410186
-0.0467616854435669 0.998431220376482 0.0307968010027735 156.315427712169 -0.974486561420624 -0.0523721985635969 0.218250073145973 -186.417895069516 0.219520583055631 -0.0198053274434605 0.975406819034896 15.1599268858133
-0.0556025154497516 0.998045630111824 0.0285180730476382 156.163285552369 -0.973674326023721 -0.0605242036433486 0.219761524420431 -187.776072956042 0.221058062775176 -0.0155480219973065 0.975136704208213 15.3248639068195
-0.0598475868247933 0.997553052906515 0.0361410153170041 156.013876171076 -0.975006776358104 -0.0661788845865149 0.212089936797256 -189.190589213665 0.213962736024356 -0.0225446639314023 0.976581632901823 15.5092148705685
-0.0632678178080278 0.997464716947779 0.0325779323176896 155.837497358585 -0.974602810901951 -0.0687782807672068 0.213117125254454 -190.583308676145 0.214817467194419 -0.0182670889578241 0.976483368649554 15.6979330186285
-0.0715686946444714 0.996871882905891 0.0335316420496782 155.667111047178 -0.974448318487358 -0.077055566943603 0.21098083846682 -191.994622827074 0.212904665388171 -0.017575229007363 0.976914896386216 15.8711647824192
-0.0786218565369096 0.996145346401097 0.0388979757587472 155.483243356973 -0.973873655929954 -0.0850856286707744 0.210548184697287 -193.423323366473 0.213046253100855 -0.0213280246890695 0.976809300427955 16.0525736028515
-0.0864684779192599 0.995815563352985 0.0295730639316301 155.288091807174 -0.973970050077032 -0.0907403878705889 0.207722226933082 -194.844461460333 0.209536497725981 -0.010841853765518 0.977740717331367 16.206186494797
-0.0884492693364335 0.995285020567178 0.0398052080567856 155.082267934863 -0.973037257303976 -0.0948800053522155 0.210229114260422 -196.281181299826 0.213014606663978 -0.020137338924409 0.976841473796457 16.3987755148592
-0.0907864624414326 0.995367797443843 0.0316348865836983 154.871890726046 -0.973416344101042 -0.0954022282953577 0.208228326298904 -197.706826568963 0.210281809185514 -0.0118896025195768 0.977568513239657 16.557415223162
-0.0916914606046394 0.995122319940011 0.036390169131228 154.671949107922 -0.973688768624084 -0.0972528730050107 0.206087507014825 -199.158365838462 0.208621326588396 -0.0165362344408493 0.977856684306559 16.7550855334693
-0.0910353659660511 0.9951645009548 0.0368805935799708 154.455658718369 -0.97335097598317 -0.0967451668788479 0.20791404531247 -200.63083736417 0.210476696325363 -0.0169702305514006 0.97745156994042 16.9038051683462
-0.0948680592994099 0.994844399045263 0.0358423354851581 154.252695196527 -0.973389756983109 -0.100246301957593 0.20606566900916 -202.093503121017 0.208596338235188 -0.0153395121204717 0.977881519941336 17.0803728437375
-0.0961773227788394 0.994897222405997 0.0304867091029405 154.025312227656 -0.972914076990094 -0.100432402448898 0.208210305539507 -203.553048157251 0.210209708095528 -0.00963583868559909 0.977608832424921 17.2599440519352
-0.0966053751881869 0.994817554096948 0.0317086036481502 153.874659823698 -0.972563574277019 -0.101122195475766 0.209509893732187 -204.54594272026 0.211630563658138 -0.0105988510097427 0.977292263799838 17.3743891669863
-0.095778039530278 0.994582232728141 0.0404072949508428 153.671179647269 -0.973186158601948 -0.10209177405163 0.206121251637421 -206.029568723396 0.209129787092424 -0.0195819307653474 0.97769181245328 17.5659800691464
-0.0952939161148756 0.994738085570634 0.0376192858353356 153.442829412068 -0.973599953519928 -0.101010142289732 0.204695094373565 -207.54108287659 0.207417935717926 -0.0171199377883744 0.97810260590218 17.7556322895636
-0.0961654165915637 0.994463815223599 0.0423548446189509 153.304876686698 -0.973396284256211 -0.102848528790278 0.204748269643182 -208.533529824658 0.207970878845989 -0.0215383457256973 0.977897854182852 17.8646951845566
-0.0964414704518209 0.994293421409087 0.0456030143707969 153.087964117613 -0.973867908514567 -0.103727020242243 0.202044554584208 -210.044531842088 0.205621836249355 -0.0249258382863638 0.978314041115206 18.0391631839531
-0.0991288843135232 0.993978041206631 0.0467024399125189 152.863364130455 -0.975202197774793 -0.106375057847031 0.194074780750238 -211.540584265513 0.19787404516502 -0.0263059055549709 0.979874411127754 18.2144636436038
-0.0988021478883888 0.993880722665502 0.0493887101120927 152.723474659532 -0.974303631234122 -0.106712807376363 0.198355264376473 -212.509705607346 0.202411881411755 -0.0285216734388169 0.978885051682577 18.3010117967134
-0.103315701640082 0.993752839386382 0.0422037913714046 152.479362207959 -0.972375290957822 -0.109840310793872 0.205964559231428 -213.967861553259 0.209313543110111 -0.0197585509643073 0.977648935116529 18.5555343362852
-0.10858306362841 0.992860743387648 0.0493686391628804 152.23540929823 -0.972721444706056 -0.116359221771101 0.200682641296619 -215.430332890498 0.204994412855649 -0.0262311980006606 0.978411577481285 18.6509279363796
-0.111229280796507 0.99317178941395 0.0351830045019424 152.051400837771 -0.973552545390968 -0.116004398422942 0.196820783733067 -216.420007466774 0.199558233245986 -0.012360269366934 0.979808009400269 18.7786913028012
-0.111804243650089 0.993014133410843 0.0377192516912012 151.815633456215 -0.974207991095115 -0.117015623931932 0.192940752155264 -217.882257800933 0.196006635571988 -0.0151748015516973 0.980485147368188 18.932038906152
-0.110908012411516 0.99282121573667 0.0447822103751961 151.665628299354 -0.973594477774765 -0.117586151050876 0.195671382495041 -218.858056963362 0.199532467607172 -0.0218981886055003 0.979646499359024 19.0504862638155
-0.112558011768973 0.992883395061222 0.0389006143693885 151.484894531499 -0.973369541905983 -0.118045070884492 0.196512330731718 -219.835250619027 0.199705855888986 -0.0157456359533438 0.979729373894686 19.1568883815684
-0.113198259028468 0.992531906508345 0.0454595283283025 151.322386060867 -0.973261983441461 -0.119972003844137 0.195877078498773 -220.815375810045 0.199868120871028 -0.0220710864374729 0.979574193924561 19.2336727325344
-0.114845660397746 0.991976476983473 0.0528501977220758 151.173733010323 -0.973818086038476 -0.122931296090569 0.191222989585073 -221.769387790905 0.196185650831466 -0.0295053478703377 0.980122760094308 19.3646845230655
-0.118592630975632 0.991866082805983 0.0462326903542521 151.003380788283 -0.974462936295667 -0.125200498164247 0.186404992007865 -222.714888047175 0.190677145102148 -0.0229457847662483 0.981384591939957 19.4886034952556
-0.120998315718698 0.991610152387677 0.0454831097763207 150.76748242779 -0.973620116300879 -0.12748319764183 0.18924033252264 -224.084289205817 0.193450967243649 -0.0213855091288612 0.980876844089918 19.6488290184856
-0.124762246589269 0.990958294099955 0.0493562678948442 150.601022972353 -0.972809896326842 -0.131957389371325 0.190336945963889 -224.974172483968 0.195128899537086 -0.0242674008664679 0.980477335699624 19.7239079581399
-0.131934720596358 0.990262965917035 0.0444126990213148 150.352294312413 -0.971459403916933 -0.138079792629888 0.192874563923407 -226.300455924969 0.197129033991744 -0.0176982824162095 0.980217789451405 19.9027168678729
-0.139284155906875 0.98915544566738 0.0465985860287129 150.097441990497 -0.971293779949311 -0.145630154122449 0.188096388168542 -227.609176928826 0.192842725932528 -0.0190620701089343 0.981044504871248 20.0390810814859
-0.1413522049717 0.988473742512522 0.0542145230812395 149.8365419947 -0.970427111649484 -0.149180335166558 0.189780000461673 -228.924673639702 0.195680288034532 -0.0257854215183937 0.980328688201994 20.2204117492489
-0.144655284742093 0.988283275832111 0.0486930724717214 149.662591776768 -0.970053376671978 -0.151347106061977 0.18997499807595 -229.784178609477 0.19511866902856 -0.0197539919311716 0.98058068755167 20.2957739756442
-0.1453273396493 0.987927181624794 0.0536642167309533 149.399003590498 -0.970014426660638 -0.152952548094193 0.188884965261208 -231.096035659951 0.194812670072281 -0.0246049149233059 0.980531805573346 20.4019110772716
-0.147253713633199 0.987922133492993 0.048230716103796 149.107859431739 -0.969926406068068 -0.15378199284662 0.188663365516473 -232.432313067248 0.193801730211863 -0.0189988639338061 0.980856733950537 20.5625752524293
-0.149935438672059 0.98743947466547 0.0498261788881844 148.841643542961 -0.969338605527637 -0.156736605164853 0.18925196018835 -233.781485610301 0.194684442275066 -0.0199228630918562 0.980663575066531 20.6834080916901
-0.155405026270228 0.986446098013763 0.052662828668528 148.655871463101 -0.969185319470952 -0.162566150218307 0.185073129668208 -234.671767015244 0.191125859924648 -0.0222787458493502 0.98131267348967 20.7838233622887
-0.168746763554541 0.984277986246608 0.0521668053477616 148.343699971421 -0.966500295872554 -0.175619286092962 0.187176506085739 -236.034073905616 0.193395211595671 -0.0188338031879223 0.980940151074135 20.922634289815
-0.180612041349405 0.982180141593077 0.0519755709906369 148.113926565732 -0.964532419092945 -0.187214232559106 0.186086118896649 -236.930236651309 0.19250065724125 -0.0165227294206244 0.981157732667984 21.0255883886492
-0.191143184280857 0.979953120320848 0.0561797568204601 147.764007049503 -0.961972478780769 -0.198399022052783 0.187741253103529 -238.285765219271 0.195123635604092 -0.0181579189867919 0.980610553077372 21.1488529566312
-0.206117553315085 0.977383294618583 0.0473016872418758 147.405831284116 -0.960477963730626 -0.211320790919072 0.181178377609487 -239.642180152075 0.18707654958137 -0.0080881843366358 0.982312040988436 21.3198443846053
-0.21170291481526 0.975878508166936 0.0533199133213484 147.023140584434 -0.958272785975708 -0.217987157980152 0.184918540482254 -241.0226640582 0.192081085786897 -0.011947227862955 0.981306333531644 21.4536176324769
-0.217980213028935 0.974470813319822 0.0537704446296212 146.769462548694 -0.956513886778021 -0.224255558543003 0.186522462087994 -241.928235914374 0.193819016426825 -0.0107739709658394 0.980978139624409 21.5518224135494
-0.226589314360689 0.972527288933108 0.053366233687329 146.3316071096 -0.954824412081501 -0.232612891053181 0.184936705413219 -243.333389585313 0.192269666642369 -0.00905070142580178 0.981300392383969 21.661381168204
-0.237170247277946 0.970561044888292 0.0419706081855371 145.919497747899 -0.953261553433671 -0.240833129928959 0.182460445778928 -244.736640946346 0.187196913840325 0.00326522188633156 0.982316982330394 21.8562976329098
-0.239901428463511 0.969215360308487 0.0553975627916535 145.471764788581 -0.952935454801075 -0.245999772184843 0.177195177891702 -246.155573056245 0.185368076011575 -0.0102809254006702 0.982615376924599 21.9784650249118
-0.244464140450695 0.968606547282591 0.0451513077883661 145.037797623002 -0.950541105042912 -0.248585133410004 0.186217719541754 -247.578056577045 0.191595646238383 0.00260538074517741 0.981470488773692 22.0998446491759
-0.248165358799847 0.967092722732375 0.0560858300270755 144.595146436214 -0.949304910635871 -0.254316925950467 0.184778483102674 -249.001185625214 0.19296150220799 -0.00738693530412487 0.981178521907431 22.2718683304279
-0.253457222949691 0.965455661842781 0.0604549514129879 144.124407750186 -0.947937049419677 -0.260342546403294 0.183404222606146 -250.447847937654 0.192807641114523 -0.0108223633262372 0.981176890259797 22.4255840027935
-0.260497782526826 0.96412136341385 0.0510969853085618 143.634512958183 -0.94659785697882 -0.265460928456435 0.182983585674101 -251.893072243304 0.189982637263805 -0.000701478484252877 0.981787199685464 22.5363239526886
-0.265152147675744 0.962208008332347 0.062049071580799 143.168062861619 -0.945430547336999 -0.272087761323483 0.179246562868124 -253.351067630905 0.189355271236376 -0.0111354765984092 0.981845498240902 22.7563759005804
-0.273754800232966 0.959714926077894 0.0632895727012924 142.665453039694 -0.94410386217154 -0.28070025702293 0.172844621380137 -254.808356677749 0.183646962354924 -0.0124348852252148 0.982913611080467 22.837363609328
-0.279942335555651 0.957499706258465 0.0694737452466549 142.164394288369 -0.941115808659117 -0.288000556461362 0.177078271309165 -256.266472811836 0.189560870053775 -0.0158111350919378 0.981741658763425 23.0310521343747
-0.287299538853497 0.954886980498386 0.0751653473965589 141.642183226414 -0.937987415711524 -0.296371532084468 0.179843050843568 -257.713552873123 0.194006656951211 -0.018835324382194 0.980819375631432 23.1634928910872
-0.296154010810119 0.952613088178498 0.0694341854716181 141.096584254178 -0.935412279712757 -0.303968261415186 0.180574535898095 -259.146090139089 0.193123454928871 -0.0114717166656082 0.981107400274343 23.3361952422668
-0.302821421949903 0.950359254757324 0.0715295275067806 140.536174779063 -0.934122168015605 -0.310853690550276 0.175458708228178 -260.598423440502 0.188984024801214 -0.0136846617926159 0.981884804038415 23.4920573766451
-0.310600339279213 0.948290695620726 0.0653619601817377 139.950324116063 -0.931881775233385 -0.317340247234692 0.175759848864575 -262.02681529615 0.187413409945798 -0.00631855079789143 0.982260805330389 23.6307420312185
-0.319024888455749 0.945413399460763 0.0664576907952852 139.396390104387 -0.929069255245237 -0.325820534525852 0.175132230726807 -263.444830859138 0.187225637944851 -0.00587225691986763 0.982299382619582 23.7861360101366
-0.331324263028554 0.940661515130502 0.0733494831677256 138.433923716739 -0.924898568071866 -0.339170905625921 0.171830543139179 -265.800259491703 0.186512389688189 -0.0109092038792563 0.982392038731751 24.0316342222694
-0.337442154803163 0.938155676856423 0.0774384797362676 138.050015524161 -0.92335527463357 -0.345877376018119 0.1666849650244 -266.735506351108 0.183160664358268 -0.0152566949529643 0.982964599714023 24.1360705633808
-0.347140298266717 0.93410623111354 0.0833016345226964 137.45026395408 -0.919770967233544 -0.356455671131377 0.164197205678262 -268.11222301433 0.183070972995624 -0.019618958003362 0.982903919685591 24.2641200093455
-0.352257931814742 0.931785031655347 0.0876983708893408 137.062037623176 -0.917350802102936 -0.362321003840669 0.164896925553475 -269.017482913244 0.185423448772531 -0.0223639209203811 0.982404193642498 24.3532902231008
-0.359167218342467 0.928493675532593 0.0943313509079047 136.662209597708 -0.914807738636098 -0.370264712281109 0.161340770330673 -269.921672389856 0.18473145536059 -0.0283467341216501 0.982380146412271 24.4483716709929
-0.371512094324905 0.923289483938353 0.0975463613835665 136.029739923915 -0.90893591753649 -0.383115401582183 0.164493425043743 -271.227696360327 0.189246562934236 -0.0275520946458401 0.981542979445223 24.6162140835121
-0.380926895847572 0.918521958882144 0.105887256415691 135.402118958743 -0.904577826176118 -0.393930641883728 0.162965044643205 -272.546056633991 0.191399206922132 -0.0337054956406618 0.98093337345265 24.7346430302811
-0.386993662847027 0.91612985366073 0.104603996806111 134.937840862306 -0.901981313989659 -0.399671552252142 0.16337796526415 -273.407295186687 0.19148267318411 -0.0311246132816777 0.981002367131871 24.8332432744935
-0.393062745830509 0.913086712764443 0.108509597793029 134.304369935569 -0.900388025326644 -0.406140761303229 0.156048344612884 -274.690660167787 0.186555840671279 -0.0363639516700076 0.981771145089514 24.9978314166974
-0.396353874180101 0.912565083628879 0.100640819570599 133.888778581019 -0.899313085929402 -0.407965608168546 0.157480271868582 -275.541607553843 0.184768990630352 -0.0280896901564521 0.982380470799554 25.0740601105738
-0.397506207217882 0.910562982028752 0.113419006265092 133.260147305596 -0.89785832913218 -0.41147274140627 0.156654409090773 -276.801846529086 0.189312535325118 -0.0395630994553757 0.981119526423902 25.215883170902
-0.400022460593687 0.909921631739919 0.109656988433644 132.825364863716 -0.896988409268318 -0.413251738366711 0.156954752636495 -277.644590682529 0.188132465722597 -0.0355756212687245 0.981499134239291 25.3036651097636
-0.404176928444788 0.907283809802562 0.116090908270565 132.209477387963 -0.897505697227404 -0.41786037295382 0.140983091749488 -278.924969164515 0.176421466826705 -0.0472101385831785 0.983181910359253 25.4566874571452
-0.406190377968167 0.905921421968135 0.11964846035495 131.782977228643 -0.895634228971758 -0.420663236613039 0.14450525684696 -279.756206106085 0.181242116353348 -0.0484646116406096 0.982243593350593 25.5310518762891
-0.41015421162427 0.904255471145454 0.118724747169177 131.352779223047 -0.894229719808237 -0.424317193976483 0.142506586190273 -280.605848917727 0.179239311811209 -0.047717520885259 0.982647600771512 25.5938876922104
-0.411340668107304 0.900519279442324 0.140939285203651 130.94228527292 -0.892004162663961 -0.42950425566217 0.140906593735889 -281.416348673219 0.187423127044668 -0.0677578166764949 0.97993951330071 25.7147313448256
-0.419914714034347 0.89744059883805 0.135173978615178 130.287867386633 -0.887735977709938 -0.43712236508989 0.144391384152941 -282.637515877798 0.188670259492147 -0.0593667372812806 0.980244420380826 25.8047378946921
-0.42503906123511 0.893285372315254 0.146229408916175 129.662012730698 -0.885190992913881 -0.443953952209263 0.139074779819757 -283.825830176228 0.189152590488515 -0.0703287418156502 0.979425936753828 25.9821812750889
-0.426863752647791 0.893257101105541 0.14099321969503 129.208663910211 -0.885056167667394 -0.444669823646136 0.137638395850935 -284.601460100401 0.185641904615714 -0.0660340765290178 0.980396136256977 26.0908268411216
-0.428292639069622 0.893818533687614 0.132867769437516 128.553676710906 -0.884428618245936 -0.444788902229952 0.141240403853351 -285.761456708309 0.185341399979503 -0.0570198324234313 0.981018503476892 26.2157371148065
-0.428185910329331 0.893400560837557 0.135986264345276 128.143753110583 -0.884824416206212 -0.445060399406638 0.137865852789363 -286.533318413543 0.18369153132569 -0.0612917512814297 0.981071221952861 26.2934990475259
-0.428460940746395 0.89289723373576 0.138404307164704 127.726589613382 -0.884776130678221 -0.445673467493823 0.136185017362806 -287.303532992926 0.18328235276968 -0.0641068667075549 0.980967832706124 26.37022436654
-0.428950869509242 0.892849474052127 0.137189533974376 127.306918468755 -0.884667829737526 -0.445926376402128 0.136060640364379 -288.071587715736 0.182658102954022 -0.0630038372935292 0.981155713386785 26.4642554210004
-0.428278847840623 0.892941930679481 0.138679259179985 126.669011286317 -0.884898987197958 -0.445523680780635 0.135876533366517 -289.224627302588 0.183114748036131 -0.0645240908349427 0.980971778775307 26.6188858904468
-0.425491659198961 0.893243173351099 0.145167080337706 126.267559600855 -0.88497597169082 -0.444233042623943 0.139551185487488 -289.9985406183 0.189141157557005 -0.0690915125231269 0.979516199669645 26.7005437263286
-0.425195842039071 0.893040919443523 0.147263071107974 125.843238870785 -0.885337249933768 -0.444184767916232 0.137396673289117 -290.765839783211 0.188112864505322 -0.0719569881990011 0.979507908113524 26.805123996162
-0.423437054173609 0.894571529631032 0.142978458259882 125.193889330498 -0.886545945471674 -0.441655575998679 0.137755721322236 -291.926701078054 0.186379579676831 -0.0684260956278409 0.980092098589014 26.8842470310017
-0.422819827018878 0.894087763765407 0.147751360618775 124.786076446613 -0.887047426124887 -0.441694200576721 0.13436181370503 -292.717849442467 0.185392172663627 -0.0742516253146303 0.979855315060952 26.9962141023559
-0.420052987552169 0.894854893351755 0.15096425899171 124.156199535306 -0.888265712624716 -0.439488885114312 0.133542291564447 -293.885840466789 0.185848086952227 -0.0780015365579247 0.97947753872705 27.1151314352882
-0.419802092138523 0.894752769118153 0.152261898029401 123.731058806761 -0.888535432263447 -0.439370095746817 0.132131391333938 -294.676431012542 0.185124252999245 -0.0798210568636462 0.979468023894931 27.2101475227383
-0.420867112505897 0.894108629661088 0.15310333757472 123.095587067584 -0.888519367297889 -0.440327981998596 0.129013961281724 -295.881611334081 0.182768179800278 -0.0817375472754989 0.979752400261351 27.309377898449
-0.420114017338951 0.892629927832382 0.163450372814761 122.682417146151 -0.888088937958332 -0.441444304506726 0.128159916879715 -296.68273832745 0.186553613503921 -0.0913166904597908 0.978191704796203 27.3972346056411
-0.421258154415369 0.892415003289957 0.161669506220385 122.251349113971 -0.887931043400779 -0.44212862984392 0.126888678917941 -297.479226388513 0.184716078086775 -0.0900984826471787 0.978653275640008 27.5037518245302
-0.422484289329183 0.89195102042613 0.161029197448166 121.810481454813 -0.887187400522648 -0.443322315246263 0.127921230288649 -298.284915517124 0.185487308525094 -0.0888183650236719 0.978624420505966 27.5649512674135
-0.422667362306228 0.890758145389125 0.167039597892305 121.163751306657 -0.886730501015293 -0.444543314789891 0.126847388009306 -299.495718863081 0.187246680638839 -0.0945048554231083 0.977756366837462 27.7331166536148
-0.422464332492624 0.890788600516484 0.167390432705831 120.725052792387 -0.88698676856948 -0.444312238655528 0.125861459405114 -300.301617351665 0.186489571167489 -0.095301121561063 0.977823775572556 27.83243785362
-0.420342820405577 0.892455379816102 0.163814860042616 120.280601270966 -0.888216803137171 -0.441605074531781 0.126711754673996 -301.104354589892 0.185426060623279 -0.0922407349552085 0.978319386936933 27.9239394326273
-0.418179654834793 0.892981584239356 0.166462207397427 119.626450610718 -0.889299716561751 -0.439817599032226 0.125325550885357 -302.337709442708 0.185126417362417 -0.0956261982455561 0.978051041512486 28.0336056265786
-0.417339699610632 0.893862634553692 0.163820528865095 119.197524418677 -0.890236688918668 -0.438342118414433 0.123833860179981 -303.153350918192 0.18249989816993 -0.0941582591846289 0.978686880158964 28.1533265900643
-0.415204363870613 0.895157370162347 0.162168489130384 118.751743575618 -0.891941956866052 -0.435643494387002 0.121054910599436 -303.99312174705 0.17901084270165 -0.0943823523881134 0.979309496407 28.2313792441591
-0.410713311754329 0.896794164458196 0.16454422548822 118.335710961635 -0.894521703075067 -0.431261395796947 0.11766278605809 -304.820873668801 0.176480872265165 -0.0988627082827311 0.979326639398485 28.3278734823418
-0.404686636028714 0.899535950129854 0.164510793091952 117.903587954547 -0.896726322746673 -0.425619022805883 0.121368651302535 -305.638724767752 0.179194388062222 -0.0984048873265206 0.978879895307519 28.3983563743849
-0.396513874812291 0.901530806478158 0.173259781981226 117.288225078144 -0.899660760645617 -0.419161541766572 0.122123370647966 -306.911933941831 0.182721818171483 -0.107451416345761 0.977275258199755 28.5422485284811
-0.392899296388796 0.903442223642898 0.171529272826432 116.863715695908 -0.901680754748504 -0.415114795236344 0.121043476867023 -307.746720885931 0.180560126864594 -0.107106747290092 0.977714777054933 28.6304290619065
-0.387482472373367 0.906160817860946 0.169498984589886 116.233778746779 -0.904570989878412 -0.409185371937009 0.119660585253292 -309.030729070647 0.1777882388512 -0.106957484854269 0.978238947578676 28.7656374231011
-0.388379350296545 0.90460730336958 0.175633444860737 115.813420954774 -0.903924994785781 -0.411034582128835 0.118195499473114 -309.905626360574 0.179111931664975 -0.112854769436607 0.977334495938137 28.8765800384718
-0.396819298772143 0.900841390677963 0.176122778093519 115.383078119788 -0.899747239632068 -0.419713282681499 0.119564480993285 -310.744783564669 0.181629702682296 -0.111020489920165 0.977079885127837 28.9782257918766
-0.405525220290631 0.898267350236383 0.169307599379187 114.926726698547 -0.896818466373729 -0.426810710392224 0.11640127089323 -311.592655387541 0.176821757935241 -0.104634530599573 0.978665254786794 29.0508791965048
-0.409902739149854 0.896188565364455 0.169781623703641 114.26788259406 -0.894488006048488 -0.431381246184768 0.1174794768267 -312.842947469008 0.178524372209637 -0.103712466705188 0.978454277305322 29.1812146838326
-0.41299657678287 0.895360862389979 0.166621588234847 113.590201002259 -0.892992954130944 -0.434051228799195 0.119008884754037 -314.101191924538 0.178878202803253 -0.0996416422896618 0.978812613161322 29.3105239530719
-0.41521899111436 0.895174519855149 0.162036318213161 113.140668555885 -0.892525827269019 -0.435324069272982 0.117858399655543 -314.936262836316 0.176042145737112 -0.0956845531614998 0.979721199735189 29.3869404092475
-0.414953845615684 0.895055478590314 0.163367671998533 112.693336760188 -0.892072003321407 -0.435551280801421 0.120426835391342 -315.777931425309 0.178943697566821 -0.0957641479767218 0.979187612801248 29.479450970594
-0.415498822685525 0.894984756276765 0.162366912821438 112.252397765636 -0.891694864485531 -0.436018343011409 0.121524784335199 -316.615071764541 0.179557781778106 -0.0942883375068584 0.979218419155359 29.5817823491921
-0.415998298014137 0.89514615130856 0.160183594187462 111.794625762227 -0.89079708321964 -0.436546796856341 0.12612474254424 -317.439495256134 0.182827712824732 -0.0902234002459543 0.978996305136713 29.6589442794765
-0.415746170470376 0.89519364754699 0.160572273854269 111.350934412463 -0.891079633085034 -0.436271070017333 0.125078539194267 -318.294181597997 0.182022551460684 -0.0910817591916459 0.979066853642946 29.7561347664757
-0.416093327214172 0.894960363827023 0.160972948741218 110.678900063401 -0.890129914337115 -0.437056651100773 0.129035728892345 -319.543399200348 0.185836160770832 -0.0895959313092912 0.978487348126065 29.9092579584174
-0.417199906854565 0.894930991883298 0.158249036291907 110.229654606206 -0.88983470344144 -0.437647308234146 0.129069880865721 -320.380930513956 0.18476590126922 -0.0869675420037942 0.978927069993465 29.995964189568
-0.417380767144356 0.894748445333845 0.158803384065503 109.782513755668 -0.890366787548329 -0.437608118208256 0.125483538797319 -321.213990479047 0.181769851319899 -0.0890188432349915 0.979303511022118 30.0769012094495
-0.417531233902315 0.894552495449679 0.159510192780155 109.333313551553 -0.890773461753886 -0.437616595455958 0.12253307805052 -322.047427140974 0.179416578250198 -0.0909260593355261 0.979562220169144 30.1779601117045
-0.418185573993992 0.895562629112626 0.151948685549417 108.67088892049 -0.891311104670304 -0.436812811843133 0.121486962679525 -323.296829326634 0.175172316290892 -0.0846294555493275 0.980893732704368 30.2889069946887
-0.417454041682335 0.893525167568841 0.165362928143398 108.020819517687 -0.891266523961193 -0.4380824138495 0.117165617575842 -324.526368114104 0.177133018800042 -0.0984711815551692 0.97924834442235 30.4394210576468
-0.417832039021642 0.894064677553132 0.161445778882048 107.351773130306 -0.890031394375349 -0.438483702246918 0.12480448665857 -325.749523730071 0.182374625957916 -0.0915444985548041 0.978958171011948 30.5462321123853
-0.418726021120928 0.893147561905592 0.164182678435737 106.922642662486 -0.889749422829645 -0.439672377385385 0.122613886401983 -326.586930959865 0.181698882249041 -0.094739818589546 0.978779792886567 30.6358728668511
-0.419898072294566 0.89233880900965 0.165580973600674 106.475496827117 -0.888959304634899 -0.441142981760859 0.123061872024505 -327.387856647572 0.182857768733912 -0.095521304316774 0.978487974803614 30.7317964694297
-0.421112846288587 0.892844477277868 0.159664366986296 105.807987378278 -0.888971213799577 -0.441224803754008 0.122681920379259 -328.621645313203 0.179983754062501 -0.0902740934412887 0.97951847166193 30.8675764655864
-0.420632639587713 0.893047328616077 0.159795655025923 105.364720570745 -0.888570562021599 -0.441080064752801 0.12605844988054 -329.428291275821 0.183058839781351 -0.0889654164794065 0.979068238606764 30.9542176634457
-0.420423461421385 0.893718789519263 0.156559376425318 104.926204316025 -0.889878053019285 -0.439831045731918 0.121102031217371 -330.267802071241 0.177090835000198 -0.0884046179257074 0.980216027051355 31.0283862033059
-0.419104930418621 0.894008606570947 0.158428749524439 104.263260268391 -0.890558526966829 -0.438753562923302 0.120003421071151 -331.488393289943 0.176795269578898 -0.0907960483676598 0.980050769223382 31.2048034029641
-0.418005798480829 0.895446797866878 0.153121470167832 103.602056426988 -0.89125557885126 -0.436862583632974 0.121715143626531 -332.73032945402 0.175882476679483 -0.0855927287301702 0.980683047261253 31.2708680960898
-0.418253285676339 0.89429804898846 0.15904461196903 103.179444508919 -0.891356623947235 -0.437788224749162 0.117579076439494 -333.561584647241 0.174778596991546 -0.0925876333341048 0.980244853180702 31.3627374666139
-0.417782183642413 0.894718110308412 0.15791627565619 102.503355303604 -0.889652501037268 -0.4381300035676 0.128687712591326 -334.763107743387 0.184327085446252 -0.0867271760176689 0.979031114168947 31.5619810944145
-0.419898717303688 0.894244474375619 0.154957695050588 101.850918272998 -0.889643994676585 -0.439328719298119 0.124594699468976 -336.003332854731 0.179495487248586 -0.0855400283408202 0.98003279210894 31.6234135245338
-0.420673196693483 0.894591331734704 0.150799239947733 101.379497303276 -0.889855881987706 -0.43924357675478 0.12337580626504 -336.819724242193 0.17660852435703 -0.0822886958506159 0.980835358079855 31.7402946083821
-0.422608720620718 0.895572122505927 0.139113057063483 100.935564200844 -0.890583409057243 -0.438825554825531 0.11955469018004 -337.644416889276 0.168116212089436 -0.0733669259427788 0.983033180218454 31.8073940571152
-0.420250808592131 0.893702756096644 0.157113467350587 100.310388563341 -0.890451627423048 -0.439484983302901 0.118105244044855 -338.860110238901 0.174599991687586 -0.0902681183835867 0.980492993195863 31.9715741972588
-0.420455040243074 0.895285349722613 0.14724707707202 99.6364785654701 -0.888517051042433 -0.439148847035521 0.132987744376055 -340.051921492921 0.183725363358066 -0.074916171281179 0.980118644930049 32.1063765579751
-0.4214641458735 0.890586982682537 0.170946775399644 99.028800476503 -0.890730485634026 -0.441932122637541 0.106278882866022 -341.273853633012 0.170197460924929 -0.107474765677778 0.979531520185651 32.1539690905491
-0.422178578043023 0.893580983795864 0.152572191568408 98.3678512884145 -0.888986215875179 -0.441045860432646 0.12321549001305 -342.414987446016 0.177394352293133 -0.0836156348635987 0.980581291571921 32.3408569090912
-0.422506495398103 0.893291123794832 0.15335980404193 97.7491152528895 -0.888410196414895 -0.441675239683378 0.125101181276108 -343.581298401877 0.179487003018211 -0.0833903519599095 0.98021960036899 32.3653231409721
-0.421404179847092 0.891630623831564 0.165569767328269 97.346691353807 -0.888262206198825 -0.442616267332026 0.122805101408123 -344.355360909835 0.182780661576093 -0.0953187837669052 0.978522130161094 32.5098731059817
-0.422242968365794 0.894802510153675 0.145049451871855 96.6968151365743 -0.888305339592617 -0.440328036416279 0.130479285700949 -345.466356298562 0.180622532694259 -0.073754241698134 0.980783264801477 32.631135918778
-0.420991876149688 0.894538537184242 0.150221988098421 96.3043316811331 -0.889423448340214 -0.43960726833719 0.125185379209059 -346.199132620704 0.178021823826655 -0.0809089310112887 0.980694639081933 32.7109097708732
-0.419371703510749 0.895219511513862 0.150696385156957 95.7248891249714 -0.890756127536417 -0.437811275272871 0.12196232410162 -347.283461270527 0.175159628769927 -0.0830861808535204 0.981027925698528 32.8064867721219
-0.418153221090022 0.895941456007522 0.14978915547916 95.3429939356775 -0.892206980676393 -0.436062030374187 0.117544073854252 -347.995982049901 0.170629971940311 -0.0844914970459298 0.981705963923305 32.8900156609701
-0.416220184198364 0.8969680836743 0.149026894000835 94.9793339290688 -0.893052881653258 -0.43408236026965 0.11844431211984 -348.708786428199 0.17093071355579 -0.0837899837235119 0.981713771825027 32.9823259246923
-0.410155814461312 0.899846415753328 0.148487830880069 94.4258233374748 -0.894950199559602 -0.428459410776899 0.124445464461107 -349.743781942988 0.175602813678499 -0.0818471830462293 0.981052847942247 33.0494798037256
-0.40039967663528 0.90385969946578 0.150724061224453 93.9062100003273 -0.89882082405349 -0.41940536283156 0.12735881546219 -350.784327682634 0.178328980253261 -0.0844794963867386 0.980337691559432 33.1483849406782
-0.393549738939976 0.906471696903416 0.153060986842887 93.5617945634996 -0.901613002203092 -0.413094845839533 0.128244464204649 -351.474973241323 0.179478681849967 -0.0875312004593474 0.979860036794819 33.2125736377554
-0.380903896459622 0.911936923439266 0.152588562251578 93.081217826393 -0.904529977860004 -0.401730856588228 0.142960966761798 -352.474354265901 0.19167091801955 -0.0835665395539066 0.977895133770758 33.3514709991899
-0.369650858624486 0.914914484511428 0.162141076687454 92.6235291284683 -0.905771079470862 -0.393728160669762 0.156706372205452 -353.424864691854 0.207212437639174 -0.0889360530200892 0.974245032915662 33.4412399030746
-0.361078010691933 0.919102239727627 0.157714118335731 92.2045891198673 -0.91258433479068 -0.383059393963787 0.143022140211749 -354.364754415293 0.191865843988475 -0.0922852838959506 0.977072629995762 33.5675854838128
-0.356946146036129 0.921174791412733 0.155004685399065 91.929146782417 -0.917323504231198 -0.376996785061428 0.128027390187963 -354.979623001231 0.176371872516419 -0.0964905576678672 0.97958283716386 33.6585592659789
-0.350918527857638 0.927177679689766 0.131140142943832 91.4327708463234 -0.926884129320042 -0.363847937082021 0.092198099198331 -356.118806781316 0.13319909016527 -0.0891976959694485 0.987067258809088 33.7674298687734
-0.342424846920959 0.929317766538676 0.138252352626367 91.0938246905331 -0.92817257127759 -0.357423307852679 0.103654507531493 -356.88922906082 0.145742588624965 -0.092828162748252 0.984957882379586 33.8326718245256
-0.333633069182901 0.931573146349828 0.144431465226513 90.7782324589511 -0.928438081237804 -0.351257350457293 0.120917339770552 -357.681377192759 0.163375960456434 -0.0937536492601877 0.98209905243582 33.8655540227111
-0.324410330012546 0.9332089956763 0.154528017427202 90.4320834901376 -0.928957164903726 -0.345109796203776 0.133932125863141 -358.501850487992 0.178315797267609 -0.100100943816823 0.978868365763139 33.8966087928801
-0.319536761984966 0.934648606190901 0.155975128419787 90.2171163485869 -0.931864982374376 -0.339801190200052 0.127133023888491 -359.085449283217 0.171825237856863 -0.10472408550106 0.979545278969482 33.9847547256154
-0.314601332208391 0.937541244172068 0.148466889402974 89.8724414250724 -0.933422522808539 -0.333976755723867 0.131079825106322 -359.895929018906 0.172477232371258 -0.097344450855968 0.980191645649514 34.0705790295902
-0.306445806625571 0.9403838051433 0.147544117557455 89.5469651823837 -0.936947916653573 -0.325344816985164 0.127590562109508 -360.744794084959 0.16798681222088 -0.099141560836489 0.980791201956243 34.1400800596419
-0.296740678566702 0.943231421760968 0.149196027717086 89.2421872035538 -0.939946491069744 -0.316082197291176 0.128812415866084 -361.591997324269 0.168658126425763 -0.102012399042301 0.980381510857985 34.2018024268719
-0.283869517981846 0.946738907606678 0.151998478888667 88.9527011294625 -0.94340987347457 -0.304107782812985 0.132273455626093 -362.477548036923 0.171452347290587 -0.105848463646312 0.979489762760318 34.3135925526477
-0.272867116985555 0.949522912464564 0.154757149020015 88.6407652865114 -0.946487130885981 -0.293775093049555 0.133634972110402 -363.346715446505 0.172353263778829 -0.110011060391838 0.978872779811681 34.3749260164133
-0.264821404149558 0.95209292348672 0.152933609617925 88.3332780966945 -0.948953785556961 -0.285488668622719 0.134100458482213 -364.268438854916 0.171336910154728 -0.109614256073462 0.979095694038174 34.4551410382006
-0.260243904817044 0.951548450952352 0.163794552704774 88.0486785157303 -0.949546084175247 -0.282974408787788 0.135232089382125 -365.223521478695 0.175029551884905 -0.120337149132683 0.977181470611057 34.5916060196136
-0.260656128186896 0.951128043652959 0.165571215540357 87.625417152448 -0.949954725713889 -0.283262907763235 0.131712353936015 -366.483182199073 0.172175497479943 -0.122953526433412 0.977362792623662 34.7001300653473
-0.259755890417956 0.954138484865698 0.148817435441433 87.2749825811675 -0.95064101910322 -0.27974389985467 0.134257228082857 -367.447178682634 0.169730757942002 -0.106597852662662 0.97970830741407 34.7405661605276
-0.254931870221477 0.954722071349351 0.153347670421775 87.0866481147353 -0.950990721944258 -0.276250822906739 0.13893210435062 -368.101302376251 0.175003966587395 -0.110413990606964 0.978356970822473 34.8081242365774
-0.243852649719747 0.956459173390298 0.160379970265008 86.7910897605762 -0.953716092133546 -0.266508001952438 0.139280653720604 -369.075726465922 0.175958804355388 -0.11899300203317 0.977179187578694 34.9161832526654
-0.237952786151445 0.959682328964682 0.149627200186628 86.4504400429537 -0.954790757225389 -0.259384553445919 0.145238642759535 -370.121391805057 0.178193943442912 -0.108302728066219 0.978017094745117 35.0019025974756
-0.23242234191377 0.95985534353285 0.15702730485732 86.1331181229596 -0.957128717473687 -0.254416731149206 0.138480125283478 -371.175123047922 0.172871261829414 -0.118109467879539 0.977837246391606 35.0854816454233
-0.232054513398703 0.961305863815574 0.148464605226581 85.6913466353965 -0.95758585006516 -0.252575814220518 0.138689573601725 -372.579756636091 0.170821668901451 -0.109984063684862 0.979144250439682 35.2281100933475
-0.230673615541241 0.961754576738106 0.14770855498731 85.4774601495673 -0.957687499277035 -0.25125696611443 0.1403730412418 -373.297997125492 0.172117218260206 -0.109078279699855 0.979018688318098 35.2852805492023
-0.22625274704729 0.962897057139408 0.147101841612619 85.1659097433635 -0.959152256520448 -0.246560485517616 0.13868985468682 -374.392952719975 0.169813554421574 -0.109714102710574 0.979349872313835 35.4090295808913
-0.21915528826583 0.965525577701569 0.140468211454306 84.8282611439048 -0.961214354974643 -0.238362031737963 0.138746191358287 -375.505066098111 0.167445284841948 -0.104613099704581 0.980315345159097 35.4936394924464
-0.210338162777277 0.968417430001285 0.133886289623645 84.5183846346549 -0.962233751739651 -0.229283523340428 0.146749013412811 -376.628880777986 0.172812222636345 -0.0979629889004332 0.980071011974734 35.5831225885586
-0.198570620649937 0.970419203771972 0.137318161818715 84.2319139800113 -0.96492528355367 -0.218119196933348 0.146093165781355 -377.76876226071 0.171723340794332 -0.103491955628075 0.979694089676319 35.6852417830844
-0.189015742681065 0.972803817042065 0.133887200908501 84.0357692957515 -0.966938802928308 -0.208151453286423 0.147317086199534 -378.537676738002 0.171179439215977 -0.101615481316272 0.979985659867819 35.7695228468955
-0.177123239643279 0.976356960237248 0.123913050864501 83.7324750762624 -0.969494623359204 -0.194765304145828 0.148817510994432 -379.703270417774 0.169432975703859 -0.0937739969141864 0.981070285069768 35.8346917553344
-0.16639301080251 0.978818113761646 0.1192831342989 83.4719480397981 -0.971964973657163 -0.183190282042531 0.147395422414703 -380.904562070747 0.166124820360193 -0.0914134603724843 0.98185850473631 35.9620248077013
-0.156039418797429 0.981407761129406 0.111760933140018 83.2971201978929 -0.972204435922258 -0.172592752952158 0.158209596426641 -381.688041136913 0.174557252941394 -0.0839675414869478 0.981060251677843 36.0123091778012
-0.139913581382116 0.983685838900881 0.113076788470057 83.067186858778 -0.975131060906672 -0.156711959468118 0.156718779393829 -382.879506964094 0.171882529071045 -0.0883376030099015 0.981148747180878 36.1596590505245
-0.120650984634291 0.987200854034723 0.104296757858946 82.8513602260374 -0.978134394088919 -0.13615223304645 0.157212202251503 -384.069878778336 0.169400256809364 -0.0830484390556302 0.982042010182531 36.2179917489954
-0.100768780955686 0.989939895365486 0.0993209763769797 82.6690029456755 -0.980745873864832 -0.115623003221556 0.157381231483094 -385.228421477455 0.167281749398469 -0.0815495229280932 0.982530656838955 36.3379551969217
-0.0800469171622428 0.991826329157105 0.0993630909521439 82.5221652426078 -0.983271617771089 -0.0949299491115557 0.155451698117137 -386.391890953169 0.163613620272412 -0.0852574779853378 0.982833528991016 36.4675742251047
-0.0600274057741631 0.993737793529872 0.0942438765459342 82.394927751873 -0.984087418204215 -0.0747327660488978 0.161204736316402 -387.573247253535 0.167238344551075 -0.0830675110320635 0.98241087367901 36.4948786800947
-0.0421218199183081 0.994465400855296 0.0962513313595491 82.2930480289828 -0.98544574776652 -0.0572321027849392 0.160066125772128 -388.711082949454 0.16468889001889 -0.0881081886803394 0.982402420900832 36.6327649163174
-0.033482399808448 0.994555046674283 0.0986873246054518 82.1886162795736 -0.987218925719685 -0.0483054103940006 0.151872907483651 -389.906934112984 0.155813098306714 -0.0923409251707047 0.983460945810601 36.6911252763804
-0.0370664836003063 0.994809212305585 0.0947665917159046 82.0924622564036 -0.986098682863539 -0.05178231686409 0.157885969341743 -391.105439303789 0.161973650475326 -0.0875969335771963 0.982899442353881 36.8208339720661
-0.0410976597285512 0.993921559679684 0.102131853839747 81.9820147347427 -0.986333960165018 -0.0566805250479788 0.154701768268747 -392.314359929274 0.159550309902638 -0.0943782352250384 0.982668024983911 36.8773206338107
-0.0447821459876554 0.995080504460578 0.0883705213474724 81.8374546486897 -0.987400008430366 -0.0575282053480653 0.147416854332006 -393.565236624676 0.151775435273477 -0.0806554104317535 0.985118734983571 36.9775517858304
-0.0397127839309115 0.994822021588804 0.0935523391178609 81.7376097051739 -0.987095756028249 -0.0535945038063207 0.150895982692625 -394.810841947916 0.155128537746849 -0.0863526173530414 0.984112982463296 37.0612042116482
-0.0384680098245807 0.994729001080221 0.0950496008938554 81.6652590742427 -0.986893639922438 -0.0527379405005444 0.152511157337424 -395.636991215341 0.156719991388385 -0.087937045900498 0.983720448225775 37.1106759874517
-0.0414672967107398 0.993962871074201 0.101578906419758 81.5720511925157 -0.98514603665901 -0.0576305776291996 0.161759089318564 -396.875362306081 0.166636579893341 -0.0933623449151487 0.981588367287121 37.2427349240711
-0.0510665859569661 0.993964275085204 0.0970938909151533 81.4145538129576 -0.984075732108913 -0.0666547265227337 0.16477894558009 -398.136251642189 0.170256151938796 -0.0871330435972683 0.981539951015989 37.2859614433423
-0.0602677511673028 0.993093595093323 0.100662354203822 81.2742420108927 -0.982627299573439 -0.0767599801266689 0.168971878086166 -399.3775674628 0.17553173018645 -0.0887300221772379 0.980467028952111 37.4288426280225
-0.0636215713989009 0.99292515003618 0.100259374017415 81.1230120194469 -0.983440650782391 -0.0794606426695864 0.16288183648045 -400.622757727366 0.169696146218593 -0.0882363456414974 0.981538366680789 37.5874587697407
-0.0600352142568046 0.994744535110519 0.0829402370197799 80.9669690410998 -0.984487452184185 -0.0727293116570375 0.159671236350779 -401.893612807743 0.164864276121397 -0.0720677257421873 0.983679832753175 37.5951736542444
-0.0546661237539347 0.994457629195312 0.0898089007223622 80.8524063128374 -0.983715781509213 -0.0690609728863028 0.165933249331514 -403.141826775476 0.171215875792628 -0.0792755054177331 0.982038959572036 37.7577569064834
-0.0542237374367543 0.994988570513807 0.0840091116801016 80.7544453321664 -0.984507544304251 -0.0673223897059366 0.161903029781086 -403.983437640816 0.166747358319114 -0.0739286168622936 0.983224225750375 37.8390301619481
-0.0477351332384062 0.995188441579285 0.0855647287245428 80.6165098149354 -0.985111515052453 -0.061068891486941 0.160704366473404 -405.225701929759 0.165156471159242 -0.0766195552032852 0.98328672511871 37.9061946677198
-0.045050085452753 0.995048450806545 0.0885949792493604 80.505963952148 -0.98609181575743 -0.0584956478521767 0.155567316871405 -406.492496778468 0.159979438356664 -0.0803544630362813 0.983844367556798 38.0002437154127
-0.0433140696410457 0.995761480331048 0.081135477197404 80.4140400070069 -0.985944813612989 -0.0557207500193998 0.157505626969084 -407.33793940173 0.161358965913827 -0.0731728932473998 0.98417935957478 38.0424765695616
-0.0495419480040325 0.995348194126374 0.0826290980062841 80.297466082618 -0.985900544081926 -0.0619749653234069 0.155432367453255 -408.62384376909 0.159830261737028 -0.0737636504148816 0.984384686649758 38.168656324842
-0.0513206654705913 0.994911937527543 0.0866973232622922 80.1511979582772 -0.986487338592744 -0.0640276528712645 0.150808456208535 -409.888105727007 0.155592159480677 -0.0777862213569189 0.98475397113957 38.2680695668153
-0.0490495674590626 0.995262015907997 0.0839503402186632 80.0713347184919 -0.985704440213021 -0.0617995954703657 0.156740443230314 -410.734114744473 0.161185906568828 -0.0750621721671411 0.984065431682841 38.3197087109699
-0.04788528092989 0.995177272386272 0.0856107259406595 79.99149675542 -0.985841886465025 -0.0608764240753214 0.156236474239796 -411.583234620955 0.160694663138968 -0.0769172121025118 0.984002524245254 38.3929410596594
-0.0444418581630582 0.995484052993552 0.0838833802284219 79.8604142569408 -0.985828650413336 -0.0572964732775161 0.157667327541826 -412.858506068136 0.161761532099684 -0.0756876105151319 0.983923062209273 38.4549007041536
-0.0425194364300531 0.995150920099507 0.0886946658529944 79.7905574600814 -0.986807824058309 -0.0557110080070293 0.152008558851621 -413.723676356933 0.156212726443708 -0.0810612719610568 0.984391514736427 38.5585416459639
-0.0403417185948035 0.996093563511609 0.0785503562790334 79.6500788271441 -0.986656713715157 -0.0521230917772512 0.1542456241985 -415.001049462977 0.157737360893425 -0.0712797028215302 0.984905137027954 38.6037035963024
-0.0391149911492977 0.996136901880015 0.0786211814988603 79.5745778196414 -0.987305935419993 -0.050649581838077 0.150537735282824 -415.866572321151 0.153938323207199 -0.0717348769603341 0.985473033662333 38.6779610299441
-0.0377929890139918 0.995759867841489 0.0838687997868562 79.5055094377851 -0.987467886224467 -0.0500837194286946 0.149662268870855 -416.731901783493 0.153228142509046 -0.0771615619624646 0.985173705342738 38.7534453614117
-0.0382147526568754 0.996831987164577 0.0697540109591909 79.3749856526725 -0.987580512639994 -0.0483213423920398 0.149498424483869 -418.016983118542 0.152395419003006 -0.06317465658753 0.986298433047496 38.8470985568447
-0.0364632827568506 0.99624831931105 0.0784838536292769 79.2670991122225 -0.987493007151417 -0.0479744443280423 0.150186595668411 -419.259397323857 0.153388362784291 -0.0720259603290604 0.985537554434651 38.8826587908312
-0.0369990785078509 0.99616555043512 0.0792796589035562 79.2022128987853 -0.987442826253565 -0.0486369723583509 0.150303392510563 -420.076436005303 0.153582984311223 -0.0727230434326516 0.985456049696764 38.9686465456843
-0.0376053551810535 0.996498686160503 0.0746739964251171 79.1208339264904 -0.986945755348417 -0.0487474652664179 0.153498405952121 -420.898435354341 0.156601127906058 -0.0679268217311169 0.985323314261902 39.0394291809681
-0.0376471641613582 0.996299850605042 0.0772612368201501 79.0168254689786 -0.985734623225253 -0.04971739198766 0.160796248429229 -422.092898194959 0.164042505484332 -0.0701055534056814 0.98395897667337 39.1390795125625
-0.0405972009676965 0.996213938576453 0.0768742860752529 78.9390200506691 -0.983873834456798 -0.0532702661961119 0.170747054471439 -422.869802747573 0.174195709318185 -0.0687027461269687 0.982311451388889 39.2295057774101
-0.0442070362747694 0.996603338021044 0.0694803899608671 78.8638779350455 -0.982179041914827 -0.0560736401821623 0.179388061196932 -423.624051784225 0.182674758976367 -0.0603119683150394 0.981321761152219 39.255516109992
-0.0451569670119596 0.995059233271962 0.088419288678969 78.7485052195694 -0.980146806249083 -0.0612370873290327 0.188579578255917 -424.752854787163 0.193062390252488 -0.0781482016150754 0.978069410652601 39.4054093455968
-0.0470651618450235 0.995227549455147 0.0854809648167605 78.66969487932 -0.978725890148835 -0.0630543653122612 0.195242871745519 -425.465376691525 0.199701032778679 -0.0744732960232755 0.97702263314959 39.4670388053505
-0.0504469134103349 0.995612637011375 0.0788072709248809 78.5837398152102 -0.978783105697205 -0.0649757951996421 0.194323899816536 -426.187099875064 0.198591895426533 -0.0673321844397727 0.977766657239582 39.5573716433264
-0.0521225365623875 0.995434460441247 0.0799592155310733 78.4880426828425 -0.975831740538427 -0.0677833899885616 0.20774461773871 -427.213884234984 0.212216058157829 -0.067198564030049 0.974909584347314 39.6688488195347
-0.0512785847422838 0.995223395230929 0.0830716578132999 78.3888253024317 -0.977264537257897 -0.0671401895031195 0.201112454043981 -428.203137628387 0.205729266184798 -0.070870223214738 0.976039384705636 39.7695538773723
-0.047902772010777 0.994522309986309 0.0929015574313935 78.2966501279823 -0.975377756308277 -0.0666196657458256 0.210238085595707 -429.177858311058 0.215275537237088 -0.0805431255627035 0.973226205972628 39.9041008537658
-0.049449050133557 0.995573461938058 0.0799266746809747 78.2118243970436 -0.976450818508277 -0.0650141385846758 0.205710867040631 -429.793824417243 0.209996643962243 -0.067872259935573 0.9753434091928 40.0077700794634
-0.0487022641994315 0.995758390595691 0.0780597016400227 78.1263167770495 -0.975818029683416 -0.0641087532788729 0.208971865804473 -430.72099361316 0.213089798926703 -0.0659946612333851 0.974801232191501 40.053105925516
-0.0487902750033372 0.995325054401088 0.0833519354698428 78.0342031531658 -0.981689126808036 -0.0631714156819124 0.179710407454939 -431.688152350973 0.184135730839986 -0.0730575685484613 0.980181934288635 40.175395174652
-0.0408442915563942 0.995518375477745 0.085293070840523 77.9414334173763 -0.989569460515896 -0.0521068585039342 0.134302487360181 -432.694094480549 0.138144948013081 -0.0789179281469124 0.987262849475996 40.2875321856945
-0.0375783813923712 0.996746435574628 0.071305037838883 77.8778023359208 -0.99290045687942 -0.0453013919116688 0.109983938006893 -433.359584855763 0.112856315643247 -0.0666657862785733 0.991372344257843 40.3549019436963
-0.0308424051610658 0.99750550053239 0.0634942710132721 77.7940596729642 -0.995221666062293 -0.0365354660220448 0.0905483027049435 -434.376757581441 0.0926422227932529 -0.0603981467445668 0.993865927791946 40.3446165836236
-0.0231433437796909 0.99716602770907 0.0715842079065554 77.7362472376632 -0.996145500335034 -0.0290609710976679 0.082762323077148 -435.435822722292 0.0846080835438363 -0.0693928897061828 0.993995019634036 40.3440397482906
-0.0204849015881731 0.996674778403789 0.078865422719216 77.6895651252872 -0.997007470581944 -0.0262454669190412 0.0727136786993716 -436.145902987599 0.074541749447654 -0.0771398830693903 0.994229835616154 40.3078120843918
-0.0107260583590491 0.99820232780335 0.0589666383648712 77.6035740582805 -0.997353214876038 -0.0149206374647755 0.0711613613843546 -437.29630827727 0.071913256417077 -0.058047285428519 0.995720340359617 40.3587670475291
-0.00220066004534256 0.996813030963125 0.0797429520238178 77.5738885323053 -0.997245659555434 -0.0080995237994177 0.0737257906846035 -438.450016522567 0.0741367088102251 -0.0793610673840186 0.994085292814684 40.3073240232774
0.00126828061137882 0.997499745924183 0.0706586749485274 77.5259149751746 -0.995711758591422 -0.00527634128463111 0.092359374323478 -439.207393181676 0.0925012717051337 -0.0704728110964716 0.993215534327315 40.3388298468374
0.00556408405511439 0.998192574672939 0.0598383224734503 77.4747814615527 -0.994727587978208 -0.00060280822171419 0.102550779311056 -440.369601015394 0.10240149746798 -0.0600934313386816 0.992926338066555 40.3412321166705
0.00787392657537913 0.996576476359479 0.0823002311491928 77.4393354023329 -0.993038247543695 -0.00188043013292487 0.117777344586566 -441.516164102643 0.117528890897655 -0.0826546474763532 0.98962375125849 40.3621404068569
0.0057442691029001 0.997854149575909 0.065223458560657 77.3827337444471 -0.99344971368704 -0.00174933207699068 0.11425675565331 -442.284530347799 0.114125675233968 -0.0654525477840605 0.991307870563412 40.3864665466915
0.00580505847531223 0.99742968911667 0.0714165006474232 77.3409368695644 -0.991751453936804 -0.00340221641880391 0.128130708800339 -443.396733510584 0.128044347436097 -0.0715712246092296 0.989182594315933 40.4051309294339
0.000922957513739189 0.997919162213054 0.0644708758853407 77.2498312299399 -0.990227093813847 -0.00807916248531847 0.139230132552254 -444.857239889174 0.139461287913206 -0.0639693115605523 0.988159135135661 40.4859659546889
0.00109524320089842 0.997311577579236 0.0732694866144573 77.2224768133338 -0.99008528450675 -0.00921021373840369 0.14016526447762 -445.610730605236 0.140463268670209 -0.0726965555532598 0.987413429605437 40.510949910618
0.00022224086964159 0.997514261056255 0.0704645272345393 77.188197581365 -0.989996409375744 -0.00972253766123156 0.14075717276416 -446.785481795154 0.141092381198028 -0.0697909109470368 0.987533376001567 40.6131183682376
0.00142153651332998 0.996095418016754 0.0882717250311203 77.1255707502781 -0.990436464341483 -0.0107757456082528 0.137548149421674 -447.950681799763 0.13796227504895 -0.0876230649578904 0.986553905851426 40.6304475416171
-0.0075011654711956 0.997107551630952 0.0756324202779676 77.0780228647559 -0.990362951918622 -0.0178678289964982 0.137338866144963 -449.147128822182 0.138293007717694 -0.0738733454466584 0.987632407755493 40.737982502875
-0.00883172468571951 0.996891156325774 0.0782944639073414 77.0206763699154 -0.990460198904741 -0.0194885231346456 0.13641404565371 -449.961650855243 0.137515799181976 -0.0763427790003266 0.987553130251659 40.7634934544765
-0.00971453384350574 0.996918727994785 0.0778375077033167 76.9736337812918 -0.989768054860684 -0.0206679843352422 0.141180848562455 -450.758602477788 0.142354576356014 -0.0756695724633005 0.986919090094887 40.806048997418
-0.00517913400648838 0.996261338584678 0.0862352701184859 76.8920001711735 -0.989029606619481 -0.0178342645903533 0.146636885661953 -452.404626335153 0.147626602619779 -0.0845297832008734 0.985424325836822 40.9167008988197
-0.00644417768470989 0.996839726876479 0.0791772157555126 76.8257882661827 -0.989442717828943 -0.0178201025101299 0.143824726948469 -453.252339895117 0.144781147630626 -0.0774144874513528 0.986430644507461 40.944563465991
-0.0169821503545148 0.996085530746103 0.086748037485536 76.753125021772 -0.990325296299082 -0.0287074327730304 0.135763363297016 -454.517832084867 0.137722235239892 -0.0836032220780827 0.986936212315006 41.0238277814818
-0.0303390148493539 0.996503084746751 0.0778533638848123 76.6360020762828 -0.989818502563361 -0.0407892727995423 0.136365564596454 -455.755353717394 0.139064287871459 -0.0729235031707531 0.987594697496958 41.0721841039509
-0.0454406970116731 0.996094008150066 0.075709114263944 76.5169923700211 -0.989707394768502 -0.0551849849134928 0.132037457490834 -456.953019187746 0.135699726586459 -0.0689299961383663 0.988349249929763 41.1768935656996
-0.0526199530575618 0.99623665500386 0.0688742895929931 76.4218459375507 -0.988234367938784 -0.0618675222923131 0.139875815315018 -457.735132170149 0.143610496012133 -0.0607036812074002 0.987770767193999 41.2157657253363
-0.060169174862675 0.995039055014303 0.0792272010901993 76.2939695370352 -0.988236261868847 -0.0705612885178352 0.135684174796443 -458.888337458466 0.140601426464434 -0.0701311882042853 0.98757929064821 41.291520032804
-0.0645585511283606 0.995668465521443 0.0669066531996737 76.1287916172056 -0.987991840418908 -0.0732039671566523 0.136063597108809 -460.025039619916 0.140372065390046 -0.0573191587403575 0.988438261754082 41.3114401453098
-0.0645515542694831 0.994889661079293 0.0776380004825196 76.0532465782777 -0.988728249463774 -0.0742955513479573 0.129986998435243 -460.820580074154 0.135090878869355 -0.0683720215251293 0.988471406323356 41.353780969588
-0.0622144084809733 0.994495224214191 0.0843126111120352 75.9730083059826 -0.988364295018484 -0.0731376721635974 0.133367541939956 -461.597346521033 0.138799811635241 -0.0750341917105583 0.987473788191041 41.4162127914695
-0.0643345419452623 0.995857035096923 0.0642637717587425 75.8041781468938 -0.987792173322153 -0.072704027611 0.137770630733245 -462.771645692656 0.141872086881776 -0.0546158403497137 0.988377165330475 41.4495047740222
-0.0614593509617765 0.995314351637983 0.0746464306100274 75.6956759256123 -0.987523514000366 -0.0715007065873662 0.140303094241987 -463.975794432739 0.144982955811108 -0.0650921683535575 0.987290713084706 41.5542547292749
-0.057491854029682 0.995196355917668 0.0792395096427581 75.6130583023054 -0.987722067831379 -0.0682489274479758 0.140524733129456 -464.795160926254 0.145257713871359 -0.0701875848736512 0.986901159939774 41.612408841992
-0.0552406797979691 0.996138164456062 0.0682438613324716 75.4614121209727 -0.988431852658657 -0.0642260678591534 0.137395359663737 -466.037510096577 0.141247796249126 -0.059864593220524 0.988162583046589 41.6533295609196
-0.0539566991286227 0.995745302383767 0.0746991793783743 75.3318198663819 -0.988347616524407 -0.0639190605597108 0.138142472135434 -467.27021905372 0.142329419058986 -0.0663750440890496 0.987591357795575 41.7086673674233
-0.0526115646683008 0.996055149461051 0.0714574173566011 75.2408723064722 -0.988477237751705 -0.0621142261519007 0.138038303946074 -468.10635353086 0.141932285650275 -0.0633716193707625 0.987845769413634 41.7603152632575
-0.0461287608653529 0.996692951637584 0.0668976649591489 75.1128792623347 -0.988820993494938 -0.0550650162583751 0.13856726456183 -469.363966398275 0.141792736925099 -0.0597578793166583 0.988090995614709 41.8224808502638
-0.0414169907343006 0.996692903944438 0.0699134329390062 75.0362769113838 -0.989184576292853 -0.0507579494684616 0.137613606122673 -470.21477615285 0.140707167204958 -0.0634577480892533 0.9880154894052 41.8755813047104
-0.0358093675557973 0.997092367071129 0.0672644090418089 74.9247445764686 -0.989834094329135 -0.0446581482628091 0.135033756880854 -471.513171945955 0.137645032234638 -0.0617451319718969 0.98855520016785 41.9499180493904
-0.0338956034004439 0.997336175377764 0.0645882446964891 74.8525450761859 -0.990254735900065 -0.0422489997334708 0.132704860683448 -472.391885332729 0.135080146941036 -0.0594607038671333 0.989048926291321 41.9984480928138
-0.0304398688911657 0.997678088348809 0.060924924378735 74.7422873149958 -0.990265145560679 -0.0383842279201763 0.133796833051688 -473.717913566211 0.135824724809505 -0.0562590710520346 0.989134248246811 42.0674843496936
-0.0289922392130866 0.997322223224416 0.0671403986294193 74.6804268366222 -0.990443955116437 -0.0377228151848255 0.132656552751235 -474.605145345234 0.134834052964081 -0.0626527914560689 0.988885436177539 42.1383294504836
-0.0313478717653287 0.997842560333949 0.0576847962809475 74.5426832877636 -0.990839261952368 -0.0386089782716504 0.129409828724512 -475.957669929385 0.13135778587306 -0.0530996382568572 0.9899118953258 42.1344039020616
-0.0315151462774489 0.997819422407676 0.0579930670091067 74.4660500931027 -0.991379902377154 -0.0385887671606937 0.125207013428494 -476.875373337191 0.127171870780359 -0.0535472437668785 0.990434252218285 42.1804807279592
-0.030566778548615 0.998165695444975 0.052258171475942 74.3408707347734 -0.990645679645127 -0.0372099755732974 0.131288061598457 -478.238977565352 0.132991764593172 -0.0477562786938393 0.989965922845686 42.2416274670072
-0.0282925711917163 0.998151646809484 0.053784945727199 74.2654449675006 -0.990154126795636 -0.0353640433373432 0.135440723670567 -479.175448295305 0.137092434528437 -0.0494234196545581 0.989324511970019 42.2940102154738
-0.0277963567539251 0.998156750020519 0.0539487250978471 74.2014874661036 -0.989381995309829 -0.0351737894622529 0.141017984284297 -480.108551381869 0.142655633986007 -0.0494561110818438 0.988536020167556 42.3482978003362
-0.030733795110399 0.998272197990616 0.0500804608315051 74.0723638129593 -0.990100513263978 -0.0372708960527596 0.135321298921606 -481.500135567479 0.136954034159342 -0.0454257528986402 0.989535291690535 42.4454236589017
-0.0298635122471441 0.998076298788587 0.0543311368621968 74.0102596236274 -0.990759329050379 -0.0367515922459722 0.130557544274661 -482.458355147847 0.1323031463568 -0.049930173881731 0.989950935754006 42.4991819811288
-0.0318197309513812 0.997394911074348 0.0647371306529363 73.9395727210252 -0.99174186791178 -0.0395577424453222 0.12199693620531 -483.419517425192 0.124239978078856 -0.0603206131900459 0.990417008876232 42.5121286676918
-0.0383598816867765 0.998043744714091 0.0493680373728877 73.8036362829841 -0.991419489384587 -0.0441905725405267 0.123022718905676 -484.83888826244 0.12496365689824 -0.0442252974621401 0.991175164902251 42.6193821086796
-0.0415761706652107 0.997562332311792 0.0560429762367669 73.7270136123444 -0.990630214155718 -0.0484605655787107 0.127684581628271 -485.784375703471 0.130089203374501 -0.0502092295942593 0.990230191636742 42.6738916321388
-0.0435160287915013 0.997823224109853 0.0495496585783977 73.5895910544043 -0.991020045424313 -0.0493896842726212 0.124257509449705 -487.15288252609 0.126434270691969 -0.0436975115363491 0.991012059805591 42.6226285070374
-0.0438849061847033 0.997815361324939 0.0493823826191277 73.4981600515042 -0.990837745702733 -0.0497912778756906 0.125544375972133 -488.083583208259 0.1277289188081 -0.0434204255102122 0.990858208801151 42.6624032048781
-0.0453088019804375 0.997853367790348 0.0472839174831878 73.3934918744248 -0.990677287263483 -0.050969445352831 0.126335379607972 -489.009519092948 0.128474219061114 -0.041118998405654 0.990860031995818 42.7106344310459
-0.0453646576045141 0.997316902985093 0.0574547026852153 73.3079264098745 -0.990428750904025 -0.052407380686869 0.12768851096412 -490.379392071946 0.130356960777389 -0.0511122438341627 0.990148777359805 42.8409327346631
-0.0486985466304124 0.996832010118689 0.0628839817347617 73.1537743793849 -0.989690598256616 -0.056647895301412 0.131542904333082 -491.72659933399 0.134688422956643 -0.0558297372432701 0.989313938626561 42.8142901561321
-0.050925407371723 0.996716908731896 0.062944473402808 73.0814621033867 -0.990941542293987 -0.0582712559988827 0.120993059637018 -492.625861801816 0.124263681902793 -0.056212672701495 0.990655678219086 42.8939786724491
-0.0473202772817468 0.995231954592906 0.0852886153901157 72.9813857128891 -0.989771384662889 -0.058221965611739 0.130241348360696 -493.90702764918 0.134586022530148 -0.0782531742326784 0.98780718931481 43.013463897174
-0.0462074789909928 0.995145806769387 0.0868889645156609 72.8803527723598 -0.990065870035143 -0.0571868746522678 0.128449345498772 -495.165471625183 0.132794735877798 -0.080090477816109 0.987902360300011 43.0301114048485
-0.0451039457220219 0.995209841381193 0.0867352621390305 72.8004854140376 -0.990527501298689 -0.0558254262068626 0.125454338146595 -495.977924865994 0.129695424943531 -0.0802551768227046 0.98830066444472 43.0953446773163
-0.042170156936134 0.995430781688495 0.0856693453401711 72.6905830309644 -0.990840429373132 -0.0526767047624551 0.124339890200357 -497.185496222902 0.12828453290888 -0.0796412182377997 0.988534448046172 43.1555378324828
-0.0357740391894153 0.99425081336416 0.100923427630961 72.6051408464007 -0.989396775937503 -0.049460817325823 0.136556388770116 -498.322357790497 0.140763055822712 -0.0949681403112076 0.985477962433094 43.2546075116624
-0.0333001778671456 0.995166077178767 0.0923881864019467 72.5297819469957 -0.98856877383246 -0.0463972592708671 0.143454082324412 -499.051692554434 0.147047195000121 -0.086555029690806 0.98533514566254 43.2866512964743
-0.0302041418479763 0.995533610836073 0.089445735006862 72.4486708883467 -0.987914823161504 -0.043343497060179 0.148814123793303 -500.134324456196 0.152026352955669 -0.0838699645778198 0.984811564233846 43.2714962159033
-0.0320910875262709 0.995120694909224 0.0933004001318577 72.3613587492605 -0.988635080896869 -0.0453212889455406 0.143341053394888 -501.256672691389 0.146870143056451 -0.0876400783414661 0.985265638164084 43.3785279844711
-0.039738761399924 0.995546265815432 0.0854895517788597 72.2301695693231 -0.988447713953729 -0.0516900640870165 0.142475450707581 -502.321977281231 0.146259863332523 -0.0788401540817274 0.986099529703934 43.4854759804627
-0.0548899491639761 0.995299552561502 0.079786553702041 72.1093778259948 -0.988204182050671 -0.0655919871189515 0.138384196364153 -503.393687854944 0.142967087325514 -0.0712495045362414 0.987159521072961 43.4822161020615
-0.0687574939053876 0.993840891204216 0.0869062138299584 72.0167701614985 -0.98693259768239 -0.080486177406777 0.139592345342916 -504.094382274684 0.14572732984496 -0.0761725555357873 0.986388000291674 43.4941009942083
-0.097850885426491 0.991056097204401 0.0907359709003733 71.8413905297657 -0.985026807387264 -0.109450851022449 0.133201726486242 -505.172399989949 0.141941512425737 -0.0763434568541625 0.986926686054161 43.6781605870345
-0.134821285976909 0.98691230632982 0.0884721451208784 71.6276841611291 -0.982097640151173 -0.144948653330917 0.120308408297386 -506.210851310222 0.131557766996212 -0.0706681506218386 0.988786410925363 43.6313241251655
-0.170283972613806 0.979514901917136 0.107489188261539 71.3895179966853 -0.977095931333983 -0.18196968598085 0.110320326117204 -507.262125087829 0.127620177250448 -0.0862414651214542 0.988066546368346 43.7577601287242
-0.210109758374138 0.970913274087203 0.11480985862385 71.1211622561759 -0.968842952543837 -0.222521794923581 0.108753777360276 -508.267831984215 0.131138181862118 -0.0883824925268289 0.987416483695022 43.7538219060746
-0.248978484793465 0.958866641850951 0.136324895948724 70.7993233927981 -0.959019546975363 -0.263740204042898 0.103550052103224 -509.285284543647 0.135245046597353 -0.104956504881264 0.985237488859406 43.8223741158638
-0.29554166057574 0.943519533156884 0.149753188331832 70.4434888061318 -0.94726187352519 -0.309752349011544 0.0821487994274867 -510.293184274725 0.123895398742974 -0.117577093148479 0.985304804279911 43.8145265998523
-0.35365824317942 0.921223272956042 0.162091111401598 70.0064185176767 -0.926390203410841 -0.368922696477296 0.0754800307918614 -511.250828081009 0.12933305090218 -0.123465482577437 0.983884767925724 43.9163350262514
-0.418607140477888 0.893839514253383 0.160682869965043 69.4941997662423 -0.89803288120954 -0.433763837278769 0.0733885395391505 -512.145131558205 0.135295994794442 -0.113577533995394 0.984273913889883 44.0070304318174
-0.487142635540504 0.854867340472213 0.178588585392839 68.9605921622009 -0.863532249531034 -0.502036562571538 0.0476586179113958 -512.981679985835 0.130399795469631 -0.131000458149268 0.982768931797379 43.9916712552615
-0.555320823863197 0.813196150199382 0.174157411225604 68.3364205938118 -0.820707878739403 -0.569709854186953 0.0432349374620938 -513.754636055429 0.134377678053202 -0.118923098442588 0.983768233019264 44.0946190490629
-0.62494224458783 0.761787278843344 0.170667315916018 67.6445639481457 -0.769550829817247 -0.637906615095901 0.0294392721458707 -514.451214885109 0.131296272822621 -0.112939329771981 0.984888824453575 44.1188665581282
-0.685852729410235 0.704722858942758 0.181581181965745 66.9293046822341 -0.715586456491911 -0.698478718740745 0.00796886137656488 -515.085594359598 0.132446430098675 -0.124471569243072 0.983343669123 44.1595755284711
-0.742907155706033 0.644927104278662 0.179326484846804 66.1669637684177 -0.656452566867445 -0.75433810419846 -0.00663716862941931 -515.67025176087 0.130992310667132 -0.122650131353424 0.983767228476875 44.2296222098057
-0.790576452955965 0.588225304300178 0.17023473033588 65.3217374701778 -0.600478445630547 -0.799178903891178 -0.0271793286969699 -516.210371334152 0.12006043630059 -0.1237096235394 0.985028639522249 44.275634599001
-0.828130579314167 0.537924490337883 0.157597545347357 64.4577406325413 -0.550961661299537 -0.832893238975836 -0.0522503612082719 -516.697605284322 0.103155181076071 -0.130100327298089 0.986120131350178 44.2721270124567
-0.861470712937681 0.485990647468657 0.147245717505256 63.5381674767827 -0.498227019869596 -0.864963937618383 -0.060060163932204 -517.145746567899 0.0981735576543049 -0.125101867263034 0.987274771978297 44.3760886052354
-0.886581688902244 0.440933144024365 0.139824430640827 62.6164719802158 -0.452129098126727 -0.889895640733135 -0.0605394683762231 -517.493239764531 0.0977352931665728 -0.116891877839956 0.988323884849848 44.3341854452239
-0.902101416144816 0.409254835992107 0.136833892755382 61.6860255363964 -0.419700125622822 -0.90582543052592 -0.0577242926740339 -517.836259535493 0.100323673884609 -0.109502368146097 0.988910709735055 44.3972471270892
-0.911558661413095 0.388842711466775 0.133649364165839 60.790646315625 -0.398223125912742 -0.915840525921041 -0.0515215786729749 -518.13181891099 0.102367713616407 -0.100187208863397 0.989688523925134 44.3790503530012
-0.918616203518802 0.373137409457999 0.13004900728447 59.8862269896481 -0.381635089942231 -0.923110813070904 -0.0471283875849791 -518.434878675627 0.102464280398039 -0.0929241650731824 0.990386879349663 44.4140739050476
-0.924965303662941 0.358284422754982 0.126773259920421 58.9909338915855 -0.366636672969934 -0.929052348895543 -0.0493890984450205 -518.710629200446 0.100083650279449 -0.0921629286796134 0.990701396750776 44.4485669977865
-0.932528972792916 0.343629331705897 0.110944117884396 57.7954428610583 -0.351005691157617 -0.93474935225941 -0.0551239804946761 -519.083953326443 0.0847627257510759 -0.0903467256848416 0.992296704358769 44.4827976678992
-0.929711342480251 0.35171095421104 0.109253029026791 56.6289641714085 -0.3589500972527 -0.931728364768523 -0.0551097266192856 -519.465147553672 0.0824114515455614 -0.0904525233132543 0.992485110054764 44.4871695938363
-0.914432194610918 0.388862269683482 0.112249261359133 55.4959311646385 -0.396391964296735 -0.916476695073253 -0.0542575158718282 -519.903669212925 0.0817751313055259 -0.0941095245138172 0.992197674506319 44.4648863451919
-0.895423332427221 0.429523784486884 0.117159610382566 54.6298921110048 -0.437688012526881 -0.897443753053419 -0.0549901245285216 -520.304406743767 0.0815245940511107 -0.100518797572686 0.991589487590174 44.4308458786294
-0.876721672604819 0.467999741850508 0.111064622688171 53.7498107274972 -0.475464212577457 -0.87814044874457 -0.0529446393583302 -520.748761630523 0.0727522600549706 -0.0992249661453381 0.992401891750691 44.4467178716353
-0.857611497718221 0.502876606957143 0.107785143488235 52.8906753724098 -0.510295724015792 -0.858135227960127 -0.0565880251026545 -521.236336716373 0.0640374346199627 -0.103532838795679 0.992562420333453 44.446560891409
-0.836574959729611 0.53757821660485 0.105603019773816 52.0863589933857 -0.544866125570142 -0.836510388914415 -0.0580626768624836 -521.703265237428 0.0571247928624938 -0.106113289790692 0.992711804991869 44.440259676708
-0.813624602791519 0.572377944471316 0.101973008267551 51.3831692623258 -0.57888178842852 -0.813831934012751 -0.0507292638115719 -522.187444584452 0.0539525787904681 -0.100304894515952 0.993492852202774 44.395450370011
-0.798078755458553 0.592416393703897 0.110059604563152 50.9617816992002 -0.600418686683727 -0.79723378500332 -0.06257549624469 -522.51586389984 0.0506724853023391 -0.116022017393901 0.991953220022564 44.3411046829044
-0.758237361135294 0.642754018289877 0.109285754564823 49.8452257224777 -0.650120846359132 -0.758024245498421 -0.0523653355363663 -523.40192671614 0.0491832218126286 -0.110754301084738 0.992630089954643 44.3517646585968
-0.737890751851662 0.664352142515581 0.118968353215242 49.1658955464636 -0.672857016634862 -0.737888533793321 -0.0527631202790102 -523.975255124764 0.0527320917186325 -0.118982109711088 0.991495125591487 44.327240537046
-0.725271311578085 0.675143776012537 0.134767972134842 48.7008898342647 -0.68606207583808 -0.725093779492106 -0.0596476239141083 -524.40014324403 0.0574486962301929 -0.13571990514802 0.98908025692967 44.3418417337936
-0.706950661661813 0.689510884518412 0.157465876006717 47.9549278358152 -0.702030762024987 -0.711139084413666 -0.0378683481275409 -525.072484364286 0.0858695006771408 -0.137316942690733 0.9867980979428 44.3147224160974
-0.700787597827235 0.699880876042452 0.138070641635298 47.4852253138549 -0.710553584164186 -0.702003551795988 -0.048006429748996 -525.526221219466 0.0633272987183321 -0.131748899865871 0.989258247689233 44.2988125919998
-0.687161978398944 0.711822359993541 0.145318076150469 46.867371890404 -0.723747952005771 -0.688127964847711 -0.0516604874347852 -526.144311645819 0.0632243419127617 -0.140672782754061 0.988035348953633 44.28826111334
-0.681093521921422 0.717294583722226 0.146969706264366 46.222282847168 -0.729593615561089 -0.68176959103219 -0.053697121676108 -526.757199203253 0.0616828219942321 -0.143800921090793 0.987682400655326 44.2969168105591
-0.681933630720509 0.717290728460509 0.143040323534787 45.7022644269384 -0.728719948067488 -0.683072508495739 -0.0487768943851129 -527.222595519169 0.0627196985074102 -0.137498941821138 0.988514178156898 44.2826916889901
-0.686101373048206 0.71322210622537 0.143454289210231 45.0137566590639 -0.725043124296966 -0.686564889927126 -0.0542320922429443 -527.892008558311 0.0598111512266752 -0.141219258993947 0.988169897880997 44.2614268353225
-0.687314340944902 0.711137785851366 0.147925813385935 44.2846733173555 -0.723729280333966 -0.687790490825147 -0.0562153850630131 -528.574379090541 0.0617650833299279 -0.145695882800168 0.987399505882157 44.2365806746701
-0.687491231103192 0.711050013860516 0.147525201051134 43.9069313284146 -0.723545614617401 -0.688031476312139 -0.0556276115941192 -528.927450466972 0.0619479678774307 -0.144984707444269 0.987492725989997 44.2399481562044
-0.687667674359165 0.711918820816946 0.142424584282583 43.5094070096101 -0.723460179334057 -0.688400114705681 -0.052063912560807 -529.293809797569 0.0609798209196327 -0.138841184955385 0.988435423687756 44.222623472599
-0.685440355122772 0.712148710298003 0.151709373441654 42.9165589943356 -0.725011170549132 -0.686786927358421 -0.0517930399624779 -529.884624104067 0.0673076678257731 -0.145492030126978 0.987067245440444 44.2099418593838
-0.685427433564379 0.712444830735838 0.150371528139913 42.4873945383252 -0.725060480348479 -0.686790861124907 -0.0510452045949636 -530.289207661605 0.0669068991523441 -0.144016236005155 0.987310888531432 44.1908618630962
-0.685717889695324 0.711854251302027 0.151837085901371 42.0468487621846 -0.724845595563394 -0.686836619272312 -0.0534258459823403 -530.722731636915 0.0662558551687205 -0.146693501320987 0.986960575872235 44.1926731039115
-0.686077514193887 0.711411024072832 0.152289196416491 41.587442209285 -0.72426574348921 -0.687671800127428 -0.0504641270361985 -531.14581118739 0.0688242495459241 -0.144920150900923 0.987046793489191 44.1911003235343
-0.686642064746637 0.711005440008035 0.151637525696825 41.1216999746976 -0.723947518474993 -0.687804108922242 -0.0531554159383693 -531.599988600447 0.066503123343008 -0.146276354988292 0.987005857407626 44.1785505986184
-0.687244123783318 0.710275020185388 0.152331579214374 40.6358492980331 -0.723308885331729 -0.688487168782692 -0.0530063658607657 -532.052911875248 0.0672292401077915 -0.146611098223291 0.986906994175384 44.1749723475137
-0.689194190772251 0.707525719254603 0.15626491608496 40.1297269684076 -0.721236641571954 -0.69055721437677 -0.0542995444382736 -532.502718079226 0.0694915409225628 -0.150126913861078 0.986221494125309 44.1540917849477
-0.689706823002581 0.705667972679779 0.162287432161883 39.6276497277552 -0.719887145351451 -0.692369956428656 -0.0488501933744456 -532.972345659386 0.0778909254112813 -0.150520947940786 0.985533585409235 44.151097275785
-0.691329294024045 0.70416121244839 0.161928361034845 39.1022920083333 -0.717610898023678 -0.695280911489063 -0.04023745961899 -533.446024148573 0.0842520401050864 -0.144018891129435 0.985981821706657 44.1471001327683
-0.692207718747359 0.702277834443734 0.166295872936152 38.5799805992911 -0.716075938520778 -0.697039481832835 -0.0370298668347641 -533.924912738498 0.0899095344118959 -0.144712832932098 0.985380368997984 44.1577837684179
-0.693574484467703 0.70123780565612 0.164984770248501 38.0305066883327 -0.71394952865468 -0.699652858744199 -0.0276034016894792 -534.394944190716 0.0960755173242433 -0.136935814050453 0.985909771632891 44.1018198657771
-0.699138956487284 0.69911621641422 0.149803990162269 37.4701171458288 -0.710690957957659 -0.702445134442496 -0.0385900942637784 -534.894413108601 0.078250123316796 -0.133444179508627 0.987962331850853 44.1404743922887
-0.700039978263631 0.698780551150567 0.147138608687062 36.9354275438633 -0.708732123382869 -0.705090863459145 -0.023359185594711 -535.364815207326 0.0874231440630373 -0.12063422234236 0.988840016525418 44.1476387147235
-0.701907168119059 0.697902423854957 0.142332477391702 36.3864138155163 -0.707771267675441 -0.705827816350618 -0.0294436125300121 -535.85807370289 0.0799134531614166 -0.121405520645046 0.989380886999907 44.1189786532894
-0.703749494770973 0.696238013241829 0.141383441486872 35.8457860877634 -0.706105740740618 -0.707427215398851 -0.0310067380769322 -536.345966154489 0.0784304245987715 -0.121652635935683 0.989469203496075 44.1965273768328
-0.705006008248012 0.695476812403716 0.138847152448186 35.0428605637191 -0.704057917294547 -0.709884739499849 -0.0191338893091837 -537.044088396409 0.0852582983003398 -0.111245943899075 0.99012896257858 44.1719842062274
-0.706680378175598 0.693760228324918 0.138922959571671 34.5013306856719 -0.702172554733503 -0.7117981949193 -0.0172346479120615 -537.520403136347 0.0869283985853912 -0.109727276937798 0.990153209465684 44.1677952781196
-0.708275903752119 0.690264560543534 0.147919169216704 33.9722527924908 -0.699812205662189 -0.714084372926928 -0.018611425194709 -538.005307943014 0.0927799599608677 -0.116697664069157 0.988824319194497 44.1642364097882
-0.709860868973706 0.689006578760253 0.146176198900455 33.4377053163319 -0.698534983010144 -0.715274919374962 -0.020752523320311 -538.478901621953 0.0902575437894911 -0.11684059285297 0.989040874610779 44.1716844106268
-0.711979240762038 0.686394392092192 0.148149583962641 32.9042716181926 -0.696073243727388 -0.717690683960675 -0.0200529679322405 -538.935275959411 0.0925613315091426 -0.11740025834916 0.988761639248209 44.185224671394
-0.715026673611843 0.684475924410734 0.142230675051677 32.3659451815457 -0.693391357537956 -0.720298665960047 -0.0194488330716104 -539.398300748462 0.0891363075029197 -0.112527955274448 0.989642449557665 44.1927822264112
-0.715782582214616 0.683289938101123 0.144118546648029 31.8368392967199 -0.692230399008371 -0.721465301714257 -0.0174611887071629 -539.853329984158 0.0920454761891516 -0.112261653792022 0.989406363129423 44.2212572408029
-0.717866249870125 0.681111505184452 0.144066529085599 31.3114174604823 -0.690456190206331 -0.723035841307906 -0.0221228748115659 -540.305983019995 0.0890971194998029 -0.115352891986017 0.989320682896754 44.2244843032457
-0.720670820037301 0.679157821919739 0.139205682613895 30.7793234485339 -0.687924576007495 -0.72544598179609 -0.0220885767041839 -540.755987918146 0.0859845734517116 -0.111681602876859 0.990017107280062 44.2243157572188
-0.71416772198604 0.679955988304247 0.166205652257869 30.2780947433818 -0.688535353063547 -0.725157589870179 0.00809551946024739 -541.163551743863 0.126029887149546 -0.10865690876731 0.98605788051321 44.3163791696418
-0.722941018357309 0.676179871991756 0.141905125663979 29.496838554152 -0.685573792805205 -0.727540876926837 -0.0259392948866068 -541.832920652087 0.0857021504700027 -0.116039015480748 0.989540341921983 44.2729790708677
-0.724048429166249 0.674446492564905 0.144484604331342 28.9997657053056 -0.683299947516861 -0.729943331039993 -0.0168497831943007 -542.248573688795 0.0941012961937401 -0.110926381610226 0.989363575192417 44.2535318902094
-0.723968215092874 0.674693179082216 0.143732869014607 28.5116289325477 -0.683544243738774 -0.729694369830871 -0.0177029231687138 -542.671784068073 0.0929370237678492 -0.111064128939374 0.989458169341237 44.2658622304547
-0.730332963481614 0.673369213814715 0.114837556307668 28.0285641638337 -0.681241959793672 -0.730351628206979 -0.049958897024363 -543.092256992707 0.0502310130162707 -0.114718791233027 0.992127231895885 44.2756223770101
-0.722274006995201 0.673155113442719 0.158689798238631 27.5687663865507 -0.682969588361444 -0.730374038481316 -0.0103104454749828 -543.461375611927 0.108962379711977 -0.11582727294732 0.987274654110542 44.2895855290696
-0.7264638369 0.673155570341364 0.138245693585452 26.8664928709076 -0.681097464129592 -0.732048359323357 -0.0145411130324141 -544.034291030654 0.0914141019360167 -0.104722384094212 0.990291211834608 44.3346530120567
-0.723641854104611 0.673722261958113 0.149802472376412 26.1885682852242 -0.682778018126825 -0.730512998357489 -0.0128427876084938 -544.610882751132 0.100780181339615 -0.111575413836547 0.988632531366613 44.3017936375046
-0.722707028645573 0.675616749165516 0.145727687806082 25.7227812006821 -0.684143650892586 -0.729249275543793 -0.0119565489258855 -545.000356031633 0.0981937660427118 -0.10833975431887 0.989252486448468 44.3209098518444
-0.720394864095228 0.677932865415622 0.146418133353012 25.247303435938 -0.686660984311198 -0.726861497871681 -0.0130021358442869 -545.411566948997 0.0976111285151052 -0.109906291453681 0.989137338638526 44.3800468568939
-0.719323347785145 0.680470434127586 0.139763763577635 24.7739272447732 -0.688377426419637 -0.725256571830516 -0.0118077860974567 -545.810814888489 0.0933297387066244 -0.104703836103849 0.990114471451707 44.410668730591
-0.717015991100301 0.683021683916285 0.139174163574335 24.2923392904403 -0.690339339383208 -0.723460230447841 -0.00607383407034582 -546.230467243464 0.0965384120773185 -0.100432436296845 0.990249292215384 44.3940497194155
-0.715438188813605 0.685231518937551 0.136403678255549 23.8167410870617 -0.692604813339355 -0.721255340681186 -0.00945018931152483 -546.646590251619 0.091906313854189 -0.101234870441969 0.990608262877074 44.3903830906083
-0.714538836801559 0.686817480081341 0.133101464142934 23.3316003135218 -0.693575799902118 -0.720356439570647 -0.00626176965714066 -547.066211795486 0.0915798039548768 -0.096790232068211 0.991082635547495 44.3773080342307
-0.713126170294436 0.689365149523381 0.127384284210412 22.8461580630128 -0.695512049839156 -0.718494436698587 -0.00536031358361551 -547.476877201909 0.0878296861529516 -0.0924198845259382 0.991838954253404 44.3599468981932
-0.712656820912487 0.690385104618958 0.124453456871145 22.3733577881568 -0.696363978250168 -0.717659495290109 -0.00648526140918793 -547.891603748799 0.0848378771687922 -0.0912866701124352 0.992204252388225 44.3474048777498
-0.712219088081911 0.691220564353351 0.122303319606646 21.9022295374762 -0.697185980246058 -0.716838329776256 -0.00863237579879122 -548.309443494716 0.081704831681569 -0.0914163025867018 0.992455228260329 44.3834732409313
-0.710660140488621 0.692652198446138 0.123268392982246 21.1694069396909 -0.699110543249236 -0.714886415154227 -0.0134856125443587 -548.950717204242 0.0787820603846577 -0.0957619204886274 0.992281734965366 44.3980085922921
-0.710847156804023 0.694111337258 0.113603570161978 20.6673967382145 -0.699439995840394 -0.714616964930999 -0.0103094932754619 -549.377106089286 0.0740271023505957 -0.0867873546245 0.993472668569627 44.387297922242
-0.70451579326428 0.703506882222964 0.0934642375784842 18.8115543735468 -0.708611764625998 -0.704571236071774 -0.0380623217095752 -551.052385642342 0.0390751081231074 -0.0930453650926146 0.994894816530847 44.3394905985751
-0.70026001754619 0.70869698654367 0.0859330500455457 18.0045093850661 -0.712961877566282 -0.700395579668332 -0.0336361876291366 -551.789727708146 0.0363492635877307 -0.0848210660448357 0.995732955059562 44.2865271403966
-0.696474590873711 0.712292972372908 0.086958989043484 17.4634579626733 -0.716947602596705 -0.695823368483958 -0.0426142582063356 -552.31411543504 0.0301542600329395 -0.0920247867686033 0.995300034774468 44.263885040512
-0.693654733087572 0.715317779309301 0.084637969429909 16.9150611392878 -0.71964886204395 -0.693243795570289 -0.0389686446023867 -552.824405733794 0.0307997828572798 -0.0879404031563979 0.995649465860669 44.2284459165803
-0.688178924887099 0.720361063413913 0.0865430855609648 16.0768387251453 -0.724864995546993 -0.687777023967104 -0.0391599736160764 -553.617153672833 0.0313130255947134 -0.0896811218714906 0.995478171939483 44.1643115584945
-0.685195663409942 0.723437224134296 0.0845309740927767 15.5091312076255 -0.727816358307492 -0.684537705377579 -0.0411275880209058 -554.169056101171 0.028111410925618 -0.0897034706868251 0.995571713098816 44.121142381133
-0.684185969242038 0.723706367516997 0.0902144839129764 14.9400091407553 -0.728722913098146 -0.683339172520853 -0.0448385015836464 -554.727190056548 0.0291971816804833 -0.0964192351860779 0.994912486436896 44.0942432817145
-0.684815817390883 0.722739959516323 0.0931356385579721 14.3557977060486 -0.728080967552366 -0.683942906713885 -0.0460456843121352 -555.282617904449 0.0304204033383394 -0.0993430987744335 0.994588129723367 44.0481319951035
-0.686471405478804 0.721705537730737 0.0888714029862403 13.760664954362 -0.726547623725343 -0.685756039003981 -0.0432111724977181 -555.839249780132 0.0297583588091293 -0.0942325409736858 0.995105355378329 44.0077338121265
-0.686757491468656 0.721163747614481 0.0910329447964693 12.8576520030476 -0.726047118452178 -0.686580899709511 -0.0382393768433438 -556.697518367075 0.0349246288307783 -0.0923553857699522 0.995113437262465 43.9499577273298
-0.68769755995855 0.719911081186906 0.0938088546532638 12.2425027587391 -0.725222914137104 -0.687171508942883 -0.0429772277799229 -557.282304672589 0.0335229896868263 -0.0975876656215397 0.994662182191016 43.9006246145083
-0.690112425018666 0.717807179123877 0.0921829400327328 11.6315407745341 -0.722918012012141 -0.689677407123674 -0.0416487936389593 -557.844162602194 0.0336806879869184 -0.0953830577271817 0.99487068685098 43.8506064341573
-0.691381126319514 0.717570724195579 0.0841688418988487 10.9965416494418 -0.721718251472944 -0.691323741989556 -0.0345579115745395 -558.412019707534 0.0333901731052099 -0.0846388772313948 0.995852075762767 43.809209889235
-0.692418803045599 0.716403541791614 0.0855696587426482 10.3711567869093 -0.720742314798034 -0.692232627587736 -0.0366674919042902 -559.014898730331 0.0329653886443604 -0.0870629347737068 0.995657234463807 43.7712354757776
-0.692714190893298 0.715880672118328 0.0875323541466608 9.73767197847756 -0.720379464486146 -0.69263008110732 -0.0362904655787499 -559.615238891337 0.034647898662114 -0.0881954309059074 0.995500421439198 43.728415404499
-0.694062051298677 0.714731693387433 0.0862350010993457 8.77204798111863 -0.719202039128658 -0.693712494669755 -0.0388767495072012 -560.505203024999 0.0320358527317952 -0.0890032651457044 0.995516008376134 43.6713358657598
-0.694985533203358 0.713716238353093 0.0872022921095278 8.11679564937146 -0.718176590923145 -0.694928109699196 -0.0360181426494006 -561.114545038612 0.0348925907329162 -0.0876587329420931 0.995539277804212 43.6345767335987
-0.696094753996211 0.712260451947549 0.0902061087201311 7.15305034589536 -0.717253540639172 -0.695441232670963 -0.0436903918689353 -562.016567886439 0.0316141091844454 -0.0951133034468005 0.994964324791553 43.5657089778155
-0.697696408828587 0.710806225350019 0.0892985504437213 6.49560927935087 -0.715681057325411 -0.697124368902238 -0.0426408075467322 -562.628897667201 0.0319428441637946 -0.0936596192940949 0.995091719601974 43.5428814402051
-0.700408334817026 0.709050337566558 0.0817054668647722 5.85322743537599 -0.713034425020915 -0.700211166186993 -0.0358640695145151 -563.211563256218 0.0317816496414577 -0.0833783037954122 0.996011036686978 43.5215108401882
-0.699370369417492 0.708051792495288 0.0976920955095671 5.22217204160829 -0.713564045972401 -0.699549968175424 -0.0381601142721082 -563.801527115165 0.0413211649925168 -0.0963976201468265 0.994484821479791 43.4488685843913
-0.701213952316574 0.706597421605654 0.0949688204455078 4.57729246755644 -0.712023439138648 -0.700853254624489 -0.0427473695030873 -564.396112369172 0.0363540258257772 -0.097595078064948 0.994562006887331 43.4172735359505
-0.702804932434466 0.705625399793762 0.0903217698657297 3.91887382518535 -0.710568079006977 -0.702393056685819 -0.0416773201620148 -564.971086765886 0.0340328083196088 -0.0934707926865165 0.9950401895765 43.3701724368421
-0.70577299103751 0.703295929274322 0.0852016489754358 3.29313972202568 -0.708057079678211 -0.704217105370077 -0.0522823146173931 -565.538509886951 0.0232305195707871 -0.0972270763231971 0.994991074628367 43.3465602496889
-0.708600197076364 0.700023501643797 0.0886163520446217 2.38241028282724 -0.705061752254806 -0.707394105084941 -0.0498147126706327 -566.36329969781 0.0278152154534211 -0.0977787156667225 0.994819398962368 43.293347247787
-0.71133136903747 0.697483709196356 0.0867419092997742 1.48475253089913 -0.702326558514408 -0.71015386738301 -0.049182210668726 -567.153335040705 0.0272963116297217 -0.0959059958847536 0.995016055812553 43.2288502779925
-0.713681451255377 0.695415983218808 0.0839964071721947 0.59957531787634 -0.70000014306765 -0.712449295250373 -0.0491508026640147 -567.92359933196 0.0256629273328038 -0.0938755132133252 0.995253134724853 43.1577916741945
-0.714977831608624 0.693570249242468 0.0881306398136938 -0.279594348249346 -0.698586821756651 -0.713751865099452 -0.0503460776525215 -568.707805463062 0.0279848669135918 -0.0975632329968276 0.994835796898681 43.126263488536
-0.716280979453595 0.693192248908663 0.0801627377647999 -1.19196138293018 -0.697314483295186 -0.715368774665856 -0.0447216683481089 -569.482305407458 0.0263452056314923 -0.0879319184711715 0.995778041460151 43.0491734760686
-0.717226872174891 0.691899810952127 0.0828267193279682 -1.77767413170564 -0.696431532910627 -0.715793056260783 -0.0512193379164692 -570.009018834267 0.0238481403463222 -0.094419024636233 0.99524686082839 42.9973391998064
-0.719567565285533 0.689970942467908 0.0785023409778354 -2.67179980259508 -0.694061956515376 -0.718225793151959 -0.0492920943893517 -570.7796330497 0.0223722932910534 -0.0899544807176841 0.995694567571658 42.9647020829404
-0.721143242834983 0.688435822065486 0.0775147870439195 -3.54018807133681 -0.692394463181334 -0.719971157050734 -0.0472381241251204 -571.510198573032 0.0232879941016433 -0.087736263380921 0.995871486397051 42.8893447335084
-0.72211383236401 0.687660885078101 0.0753267564824295 -4.0929068778522 -0.691550616299553 -0.720356554275625 -0.0533308523076081 -572.00030381215 0.0175885816446226 -0.0906032110123566 0.995731740957363 42.8449276256142
-0.721597470790281 0.688476260177434 0.0727841282228858 -4.88707935180476 -0.692159003377633 -0.719655403800149 -0.054881816884336 -572.689802712607 0.0145946631462121 -0.0899807699085747 0.995836561316317 42.7979107694519
-0.720450295606181 0.689572847454492 0.073760827099963 -5.394163319327 -0.693328107623565 -0.71859216693888 -0.0540502802324979 -573.126330072205 0.0157323469353295 -0.0900809950410666 0.995810176485618 42.7630999288667
-0.719667907147472 0.690584220061256 0.0719134092111004 -6.15120297723754 -0.694082986265851 -0.718251768738944 -0.0486128057167676 -573.764265545776 0.0180806968410168 -0.0848989499685515 0.996225504941517 42.716777593219
-0.718624648275013 0.691169879411346 0.0765690060410984 -6.62582303189096 -0.695031212080606 -0.717454807930097 -0.0467997095263721 -574.177955480381 0.0225882519327858 -0.0868492738743137 0.995965348042855 42.6666053092905
-0.71793505426682 0.692003443463931 0.0755016032211237 -7.11400711728449 -0.695768009548478 -0.716748821164768 -0.0466690930688108 -574.607734489513 0.0218205119978344 -0.0860369780558203 0.996052962278198 42.6392853016203
-0.716682862949107 0.69345609625355 0.0740561714096817 -7.59614382937377 -0.697148430963405 -0.715221983723175 -0.049412338584111 -575.035116134474 0.0187013144012797 -0.0870411199828877 0.996029168384034 42.5920344989421
-0.717030798749573 0.693214071383543 0.0729457667065082 -8.07392384242275 -0.696753867836999 -0.715805393806322 -0.0464401319114884 -575.452100503511 0.0200220203459043 -0.0841242499736247 0.996254098745718 42.5707802551722
-0.716498210886893 0.693893437028008 0.0717092172969423 -8.81051937888804 -0.69729450656813 -0.715388023171214 -0.0447252435777804 -576.094173931576 0.0202653622171137 -0.0820480002964183 0.996422320475394 42.5008186495084
-0.715916096333303 0.693931307229476 0.0769641725588948 -9.53151787634444 -0.697866822817417 -0.714561928039545 -0.0488175030816967 -576.744829592152 0.0211196738044916 -0.0886599788134348 0.99583802274024 42.4358609798463
-0.716155912724041 0.693581897302118 0.0778772136455387 -10.0311430314324 -0.697566444543829 -0.714954307871846 -0.04734335330297 -577.18042736174 0.0228421565724157 -0.088229753429804 0.995838213010948 42.406334895619
-0.716667120389248 0.693481294170289 0.0739725164428296 -10.5251201926409 -0.697119524750473 -0.715411358140961 -0.0470208129935959 -577.603974000972 0.0203127242057316 -0.0852659561537037 0.996151148147978 42.3886693729816
-0.715065457041606 0.694524672582127 0.079478747603184 -11.2323358770529 -0.698828657155289 -0.713105184024665 -0.0558525241657492 -578.245613865205 0.0178857508765161 -0.0954802371794258 0.995270628635118 42.3047311419267
-0.712965324777888 0.696773197338591 0.0786610267853006 -11.7058052462633 -0.701059498037343 -0.710563644898582 -0.0601239283486421 -578.674203955065 0.0140009241119885 -0.0980123360552173 0.995086707832543 42.2839105827207
-0.708325099452585 0.70206280300239 0.0733714803306533 -12.1743578755583 -0.705764456167804 -0.706298328297632 -0.055128974724149 -579.081568573804 0.0131181513807789 -0.090832219417992 0.995779805991241 42.2674862092278
-0.70284383998791 0.707917190008481 0.0697408680871174 -12.6233005025473 -0.711266549527107 -0.700829832756799 -0.0541981645619158 -579.487059222341 0.0105086685575196 -0.0876971927063426 0.996091747921131 42.2345684091529
-0.693617391300203 0.716947937699041 0.0698610700962446 -13.2489653290681 -0.720303223231562 -0.691335946938552 -0.0567263172856868 -580.111640453772 0.00762765285789338 -0.0896675141824969 0.995942546441416 42.1731183580667
-0.686043525419083 0.723830625623274 0.0735765359362296 -13.6658292072879 -0.72749418195538 -0.683829666813344 -0.0559392707051326 -580.516988187146 0.00982326074314605 -0.0919032763059597 0.99571948426884 42.120879706687
-0.676932671101728 0.732225648498539 0.0748849682911918 -14.0660068029031 -0.736012010788604 -0.674352389323545 -0.0594573375500535 -580.928334849982 0.00696266974599852 -0.0953648504141962 0.995418036071019 42.0838219231877
-0.667655604822192 0.7405753619592 0.0760534457372942 -14.453477799116 -0.744447696131556 -0.664938087738916 -0.0604563247190305 -581.340761901915 0.00579836821299289 -0.0969818165076057 0.995269263160956 42.0423018441011
-0.659262184350307 0.748206637530795 0.0745667475522716 -14.8477828585895 -0.751887290260218 -0.656812171132589 -0.0571250785315902 -581.745310564895 0.00623498442729951 -0.0937261938145141 0.995578487896476 41.988924718603
-0.650232472195891 0.75632925417373 0.0718595253465249 -15.2337502088895 -0.759714220696726 -0.648004030045652 -0.0540840079483719 -582.154257315217 0.00565994462739754 -0.0897598814928041 0.995947352374216 41.967064608351
-0.641076080496965 0.764207822670247 0.0707662545585643 -15.6114826026497 -0.767455081756139 -0.639028692024565 -0.0515269662997049 -582.564963186625 0.00584435636533617 -0.0873426272731326 0.996161186234286 41.9187348686455
-0.629769129776974 0.773435830858963 0.0720267917059949 -15.9694713364075 -0.776750233762565 -0.627873396901009 -0.0493363133380229 -582.984106595356 0.00706523387821238 -0.0870173144120898 0.996181745196504 41.8771997666884
-0.61645817699529 0.783902397005604 0.0740023512093548 -16.3175020272179 -0.787321176861466 -0.614898940928221 -0.044996187736611 -583.406828562507 0.0102313479619866 -0.0860018861085139 0.996242437915921 41.8516486991427
-0.591619469774991 0.803067999728095 0.0711912269586237 -16.8243593191216 -0.806125852126572 -0.590571804773399 -0.03722974536441 -584.035991230986 0.0121455142488037 -0.0794149307083066 0.99676765360049 41.8122263936944
-0.57130339497915 0.817689878267892 0.0706802225770276 -17.1418210568906 -0.820650874591437 -0.570381526393526 -0.0345985025875554 -584.474106401603 0.0120238478702497 -0.0777700284636204 0.996898816207122 41.7890243749144
-0.546129607820933 0.835074031711217 0.0662858433070719 -17.4563900435068 -0.837604811170262 -0.545552050006015 -0.0281272294879375 -584.901273290658 0.012674058773192 -0.0708824540758182 0.997404153760351 41.7537877515593
-0.498159886043296 0.864700696203203 0.0642606716664686 -17.8449428631727 -0.867016758971896 -0.497681814757411 -0.0243875156922408 -585.573921578412 0.0108934658947513 -0.0678639613157443 0.997635111228216 41.7182617707531
-0.391121983853487 0.918576896592467 0.0569216900053499 -18.5133602928558 -0.920307937751109 -0.390866976025046 -0.0160095835466268 -586.991534932842 0.00754277527262788 -0.0586471832195563 0.998250276454556 41.5579536054102
-0.231333450017031 0.972315366858966 0.0329797251828149 -19.040328478073 -0.972842955613314 -0.23146606660318 0.000209104770920582 -588.747175462882 0.00783700304776989 -0.0320357203940922 0.999455999032505 41.4744323282676
-0.139802265252356 0.989175522297386 0.0445770424995338 -19.1057989489987 -0.990114438926048 -0.140167193488915 0.0051532222540615 -589.542025221641 0.0113456802558716 -0.0434159412789416 0.998992658422671 41.4057051840046
-0.0496466545513134 0.998181124525287 0.0342001803108717 -19.1409259150979 -0.998559554214078 -0.0503048540398906 0.0186611454044174 -590.345717818786 0.0203476381833878 -0.0332244533658405 0.999240766441652 41.4026064628345
0.0725900563733113 0.997007130018526 0.0265982406925615 -19.0658865941694 -0.996958287955168 0.0717762869316198 0.0303699969017372 -591.424456962974 0.028369980493847 -0.0287218962906301 0.999184766136998 41.3017270104421
0.159927382947826 0.986919082279092 0.0203459385837562 -18.923111414317 -0.986610381726562 0.159141545316418 0.0356920610734455 -592.252094993406 0.0319872920521222 -0.0257816521521952 0.999155703361331 41.2673630703008
0.217804336513137 0.975773714939848 0.0206622416151122 -18.7758327367149 -0.975361277318841 0.216853447672024 0.0405581180494562 -592.789421470393 0.0350948671892172 -0.0289868843659697 0.998963518268674 41.2171363706274
0.300695571083739 0.953650320203797 0.0115429764715155 -18.5422683477487 -0.952901481705528 0.299914059666685 0.0450591053801208 -593.654242394478 0.0395087293396392 -0.0245483928077969 0.998917632598665 41.2470493900785
0.349933038460269 0.936764869007653 0.00429520512186622 -18.3282206912082 -0.935809454767699 0.349360697041799 0.0469868889143527 -594.212600493226 0.0425150909836182 -0.0204617583688033 0.99888627154602 41.2057412093343
0.417724922525556 0.908571696359267 0.00183348734965375 -17.9371695405015 -0.907355729477624 0.417059723248604 0.0526000706076316 -595.047285137234 0.0470262616539666 -0.023635985671045 0.998613974915337 41.1728889334702
0.477238107634762 0.878680063556751 -0.012850468049645 -17.5025835695666 -0.877110022372349 0.477182977086309 0.0545381979260738 -595.910421853656 0.0540536518208354 -0.0147564320535303 0.998428991184592 41.1660760803401
0.532244224600528 0.846354459257375 -0.0200053661435575 -17.0269873569046 -0.845228564043897 0.532579399193317 0.0441345451905265 -596.715853556735 0.048007915010676 -0.00658124988433741 0.998825273632124 41.0959027026076
0.583971543196512 0.81157835142771 -0.0178274011163878 -16.4800271544144 -0.810166711041895 0.584055981408132 0.0500850366970303 -597.489763980457 0.0510601317687606 -0.0148050692421303 0.998585836505051 41.0945745193741
0.626541592782441 0.779091369486259 -0.0215004768706704 -15.9188867153775 -0.777649213939332 0.626747566640538 0.0494892692379191 -598.224317375847 0.0520320341057486 -0.0142872566361673 0.998543209743389 41.0702444052435
0.664559202440219 0.746689783658112 -0.0285557950795054 -15.3217806491342 -0.745431173991944 0.665124331501762 0.0440679984265937 -598.924995791065 0.0518982783241569 -0.00799941403712486 0.998620337306452 41.0820574073878
0.714252004462349 0.699140356986338 -0.0323548351028319 -14.4846049947789 -0.697735956967748 0.71491686755647 0.0453696686955829 -599.792925779573 0.0548507837302044 -0.00983024497460443 0.998446171712788 41.0351271594262
0.752655415996442 0.657214422751797 -0.0397369764607905 -13.7939739851488 -0.656145692093351 0.753700526285661 0.0375279552341638 -600.424889723698 0.0546136935077751 -0.00217237283670293 0.99850519541848 41.0300955480643
0.800584454679382 0.596212836322814 -0.0599565236619212 -13.0795793821768 -0.595427766027824 0.802764756981125 0.0321639610768161 -600.98581794129 0.0673075506078801 0.0099498117038003 0.997682662412366 40.9871417958429
0.857718276976083 0.508598721200486 -0.0751445149988299 -12.0199563227098 -0.50813622750496 0.860866294332136 0.026585664932114 -601.642293068675 0.0782108153531661 0.015380639651359 0.996818190186008 40.9770056612032
0.906721080477162 0.412446858356061 -0.0880026775191702 -10.9557545566211 -0.411474688992431 0.910934990523443 0.0297661445040722 -602.147691385244 0.0924416709980399 0.00922128365632992 0.995675401619834 40.99194497187
0.944148255022762 0.312456450907024 -0.104666321345782 -9.88815411441749 -0.311431186867075 0.949901286269185 0.0264227589534988 -602.523841377251 0.107678634761204 0.00764935492289446 0.994156325225176 41.0111059918651
0.970859223677769 0.209404709433815 -0.116541990144059 -8.77328804311392 -0.206719523700945 0.977780942023106 0.034806147980818 -602.741124469587 0.121241108212739 -0.00970036511413074 0.992575688094364 41.0706736860583
0.98744180624262 0.0953147171998262 -0.125991205921009 -7.64425221763243 -0.0914756217060186 0.99515902403102 0.0359266965239788 -602.839912924302 0.12880562843995 -0.0239503982168527 0.99138059720142 41.1350653813791
0.98930286164203 -0.0367933135469869 -0.141159838570059 -6.53991314321703 0.0414588078086562 0.998682096380702 0.0302528944686601 -602.792872395701 0.139860699276019 -0.0357815936883766 0.989524462735078 41.1741766648185
0.965223213265456 -0.200275236874966 -0.168029694007291 -5.18985068885151 0.206193470086936 0.978338910126892 0.0183638183729237 -602.531561001161 0.160712169629482 -0.0523718094627458 0.985610872559035 41.3100316083177
0.926954016361638 -0.324472570427408 -0.18834490327922 -4.15845295648366 0.330110963851476 0.94394091858009 -0.00151452145073745 -602.165485893003 0.178277881679354 -0.0607708258163894 0.982101778653066 41.3841308260236
0.86663532843619 -0.447577929098706 -0.220493094880569 -2.97827683822085 0.454094248293244 0.890653066820462 -0.0231414828889601 -601.608715298639 0.206740468155828 -0.0800694195496687 0.975113976353373 41.5130968463607
0.810767745477841 -0.539776934094865 -0.226487360159297 -1.83276363544926 0.541864460703824 0.838430637067979 -0.058454880480044 -600.935597701119 0.221446537834604 -0.0753321196099684 0.972258454648833 41.6585936478664
0.7816561635434 -0.584415242194208 -0.21788177226583 -0.76478269981271 0.583485705869597 0.808597204085975 -0.0755975700019789 -600.242599246504 0.220358964057447 -0.068039593145696 0.973042928510401 41.8523359904547
0.763113809285765 -0.609840705003468 -0.213896303376758 0.0521724525468838 0.607476045158484 0.789821794849195 -0.0845836091675148 -599.650253751689 0.220522490091094 -0.0653899602543714 0.973187538176458 41.9913870160644
0.737256585251917 -0.638672489721 -0.220341050138787 1.0400740337566 0.636279960294833 0.766025453932612 -0.0913937418784237 -598.897386873441 0.227157521622963 -0.0728179565829476 0.971131816783487 42.1468254044224
0.700436490790636 -0.673155883188277 -0.237170570050143 2.24541759069254 0.66842718506748 0.735199854958015 -0.112633350001137 -597.851709045339 0.250187570897645 -0.0796387480986766 0.964916498547729 42.4032834407938
0.677734341795554 -0.691655913561653 -0.249576159090051 3.34215028625872 0.689697768673131 0.715637884494674 -0.110360346879163 -596.808955233582 0.254937541053199 -0.0973371229859401 0.96204591088501 42.6634768855983
0.67345188506915 -0.696069998076446 -0.248895794007583 4.82420364214474 0.692772844066368 0.711757454137684 -0.116047890991769 -595.454098766241 0.257930891947831 -0.0942755761440847 0.961552791437734 43.0087946840247
0.66671683142902 -0.706888292117632 -0.236215175541842 6.11210400890863 0.703903095040916 0.701383498549508 -0.112167824059629 -594.252257179386 0.244967547812085 -0.0914884169142121 0.965205040439318 43.3022871090123
0.653437585564751 -0.711496674089409 -0.258441104569338 7.40361519349755 0.711318736874547 0.693909639483931 -0.111870759372057 -592.950078066638 0.258930446920614 -0.110733441159351 0.959527554928204 43.6144126019595
0.64944670622452 -0.714293712390873 -0.260774746118156 9.0744560157585 0.717252437904639 0.689327028188583 -0.101868486434957 -591.323993102886 0.252523100119525 -0.12088316941395 0.960010074560919 43.9378544934521
0.6530316380399 -0.718590470372067 -0.239117995160082 10.4894699144596 0.719331839079795 0.68729393155881 -0.100939372538746 -589.945252532129 0.236878418191712 -0.106088583423878 0.965729686538685 44.3129803097117
0.651053745566781 -0.716310137520761 -0.251055386854086 12.1555073629084 0.717521639025679 0.68869122608218 -0.104245348324651 -588.317060119356 0.247571641981407 -0.112268348177092 0.962343026204386 44.684191671673
0.651767812803883 -0.714004252081431 -0.255727679773776 13.8328433920751 0.713353609287029 0.691637762324509 -0.112977138589696 -586.684864317563 0.257537077544209 -0.108789400845774 0.960124741871391 45.1081443780005
0.658402479789844 -0.707039516362218 -0.258072270708933 16.0943492864008 0.709864654029102 0.697296139961858 -0.0993492131545981 -584.478861759298 0.250196617816325 -0.117784614855144 0.961003869366142 45.639429862204
0.674848033144159 -0.689712201343563 -0.262444682703377 18.1209974090466 0.694687009551763 0.713734606136173 -0.0894028565744476 -582.622607975626 0.248978093256193 -0.121983569883235 0.960796501740641 46.0416628088
0.674286402713701 -0.691372342246557 -0.259503625199972 20.145217149262 0.693088183981965 0.713777010369949 -0.100752909099042 -580.779126791914 0.254885496527359 -0.111922579687251 0.960472133805116 46.5142619373385
0.659495158289206 -0.708174550349596 -0.252101055987957 22.1999211160014 0.710674840243482 0.696675336627059 -0.097901720007748 -578.831552737322 0.244964094589386 -0.114596167356159 0.962735846839247 46.9805213686639
0.654254191286496 -0.711363616422309 -0.256735775486447 23.9955606142061 0.715117210589255 0.692373318241819 -0.0960550014619605 -577.136066066014 0.246087034000369 -0.120751784323818 0.961696510485255 47.287018030313
0.652724136386753 -0.715654400472124 -0.248575905636592 26.0709913376276 0.717365831113522 0.689345625938887 -0.100939944272469 -575.105557957632 0.243592828566385 -0.112433923189616 0.963338542147682 47.8402732355711
0.650629073508958 -0.71900344412504 -0.244368279531541 27.8909085771089 0.719084515418818 0.686771339226412 -0.106125337700499 -573.358053926424 0.244129613913923 -0.106673215726768 0.963857643356502 48.230181511275
0.652882883453813 -0.715423440096599 -0.248823716420646 30.0087046252114 0.714589661474063 0.690695940839441 -0.110908669734621 -571.295633260565 0.251208192954405 -0.105396483187382 0.962177751314338 48.7488506446503
0.656869334480014 -0.714704281735524 -0.240250842014534 31.8506486681911 0.712160942869942 0.692749154190321 -0.113689932796135 -569.539580700524 0.247688249358702 -0.0964178356814936 0.964030151028543 49.1878336624699
0.659033149424657 -0.715817193956569 -0.230826889238586 33.4154754319132 0.712568323575165 0.692455698334359 -0.112922495905612 -568.057653860635 0.24066925893578 -0.0900602613832407 0.966419917594253 49.5431897242167
0.652398613420766 -0.721369603554837 -0.232383184145928 35.2615474329509 0.716652142168852 0.686944981051294 -0.120483609396604 -566.239755392132 0.246547675575049 -0.0879345670119246 0.965133024817287 49.9661059267789
0.650395999493565 -0.723018679783792 -0.232871278878419 36.8100020111803 0.722423688923476 0.683511613780643 -0.104479124753118 -564.705235043842 0.234710582473316 -0.100278923561658 0.966879041020309 50.273083539382
0.65126137716391 -0.720538025834307 -0.238083119816095 38.6109793168531 0.720345662059656 0.685672428298693 -0.104668277060485 -562.940344031791 0.238664504621871 -0.103335736305368 0.965588411195902 50.6182760913243
0.661890880395303 -0.711961972762746 -0.234543411310804 39.833293700174 0.711397713552009 0.695230956464462 -0.102796937339991 -561.777704312984 0.236249350480596 -0.0988132911772872 0.966655149411728 50.9311192351927
0.674929421696501 -0.699454936780699 -0.235017163504147 41.3304918316655 0.696883200751261 0.708921740747225 -0.10855307460686 -560.398264607114 0.242536760593327 -0.0905138492664674 0.965910535635606 51.2811994267122
0.69115298512631 -0.680992639800363 -0.241984660027705 42.5460240841472 0.682008917866777 0.725360064583536 -0.0933628012516606 -559.325005709521 0.239105389109446 -0.100507717341016 0.965777827273809 51.420583685974
0.728429440244342 -0.643183251846253 -0.236020878588725 44.1161051090769 0.64300218645474 0.760725699784852 -0.0885697346799107 -558.074979262037 0.236513717994828 -0.0872451387260412 0.967703232901976 51.7713762728866
0.777160724350386 -0.586942731579511 -0.226978938170848 45.6788355309744 0.592353320289641 0.804060365239971 -0.0510340375827901 -556.975783214148 0.212458825349807 -0.0947900780469535 0.972561611742328 52.0778056291072
0.832646751425385 -0.509900759076393 -0.216103223562423 47.5547444308679 0.51698564640995 0.855574419003301 -0.0268002789771264 -555.915659022289 0.198557872538056 -0.089407099497095 0.976002634121793 52.3531760018485
0.865193467316838 -0.444261262688478 -0.232534286905619 48.7932552187517 0.457087635364795 0.889420501513756 0.00143703988709934 -555.307205990958 0.206182340923963 -0.10753186486552 0.972587137653823 52.5441644815252
0.90097999215401 -0.371902630889906 -0.22343564369931 50.0749658419021 0.386619535711738 0.921913801415772 0.0245005584662962 -554.836248070389 0.196876581502724 -0.108459097803213 0.974410712050886 52.6540793712827
0.940399856305991 -0.262899753325902 -0.215712377857304 51.6385766206323 0.277657255401375 0.959819011933752 0.0406683273997304 -554.452858938268 0.196353148135311 -0.0981385960348747 0.975609684856427 52.8743907008551
0.971020632106411 -0.120657258092517 -0.206302588673194 53.5157296776784 0.140334804702593 0.98657510058651 0.0835207368969061 -554.238746304896 0.193455614063667 -0.110051792226719 0.974917190542323 53.0970276232733
0.981835816357443 0.065995628914632 -0.177884812960174 55.9110784165613 -0.0479743856617229 0.993443143557291 0.103774654128012 -554.415569988498 0.183567121342833 -0.0933557576326725 0.978564159612816 53.3552977271689
0.96938376344588 0.185374379224673 -0.16103247714225 57.4915809426456 -0.168917424859798 0.979404808048756 0.110603460839686 -554.791264918178 0.178219030258378 -0.0800160077612503 0.980732081536907 53.5375920562172
0.943374790790923 0.300187905342948 -0.141177992569649 59.0525831950469 -0.28258434840622 0.950120563895158 0.131973482561381 -555.330586553548 0.173752957200776 -0.0846057654616998 0.981148191821514 53.700710196725
0.918557764074388 0.37289828477084 -0.131143064146095 60.2740594791039 -0.354656314719847 0.923971272217971 0.143164194354733 -555.898879760112 0.17455810633711 -0.0849938664308727 0.980971717319686 53.804254279989
0.890805147967963 0.441769109465486 -0.106330815269354 61.5536863752737 -0.422204153722163 0.891231541775666 0.165680389678205 -556.551658186837 0.167957854634805 -0.102695632167298 0.980430398447657 53.9173515572527
0.85386182761815 0.511247477643591 -0.0977036127257304 62.7699355366076 -0.492426865119308 0.854263632076183 0.166581599886597 -557.363864521992 0.168629065837904 -0.0941257856013628 0.981175098868475 54.0587010180967
0.789659991396635 0.608333363142123 -0.0797973513073013 64.5716098232425 -0.589478726730876 0.788310907113285 0.176297318351625 -558.825243736171 0.170152662980078 -0.0921760978476697 0.98109716046188 54.2247852136631
0.746505379911913 0.662738203274913 -0.0592266129582884 65.732104294221 -0.645539203358742 0.742945764679087 0.176948375726844 -559.940185535252 0.16127260985527 -0.0938598139000335 0.982436502093199 54.3155355720948
0.722711726087823 0.688074780231846 -0.0651218687082808 66.5340716109961 -0.671280336288252 0.721242390688852 0.170857027909768 -560.83484875881 0.164531064203367 -0.0797653476286898 0.983141402967946 54.4620432057636
0.702010172113721 0.710437165547769 -0.0496059679606604 67.6948213552443 -0.693464812235722 0.697772593628574 0.179499197133933 -562.064055790374 0.162136585753297 -0.091610269016656 0.982506634161298 54.5873487596518
0.693781712043998 0.717335250899782 -0.0640083889021246 68.5277993774124 -0.70152420021283 0.693231505543421 0.165208584031683 -563.045803553908 0.162882572883194 -0.0697152604423912 0.98417937893069 54.6616537882156
0.691829254867533 0.720111355730762 -0.0530275160368544 69.7074508082459 -0.702433403701984 0.688212603032304 0.181523349437875 -564.368433637971 0.167211230104558 -0.0883348650030343 0.981955882996694 54.8163045960224
0.689129252482806 0.722079824585876 -0.0608407782537293 70.5902631624736 -0.707515124836925 0.688613603532947 0.158851040778331 -565.39315019631 0.15659891921555 -0.0664231281663242 0.985426175086252 54.890917707165
0.691594125326312 0.720700692684679 -0.0478338517993075 71.5301620947881 -0.704478905060981 0.687677359479633 0.175525843063639 -566.443956208879 0.159395853579115 -0.0876947023653348 0.983312056795218 54.9677198121431
0.686155749781528 0.725639898636823 -0.0513519673244406 72.7725270155526 -0.708369094412417 0.682550677346102 0.179827136260661 -567.872227518765 0.165540065008688 -0.0870132769220893 0.982356949645189 55.1278680074883
0.682262177475478 0.72841118870972 -0.0627332555261738 73.7326862042225 -0.710946767280887 0.681012948406677 0.175431063940516 -568.985094863896 0.170508109130551 -0.0750899744635567 0.982490956933338 55.255270268434
0.68246536603854 0.72853426081305 -0.0589818190586388 74.3811118046222 -0.712005517371703 0.680876537915386 0.171625415800262 -569.737345261965 0.165194332197374 -0.0751330216212723 0.983395068968683 55.3301484238521
0.683532500264773 0.72876856282241 -0.0409841789419692 75.3721076842297 -0.712066918297849 0.678104496698324 0.182030204700534 -570.870589737674 0.160449446703915 -0.0952400829444889 0.982438446750296 55.4838766481233
0.679447063727923 0.732097699871559 -0.0488328315201597 75.999484465991 -0.715967389903932 0.676087077335644 0.174060220768273 -571.62912762093 0.160444333604077 -0.0833019909877304 0.983523458851808 55.5454930028189
0.676790461537975 0.734596647329117 -0.0481916684089129 76.649458176658 -0.718475940411623 0.673370008706965 0.174256002546876 -572.392575379107 0.160458699424022 -0.0833102461093637 0.98352041599163 55.611201200575
0.673660890136179 0.737361979163748 -0.049782695634651 77.299687195393 -0.720868090353403 0.670449621584445 0.175631720447968 -573.164491100427 0.162880942443153 -0.082429464398331 0.983196410687017 55.7200426093464
0.672714907325659 0.737626571257192 -0.0579801245013124 77.9504107149519 -0.721579900147465 0.671369919739873 0.169070631901739 -573.965583171397 0.16363710204292 -0.0718990420230742 0.983897060972925 55.8021478960004
0.672807211047073 0.737369654736315 -0.0601369190856055 78.6031566346856 -0.721470770937795 0.671941215947695 0.167257074568335 -574.745215455862 0.163738765860389 -0.0691447364936979 0.984077548758092 55.8505009868625
0.671556454889614 0.738161328578052 -0.0642633712777287 79.2312480419764 -0.723980009614942 0.672157774757094 0.155102777252819 -575.524546597496 0.157685996759514 -0.057634875079898 0.985805938103683 55.9116143200046
0.672754236381124 0.738373811632519 -0.0469664957870284 80.2199828903712 -0.723742693210509 0.669946325501053 0.165434080443046 -576.695675330095 0.153617223824833 -0.0773048203083108 0.98510187965583 56.0438396086617
0.669379229534826 0.741500055369938 -0.0459251015648336 80.8406398058293 -0.726398245768908 0.666205157500587 0.168867630597076 -577.456634083621 0.155810896959152 -0.0796765712489879 0.984568234498143 56.1389918391096
0.66499040895105 0.745591489281368 -0.0433715011765208 81.4844315118098 -0.731993362778104 0.662186735871704 0.160294864809763 -578.23737226373 0.148234519771603 -0.0748468967076614 0.98611584978709 56.1886397845469
0.656883116702986 0.752213267289525 -0.0517665094843014 82.3897192003211 -0.738246536344319 0.655605379817831 0.158662022959285 -579.363125141055 0.153286080797268 -0.066005957818475 0.985974944390717 56.2597249773999
0.652787808296006 0.755060966690724 -0.0612455216335557 82.9815031780647 -0.741215826824003 0.653323132941239 0.154168680442733 -580.138218176811 0.156419868960778 -0.0552432850572155 0.986144514789988 56.3306672142227
0.650186469612401 0.757877052477504 -0.0536649612035096 83.6079926213432 -0.742432001515341 0.648763698793968 0.167034087099287 -580.907195692318 0.161407180320102 -0.068760718838451 0.984489555904954 56.3887026744053
0.646056656620769 0.760938510263137 -0.0598613400661164 84.1865509768097 -0.746205533084616 0.646151060280194 0.160206459584767 -581.691974678104 0.160586733044479 -0.0588335864731892 0.985266720372105 56.4871036989852
0.642506266990692 0.762877233859987 -0.0721389141574751 84.7837800490689 -0.749545086859224 0.645250475782999 0.147763277802752 -582.489629226869 0.159272909318827 -0.0408674633412599 0.986388356985812 56.5655994880857
0.641074771801252 0.766466761160015 -0.0393934131149759 85.6953070878363 -0.752983181579256 0.638066493228765 0.160895862213818 -583.637819335139 0.148456947357658 -0.073483700611909 0.986184911933672 56.65045662467
0.636511930621833 0.768983196142927 -0.0593077248415202 86.2640969748431 -0.755373675820647 0.637079918590507 0.153426813842686 -584.434579680715 0.155766402196599 -0.0528585033700664 0.986378632457234 56.7430315841617
0.633604067912233 0.771412572383224 -0.0588942127391801 86.8521903424222 -0.758519112378251 0.634389055735067 0.148994235192104 -585.212032850488 0.152297870247681 -0.0497309675420499 0.987082666034286 56.7260155272107
0.630387715262817 0.77508172155075 -0.0431236983994851 87.4637602806934 -0.760582194208572 0.627801330767898 0.165469679817579 -585.989621410576 0.155325639540291 -0.0715109362544045 0.985271603009758 56.8162379827095
0.624090272154443 0.780389376882607 -0.0387782497151495 88.3285616321176 -0.770208888798254 0.622783553983075 0.137546037763254 -587.220374879035 0.131489922877582 -0.055973791518788 0.989735992497323 56.9631841212474
0.620406961318987 0.783468665776577 -0.0356658393033261 88.9249706623907 -0.776371201672193 0.619957249397045 0.113581539583346 -588.068636678837 0.111098872906141 -0.0427768473162656 0.99288830276757 56.9832296670915
0.617161758577526 0.786834331772053 -0.0017601404268933 89.8296847535812 -0.782616431500089 0.614081699878122 0.102054823604092 -589.314418095015 0.081381108960011 -0.0616068195869861 0.99477721872026 57.0050549447812
0.614458625013065 0.78882082743175 -0.0142232329989319 90.3906980504785 -0.785059688852864 0.613117999318441 0.0881340107449857 -590.179687673091 0.0782424634408837 -0.0429886161866273 0.9960070761762 57.0308552798567
0.615395904395174 0.788083075478004 -0.014592703614366 91.2985056892538 -0.785623719450504 0.614766060749571 0.0696997990471288 -591.46968644294 0.06390033090995 -0.0314285967804124 0.997461272939463 56.9496173340417
0.615907193582909 0.787785334854922 -0.00725224657223694 91.9311246048988 -0.785264196915802 0.614624802951175 0.07480970952629 -592.359909873408 0.0633914026899823 -0.0403809086667068 0.997171455809003 56.9520409446533
0.615362627498982 0.788022325540973 -0.0186989605739722 92.5305917341895 -0.785649142579431 0.61508749542295 0.066504118207267 -593.24534193239 0.0639082267141994 -0.0262333265774588 0.997610921719949 56.9464058671061
0.616049099603522 0.787346299448618 -0.0238602519319512 93.1549714681149 -0.785029863029784 0.616168621551175 0.0637522075473842 -594.13781713588 0.0648970032368873 -0.0205434797513071 0.9976804821237 56.9228795679387
0.618602311956193 0.785238323366139 -0.0270546698295811 93.7744341923731 -0.782884984303495 0.618931499402793 0.0633632417031102 -595.020719320451 0.0665002330414638 -0.018015953045715 0.997623748936083 56.9178778021647
0.620766586078893 0.783064819655815 -0.0381881372334624 94.3933566344023 -0.780953979103346 0.621910758051064 0.0577744886866278 -595.907393748558 0.0689907829395221 -0.00604129437743456 0.997599004927149 56.9112916534457
0.626027565962017 0.778864494062444 -0.0382045356538344 95.3257364137395 -0.776142564629886 0.62708247283819 0.0661081812553075 -597.202309435282 0.0754467098382448 -0.0117333775185751 0.99708080004912 56.8839426123683
0.629034872924139 0.776177834018147 -0.0431636261707618 95.9374145773103 -0.773247487338529 0.630443651446972 0.0680376783470741 -598.056856799128 0.0800215719038426 -0.00942190687214434 0.996748602056171 56.8942709082896
0.630514643446134 0.774766787455127 -0.0467729564647957 96.5639739141786 -0.772095276229278 0.632230973518192 0.0644428471490391 -598.935763467143 0.0794994894601847 -0.00451898005108342 0.99682466361686 56.9242286585944
0.635283710267633 0.770771685677116 -0.0482246412848155 97.5141735149569 -0.768729156054827 0.637109838448775 0.0560940137894399 -600.187417680124 0.073960070983101 0.00143607459196384 0.997260169459275 56.8481646352723
0.637177209855049 0.769249579395368 -0.0475424845941536 98.1221035336485 -0.767253055351804 0.638947334792487 0.0553990290068212 -601.026322771121 0.0729928235832564 0.00117811783263505 0.997331770146583 56.8829246390164
0.639510135711637 0.766882216717205 -0.0540226989791431 99.0678220540925 -0.764799192433285 0.641767999045539 0.0567100577894344 -602.287890985274 0.0781599742546064 0.00504985979917926 0.996928040201762 56.8672803418647
0.640071195589667 0.766082890333961 -0.0585309295499513 99.9944425691202 -0.763324984905276 0.642734493703403 0.0650179823063659 -603.52557016982 0.08742901117922 0.00306198324554509 0.996166046531815 56.8746202585856
0.638794797757208 0.766445329871489 -0.0671026279404227 100.914446585274 -0.762749385259262 0.642301982975235 0.0752431920687717 -604.716865519158 0.100769944154716 0.00311752855066055 0.99490486950803 56.8430173278569
0.638430172531707 0.76618010701484 -0.0733141078910781 101.528883927452 -0.760956611414134 0.642624705812129 0.0893225784725905 -605.503970103419 0.115550639748353 -0.00123737407558781 0.993300819771706 56.8475205265508
0.639180974334916 0.764751603159028 -0.0812567998013975 102.423947968243 -0.759179906479533 0.644319288376824 0.0921874407026881 -606.734576163267 0.122855816492323 0.00276407150426458 0.992420681093822 57.0030075800492
0.646566697380105 0.758598646907056 -0.0804959548658666 103.346153683152 -0.75261568909601 0.651557581770519 0.0950912307412811 -607.895707974673 0.124583828667775 -0.000900304469384141 0.992208677187587 56.9881228343125
0.655208576514353 0.751233811231634 -0.0796836377459603 104.556708849921 -0.745201940466556 0.660029819938338 0.0950510637344185 -609.4358142487 0.123999149944326 -0.00289787069387979 0.992278092652723 57.0943597678326
0.660069603829407 0.747360881498521 -0.0758935498329292 105.469369718391 -0.74098789689738 0.664366714974081 0.097743565957799 -610.567950752488 0.123470866005254 -0.00828135497985925 0.992313642155347 57.1932796522012
0.66314274686872 0.744029276609817 -0.0816218893611375 106.650004960992 -0.735896195997381 0.668016332681522 0.110503248763619 -611.980716596051 0.136742407438194 -0.0132141900320434 0.990518500175441 57.2842864637286
0.667847031701591 0.740032268359955 -0.0795775347280445 107.520556113319 -0.732861318518822 0.672486459207214 0.103325940604462 -613.071521559049 0.129979344767648 -0.0106866257051928 0.991459109577804 57.2822179480657
0.674538560833087 0.73691013720155 -0.0442852079008633 108.460568736352 -0.733097446745458 0.675701745472808 0.0774292240713356 -614.19534763966 0.0869819724110568 -0.0197636245307868 0.996013823006935 57.3699541122274
0.677405100613344 0.73490287989356 -0.0322503765431746 109.069951343873 -0.732406488272224 0.677893648592576 0.0635683658323253 -614.926506960332 0.0685789005436404 -0.0194411502230289 0.997456252713988 57.3688637191223
0.679828722951534 0.732281644503315 -0.0399562332259576 109.958472161446 -0.729689458721296 0.680863641041536 0.063071357514212 -616.022907397763 0.0733907438380938 -0.0137220782385155 0.997208856402563 57.3401857570624
0.681923574575046 0.729655933286287 -0.0508178852266452 110.900859227744 -0.727716521887134 0.683814079516218 0.0531692432509605 -617.123054489456 0.0735452392156242 0.000723654271648784 0.997291619393852 57.3077565401458
0.684821466662369 0.727311264061472 -0.0451429282136785 111.850086811775 -0.724503572053025 0.68620714081751 0.0649179017950018 -618.233708296506 0.0781929209123797 -0.0117509599761533 0.996868989415775 57.3252590808124
0.685612418077468 0.726191583733388 -0.0508074393446452 112.801437784129 -0.723947547732983 0.687488328639376 0.0570941863593563 -619.3460610299 0.0763908391717668 -0.00236256204785569 0.997075151626598 57.2835974465311
0.686421901100339 0.725330843006021 -0.0521549793784992 113.747732418602 -0.722715697905827 0.688384609457158 0.0617142565620613 -620.466540128019 0.0806659388483639 -0.00466879499352845 0.996730258727516 57.3055009462236
0.6875006739552 0.723711321600097 -0.0598727508887485 114.692504941373 -0.720023201141618 0.690064135346824 0.0733353865866816 -621.531590514012 0.0943896876195813 -0.00730835794703746 0.995508500604187 57.2756557282336
0.687635203208377 0.719025059668254 -0.100800748398207 115.886303109588 -0.715226433855927 0.694708171063931 0.0763656033220625 -622.948586873245 0.124935886046842 0.019583682648361 0.991971523659635 57.3542795701185
0.695556986763957 0.714023507654811 -0.0798179721626936 116.838968374356 -0.704999285749767 0.69970260833166 0.115724962675261 -623.930837719499 0.138479187086592 -0.024221692967082 0.990069100787236 57.3777940790069
0.698438511173326 0.710123186225226 -0.0889309085488375 117.418687276851 -0.701798923565532 0.703939635642227 0.109303523521199 -624.596421416178 0.140220957749719 -0.0139301743428657 0.99002223876564 57.4499013780277
0.708189134568009 0.699019212859089 -0.0991982345290224 118.296036833706 -0.690665920028276 0.715058146082968 0.108039042164789 -625.550123674501 0.146453871889108 -0.00799923585407094 0.989185157407065 57.5090440843515
0.718109699399687 0.688925704318411 -0.0984877330304236 119.168594042276 -0.679589054947836 0.724677803125946 0.114021042144242 -626.436165634157 0.149923900773683 -0.0149484308853407 0.98858452769142 57.6254513903637
0.727070985201988 0.679715252321286 -0.0967210330756547 119.74558143512 -0.669568133387723 0.733152837684057 0.119018617650747 -627.003783196776 0.151810069590557 -0.0217736620169082 0.988169828730509 57.6557642568725
0.737599347132809 0.668357890757444 -0.0961505744731382 120.569726517601 -0.659224872760167 0.743596145537475 0.11174676494715 -627.833078434166 0.146184028688484 -0.0190394906463503 0.989074176971744 57.7454233730895
0.742463988371773 0.662031509407023 -0.102281506262565 121.121610605052 -0.652299170612556 0.749251268523485 0.114578918803241 -628.357702441936 0.152489402875254 -0.0183525793339061 0.988134689626135 57.7993034227517
0.749455608581748 0.654835537355145 -0.0975023578287174 121.954061312539 -0.643117738929918 0.755052060128206 0.127655631954962 -629.117382682282 0.157212800493569 -0.0329667334285533 0.987014351389087 57.8479275201546
0.753482248292838 0.648268436620786 -0.109601713439213 122.780704611717 -0.635081389920545 0.760772630771787 0.133778295867318 -629.885799036718 0.170106230585945 -0.0311935626342423 0.984931892044331 57.9457647809661
0.759177531730936 0.642384280705113 -0.104842315969739 123.63254747568 -0.628287670518836 0.76532636989661 0.139750315258653 -630.659640997397 0.170011994838416 -0.0402241649242576 0.984620707768839 58.0464534956275
0.76519411663445 0.636619156307923 -0.0958854195892722 124.528338656251 -0.621443118005752 0.769292123941003 0.148317494334381 -631.458860451873 0.168185656199665 -0.0539043399377847 0.984280400691063 58.1452575029309
0.770111949542298 0.631324631817103 -0.091415504336855 125.474181534211 -0.618478908159391 0.774048185971646 0.135400317414596 -632.276455435371 0.156241560841314 -0.0477348411017023 0.986564726518674 58.2532929782801
0.774482884671849 0.627044801742045 -0.0836126662572833 126.427015035984 -0.613095896502155 0.776588467444662 0.144995772090675 -633.108903287915 0.155851477511737 -0.0610341612560632 0.985893071340486 58.3353891549849
0.777369568362392 0.624776793159633 -0.0731472003102875 127.397627180962 -0.610357726843038 0.777292304732904 0.152578236606701 -633.929133364041 0.152184097287029 -0.0739637190261267 0.985580726678822 58.4202332323045
0.779535454400665 0.622947179235221 -0.0652785356394491 128.065995003102 -0.607555609359164 0.777361120033653 0.163051742082811 -634.499731270163 0.152317618378715 -0.0874442733568447 0.984455607017669 58.4562389728566
0.779687272837131 0.623551090045087 -0.0571996038393635 129.080732069572 -0.607564191954732 0.775460089730185 0.171835391843608 -635.322956802352 0.15150415581821 -0.0992254369566491 0.983463676721502 58.5442592099171
0.779348796566689 0.624214647310407 -0.0545117177604796 129.747317360681 -0.607592085403016 0.774113901089716 0.177706291096507 -635.907849736311 0.153125148312313 -0.105374295835402 0.982572616518253 58.604781516115
0.774753908318484 0.630478418274877 -0.0474694178902818 130.744087111194 -0.613226180278726 0.767590688755166 0.186435475050036 -636.757109301974 0.15398062659308 -0.115332123131316 0.981319758288818 58.6859087188198
0.767092181268347 0.640256821865472 -0.0405066351564067 131.703323708005 -0.622647359748149 0.758229178183336 0.193387638565866 -637.640211374273 0.154531067541865 -0.123124796065407 0.980285893889239 58.8037189337022
0.755938113951037 0.653503238539673 -0.0386145710102907 132.648340095525 -0.637733519901531 0.748449814893411 0.181985802138577 -638.542745987768 0.147829379590641 -0.112944197744622 0.982542662038483 58.896030203754
0.748642178536396 0.661359651405176 -0.0462417561247839 133.239302061704 -0.646261576774807 0.743554887297779 0.171674412654093 -639.148824672608 0.147921813471914 -0.0986384360622773 0.984067881820339 58.9388278201633
0.738106948030033 0.673862935241516 -0.0332697727295917 134.131836740844 -0.658985535926318 0.730631434166404 0.178649855437521 -640.03477872347 0.144693457729412 -0.109938400550638 0.983350065528383 59.0389874653042
0.726207265445792 0.686009618765356 -0.0448755008346192 134.985668751326 -0.670665042559938 0.721285442967219 0.173077180620841 -640.960299437421 0.15110065619256 -0.0955934763725801 0.983885399308874 59.1098115869361
0.715115637478793 0.697984642048725 -0.0377765072156257 135.848334021853 -0.683460502764319 0.70952409772201 0.171631278946788 -641.869068903173 0.146599338997294 -0.0969174608410611 0.984436711825437 59.1906138417859
0.698983977007126 0.713904273323303 -0.0419772369031913 136.655568185313 -0.698601263093003 0.694193852708423 0.17335273308113 -642.787856824604 0.152897596750773 -0.0918454320723797 0.983964807051185 59.2838966168142
0.689428849328911 0.722966756417919 -0.0447987815411139 137.168054652713 -0.707973825093547 0.685626943916103 0.169377556832883 -643.393188140441 0.15316959455266 -0.0850574093822438 0.984532534969645 59.3441449613854
0.683628798526277 0.728716617382116 -0.0402958729485549 137.676728008054 -0.713758759454115 0.679078112147253 0.171468221268681 -643.987404535699 0.152315787520672 -0.0884590818044653 0.984365222728978 59.3820685694571
0.677384227640374 0.734648487721038 -0.0379764089040042 138.434749207617 -0.719727663674676 0.672533691280535 0.172309385217322 -644.887153667852 0.152127243731837 -0.0893869877653906 0.984310554719792 59.4999909584446
0.671309418124128 0.739861148373854 -0.0441491366253945 139.131850818678 -0.724969906081462 0.667852568003755 0.168498019831173 -645.767626151198 0.154150252721431 -0.0811075122150431 0.98471278606922 59.5447841660401
0.667161974351852 0.743772195916528 -0.0412046181931531 139.835089407301 -0.728692991255128 0.663116158355498 0.171124180125136 -646.617336999826 0.154600855348837 -0.0841420293869331 0.98438747168788 59.629087779359
0.664611438194131 0.746096474781075 -0.0403941399312043 140.291762816016 -0.731462157320017 0.660704582403069 0.168619593168564 -647.194882502514 0.152495077396862 -0.082519725586303 0.984853159744582 59.6730717770498
0.663466736958437 0.747123844228142 -0.0402225103081137 140.768177509726 -0.732949071634015 0.659798955565066 0.165683422906712 -647.795886752735 0.150324806138439 -0.0804443883748997 0.985358388119993 59.723539006342
0.662992037304008 0.747632445809316 -0.0385653269746165 141.238968496357 -0.733716914966833 0.659155159599454 0.164845273711352 -648.37772889723 0.148664209421883 -0.0809950711253237 0.985565193830611 59.7673289400989
0.663106193966872 0.747402077709541 -0.040991581553181 141.966442065944 -0.733761341609364 0.659874620870611 0.161739847565448 -649.260345508264 0.147934002455132 -0.0771726568567544 0.985981699602622 59.8797956288042
0.665106122012238 0.745549800140742 -0.0423006143210905 142.442508717378 -0.731309230574988 0.661768045471071 0.165075326046078 -649.844381010482 0.151065071203314 -0.0788577802344067 0.985373429091144 59.9271221237612
0.666680550917672 0.744143128708634 -0.042285305057839 143.1522289999 -0.730219585823399 0.66347150874203 0.163048807316944 -650.71019314176 0.149386744753383 -0.0778239107427781 0.985711438205263 60.0084622259626
0.667976181332845 0.74296793129309 -0.042502638059955 143.625362841333 -0.728275129485648 0.664376327006688 0.167986403871754 -651.282267449339 0.15304625753233 -0.081257302337496 0.984872628248029 60.050763328128
0.66967397257192 0.741368953088671 -0.0436903405337112 144.104728065113 -0.726708637134376 0.666285290489237 0.167207859839092 -651.862279002124 0.153072947231183 -0.0802246039185032 0.984953138860971 60.0896554730418
0.671828708404122 0.739293386095563 -0.045732656159523 144.580195935715 -0.724921352408386 0.668935522777048 0.164360272539917 -652.45059541507 0.152102660681679 -0.0772693706610532 0.98533964954791 60.1339179704216
0.675617424226246 0.736197339799247 -0.0394280731764048 145.086737879474 -0.722813710319515 0.671970208825346 0.161233925168862 -653.032571986997 0.145194477360636 -0.0804332973570871 0.986128312351004 60.1788562061291
0.684402643956778 0.728269816838673 -0.0348725511934177 145.822230881633 -0.716615061963742 0.68072412324092 0.151912873070663 -653.918035155902 0.134372147082922 -0.0789793765463274 0.987778509671413 60.2441903154092
0.694291268910022 0.719012073007587 -0.0313252738957422 146.33814123803 -0.710758826209381 0.69185893696804 0.127094855532846 -654.517924087206 0.113055406243013 -0.0659761336150108 0.991395796295527 60.2597824776258
0.706467998997334 0.707598462841717 -0.0144007561170486 146.875079940104 -0.700918496815689 0.702328230151448 0.124291262580964 -655.088343157716 0.0980623639034758 -0.077714043237855 0.992141270318541 60.2721131419496
0.732937753093791 0.680293419582036 0.00176447250096273 147.691880418506 -0.677279968485227 0.729442249455834 0.095947115628679 -655.910788302205 0.0639851105998622 -0.0715183052245596 0.995384869103067 60.3360342023909
0.754832209503954 0.655903883841296 0.00429309413858703 148.245186578163 -0.653871384208093 0.751944282555959 0.0838570739126759 -656.449700259438 0.0517740128749056 -0.0661051517909751 0.996468544660353 60.3287545097257
0.785971179913688 0.618261345546272 -0.00148759819756898 149.099430650995 -0.616356778313619 0.78373424525114 0.0765829918942956 -657.169844659637 0.0485141852651353 -0.0592751332680015 0.997062100575546 60.273956390057
0.82090052384612 0.570990383877372 0.0096078857579729 150.033403206497 -0.569819073366921 0.817871156737928 0.0799562042835155 -657.840744342571 0.0377962111385428 -0.0711108465407089 0.996752072447223 60.2424922979885
0.840221447970624 0.542079201322099 -0.0133438324383277 150.636253145562 -0.539793208848324 0.838508248205664 0.0743452040975039 -658.258622162314 0.0514899024215158 -0.0552635249062571 0.997143285974267 60.2740066519254
0.882449455505801 0.469767590651209 -0.0245228312246645 151.899544962451 -0.466994969994053 0.881124782222936 0.0743963450233849 -659.020568013143 0.0565566660772138 -0.0541989753255764 0.996927186205637 60.195968587517
0.926214661963215 0.375967804153666 -0.0278318199950905 153.248853486806 -0.374011946361002 0.925645695886304 0.0574030457938967 -659.638547999778 0.0473441014660012 -0.04275810948852 0.997963065513622 60.1368767547262
0.963802258556274 0.263961291107399 -0.037545215390793 154.648958726298 -0.26164875258735 0.963474874560128 0.0570622148258324 -660.058067602655 0.0512360875878517 -0.0451730327547363 0.997664402712871 60.1141860674546
0.982637319491184 0.17936633778723 -0.0474511876772242 155.697280233614 -0.177167431261092 0.983052751911271 0.047106138241481 -660.263972956561 0.055096276131227 -0.0378814443821277 0.997762194376994 60.0820377644205
0.994191447625031 0.0944632564454616 -0.0515757564265003 156.747482541452 -0.0921504961129003 0.994704065269304 0.0455204196253363 -660.36661865124 0.0556026216593525 -0.0405032803417117 0.997631110554482 60.067563941167
0.997791351125884 0.0381237706458351 -0.0543966702117593 157.453385879561 -0.0358548056132489 0.998470051217428 0.0420950084487674 -660.400936045752 0.0559182665398283 -0.0400516533193006 0.997631701848719 60.0395324192679
0.997185137482039 -0.043708693199804 -0.0609208644365204 158.497381734384 0.0460606477325998 0.998225027976865 0.0377519569167316 -660.370471485056 0.0591626429039547 -0.0404517448246029 0.99742841248145 60.0339299774778
0.993699806720167 -0.0898565331744932 -0.0669813225471264 159.176941084597 0.092986704917677 0.994642058118486 0.0451735423713375 -660.307840305362 0.0625633026050724 -0.0511173127979488 0.996731083843312 60.0434799660765
0.986626382406954 -0.14561765837909 -0.073238508359737 160.147604134066 0.148612099332965 0.988194845834755 0.0372208355289549 -660.182068047214 0.0669539055650782 -0.0476071867874524 0.996619651770808 59.9871933297723
0.978741286977561 -0.190311106007288 -0.0764668300362304 161.09887283153 0.193651702077468 0.980299641713752 0.0388796957085324 -660.027899195956 0.0675611681959853 -0.0528610952040495 0.996313802557117 59.9954933511589
0.973460164600353 -0.214813174989461 -0.0789341990977213 161.69424158419 0.218331450507118 0.975097747667706 0.0389327652861369 -659.903767066678 0.0686052888319073 -0.0551333142874124 0.996119286029528 60.0120414522156
0.96261478298441 -0.259407003706954 -0.0779793947633405 162.570092645728 0.261734399958642 0.964909322955673 0.0210974489337813 -659.703634887802 0.0697702189918151 -0.0407186063244374 0.996731714976919 59.9796317266428
0.95295263995711 -0.292306133986624 -0.0802395789655481 163.132684238849 0.294785097527673 0.955338246413005 0.0207504509860251 -659.536266178561 0.0705904545556607 -0.043427629158372 0.996559596186454 59.985879551967
0.942513275167579 -0.323114129307566 -0.0852407506694876 163.704720368593 0.325252312508399 0.945549426961573 0.0121331933381614 -659.368467762335 0.0766789367481277 -0.0391604470665948 0.996286504999803 59.9977306676585
0.931851101891341 -0.352763031255315 -0.0849221271722219 164.290565099288 0.354541547785236 0.935018646314844 0.00635782491144434 -659.162932636257 0.0771609668027964 -0.0360329685582161 0.996367306960109 59.9831980230655
0.919619101354397 -0.384014650655152 -0.0826647234697722 164.894734499247 0.385600025286607 0.922659349901614 0.0035134794859699 -658.920286920066 0.0749221524190281 -0.0351065823077693 0.996571221215808 59.9801508950366
0.9001729477863 -0.428109167744087 -0.0800699979217485 165.845126885062 0.429141086268031 0.903225148340127 -0.00471799561781672 -658.523234370238 0.0743410529278287 -0.0301143138626851 0.99677807758305 59.9781471455065
0.887305895613384 -0.456036739376234 -0.0686930851601805 166.491791956336 0.456107998588894 0.889788386985629 -0.0155602059352128 -658.236289622718 0.0682183350204604 -0.0175248031260336 0.99751648610057 59.9725782148369
0.873267877136581 -0.482227773913305 -0.0697107511649878 167.115793611063 0.482357291835466 0.87582696456282 -0.0160801479418208 -657.915558402928 0.0688088495364065 -0.0195832124865636 0.997437637155418 59.9787595857188
0.836227522559312 -0.544101925086573 -0.0683858584167821 168.950295256428 0.543340761028456 0.83894293313073 -0.0309123333804522 -656.883075773121 0.0741912927460604 -0.0113070803964955 0.997179924594141 59.9493869837398
0.825867862737239 -0.559518397844837 -0.0698672725313593 169.541375114358 0.558538083302287 0.828753035162886 -0.0346931723731251 -656.511145818579 0.0773141823912821 -0.0103715563658564 0.996952831391594 59.9482018732577
0.815908051333203 -0.574467915762 -0.0654267951967629 170.135603529531 0.572685689481687 0.818526898998112 -0.0452196492624496 -656.150336445459 0.0795308294470791 -0.000573913406139265 0.996832241548627 59.9480127414682
0.806265576365088 -0.588061636101417 -0.0641820264123563 170.736654557995 0.586869432915028 0.808786071410304 -0.0380704531451796 -655.739352530504 0.0742973019608788 -0.0069715735963784 0.997211766919607 59.9518520872183
0.797926717870845 -0.599260751315018 -0.064803586638552 171.325963312733 0.598248892331646 0.800492771703964 -0.0361881924619364 -655.323693750839 0.0735609660881253 -0.00989314828880005 0.99724165069712 59.9299225368411
0.790068341849429 -0.609769503366281 -0.0630330704609394 171.925040332224 0.608451206588797 0.792553746067858 -0.0405670900416117 -654.914928751533 0.0746936704676655 -0.00630177421412264 0.99718661404665 59.9306066029581
0.784329052452863 -0.617272571937984 -0.0616644906851702 172.529303114763 0.615355614034765 0.78674934973579 -0.0486099677659817 -654.489778845393 0.0785200977730765 0.000180619427942784 0.996912514527894 59.9398466670896
0.778934132788273 -0.623502528589724 -0.0671283369345838 173.119608344976 0.621826144658899 0.781799367949008 -0.0460651071113656 -654.050711236439 0.0812026021506186 -0.00586047069380504 0.996680386225803 59.9279577382602
0.774789988893904 -0.627551477071094 -0.0766786589324061 173.690662004091 0.626367191793764 0.778415367898532 -0.0416371956763067 -653.607005886293 0.0858173301505996 -0.0157689138903843 0.996186090647997 59.9297886757106
0.772483586467443 -0.630465791566672 -0.0760394259749879 174.288619146875 0.628580529932462 0.776159401386776 -0.0496296386118885 -653.178780085069 0.0903085047391527 -0.00945882144512342 0.995868919420949 59.9487723707026
0.768616285012126 -0.634955232265034 -0.0778515217154677 174.899106610422 0.632572923965086 0.772519898292649 -0.0553579498191179 -652.736920547982 0.0952916695226753 -0.00669774299082654 0.995426862184465 59.9403322051868
0.767066956272204 -0.635700236082312 -0.086564972362896 175.479003202469 0.633372569382653 0.771840950460994 -0.0556842486264077 -652.295731832879 0.102212880543081 -0.0121143318578624 0.994688780480972 59.9574109551305
0.764584947633322 -0.637397048935612 -0.0955764608087356 176.38277684407 0.634389891822945 0.770435636819137 -0.0630745168191138 -651.611352768811 0.11383902233164 -0.0124069144941343 0.993421735954731 60.0611200842619
0.765312564792551 -0.636506001608338 -0.0956911076705306 176.983755324388 0.633010564419432 0.7712178597841 -0.0672356905476973 -651.172313244878 0.116594611813927 -0.00911716329778662 0.993137741619641 60.0721883863078
0.767922915765023 -0.633402435191369 -0.0953716443005461 177.563486074526 0.630022605207684 0.773765588743754 -0.0660176537249989 -650.744606918923 0.115611039136707 -0.00938982266470381 0.993250179390901 60.1096697048237
0.772930631560727 -0.627805204072594 -0.0918632926391424 178.158296920541 0.623695754633959 0.778368304880119 -0.071738327340602 -650.345157911991 0.116541170608129 -0.00184599496724852 0.993184145995025 60.1172438185824
0.780132544724246 -0.619881653792002 -0.0844982127276389 178.741308306355 0.615610618755789 0.784680788187998 -0.0727985351760405 -649.942323835022 0.11143060054216 0.00477450947806227 0.993760748531586 60.1292799322676
0.78727133191182 -0.610785917688501 -0.0845246277909896 179.28279608573 0.606807117692264 0.791787696649615 -0.0696948014726 -649.564609690875 0.109494163624354 0.003578573418802 0.993980996772317 60.1633256280745
0.800053703617171 -0.592537395378589 -0.0938802769830108 180.061551506536 0.588486708656156 0.805542939318422 -0.0691662247725229 -649.052314139874 0.116608168939803 8.93990850143396e-05 0.993177993586402 60.231752110934
0.809425509289254 -0.578205436263374 -0.102512527952998 180.551952041133 0.573653908352289 0.815891190040866 -0.072406901921313 -648.750752772274 0.125505132739561 -0.000198718851594734 0.992092950366468 60.228877407414
0.821139803212001 -0.560788835419315 -0.106043885490893 181.02876473684 0.556591172305058 0.827954327287721 -0.0685412199892937 -648.4677149746 0.126236644810604 -0.00274116664724043 0.991996368699186 60.2573560975755
0.840061872162499 -0.528458869217224 -0.122585784185976 181.746487085552 0.525328850938022 0.848833107897521 -0.059261735624057 -648.073593407247 0.135372261970375 -0.0146143245718103 0.990687020307793 60.2670328611071
0.854764357787105 -0.50345561986118 -0.126136162487185 182.210309062075 0.500353365752963 0.863908522805532 -0.0575202017003219 -647.854532479286 0.137928974608238 -0.0139464351774652 0.990343927587462 60.3018897298038
0.87595677550081 -0.463892819436977 -0.132299582497587 182.920645503373 0.461710953568743 0.885697921875638 -0.0486023306006856 -647.528298613488 0.139723737456687 -0.0185106255969065 0.990017491729892 60.3632168832617
0.906756720808723 -0.386669970440472 -0.168162371616768 183.985629426622 0.386296187732277 0.921660786497425 -0.0362856717790376 -647.143346464891 0.169019243317796 -0.0320582063208738 0.985091247954101 60.4134107922506
0.92317670646287 -0.326837436906882 -0.202292012893512 184.791928128583 0.330524618870906 0.943657241549806 -0.0162630498632216 -646.885720951042 0.196209696408233 -0.0518488216524862 0.979190203550177 60.5276751982472
0.934210083803022 -0.278070973890093 -0.223445861005674 185.388312119126 0.283113647441549 0.959036174025164 -0.00981221399667116 -646.762344766793 0.217021155542712 -0.05409390345491 0.974666952171826 60.5779155419972
0.953849466008151 -0.179835810809034 -0.240479265939129 186.389135464454 0.18643370758003 0.982455925930236 0.00477768589670314 -646.650036837357 0.235401080868226 -0.0493906342864807 0.970642517289888 60.7241257748235
0.969688601630386 -0.0747396922264293 -0.232632745489551 187.39573041858 0.0817408180058636 0.996440952484888 0.0205880276554383 -646.660888831844 0.230266051644266 -0.0389795666587956 0.972346717402416 60.8485385536542
0.974209950389451 -0.0200248427442693 -0.2247531495558 187.992753093176 0.0277045339494114 0.999133255147393 0.0310676239390758 -646.695940812976 0.223936221636497 -0.0364930696385113 0.973920337865233 60.9399770013983
0.975986501196763 0.0406004112753203 -0.214013915636282 188.948235196584 -0.0341047039908503 0.998841166943559 0.0339586864370052 -646.815099305957 0.215144645872016 -0.0258443383181925 0.976240160784988 61.0705470151402
0.974918101269798 0.069661058019817 -0.211381249906541 189.694946591267 -0.0633359238762667 0.997322533819439 0.0365557694860099 -646.922541354414 0.213361797337835 -0.0222508546248063 0.976719838492714 61.1572889523318
0.974435751178231 0.0890391601972233 -0.20626922886628 190.640259768116 -0.0825819512951572 0.995792286276279 0.0397233421673582 -647.055224080299 0.208938240028006 -0.021673729352235 0.977688632085883 61.2634515646582
0.973848224342442 0.101493019316859 -0.203270270760431 191.449669136626 -0.0957234692959923 0.994680724851888 0.0380430418613149 -647.185991686895 0.206050123443327 -0.0175904132433025 0.978383321603 61.3733317395708
0.972462170493504 0.114324901619827 -0.203093928586455 192.312296617745 -0.107865474841691 0.993251016142383 0.0426316580641765 -647.325685682506 0.206597111054922 -0.0195508516883835 0.978230748802152 61.4634186278266
0.970867782211024 0.123565871777509 -0.205297892820438 193.247110489597 -0.11876328538964 0.992284124221508 0.0356019502473417 -647.501489003799 0.208113025801141 -0.0101829342440988 0.978051775900475 61.5523174514358
0.970437507101427 0.126413333950397 -0.205598428521018 193.739349923734 -0.120369140189591 0.99185315034595 0.0416965015179094 -647.588986786891 0.209194442805695 -0.0157161429224849 0.97774776294853 61.6156871706043
0.968985405327278 0.130174442613406 -0.210052133416969 194.244014508131 -0.124046086428681 0.99138084724773 0.0421495450995774 -647.675076243337 0.213728455532854 -0.0147861489463042 0.976781202263269 61.6970325636773
0.968266064028226 0.131986723740962 -0.212227081230023 194.758436464795 -0.125943978908406 0.991156118025014 0.0418050700071568 -647.773426956983 0.215867884197735 -0.0137497075500271 0.976325766388597 61.7527004814928
0.968985526779326 0.134337932829578 -0.207413521003981 195.301630728286 -0.127580675420628 0.990775649534696 0.04568132603502 -647.857923566312 0.211637000903457 -0.0178025866709632 0.977186188889513 61.8164780763191
0.96844393883831 0.136120936481785 -0.208776023476501 195.846728261513 -0.130114806090806 0.990596056247692 0.0423035528350802 -647.974129449478 0.212571104723315 -0.0138037675234052 0.977048095765438 61.8911771373871
0.968489907816644 0.13675328497224 -0.208148594774524 196.418949897341 -0.130931755575635 0.990519863300273 0.0415605075701762 -648.09008153661 0.211858853577541 -0.0129976712110228 0.977213838780387 61.943207032877
0.9680868908125 0.139456752529314 -0.208229647291073 197.007709520808 -0.133251508050902 0.990122459217065 0.0436067810794586 -648.198637714507 0.212254110535338 -0.0144682385911112 0.977107395649487 62.0240117826217
0.969343792629652 0.142818868249901 -0.199938446933501 197.602604348418 -0.135610125057324 0.989531460970262 0.0493698463841703 -648.295891787602 0.204896329084491 -0.0207426763431556 0.978563863887189 62.0991796274967
0.96709811545395 0.143078479346714 -0.210356325869345 198.202557897394 -0.135578872235248 0.989517802096762 0.0497281483368563 -648.414913382421 0.215266357076149 -0.0195721251126721 0.976359220486875 62.1736872246146
0.96663790710396 0.143013834634618 -0.212504587368788 199.13000367903 -0.137361334149404 0.989663459355897 0.0412080222337198 -648.605271701465 0.216201342341745 -0.0106433227340511 0.976290786216282 62.283465349262
0.966719698695919 0.142693656178661 -0.212347697514331 199.770260882669 -0.135951718727392 0.989642479386458 0.0460965635258256 -648.728865519075 0.21672598904686 -0.0156934215577257 0.976106327298144 62.3531422797591
0.966969601042934 0.14285960727638 -0.211094583700547 200.414175488684 -0.134663513230494 0.989484645533757 0.0527813836248649 -648.847846983918 0.216415177063183 -0.0226112552011856 0.976039549544452 62.429219068387
0.968762736750334 0.140014047427877 -0.204682257186272 201.087029708641 -0.132962736862957 0.989964002913506 0.0478767536637596 -648.985348082503 0.209331484707664 -0.0191661018032514 0.977656887692075 62.5169418877559
0.968028351650333 0.136922830190468 -0.210174329959138 201.747150985902 -0.129662637286417 0.990395164008228 0.0480106196694691 -649.107869518892 0.214729389914542 -0.0192238831079397 0.976484373364562 62.5882349888127
0.96906195936633 0.137274974699707 -0.205120696738003 202.413431621178 -0.128996951352405 0.990213492854634 0.053263731660575 -649.228713342065 0.210425058989831 -0.0251559116276757 0.977286280809931 62.6855950373862
0.968949056746288 0.136898197723612 -0.205904368313317 203.100176185732 -0.12824899069545 0.990224235294809 0.0548466974430456 -649.359268436001 0.21139990968796 -0.0267366283371208 0.977033894442299 62.7708030380789
0.968390719883949 0.13720355289608 -0.208313702658607 203.798511460643 -0.129627061266159 0.99031832259142 0.0496633157090331 -649.4954396734 0.213110859953558 -0.0210904009541869 0.976800366685766 62.8594457077145
0.96872041473526 0.137717281530118 -0.206433302650274 204.507403035037 -0.131251656891191 0.990337978056502 0.0447626159007174 -649.62804511234 0.210603325326223 -0.0162677468296089 0.977436238214353 62.9509839018567
0.967519307686782 0.142231589465463 -0.208989387796171 205.221471292029 -0.133227688919003 0.989466779872439 0.0566204418400799 -649.74893982057 0.214841272009341 -0.0269381975453525 0.976277399797013 63.0028649509141
0.967869117304818 0.144888760097887 -0.205515495680714 205.936677480553 -0.135568717238177 0.98902129415139 0.0588047840018676 -649.892051793219 0.211779353748159 -0.0290538622631859 0.976885550314675 63.109278304408
0.966943744184664 0.146683740307742 -0.208575348283236 206.649334543237 -0.136999365888666 0.988738721589852 0.060223867153881 -650.037216421363 0.215060385306653 -0.0296584011402425 0.976150300882789 63.2084621538794
0.967250747530625 0.149428083073258 -0.205176117982818 207.343740438034 -0.140528903329069 0.988413291368963 0.0573654318758428 -650.178736807448 0.21137080860558 -0.0266535820148851 0.977042459586685 63.290369786929
0.967578923357867 0.151647949036305 -0.20197506436863 208.020506516076 -0.143732353491328 0.988175625586045 0.0533848626248301 -650.315270505165 0.207682540511894 -0.0226237165538754 0.977934624510154 63.3901813406492
0.967733267634204 0.15233516310569 -0.200714525621812 208.693115836032 -0.145791020377412 0.988194469113623 0.0470815206907933 -650.455285296216 0.205517155223936 -0.0162999783683167 0.978517761521912 63.4646517749618
0.968143669170219 0.151086169738137 -0.199676751675012 209.367083974276 -0.144382224913449 0.988366504489497 0.0478061286055969 -650.581156851166 0.204576657941877 -0.0174534270867175 0.978694931481849 63.5338062134116
0.96890671175805 0.148206608946908 -0.19812769865584 210.013323095191 -0.14096887647275 0.988738955203742 0.0502300142207946 -650.706079328246 0.203340993840916 -0.0207383588325847 0.978888329022631 63.6028884133047
0.968212011750794 0.147147055253848 -0.202270226260815 210.678160247571 -0.136822126879137 0.988513606564238 0.0641915511078512 -650.829530261471 0.20939246857934 -0.0344759882742078 0.977223720718428 63.6783759628071
0.968405191381741 0.146920856743706 -0.201508429497603 211.3336610306 -0.138020529550122 0.988752551313416 0.0576083821497664 -650.975122991764 0.207705846637978 -0.0279759561928643 0.977791198133577 63.781225869031
0.968689254178188 0.144342897793725 -0.202005585804492 211.98769768185 -0.137109915933071 0.98932187251683 0.0494277605462678 -651.120061236167 0.206983090595662 -0.0201831716115975 0.978136309412529 63.849151865855
0.967545024172482 0.143843199375013 -0.207763712405781 212.642462344738 -0.138296638587886 0.989539441955032 0.0410576737116993 -651.236997436281 0.211496255178108 -0.0109921248575919 0.977316994243296 63.9151001663676
0.968472557045121 0.146199556388109 -0.201709186608849 213.305283065418 -0.139197940445823 0.98907377695073 0.0485489147567587 -651.344947450478 0.206603096845436 -0.0189407882712899 0.978241487013068 63.9826052398717
0.96743035510214 0.148991691804413 -0.204645996296546 213.944487784803 -0.140473607020382 0.988520757869497 0.0556226302128829 -651.475437156924 0.210584125132049 -0.0250636596365087 0.977254388175359 64.0637326605581
0.966884910923372 0.149885797111989 -0.206561895936316 214.563563727171 -0.143716706544072 0.988611458110791 0.0446418318640853 -651.625032248252 0.210900633685218 -0.0134771182438952 0.977414594731945 64.1362919679952
0.968606769183135 0.151030900258017 -0.197460360224175 215.198814635248 -0.145994163621604 0.988480200960382 0.0399073489190933 -651.773192291477 0.201212899390263 -0.00982646816383797 0.97949824381792 64.2383202124298
0.96765152180145 0.158676370578031 -0.19614367635874 215.815491767738 -0.152203786144335 0.987195360419191 0.0477423067117011 -651.892508840635 0.201207703228947 -0.0163441055738195 0.979412237198578 64.3205853279502
0.965228363847604 0.16880300173789 -0.199598978525333 216.419534934203 -0.161309874647891 0.985460947552582 0.0533464637051932 -652.024650857594 0.20570204171364 -0.0192942336734508 0.978424449092414 64.4150192489095
0.961185458080102 0.181176659359233 -0.208080593229574 216.990909517509 -0.172887260207126 0.983261058188688 0.0575124917538412 -652.154125201022 0.215017465414827 -0.0193056870660093 0.976419366877518 64.4690441594664
0.956892616831892 0.195176751911187 -0.215087320328309 217.571993453101 -0.185828526612221 0.980556434108573 0.0630621774553692 -652.304168720251 0.223213526807281 -0.0203743721788051 0.974556620422115 64.5120531793062
0.95269454767912 0.211683409934764 -0.218089964878875 218.140494945012 -0.200812745797384 0.977044503189066 0.0711215854248635 -652.4540620509 0.228138861108303 -0.0239619019783806 0.973333697816831 64.5713234348039
0.948682473463122 0.228982827998528 -0.218101877629903 218.696772569766 -0.216946446748244 0.97306591965931 0.077954828207704 -652.617404809168 0.230077821154503 -0.0266379518615496 0.972807594405707 64.6346095600166
0.945015086308936 0.246333431731364 -0.21509608796992 219.215294972381 -0.234497673127252 0.968874831977114 0.0793246573218114 -652.787326631615 0.227941501149787 -0.0245234657576774 0.973365949517864 64.7122872870136
0.941524384545817 0.265071625125061 -0.208011698851722 219.755535464438 -0.252640696139441 0.963844897800993 0.0847094542372533 -652.959789859651 0.222945087319274 -0.0272037963628951 0.974451354098113 64.803915880268
0.936044420828418 0.286838395117554 -0.20382486924411 220.267377165277 -0.271092613375017 0.957134630152874 0.101990660041128 -653.137241119569 0.224342678083096 -0.0402123718338987 0.973680300684981 64.8862451404125
0.929630528203475 0.310985761639158 -0.197673814881587 220.746897222924 -0.294892088790196 0.949522858172745 0.106981296385937 -653.32763580536 0.220965465629999 -0.0411606348975939 0.974412677018184 64.9877631975046
0.921556959785677 0.332542996184843 -0.200369472622422 221.22325324828 -0.316193108299464 0.942333444800576 0.109679519848529 -653.540788515261 0.225288011519706 -0.0377204785055548 0.973561748101685 65.0447277014317
0.911369028783447 0.362791806965396 -0.194392896405964 221.912505803049 -0.346743550459487 0.931215623522371 0.112278104377441 -653.852515619026 0.22175527860474 -0.0349223038562075 0.97447679762235 65.1377191750721
0.904078941635531 0.3830413437248 -0.189527296948693 222.375512936346 -0.366262269191859 0.922971151624703 0.118220994053508 -654.07355062032 0.220211755947789 -0.037464413328768 0.974732373667933 65.2091121132715
0.893796507061135 0.412867186885302 -0.175124212942502 223.260472018099 -0.394318586001123 0.909491930144645 0.131671112001998 -654.504901922527 0.213636740050463 -0.0486324479661945 0.975701915702448 65.3325781058929
0.882625952337625 0.436738360446145 -0.173870735820935 224.084328415249 -0.42063377372213 0.898903239023912 0.122638473884009 -655.000763748713 0.209853893612629 -0.035107996056903 0.977102232086534 65.4633304738687
0.878158103302849 0.446187880607785 -0.172495567485879 224.521288266898 -0.430474312399341 0.894339830879802 0.121852916527269 -655.243346077902 0.208638951224016 -0.0327512152540897 0.977444190699153 65.4859464383846
0.874106724662228 0.456517703930156 -0.165918714732882 224.967145835884 -0.439676449913343 0.888815610976112 0.129195313679562 -655.479880159026 0.206451091767208 -0.0399799410142131 0.977639785925587 65.5598954719086
0.869724101949721 0.46562790065626 -0.163617372605099 225.405724898316 -0.447570350019234 0.883827645140843 0.136123015939456 -655.729566838168 0.207992231276584 -0.0451591830665392 0.977087447423899 65.6173403300357
0.866538585700033 0.474097780587096 -0.156019786999526 225.855649910441 -0.455079271210712 0.878874764650675 0.143115355481335 -655.998157351841 0.204972525981691 -0.0530136067685576 0.977330968040036 65.6828666899405
0.862592694988374 0.482042201515133 -0.153522501644347 226.317856136264 -0.463355874327808 0.874605533662257 0.142711226654641 -656.290128081142 0.203064463357347 -0.0519661086267145 0.977785430079416 65.7812774987838
0.85822935915641 0.487270492421299 -0.161275646944861 226.762137791648 -0.470089090103427 0.872365821385152 0.134142167288076 -656.613385529515 0.206054882125396 -0.0393108241393464 0.977750502253911 65.8486270209355
0.855114212343537 0.493836643993272 -0.157813348287005 227.267028373916 -0.476540070088532 0.868587936691212 0.135884354634819 -656.913304120699 0.204179444234992 -0.0409922588297678 0.978074838275642 65.8815277935841
0.853004232291336 0.501290957300854 -0.14522794435459 227.762295393963 -0.483599431799485 0.863818633859418 0.14124077796608 -657.209405528233 0.196253329287127 -0.0502468300059 0.979264972731118 65.9560269002399
0.850494652872295 0.506296711718343 -0.142556954017784 228.240500664359 -0.489039500554193 0.860942826955092 0.140063612734646 -657.521132646936 0.193647133553121 -0.0494073720994077 0.97982636178503 66.0078117889313
0.848993844801433 0.509780147998312 -0.13904550404849 228.740135138491 -0.492374665518713 0.858727888865137 0.141963381336744 -657.843584240239 0.191772365695935 -0.0520635533943378 0.980057521864579 66.0616856781815
0.848801141489147 0.511839233163783 -0.132503666368265 229.247836387571 -0.49543907479494 0.857502663132814 0.138669772793017 -658.189895440557 0.184598876955023 -0.0520555675643235 0.981434395419531 66.1232012814468
0.848452743890633 0.512736272989836 -0.131261021422776 229.754428757496 -0.496579196519583 0.856987266968328 0.137774910045774 -658.529634652895 0.183131217896956 -0.0517140079151597 0.981727364606349 66.180503528645
0.850001585237419 0.51166689636551 -0.125276862419049 230.283443274672 -0.496229988929084 0.857544621083662 0.135547117040232 -658.874427810998 0.176785472200962 -0.0530491283072844 0.982818745651771 66.2024403804619
0.85160423274564 0.511587096769804 -0.114231664560898 230.81281225991 -0.498471904291283 0.857782059696819 0.125442013275077 -659.228376116582 0.162160387893999 -0.0498856741051568 0.985502627148777 66.2792094508861
0.852604670728045 0.509985222387276 -0.113931331947452 231.308830743654 -0.498728122558918 0.859237691769172 0.113933528041752 -659.56591915359 0.155998510318456 -0.0403194988781332 0.986934041761981 66.3259401669277
0.853282232958146 0.509656805093571 -0.110269542212586 231.817139579142 -0.498273988344686 0.859262267028556 0.115721169195727 -659.879041706286 0.153728538199775 -0.0437983730606497 0.987141954867789 66.3667175417834
0.853423665258205 0.510641937687274 -0.104464630627966 232.299448184045 -0.49896624630724 0.858348610168444 0.119458563811735 -660.191976169777 0.150667623009437 -0.0498244407583835 0.987328107814115 66.4299594479545
0.852743850463963 0.511835388294587 -0.104175144757388 232.754595222491 -0.500272955475041 0.857671359880809 0.11885625124692 -660.505271491057 0.150182873578055 -0.0492379297851923 0.987431380276274 66.4574073302695
0.850409338493541 0.513770455594901 -0.113330825289439 233.189597700019 -0.502639109459244 0.857016123743573 0.113478144528177 -660.82131320416 0.155428062604521 -0.0395383687239165 0.987055639137763 66.5053367052972
0.849558348122097 0.515385324357096 -0.112376957484114 233.639311141558 -0.505320467612742 0.856281745210354 0.106924262125816 -661.123442486649 0.151333532793284 -0.0340520228010129 0.987896058092886 66.5112521756979
0.849569925359998 0.517240571554035 -0.103407606404279 234.093559347943 -0.506521335019515 0.85469657380124 0.113709735302082 -661.398466297475 0.147197415377632 -0.0442262124862268 0.988117889239572 66.5428798391755
0.848440616333826 0.519648413373201 -0.100568618533778 234.538107947851 -0.507647095498683 0.852701626350154 0.123265416283535 -661.679283825004 0.149809702579067 -0.053530018667261 0.987264701138784 66.5867348702623
0.847025033732734 0.521680177553878 -0.10197246970342 234.97323935915 -0.51009139740844 0.851690172968366 0.120127497097958 -661.988945357418 0.149517084374883 -0.0497357177134191 0.987507468257109 66.6189967561886
0.845593951182308 0.523179277929137 -0.10608634629131 235.416238841035 -0.511585721309982 0.850965648879489 0.118901279130443 -662.305812631004 0.152482521869354 -0.046269942431961 0.987222453630236 66.676178777568
0.84537282802576 0.523006419193261 -0.108669531692983 235.872226363031 -0.512118762365475 0.851372594330861 0.11357411173148 -662.629247111895 0.151918250611911 -0.0403607619475084 0.987568657879558 66.6821306558411
0.846481352885083 0.522788306634736 -0.100805285892288 236.361299268004 -0.512300972865457 0.851319042756119 0.113152996610392 -662.954255269879 0.144972522979173 -0.0441392556211665 0.988450653140693 66.6977649820818
0.847379704372191 0.522720150550768 -0.0933342425173125 236.875249594304 -0.511528779243808 0.850765376154904 0.12056775166413 -663.29092651141 0.142428735244816 -0.0544235146254441 0.988307713433612 66.7549786679912
0.848599290303883 0.522095724549103 -0.0854125219349796 237.378823794383 -0.512963230578623 0.851517097721545 0.108569592254085 -663.645237810956 0.129413942719049 -0.0483185957517634 0.99041271434412 66.7968622150103
0.852861568382233 0.517403960073446 -0.0701447594401193 237.922531048075 -0.510962875807002 0.854688183912158 0.0917880592886448 -664.0049068746 0.107443402420232 -0.0424411401973612 0.993304920402145 66.7879882819883
0.855700479727202 0.514743618218233 -0.0530631369053655 238.464540264885 -0.510570178145387 0.856529093074119 0.0753392720048134 -664.380232203653 0.0842305299949052 -0.0373753959340914 0.995745096696713 66.8076260800464
0.859631475399428 0.509196962966874 -0.0418590421284901 239.020847013953 -0.506395405528823 0.860036368917533 0.0624590857957802 -664.748438329487 0.0678042753954516 -0.032494569461021 0.997169335265401 66.8071876069975
0.863859914518969 0.502823325811505 -0.0302448525725673 239.590447475591 -0.501020091137269 0.863880870606211 0.0518527692361434 -665.111798841742 0.0522007314515999 -0.0296402500075658 0.99819664356048 66.7925682662107
0.867042080282756 0.497639351020089 -0.0243537950893815 240.166999155269 -0.496181218821816 0.866869574625415 0.0483873813845187 -665.48390230038 0.0451910290594002 -0.0298700000846821 0.998531699039892 66.7897299835004
0.869743653798932 0.493080395195665 -0.0204377237032724 240.747037659295 -0.491314424654878 0.869038938202369 0.0581503225626866 -665.839159665869 0.0464339617363301 -0.0405345255527289 0.998098612079831 66.7996066130372
0.871333820914714 0.490083671319221 -0.0244001564838962 241.349268372758 -0.488092478834471 0.870758287607739 0.0595460886008476 -666.222164540369 0.0504292041914811 -0.039974988038929 0.997927299804901 66.7736805462814
0.872761273178625 0.48752408003827 -0.0246582931782282 241.972951211224 -0.485650828190791 0.872291544734983 0.0570152090363253 -666.615443288149 0.0493055079805891 -0.0377853459253104 0.998068752399393 66.7541955766419
0.873781162178628 0.485687959940382 -0.0247726904214108 242.607228900654 -0.483814721247529 0.87331570971685 0.0569472270258159 -666.99836442365 0.0492929622354005 -0.0377740219026815 0.998069800737081 66.709332894838
0.875406312157402 0.483109661041743 -0.0163964643478175 243.269411116422 -0.48123177334324 0.874200363331172 0.0647279311933217 -667.384711549025 0.0456044839889475 -0.0487727399248643 0.997768235052772 66.6672341146663
0.876144438877797 0.481816507726756 -0.0149591144625833 243.925615576841 -0.479991384772549 0.874849029782537 0.0651724300044441 -667.778725187634 0.0444881193988046 -0.0499202160506798 0.997761885051644 66.661062493488
0.877125178722848 0.479913416543122 -0.0182902562125409 244.588144781212 -0.478042002533964 0.87609505202696 0.0627160555774607 -668.190813194244 0.0461222794723998 -0.0462663207504698 0.997863799774541 66.6125661924161
0.878770254317094 0.477094359994716 -0.0119921552984697 245.289511283527 -0.4753075577721 0.877188248618928 0.0679963382071454 -668.598618016759 0.042960047162353 -0.0540531973715852 0.997613495398752 66.5655886687266
0.879833581107215 0.475213934412255 -0.00803654754728512 245.986905065939 -0.47333771483288 0.877637142985109 0.0755278291076994 -669.001921634971 0.0429450494567494 -0.0626479193059034 0.997111308196732 66.5373249601393
0.881092299984241 0.472913689499135 -0.00538527555439017 246.679754486995 -0.471385112850557 0.879054375593703 0.0711300227219905 -669.441575264367 0.038372311519478 -0.0601335765931124 0.99745251449619 66.5227740599429
0.882016349309211 0.471204662383898 -0.00365043818315755 247.383505347942 -0.469886122299357 0.880077691216757 0.0683395163361368 -669.872747451374 0.0354145679308107 -0.0585612804697791 0.99765544393243 66.480059871012
0.882903320075403 0.469527054184446 -0.00510615204515196 248.111100761366 -0.468026041014606 0.880853521307726 0.071054197145377 -670.295724492665 0.0378596398824147 -0.0603441744384347 0.997459386781896 66.4457209650073
0.883310012132572 0.468755927979147 -0.00559485931583645 248.833378180019 -0.467151929146068 0.881158727241037 0.072995701942392 -670.72817543383 0.0391471271163302 -0.0618641850456661 0.997316562104116 66.4252730593617
0.883502387801948 0.468358370381193 -0.00799797737729101 249.555625410064 -0.46670530556342 0.881589828554814 0.0706082994247146 -671.169687912925 0.040120923558778 -0.0586499026646124 0.997472054952029 66.3976053399123
0.883298343191628 0.468702651021221 -0.0100926627113177 250.290673912207 -0.467100807899661 0.88170892944341 0.0663792060756992 -671.621227636894 0.0400109006947937 -0.0539183518427257 0.997743423511353 66.3465449694173
0.883557681410088 0.468271087643983 -0.00692907626973003 251.036299511324 -0.466813665933668 0.881801577138583 0.0671638284605434 -672.06132874105 0.0375609493863139 -0.0561085290542159 0.997717900034159 66.3232447039483
0.884170828455983 0.467142376222418 -0.00446614428055226 251.782253152491 -0.465668204637526 0.882064426484076 0.0715225189781624 -672.493417147661 0.0373506264622922 -0.0611583834694037 0.997428986361577 66.2790314304749
0.883566159982118 0.468306276586669 -0.000268782409182146 252.503197495251 -0.467029069369828 0.881198489400421 0.0733012321995209 -672.923644026765 0.0345642777735213 -0.0646409590580647 0.997309809995895 66.2482849105051
0.882836081217919 0.469677356658198 -0.00190639512060769 253.188367679714 -0.468464731031798 0.880834186473628 0.0683515304777272 -673.34067542702 0.0337823841534789 -0.0594501184347884 0.997659477947759 66.1880249289968
0.882073025366799 0.471106286571558 0.00245859167382884 253.839400188933 -0.470314564099157 0.880263018814135 0.0627792043948037 -673.741494939045 0.0274114705275168 -0.05653215422202 0.998024411937172 66.1511236040112
0.881175424858181 0.472787625095776 0.00131612396824716 254.465078977252 -0.471801400175176 0.87915062115709 0.0670643281621914 -674.101354549769 0.030550113236242 -0.0597163869921705 0.997747785618115 66.0947466542457
0.879201930235476 0.476449057379104 0.000511461411978666 255.055898583236 -0.47521011678819 0.876837301632038 0.0730184317059881 -674.463114838067 0.0343410945132504 -0.0644409977359907 0.997330460298101 66.1022061191984
0.877240495131635 0.480049075335067 -0.00141384976242662 255.59922019691 -0.478608582408335 0.874828710179025 0.0748902710075792 -674.800318146828 0.0371878817128315 -0.0650200977886979 0.997190778305365 66.064962103753
0.87473228136922 0.484534926944825 -0.00832709440158163 256.118812445009 -0.482444539739125 0.872322629457867 0.0793756651097605 -675.131682999477 0.0457241949792862 -0.0654150954007246 0.996809993573104 66.050845694336
0.872396062681194 0.488730725997242 -0.00820897585325028 256.626253236616 -0.486819379221554 0.870249359240652 0.0753189534949532 -675.465880589635 0.0439545427992542 -0.0617116699453411 0.997125703188853 66.0358464592027
0.870572465070471 0.492018524421124 -0.00462111324077848 257.116202559772 -0.490189526950222 0.868073556587802 0.0785017708164766 -675.781667858417 0.0426357916478856 -0.0660762588186166 0.99690326375787 66.0256863309993
0.868302582581348 0.496004608947081 -0.00548206036217092 257.586883162348 -0.494115585142828 0.865861295089504 0.0783198964816003 -676.081661186676 0.0435937335120798 -0.065296596918835 0.996913206266873 66.0097106387444
0.866982258490013 0.498332797669037 -0.0024872134826185 258.057892361529 -0.49646943012096 0.864150840917786 0.0822279094739254 -676.37661818845 0.0431261917971645 -0.0700553132063117 0.996610447804276 65.9939184743872
0.865257456360787 0.501317720643299 -0.00317445760221554 258.51036505277 -0.499360137141891 0.862404639607725 0.0830523390200476 -676.671337519302 0.0443732762560134 -0.0702764580217067 0.996540130552819 65.9857602867388
0.863781017729364 0.503841576445013 -0.00510090735350687 258.961891445243 -0.501803337651105 0.861113899580688 0.0817083978006707 -676.97409064087 0.0455605501792644 -0.0680185106742604 0.996643225268209 65.9623608637761
0.862893051209776 0.505368099536519 -0.00432043339599412 259.428381039849 -0.503315825450768 0.860099161070856 0.0830819654077922 -677.28173223669 0.0457029761032516 -0.0695163081302254 0.996533351614109 65.9487517783538
0.861889134860359 0.507077345453291 -0.00443677109021945 259.898199752425 -0.504927976285683 0.858978441395866 0.0848750610083681 -677.596216696429 0.0468493113472161 -0.0709126430558952 0.996381723578428 65.9406081202834
0.861150722592933 0.508332174228385 -0.00422298732077036 260.36602552264 -0.506053277579895 0.858019676171576 0.0878197902130835 -677.902850758013 0.0482650311127416 -0.0734890192251025 0.996127427001695 65.9223961759301
0.859943926015612 0.510383680863812 -0.00222315468746265 260.840688896804 -0.508248343108964 0.856728330829009 0.0877507201220171 -678.216921353197 0.04669117513889 -0.0743307840860464 0.996139984490786 65.9137401649267
0.858734360273484 0.512407334865772 -0.00374455090041481 261.301040572875 -0.510231313159053 0.855716784663764 0.0860975697490814 -678.537131216124 0.0473213013100596 -0.0720243543564699 0.996279672994414 65.8903994069725
0.85819888634402 0.513314017737278 0.00184137782589715 261.767565296126 -0.511469229054908 0.854799496176142 0.0878467362341536 -678.845050338931 0.0435189522836135 -0.0763317793021177 0.996132300580956 65.8705935133091
0.856888901795358 0.515485449761587 0.00402008259117277 262.230918450955 -0.513632698967898 0.853093798418104 0.0917192545299162 -679.148952142312 0.0438504336454933 -0.0806580571590067 0.995776790894644 65.8635617986222
0.855849608547585 0.517216855359939 0.00285868510334506 262.664269230407 -0.515173440948519 0.851950533581911 0.0936835848521946 -679.443872871884 0.0460192708569604 -0.0816517780643639 0.995597917760339 65.8469091098536
0.854298348792819 0.519778418355735 0.0021741806442435 263.089255536491 -0.517591799791728 0.850305908852787 0.0952816359976816 -679.738103336296 0.0476766194085085 -0.082524282375824 0.995447980951356 65.8414965117021
0.852720554120178 0.522366242157802 -0.00107964573493894 263.494225893349 -0.520087271799891 0.849189593486079 0.0915765473617319 -680.041870094966 0.0487533208378954 -0.0775276942059139 0.995797454474749 65.8311233468
0.851203636733661 0.52482551200289 -0.00324819369728478 263.915171776286 -0.522358081861407 0.847769951984899 0.0918049172190329 -680.325745672281 0.0509352836986465 -0.0764479591776452 0.995771714004827 65.8082275382315
0.848275110410815 0.529554587633213 0.00112950172104807 264.732454621017 -0.527298176179908 0.844460059067559 0.0940417037114829 -680.887069754213 0.048846396539186 -0.08036882079658 0.995567618089753 65.7890787029769
0.8452969602467 0.534284101035609 0.00368081217401836 265.514688389865 -0.532300938281834 0.84152451032508 0.0921531856552566 -681.450178179412 0.0461384882930466 -0.0798561074853071 0.995738038841204 65.7746633743882
0.841872580883793 0.539672940646328 0.00191694814914247 266.27724038713 -0.537353041706557 0.837913798011195 0.095667004087957 -682.006573538857 0.0500226561147336 -0.0815695055556845 0.995411547872853 65.7330689717113
0.832710598827774 0.553679476755618 0.00566529959631164 267.058976725433 -0.551776441441854 0.828907671435577 0.0919501544588907 -682.598241305297 0.0462149031120332 -0.0796938470327241 0.995747494837657 65.7205967848347
0.814119448743555 0.580292905385737 0.021671805104113 267.832565761114 -0.579761328540342 0.810122564302183 0.0870530455388651 -683.23662055628 0.0329594463944234 -0.0834360519645764 0.995967921233378 65.6992818388474
0.80071395137112 0.59789184513826 0.0371821139368462 268.206306465347 -0.598916069510742 0.797698498399314 0.0705453565678413 -683.570210338708 0.0125183769495486 -0.0787556167434773 0.996815350538857 65.6513628776411
0.787511251167047 0.613497145617813 0.0587135555396373 268.605513232421 -0.616297896210131 0.78419108088078 0.0722582299395779 -683.91467615146 -0.00171242876565554 -0.0930892098249282 0.995656299433641 65.6011208666815
0.768263301365909 0.635367105167914 0.077975261749469 268.991266888342 -0.639992171410261 0.76493714781927 0.0726717305401427 -684.280564155142 -0.0134729472622669 -0.10573458070407 0.994303111800121 65.5788783778594
0.744137563718695 0.662766747053197 0.0836631655110398 269.340673288536 -0.667521724991545 0.742588175916801 0.054566909870994 -684.685986494679 -0.025962144116325 -0.0964522679312417 0.994998958333024 65.5593672178815
0.715575760555114 0.690643086343009 0.104706533667081 269.696272401764 -0.697354753971739 0.71500598444797 0.0496264981295766 -685.095184117372 -0.0405916003501592 -0.108529118167399 0.993264190681824 65.5057142982421
0.682075602503328 0.72061897201646 0.124423348450613 270.031005367422 -0.730128015823105 0.680623382540732 0.0605383485819501 -685.513944879067 -0.0410603577668012 -0.132136703109903 0.990380703927186 65.4634446714276
0.643587454322671 0.754460876990517 0.128778778256214 270.309390094989 -0.764382581094105 0.642146542929442 0.0580266070322924 -685.947651931114 -0.0389160424295376 -0.135781451216525 0.989974211354598 65.3987188855116
0.602592006209896 0.786009899577033 0.138098920411548 270.573939323982 -0.797226159386122 0.600747030596965 0.0594428803086129 -686.399098844253 -0.0362398239839414 -0.145915876435129 0.988633011871332 65.3202570835233
0.558028683308521 0.816400803881224 0.148639550682347 270.852112753737 -0.828990812034545 0.556467441768201 0.0558410226827789 -686.918768011397 -0.0371244147060106 -0.154381714182881 0.987313559189122 65.2660622629105
0.514572967265641 0.842318407413494 0.1603569826725 271.091131868458 -0.856934886530067 0.511652619279826 0.0622430512731685 -687.409404757193 -0.0296186023832227 -0.169444084336064 0.985094635391127 65.2267764200651
0.466178135840691 0.868402372398856 0.16898303250959 271.301874024972 -0.884106401589425 0.464234729606433 0.0533102850849795 -687.93777126207 -0.0321530143641085 -0.174251070123773 0.984176177433705 65.1709235890455
0.41857811641999 0.89132743375316 0.174148690185424 271.490090811433 -0.9079901934977 0.414652663147034 0.0601413123990664 -688.489867135745 -0.0186056165257468 -0.183299140161861 0.982881099751958 65.1554664929337
0.368206585855638 0.911340074826608 0.184073838846176 271.641076281851 -0.929576577518696 0.364610182261599 0.0542844500735862 -689.062195650589 -0.0176436011393128 -0.191098621152002 0.981412258091696 65.1027363675958
0.318743743216014 0.926981440661741 0.197757009558013 271.771444870266 -0.947784528124025 0.313986517633344 0.055829696338107 -689.63843509609 -0.0103399424254983 -0.205226400380581 0.97865990526713 65.0838692454461
0.266321034200507 0.943257281623618 0.198340130599924 271.850367794205 -0.96386887633546 0.261784835730072 0.0492492539394932 -690.217639962406 -0.00546772111482454 -0.204289991056347 0.978895144323439 65.0123543964071
0.216065131414584 0.952898423073006 0.212839033759733 271.923544244407 -0.97637880178468 0.210747897424515 0.047641989428011 -690.786828388496 0.000542597743283344 -0.218105293461952 0.975925092694908 64.9895765484468
0.163951490530825 0.962853660391644 0.214552411832482 271.944392311732 -0.986437220342592 0.158292345067864 0.043418242890486 -691.355585889344 0.00784340968594806 -0.218760970383957 0.975746954266919 64.9526495628409
0.113507170677582 0.968905772171688 0.21985842457626 271.93231978838 -0.993445403759861 0.107675249026378 0.0383701771629045 -691.898848449252 0.0135037755155925 -0.222772631621329 0.974776898909351 64.9219306338566
0.0626005534159313 0.973063013029647 0.221877316068326 271.882393685684 -0.997921009505899 0.0576133390151049 0.0288853242020638 -692.431856478502 0.0153241475699921 -0.223224272518011 0.974646651181883 64.940846717436
0.0126353328645396 0.974879464281119 0.222374410592495 271.816245332598 -0.999560600227818 0.00635092881668808 0.0289529303416825 -692.934295786274 0.0268133331685424 -0.222642529239413 0.974531348566206 64.925095208983
-0.0836944273501926 0.970727992329367 0.225127536606964 271.611584281402 -0.995575410390224 -0.0911405112144532 0.022869399683985 -693.877482070372 0.0427182052158216 -0.222217398337224 0.974060872235084 64.9248155411264
-0.179940541116367 0.960616713436134 0.211747329451659 271.318771483805 -0.981849507300045 -0.188512671653678 0.0208450867269152 -694.675193515906 0.0599411934933642 -0.204153134908952 0.977102118936111 64.9458294583597
-0.268274347483076 0.940401860173834 0.208981376835646 271.006612983666 -0.960646647026071 -0.277370966589059 0.0149454491741492 -695.387716621795 0.072020094696519 -0.196747778323019 0.977805408905505 64.9408395001359
-0.346821306964924 0.918290241607322 0.190939815659041 270.623185110946 -0.934147254406466 -0.356456673882189 0.0175370102841815 -695.987977254892 0.0841658370124308 -0.172283695727753 0.98144507745792 64.9812545730732
-0.414658810382361 0.890798879471968 0.185837098835974 270.258561861371 -0.905164397020223 -0.424748593195053 0.0163109455838602 -696.540950054122 0.0934638183432614 -0.161449648219837 0.982445176969376 64.9824936352316
-0.473143560137622 0.862209656924425 0.180913457229037 269.893950508237 -0.875571906929272 -0.482944557765286 0.0117639245632698 -697.022228247434 0.0975141389570477 -0.15283671558614 0.983428660896308 64.982036667879
-0.527956423457804 0.831562011902963 0.172530099662461 269.525533686041 -0.843228677271909 -0.537460039454061 0.0101046433042331 -697.443608095229 0.101130671687229 -0.140147516388748 0.984952415548161 64.9916676039203
-0.584108357499085 0.793399834935083 0.171272089450391 269.148209111957 -0.80494339013335 -0.593341845382081 0.00340487873742606 -697.803398539568 0.104324327845188 -0.135875518190618 0.98521788360549 65.0253519945017
-0.668169162883294 0.726360998279524 0.161089012506162 268.556737062091 -0.736149653278802 -0.676816888681999 -0.00160846893648917 -698.249629827303 0.107859435142866 -0.119660350046253 0.986938570974643 65.0560999514818
-0.753921486572507 0.637022432099989 0.160638765824805 267.957749969575 -0.647315838256546 -0.762052560492336 -0.016065509307178 -698.614629405692 0.112181092999338 -0.116096150015793 0.986882508875795 65.0807268830979
-0.818534209577411 0.553575058027865 0.153480952827797 267.417570303521 -0.563089203626957 -0.826059086017336 -0.0235994738704591 -698.832517662679 0.113720255496734 -0.10574044419071 0.987869759610096 65.0941028520947
-0.869966031033844 0.469467499517301 0.150862095120657 266.939740625759 -0.479679513818357 -0.876611448848701 -0.0382090535130844 -698.987352564605 0.114309530968359 -0.105606035075433 0.987816124835711 65.1375078687721
-0.927286111193953 0.346712709484503 0.141176361579094 266.284776058032 -0.356025439331209 -0.93332691383371 -0.0463331248963788 -699.089297158711 0.11569941458718 -0.0932264393590054 0.988899629117448 65.1495333184127
-0.962349768063906 0.235476706413564 0.135770558826159 265.713112813901 -0.24468893191449 -0.968013414046686 -0.0554739292300818 -699.121002041541 0.118364904029417 -0.0866068759527689 0.989186028273655 65.1824968824937
-0.988384387050748 0.0852991007261099 0.125779039786585 264.973503035255 -0.0950455673973055 -0.992746117714057 -0.073630740060063 -699.056004461157 0.118586017525013 -0.0847302140855623 0.98932206448081 65.229882567755
-0.992262106005399 -0.0448767460083104 0.115766967021835 264.352138021816 0.0347022043111525 -0.995475609446022 -0.0884537620116783 -698.913967846369 0.119212709061057 -0.0837519472357343 0.989330046714719 65.2565876506493
-0.97806169944721 -0.18147298314083 0.102288163852925 263.718405131101 0.171173728066468 -0.979962168239165 -0.101851380156685 -698.6750771783 0.11872180462856 -0.0821078876233126 0.989526870729529 65.2846772890074
-0.944756062989743 -0.315316031962555 0.0895085550744082 263.080825853473 0.305680093258711 -0.946147220639874 -0.106607304912875 -698.324330708153 0.118303262970492 -0.0733569142128376 0.990264157236697 65.3080884877433
-0.899901979030241 -0.42950505709723 0.0755104897703736 262.446167557954 0.420525249962276 -0.900521547703968 -0.110541649458539 -697.906952202597 0.115477020578214 -0.0677225815275465 0.990998844434051 65.3516315522706
-0.85381704136832 -0.516500270146735 0.0649917749211229 261.815854604931 0.508179349307314 -0.854048416003188 -0.111153281823082 -697.412278975832 0.112916822513939 -0.0618770883348189 0.991675862937362 65.3685540402068
-0.824656204317971 -0.562828288136067 0.0562713315437077 261.350205812271 0.554838541472976 -0.824247714016687 -0.113003977073402 -697.016517329604 0.109983351358366 -0.0619679272857339 0.991999817747914 65.3860026924204
-0.790716521114456 -0.61022139308722 0.0489615630402392 260.585406193042 0.602646710854628 -0.789967652554347 -0.112995795558389 -696.32382169866 0.107630502798928 -0.0598411174399883 0.99238838945787 65.4252609472608
-0.772186984759228 -0.633416425893968 0.0501088013842394 259.992373276243 0.625573886396899 -0.771695610749765 -0.114643783118962 -695.768061527748 0.111285997442326 -0.0571796795833934 0.992142082070914 65.4386583327808
-0.763157712421878 -0.64431482307714 0.0494844898334806 259.53667372468 0.636747167964179 -0.762830022065037 -0.112442881170184 -695.334655337929 0.110196869559002 -0.0543025432123416 0.992425253477595 65.4693742923258
-0.761300872735783 -0.646390348300272 0.0509950859984335 258.906933454311 0.638637967808951 -0.76111291014368 -0.113352036088779 -694.743537292983 0.112082680395266 -0.053727605910483 0.992245341192662 65.488958170759
-0.771737606249312 -0.633837868469782 0.0516780765341111 258.241403983569 0.625796544835447 -0.771372055706052 -0.115602059444615 -694.166168059559 0.113135987080144 -0.056874494894489 0.991950371872453 65.5235335810025
-0.78189527976727 -0.621112746219467 0.0534670736189572 257.716750317223 0.61318719370463 -0.781708076371807 -0.113727520028044 -693.718844358732 0.112433255553252 -0.0561376862615574 0.992072236899559 65.5634017509391
-0.800395653340767 -0.596808158348194 0.0564519285963019 256.79394177016 0.588572890099195 -0.800226602373924 -0.114975379509556 -692.98259204997 0.113792579518557 -0.0587997192350549 0.991762996821514 65.6047218347228
-0.818535420802507 -0.571632802874003 0.0568832450733609 255.847191169557 0.562908812343797 -0.817894147317552 -0.119091698994477 -692.29028850991 0.114601194921171 -0.0654606940240227 0.99125247220904 65.6607375802513
-0.830913568211145 -0.552701354395687 0.0640613378863985 255.06965815829 0.543879516365849 -0.83110115055504 -0.116042876660906 -691.712210089671 0.117378506721935 -0.0615799512443952 0.991176167875553 65.6861772805081
-0.838887493137318 -0.540580725102454 0.0635629884877199 254.436897255914 0.531204498009134 -0.83856204746835 -0.120977162475206 -691.280285459394 0.118699431981154 -0.0677212831641116 0.990618126552284 65.7365778282117
-0.84502248887086 -0.531169791885832 0.061608810169152 253.816700795865 0.522328087686785 -0.844596627530599 -0.117600618949919 -690.858658997603 0.114500489588312 -0.0671951557175025 0.991148045920557 65.7517802434402
-0.847323051659568 -0.528010503919635 0.0569960865046935 253.388140896019 0.519249732868421 -0.846190912878063 -0.119752469196521 -690.5666860044 0.111460132075959 -0.0718738249512563 0.991166379698426 65.7613059941729
-0.847510395465213 -0.527700243054999 0.0570840000183397 252.962002948443 0.519325861430512 -0.846634518583412 -0.116235285488064 -690.266331387142 0.109666673277961 -0.0688654152875774 0.991579938960755 65.8207178117273
-0.848023845940429 -0.526579076907225 0.0597497487855644 252.332971599906 0.518465487985261 -0.847696359008532 -0.112269411203065 -689.822932712255 0.109768367413425 -0.0642289552087869 0.991879804627647 65.8313128161079
-0.848563344400309 -0.526302571805108 0.054275716959716 251.887809870233 0.518287427698017 -0.847473705747185 -0.114745197534823 -689.526047064278 0.106387935548799 -0.0692381468445069 0.991911128171876 65.8486745904433
-0.848371637010283 -0.526308533947007 0.0571392388035066 251.456902246694 0.518295064039355 -0.847713949392562 -0.112921594913042 -689.222548207114 0.107869328861047 -0.0661844928953663 0.991959586269143 65.8797646987404
-0.848463155027014 -0.52577334309436 0.0606025267871245 250.82128584348 0.517573021606357 -0.848203565011172 -0.112556117592982 -688.77861999737 0.110582285502108 -0.0641334857443409 0.991795570739964 65.9184942615637
-0.848975876341163 -0.525084997123499 0.0593776657218101 250.190206895993 0.516997014370823 -0.84859374614036 -0.112261930961149 -688.345769083799 0.109334571487754 -0.064609595319008 0.991902995090903 65.9323641115366
-0.849514684691323 -0.524364173400173 0.0580259782179863 249.774333937095 0.516061666131683 -0.848792763082871 -0.115026962437232 -688.064092479951 0.109568048459363 -0.0677721107277711 0.991666165483279 65.9500696186657
-0.850027328561769 -0.52363375170765 0.0571072217036832 249.170394210475 0.515613247410253 -0.849333965972058 -0.113025631346295 -687.65621355242 0.107687138476221 -0.0666296354390848 0.991949581323596 65.982824176555
-0.850099780773496 -0.52385223546313 0.0539369829443103 248.572044501468 0.516197018821136 -0.849167714129377 -0.111601214332378 -687.246998860403 0.104264090122271 -0.067030058037951 0.99228824987017 66.0134078170007
-0.848879096649684 -0.52604814051788 0.0517458513206213 247.810800856581 0.518815866618923 -0.847921007941214 -0.108903906433204 -686.718668502859 0.101165091882877 -0.0655996810177979 0.992704541157484 66.0623376408664
-0.845504319064551 -0.531741528497616 0.0487174846868026 247.25061754999 0.524207698845652 -0.843951757020714 -0.11380562504813 -686.337704063227 0.101630383813776 -0.0706850669708176 0.992307858677536 66.0462911097645
-0.838304623852767 -0.543278017830442 0.0457641013163888 246.72371279681 0.535863275329075 -0.836507062147133 -0.114483558346025 -685.940029591699 0.10047839459638 -0.0714487950926987 0.992370476132344 66.0867841490912
-0.818299606217731 -0.57345869301056 0.0391264855887682 245.859733670506 0.566427335234964 -0.816091591118092 -0.11469345580703 -685.254550957566 0.0977027551429607 -0.0716912987534884 0.992630106998832 66.0898197047291
-0.786009502452099 -0.617266961446183 0.0342134529388661 245.208835729241 0.610451743441065 -0.783693023815994 -0.11477766922145 -684.647866903111 0.0976613075110456 -0.069330676681694 0.992801856508181 66.126486713414
-0.751945213517976 -0.658930507292267 0.0197226374240438 244.74888793181 0.652695768382957 -0.748364203784691 -0.118064611246078 -684.173574000638 0.092556090034021 -0.0759052373243244 0.992810034772188 66.1499922081156
-0.679215986661394 -0.733678654675281 0.0195262678835238 244.123773204172 0.727639149707387 -0.676626226194934 -0.112775076317033 -683.336909737037 0.0959526512228829 -0.0623905577717613 0.993428662272349 66.1868604810396
-0.599579031166582 -0.800211419115257 0.0129100775710241 243.591887889676 0.794026310980962 -0.596808213805703 -0.115508326124178 -682.450560691489 0.100135921902712 -0.05900542900101 0.993222611750811 66.2160507140753
-0.512140546777844 -0.858876042074049 0.00663360364399273 243.199687981008 0.853574061849986 -0.509807555864759 -0.107273374702752 -681.580544849284 0.0955163927449451 -0.0492767727678657 0.99420743227084 66.2417552804428
-0.443606936843969 -0.896219625336509 0.00180796725597068 243.003599897845 0.890904462739816 -0.441193682905478 -0.107876653797663 -680.969529428274 0.0974788379813325 -0.0462441058513274 0.994162642035909 66.2519720306616
-0.366806525723363 -0.930256480238097 -0.00870940077053113 242.845066211834 0.9252601206321 -0.363831538318885 -0.107332757778722 -680.307080215565 0.0966782387853044 -0.047428817184695 0.994185005643231 66.2666148005992
-0.287822121571809 -0.957605030747668 -0.0122894841495153 242.738292087535 0.952592037989017 -0.284946721130161 -0.106647903294449 -679.657938735698 0.0986247205006695 -0.0424024905392137 0.994220897639069 66.2907938875585
-0.210506490618641 -0.977468932466994 -0.0155403818891443 242.694091934505 0.972335245989594 -0.207701599046466 -0.106884120241952 -679.033736675254 0.101248144742407 -0.0376102621019474 0.994150029608632 66.2946783555243
-0.125882984226454 -0.991707611846323 -0.0258744446955531 242.700159369012 0.986394523754145 -0.122343574291652 -0.109808439281214 -678.365325879385 0.105732293033279 -0.0393454245828417 0.993615931723279 66.3126218699332
-0.0506932085403344 -0.998268651429307 -0.0298311612479155 242.751748067749 0.993390794527047 -0.0473205637462331 -0.104572910429337 -677.82530825959 0.102980230902876 -0.0349351373297952 0.994069720001037 66.293895709779
0.013888310460082 -0.999124201070538 -0.0394708204592366 242.82740641425 0.99433761485109 0.0179595148596285 -0.104738548387182 -677.319032368081 0.105355695265191 -0.0377926799945137 0.993716202350561 66.3270631306991
0.0919800096910357 -0.994659603083768 -0.0468182850014636 242.970585980342 0.99064486568178 0.0961662053229601 -0.0968236079275651 -676.679797204018 0.10080886823869 -0.0374744572612274 0.994199797393568 66.3460274821071
0.154046436079808 -0.986466803906183 -0.0561510491641194 243.125630153727 0.983016727097937 0.158748471131414 -0.092070826862253 -676.033898114414 0.0997387075150352 -0.041014237827377 0.99416800517753 66.3709046476106
0.194874308622716 -0.979324983172748 -0.0542824204739839 243.31599086439 0.975830281733952 0.199164053326173 -0.0899385407582637 -675.420812093614 0.0988901668006223 -0.0354437187155257 0.994466931432996 66.3806954569754
0.219880542519372 -0.973663711309605 -0.0602621299008883 243.648925594078 0.970314890872449 0.224665132238771 -0.0895242475942881 -674.261509622399 0.100705310548028 -0.0387886018688511 0.994159888947691 66.4016654216593
0.190687814579658 -0.97964002624047 -0.062797900907626 243.926762034404 0.976784361459336 0.195715784985526 -0.0871070761532971 -673.048736602565 0.097624118840126 -0.0447297495529461 0.994217672808937 66.461646408328
0.162168838404985 -0.985299963122643 -0.0537145280245037 244.036592468023 0.982079679276009 0.166457092819283 -0.0883829157885418 -672.504016673814 0.0960248478442408 -0.0384189916664933 0.994637225160922 66.4981103071768
0.118632223652201 -0.991664281563385 -0.050282682731825 244.112436239295 0.988470624088287 0.122745362878419 -0.0886532639351655 -671.963810934743 0.0940862414269334 -0.0391858209461063 0.994792566624285 66.5064795582081
0.0660512794531041 -0.99700287859451 -0.0402801260781177 244.131867195666 0.99301477391769 0.0696352885905327 -0.095250120021506 -671.425115080724 0.0977695620518269 -0.033707367995356 0.994638087989305 66.5196163400232
0.00501147057504738 -0.999128140158237 -0.041446890192357 244.120608027264 0.995049216062789 0.00909643269761631 -0.0989662191103961 -670.904352668216 0.0992569532854229 -0.0407457292991499 0.994227259115528 66.5345702369296
-0.104990418153421 -0.9937993956293 -0.0366029144031937 243.997663569847 0.989432606478902 -0.100686367965338 -0.104332988753869 -670.052188658593 0.10000064665959 -0.0471700811191409 0.993868630209686 66.5491727812242
-0.222762779805172 -0.974556423665054 -0.0248298414544209 243.803104832038 0.968968987052529 -0.218543139506886 -0.115490251990679 -669.268565521101 0.107125375443304 -0.0497862758966085 0.992998227928166 66.6013540035122
-0.379848386164339 -0.925046316471251 -0.00212506736796465 243.37746457051 0.918158286024484 -0.376738120624001 -0.122693725484548 -668.237762514274 0.112696784927209 -0.0485561618300528 0.992442307550119 66.6289045907925
-0.447535514364599 -0.894249957426591 0.00538303120506112 243.120689118371 0.886844370974389 -0.444587154056989 -0.125894098823366 -667.782780606939 0.114974019036712 -0.0515681693493948 0.992029081658647 66.6411657300931
-0.553007205313388 -0.833035600349052 0.0153205555568449 242.591865344931 0.824804624368003 -0.54995813431887 -0.131314059101321 -667.046325996609 0.117814950208511 -0.0599811557708059 0.991222426330117 66.6826117747006
-0.611215450164471 -0.791039668642405 0.0259213447636762 242.240940398862 0.782511866703366 -0.608889757548955 -0.130109344861888 -666.598756578561 0.118704894375326 -0.0592410819118777 0.9911607550066 66.7161877994069
-0.724588953197466 -0.688276348879331 0.0353060402415575 241.196786068834 0.679542909499674 -0.722054984478719 -0.129838490202848 -665.539169766722 0.114857664319444 -0.0700875663921609 0.99090637801172 66.7621161544772
-0.776854526056574 -0.628619598010367 0.0365300744962155 240.478351879726 0.62064998994765 -0.774213886061624 -0.124042124326138 -664.9473962258 0.106257401264084 -0.0736902953355695 0.991604308708852 66.7799682638495
-0.798616171106314 -0.601163717093283 0.0285376330146379 240.074047454476 0.594640154135417 -0.795486727591036 -0.116635986369178 -664.621042855252 0.0928186314125447 -0.0761777623528768 0.992764649947615 66.7935706276374
-0.850902606887776 -0.525176753465047 -0.0124149591823872 238.453246283118 0.52461567011622 -0.848292395589753 -0.0719611718436282 -663.491297057161 0.0272608191384008 -0.0677450308473761 0.997330165258924 66.8000237432792
-0.866457731776275 -0.498358605001023 -0.0298278371080904 237.694914132997 0.499146944883831 -0.863514209970887 -0.072080070695667 -663.031614990892 0.0101649622847347 -0.077342808326237 0.996952738870786 66.7626662494085
-0.878076797458686 -0.477833866776359 -0.0256111992349416 235.844527254186 0.478440340769778 -0.875697824838286 -0.0651779095828695 -661.889417892056 0.00871654110284413 -0.069484641001066 0.997544939627361 66.6501725024051
-0.878191803294911 -0.477276926756291 -0.0313989141803033 235.004329167554 0.478275006048294 -0.875457414504388 -0.0694790182630402 -661.381432202219 0.00567232008409459 -0.0760332202090738 0.997089150582585 66.57489689899
-0.876010450945113 -0.48008674244528 -0.0460696164865616 234.094868527803 0.482272967131857 -0.872821392745918 -0.0748037535081649 -660.850083276126 -0.00429825648065642 -0.0877470004806754 0.996133519613646 66.522984663439
-0.870533467365931 -0.489909290543945 -0.0464797723163376 232.350136823792 0.492003008664624 -0.868416992375344 -0.0615220839920022 -659.702002027895 -0.0102235835599379 -0.0764252209188206 0.997022900412374 66.3691278770059
-0.864980041263793 -0.498455702787489 -0.0578916278395876 230.224537646599 0.500892133545481 -0.864599751409987 -0.0396779587938273 -658.317101678323 -0.0302753822030766 -0.0633181034177398 0.997534069098413 66.1758173968103
-0.862227507231546 -0.501702769317289 -0.0696997635048965 228.981303975149 0.505037306425706 -0.86204864473014 -0.0425376684504076 -657.517183752649 -0.0387433206055371 -0.0718781286504586 0.996660669300321 66.0357825243444
-0.861084779002354 -0.501175844939981 -0.0857658196437455 228.065074029235 0.506303477456864 -0.860668345567708 -0.0539146330121172 -656.922191846651 -0.0467952143445641 -0.0898486025847985 0.994855485247985 65.8964129490633
-0.860698205096916 -0.501034523407039 -0.0903493558207719 227.439457788727 0.506589994859109 -0.860489214353635 -0.0540822437562622 -656.526407934259 -0.0506475749823709 -0.0923185698293974 0.994440598936437 65.8363357777836
-0.858665578678875 -0.505397645338877 -0.0852446131904606 226.518517022108 0.50975647473102 -0.859412484816638 -0.0394780624029989 -655.890371975488 -0.05330816505823 -0.0773524468081704 0.995577640624233 65.7210628890432
-0.860700077156432 -0.499416743176411 -0.0988852558169272 225.586798339749 0.505989004399493 -0.860610764367872 -0.0576562197941947 -655.308143818916 -0.0563072340798383 -0.0996595649660077 0.993427131953353 65.5799778568428
-0.870876429647765 -0.480254559913466 -0.104545693198161 223.426788823711 0.486436311127574 -0.872637155957929 -0.0434063273988326 -653.92679709926 -0.0703843697177069 -0.0886563687728056 0.993572387285125 65.2834433490474
-0.886760487807209 -0.449733920215215 -0.106748481355824 222.448577269719 0.456566581818922 -0.888257620700643 -0.0504515176522852 -653.397994672607 -0.0721303932479622 -0.0934762016509442 0.993005239711658 65.1650260272604
-0.915282071985747 -0.389445397145156 -0.102912639378896 221.149601590078 0.396215190912388 -0.916464509508953 -0.0557344175601848 -652.778893071761 -0.0726102691892716 -0.0917882642442118 0.993127717544574 64.9722689915445
-0.934308611614055 -0.338864383082936 -0.110627067852477 220.14840079841 0.347929578142568 -0.93441632912126 -0.0762307846285419 -652.395137815724 -0.0775398408390809 -0.109713507597605 0.990934164984375 64.8166750071931
-0.945652115543948 -0.305277763596601 -0.112015906998576 219.45302977809 0.315268059966119 -0.945116062669174 -0.0858002240668216 -652.164428963239 -0.0796751324596038 -0.116452201087721 0.989995332377567 64.6932157014908
-0.957525675803541 -0.268293467726091 -0.105656023739683 218.420510116972 0.277524856292576 -0.956937008011029 -0.085155838547246 -651.856064897788 -0.0782594040148311 -0.11086107465837 0.9907498613721 64.6112431464461
-0.968751600315569 -0.229668619050794 -0.0936624914751069 217.442929913693 0.238535801717916 -0.966172514883308 -0.0980374560199021 -651.568507925777 -0.0679779977993965 -0.11731579990506 0.990765358148851 64.4504916846528
-0.974387672585792 -0.20795862347844 -0.0855679521421135 216.747366790549 0.216176707237576 -0.971041696056678 -0.101713596767054 -651.404658259917 -0.0619378298034568 -0.117606272963324 0.991126868669654 64.3721101883433
-0.980914462815972 -0.177111258879602 -0.0802397570817416 215.675580966184 0.184508773790128 -0.978058524749982 -0.096736934819908 -651.148700034507 -0.0613459781315573 -0.109695597641704 0.992070333608012 64.2201173299025
-0.982745122648625 -0.158112165000539 -0.0959821191117466 214.554133297327 0.166173785332637 -0.982618241519667 -0.0827506163180736 -650.891864422297 -0.0812299019977362 -0.0972724766398014 0.991937381244299 64.0849235832291
-0.986694207451254 -0.138976062856291 -0.0843812475322993 213.426795955589 0.147070732121623 -0.984179776743381 -0.098794568689571 -650.684958502509 -0.0693162371696044 -0.109890040505556 0.991523796115017 63.9517399552294
-0.987620307240711 -0.131042509700335 -0.0862205855767646 212.686043722715 0.139071291029305 -0.985730626465438 -0.0948383258999112 -650.544978608435 -0.0725624195930985 -0.105655064712928 0.99175183517012 63.8596539936769
-0.990062907858505 -0.120630829039101 -0.0722747643932546 211.503894367871 0.125606856076769 -0.989692840762727 -0.0687822553389435 -650.305076404657 -0.0632325564031011 -0.0771769656590665 0.995010230993826 63.7182554142439
-0.990128304635954 -0.114700877633052 -0.0805583579086453 210.324678547814 0.122326279458863 -0.987724167522423 -0.0971455106831373 -650.134585167197 -0.0684267616688233 -0.106040923997969 0.992004587048455 63.5626073146025
-0.990396998317666 -0.116200256879433 -0.07490851770334 209.09974795245 0.121821716725309 -0.989681369439771 -0.0754337876413326 -649.895030111039 -0.0653701388820334 -0.083834881075677 0.994333172361041 63.4509072975588
-0.990309925225279 -0.11203362535831 -0.0820653324454134 207.842590558788 0.119886804802379 -0.987938393700752 -0.0980045115607177 -649.6788754137 -0.0700956919830223 -0.10689339100736 0.991796550167608 63.2721197209666
-0.98944083166852 -0.116399413276489 -0.0863598125055637 206.59440200779 0.123090041257088 -0.989429304080081 -0.0766713373493259 -649.454841393664 -0.076522430505281 -0.0864917846763189 0.993309362088705 63.1554489818026
-0.990010924913166 -0.114149327006777 -0.0827544542395072 205.743154597775 0.121648244471562 -0.988292852686748 -0.092081170416523 -649.311328345095 -0.0712746320198551 -0.101228298771587 0.992306786411463 63.0073250880005
-0.99002396586236 -0.115286717640117 -0.0810032082940755 204.463355735894 0.122417227871705 -0.988444277609056 -0.0893976083691282 -649.09621469324 -0.0697608008724998 -0.0984219629842894 0.992696604136404 62.8700983353005
-0.989738864976194 -0.120052676697125 -0.0774876375526507 203.177983425607 0.126673931086621 -0.988113886550631 -0.0870899672113155 -648.848589997233 -0.066111227024593 -0.0960119889579509 0.993182261036534 62.71385855525
-0.988829576864892 -0.121588237258819 -0.0862111853386285 201.459233115285 0.130015600123729 -0.986455329044373 -0.100009137204683 -648.541523638078 -0.0728835484980293 -0.11010079182391 0.991244573250257 62.4812262967233
-0.988044642969524 -0.127569273809202 -0.0865671062183532 200.159026222573 0.135066209482282 -0.987000319615028 -0.0871061888497126 -648.294132369296 -0.0743296882498175 -0.0977570941652132 0.992430676664651 62.3812449922275
-0.987799824210848 -0.12998669537299 -0.0857611002438066 198.44352385273 0.138259504249721 -0.985450988881687 -0.0988466387730335 -647.963474153894 -0.0716646131200063 -0.109497979607455 0.991400209647065 62.1454682949202
-0.987233231340917 -0.131878442280055 -0.0893231403274533 197.182822690658 0.140832387058685 -0.984690603132527 -0.102716380669553 -647.733133331498 -0.0744095806433854 -0.11398461547194 0.990692041829442 61.9585677520544
-0.986584945960771 -0.13354217859797 -0.0938969165568805 195.929685549687 0.143349434741116 -0.983882998511972 -0.106888656079553 -647.478715776822 -0.0781094358127392 -0.118914808894428 0.989827350734772 61.8149033949283
-0.986165031207193 -0.138439934233802 -0.0911751930815455 194.715286587773 0.147604895526795 -0.983678456254517 -0.102905245334021 -647.237875633554 -0.0754408777828072 -0.114939459325645 0.990503707539395 61.6582881053725
-0.986829749118396 -0.141799786570592 -0.0778451461779045 193.14914145948 0.149167444610459 -0.983863436936243 -0.098801877150124 -646.9053144986 -0.0625789079747359 -0.109112593171169 0.9920576204476 61.5107247665885
-0.987269641642829 -0.133170272191102 -0.0869731757209503 191.990345560102 0.141703164610241 -0.984776148227001 -0.100678453616627 -646.672954955102 -0.0722417319136421 -0.111721155059103 0.991110243959963 61.2898354131199
-0.98888346261054 -0.118513998317131 -0.0897993851776081 190.460910077677 0.127390999627366 -0.986739200545528 -0.100584707191067 -646.397576946217 -0.0766878777208618 -0.110906186976468 0.990867694044473 61.170379663535
-0.991444918559201 -0.0993927187928423 -0.0846053243839053 189.407969349618 0.106896043699665 -0.990248927347282 -0.0893325121605563 -646.222400031306 -0.0749013304587987 -0.0976122396962778 0.992401955538671 61.0099809345965
-0.994118986785341 -0.0430579796101501 -0.0993652379093394 187.934852331281 0.0516043067057821 -0.995034600041876 -0.0851066404513718 -646.109430846967 -0.0952073297719419 -0.0897338013871885 0.991404765595921 60.785818203805
-0.995827021118205 0.0247032736987139 -0.0878538119799551 186.500138960555 -0.017445142593584 -0.9964429638878 -0.082444446255554 -646.09021897428 -0.0895779605189379 -0.080567785045028 0.992715780574786 60.6553457924665
-0.992260075231002 0.118680285459799 -0.0365367341965164 185.215940074042 -0.115031159462957 -0.989317708756692 -0.0895449802781574 -646.216446841192 -0.0467736619816536 -0.0846490459697477 0.995312394960114 60.4308649943356
-0.973301226388463 0.228824359458044 0.0180037559784094 183.98516710233 -0.229478017358833 -0.968382742113978 -0.0978504181129031 -646.501213558038 -0.00495603266466379 -0.09936939817885 0.995038270844795 60.3465465128915
-0.937969359701626 0.344212906758296 0.0416047483098748 182.747359907031 -0.34659752402962 -0.934033075416795 -0.0863271125659859 -646.93451840965 0.00914530466742553 -0.0953922892504859 0.995397746910295 60.2689214289019
-0.891845381459103 0.447478835904533 0.0661400558481065 181.590493104494 -0.452135477901883 -0.886261100664401 -0.100572218189521 -647.528228791502 0.0136134195741643 -0.119599134054762 0.992728926717081 60.2026677709018
-0.844521275024666 0.530795029095272 0.0709961486171091 180.439734721947 -0.535342493261243 -0.84021857173743 -0.0862621969135335 -648.225816987494 0.0138647372693847 -0.110857515736475 0.993739593789635 60.0949025731238
-0.811193620045175 0.577820545014281 0.0899351352776252 179.629463866707 -0.584431373825862 -0.80636007607866 -0.0906829476496702 -648.778052956407 0.0201216322901765 -0.12612234324582 0.991810604121655 60.0257463541629
-0.781952427277126 0.617094883224358 0.0880017418789411 178.806880762511 -0.62307197481652 -0.777915063861483 -0.081421542699867 -649.385599122934 0.0182130632693568 -0.118499192046615 0.992787099941697 59.9834995212628
-0.753429705249138 0.65165997452965 0.0876524776844013 177.713984863212 -0.657311696623127 -0.749881814098863 -0.0749573102920945 -650.244689226446 0.0168823200604816 -0.114090063019595 0.993326957647662 59.9260466934078
-0.738896795487818 0.668247873133876 0.0864656328831571 176.877224381805 -0.673491300110534 -0.736431273558231 -0.0638627277903544 -650.923135568649 0.0209998641247298 -0.105421816420761 0.994205837002223 59.9095609628642
-0.729976176125578 0.676852310782236 0.094898533591551 176.053597829604 -0.682736425020171 -0.728569449575128 -0.0552949463917951 -651.631188785319 0.0317136601444167 -0.105154679090104 0.993950067772875 59.8324898598846
-0.725512769694322 0.680064273325933 0.10556422289841 174.83454148544 -0.686910529633555 -0.72499154071763 -0.0504102188690582 -652.666128892008 0.0422509797403905 -0.109086433774089 0.993133930886177 59.783037658147
-0.729235669210002 0.675036646156842 0.111986004023549 173.249361178009 -0.682308980447557 -0.729707591490012 -0.0445116403029726 -654.008290854382 0.0516700488915563 -0.108868532033677 0.992712369611851 59.7538967432126
-0.732117401266559 0.670594073949612 0.11961479317527 171.229403911558 -0.678861921223841 -0.73276011084639 -0.0470011900345317 -655.681327932116 0.056130229600242 -0.115612317406273 0.991707209507411 59.7325211214115
-0.739864466118929 0.66237229309219 0.117743437686978 169.483316845789 -0.670675880026963 -0.739944852686432 -0.0517250319759539 -657.116043607895 0.0528624226139057 -0.117237196855988 0.991696023965378 59.738114295129
-0.756478690925147 0.642328848359237 0.12310012486457 167.741754779363 -0.651663599334257 -0.756240579165431 -0.0586066525767613 -658.475784062185 0.0554485660670986 -0.124554554268516 0.99066221262955 59.7194838784062
-0.783611278202849 0.610005349925007 0.117672587020791 166.325191952388 -0.61875828762582 -0.783290567805906 -0.0599505452908041 -659.463525270826 0.0556016741443937 -0.11978881186977 0.991241188804809 59.741423857367
-0.815870094334462 0.565985454306332 0.118391108975004 164.917886771321 -0.57532264804972 -0.815087911463341 -0.0680848531421435 -660.345907261734 0.0579641252132289 -0.123661481876871 0.990630101545618 59.7243578907798
-0.844334602717682 0.524324667257477 0.110375368442921 163.819075449333 -0.532792867074443 -0.843416497409323 -0.0691402393139042 -660.926986243112 0.0568404736800265 -0.117184705500012 0.991482176011604 59.7369345765227
-0.884867108689224 0.453671551755152 0.105793776225473 162.309774963872 -0.462095245277241 -0.883563891739808 -0.0760449439855903 -661.605824406182 0.0589761329025532 -0.116176470688679 0.991476093209606 59.718646109355
-0.940657545658915 0.325941492808072 0.0944749970150296 160.303053001689 -0.334169653773918 -0.938150923340475 -0.0905731060085328 -662.24073016071 0.0591102723015537 -0.116768952643496 0.991398500809325 59.722999086997
-0.979993999960482 0.17531031418139 0.0942234248108031 158.297103980962 -0.184850198745712 -0.977204436200824 -0.104412134798124 -662.516160980289 0.073771024563343 -0.119740484428005 0.990060630630176 59.7734536070759
-0.994788636687012 0.0644568267616528 0.0789992772259035 156.681990664297 -0.0735251695594394 -0.990305767562125 -0.11784963374761 -662.518084898601 0.0706372264436575 -0.123043911742956 0.989884123533325 59.7674218604476
-0.995816705205559 -0.0620836495709143 0.0670425990658162 154.75210314795 0.0540592169406553 -0.991834926912759 -0.115503587908446 -662.322042956171 0.0736660756203764 -0.111396131943245 0.991041982506683 59.7921681282746
-0.980533671829743 -0.188586104536375 0.0546717439256947 152.875855236453 0.180646098406316 -0.975546797480794 -0.12520156970079 -661.875185366592 0.076946121011113 -0.112888117624317 0.990623827373732 59.8699158602951
-0.954339603518849 -0.295205143763465 0.0457148143502509 151.422287711745 0.287609336912983 -0.949364547247144 -0.126442974303435 -661.324799693987 0.0807266404352389 -0.107521530522108 0.990919941265803 59.8973708896133
-0.90642395283848 -0.421418032983834 0.0283277107564538 149.724940396819 0.414380002541627 -0.900259663237512 -0.133498135721371 -660.430443744564 0.081760817108604 -0.109267471021875 0.990644128111713 59.9478480804146
-0.858777193260905 -0.512045351381118 0.017643425515198 148.450565364804 0.505106312963377 -0.851904649948361 -0.138297071555776 -659.567932547103 0.085844888837172 -0.109854565336846 0.99023362371472 59.9579981015643
-0.797175581978803 -0.603744576128187 -0.0018916375318237 146.672132074254 0.599392206510387 -0.791045346233761 -0.122377461064191 -658.097461683281 0.0723883572915337 -0.0986901565390527 0.992481827909676 60.10011094471
-0.766964954555592 -0.640337004126023 -0.0416326750335518 145.169886203283 0.640905543829686 -0.761209556022774 -0.0989954327632572 -656.698696259286 0.0316992487594528 -0.102608639823946 0.99421658840595 60.1053926012123
-0.757355536925731 -0.65010812110399 -0.0614167856744201 144.243989120462 0.652951804286752 -0.752764687099099 -0.0836616228343211 -655.803073853988 0.00815671297849398 -0.103463794301371 0.994599774432988 60.0526685739979
-0.737142485457381 -0.672742428134592 -0.0635498349430504 142.977739034846 0.67573706767783 -0.733790292926763 -0.07022265569333 -654.511795364215 0.000609507902881952 -0.0947070820690261 0.995504996022666 59.9314694135491
-0.714896717984464 -0.694351960201636 -0.0824502151554973 141.667413044003 0.699080469482152 -0.712196436099838 -0.0637395763658833 -653.095121325143 -0.0144630495973371 -0.1032065490695 0.994554789051619 59.8359969887364
-0.69473065900785 -0.715498386859334 -0.0735620135410201 140.383689303815 0.719196311482971 -0.692480728420985 -0.0568076254989688 -651.603636668694 -0.0102945123151786 -0.0923715279035318 0.995671393507396 59.7415201396698
-0.688351316292381 -0.721294547721681 -0.0768546731534432 139.076513852852 0.725270658177341 -0.686194137246946 -0.0558576619178203 -650.050031071643 -0.0124473991481182 -0.0941901344881486 0.995476408971881 59.5629344310792
-0.68535969049126 -0.723230489208183 -0.084969136334421 138.066969037415 0.728090254476512 -0.682639824176573 -0.0623494329124616 -648.859858836205 -0.012910305420632 -0.104596988139568 0.994430889547422 59.4511815364186
-0.679781878918536 -0.72889685989159 -0.0812770861569487 136.431936267343 0.733330422974941 -0.677193841015264 -0.0602908984042142 -646.890347098802 -0.011094495634278 -0.100587620168549 0.994866344206823 59.3000232354979
-0.675013822686578 -0.732983146078425 -0.0842142906342394 135.174655364387 0.737477654814132 -0.673704802318423 -0.0474188568287329 -645.343164829852 -0.0219783491623594 -0.094114541374165 0.995318745563464 59.1623844358301
-0.67415548052713 -0.734168590558261 -0.0806899542256026 133.913545102042 0.738477646077823 -0.671919734188463 -0.0563439176084037 -643.802614674191 -0.0128512380178536 -0.0975722883087247 0.995145463857223 59.0031285508727
-0.673003709324782 -0.735341069862774 -0.0796210914780422 132.662985441731 0.739515436690604 -0.670949475451284 -0.0542560622230358 -642.254063307146 -0.0135250187204227 -0.0953955573636262 0.995347558144338 58.9177973830954
-0.672288352651184 -0.734177755905513 -0.0949283604783194 131.366970369704 0.740108782799149 -0.669407781537349 -0.0642822809241176 -640.703871075506 -0.0163511624394131 -0.113473542073864 0.993406459983068 58.7598437271094
-0.673959232951999 -0.733339882353431 -0.0893955774555347 130.433092470045 0.738357977165343 -0.672668657110281 -0.0484187494443334 -639.5464878356 -0.0246262030174049 -0.0986382009735944 0.994818604286047 58.6253414752626
-0.684420115976413 -0.724636938676694 -0.0804388709027065 128.800793590974 0.728804796548158 -0.683051825226922 -0.0477888332413417 -637.608955066035 -0.0203143637663496 -0.0913318737322271 0.995613286103258 58.5349771604141
-0.692436795901446 -0.716988147798875 -0.080369643508459 127.177236478182 0.721376789431932 -0.689900898809936 -0.0604340755709912 -635.701496481999 -0.0121165733859378 -0.099823573053564 0.994931375981381 58.3617853548395
-0.695066836669869 -0.714697491293083 -0.0780358155023478 126.181729974332 0.718909451786654 -0.692007255292785 -0.0655374606920193 -634.583991829469 -0.00716189175800857 -0.101653600829095 0.994794075547762 58.2229646662712
-0.699910790389147 -0.708266167424235 -0.0921082058180726 124.504050888781 0.714088297334355 -0.696499536082626 -0.0704719791605682 -632.673166977023 -0.0142404040308344 -0.115097490497711 0.993252122360767 58.0534695366697
-0.696972359491668 -0.710672857779501 -0.0957790129419543 123.139805141566 0.716571695749981 -0.695336871807703 -0.0550603265035366 -631.116024472013 -0.0274687996573473 -0.107008055398627 0.993878635007912 57.9110453676683
-0.69412936724859 -0.715319820253779 -0.0806348328898373 121.509879639499 0.719806981374307 -0.690947845619064 -0.0668504614732208 -629.207490706777 -0.00789500398217981 -0.104444384178739 0.994499391415422 57.7111368433029
-0.694656194928984 -0.714228096478342 -0.0856212418019579 120.510929697679 0.719292136005378 -0.69107023246837 -0.0709982878450855 -628.057254277906 -0.00846131949549279 -0.110906086384103 0.993794871226129 57.5977764060098
-0.697336908388697 -0.710996677424135 -0.0905812391764133 118.825289094805 0.716699648570958 -0.693101235025496 -0.0771510968450674 -626.147186041051 -0.00792779522684131 -0.118719849637594 0.992896141278064 57.4536210916546
-0.696348281469704 -0.71206975475062 -0.089753747908273 117.160132561028 0.717703724697385 -0.69099621906586 -0.0861718561491331 -624.216220675502 -0.000659127977088087 -0.124422223119821 0.992229144877448 57.3363587206515
-0.695942433519272 -0.71329348313295 -0.0829248825584837 115.831764701605 0.717582192291569 -0.686416080102709 -0.117935415725971 -622.739519163558 0.0272015906391384 -0.141581679240277 0.98955277856727 57.2456892170733
-0.690191867100573 -0.72187279029587 -0.0503474052825082 114.237620781655 0.721514945772963 -0.681199002551652 -0.12403266484629 -620.85756268417 0.0552392036009153 -0.121932741923939 0.991000018583475 57.2270641221933
-0.675467467380071 -0.735934082850412 -0.0463111888238234 112.435502003449 0.734872387796509 -0.666647414951444 -0.124674768068023 -618.667788796751 0.0608791767799985 -0.118246563745763 0.991116277737838 57.2402486459965
-0.671590940463661 -0.73983944719798 -0.0400399932183265 111.037941210908 0.737861915019809 -0.662933192828667 -0.126804480241397 -616.924645269621 0.0672711160189592 -0.11470472621378 0.99111927775308 57.2816897487677
-0.680320194466778 -0.732231429822986 -0.0316475303944729 109.29211249598 0.729409628791818 -0.672216686439884 -0.126831856793019 -614.817384116752 0.0715962738308781 -0.109370286875219 0.991419242259482 57.293639905674
-0.676727863253363 -0.731785753950259 -0.0808022859329393 107.743227009322 0.73619271892832 -0.671451189321462 -0.0846969949627568 -612.957742713631 0.00772526332657732 -0.116802871001722 0.993125072502094 57.2596792442214
-0.672266565943273 -0.736958508237213 -0.0703549674978313 106.553079881682 0.740147615522232 -0.66709254186102 -0.0846702298931327 -611.483802883015 0.0154651722134672 -0.108994026121548 0.993922094893872 57.1852540232189
-0.672637268014186 -0.73596313134685 -0.0769244757964009 105.314688609917 0.739639939737601 -0.665576610584659 -0.0997022316078923 -609.987207431938 0.0221780347048431 -0.123959851326047 0.992039359116288 57.0880507692352
-0.669256057064568 -0.739246194158259 -0.0749092417857621 104.096724703596 0.742916514868943 -0.663966679422186 -0.0849900026594861 -608.463184299243 0.0130912954809993 -0.112531386908748 0.99356192808653 57.0450051430491
-0.670917801444558 -0.736833210407169 -0.0833434085327972 103.167239068628 0.741310362504673 -0.663721606874651 -0.0996623048645866 -607.333674437721 0.0181176750161528 -0.128648546858469 0.991524735568011 56.9448245799072
-0.678196820224384 -0.73180186290526 -0.0671945420843581 101.320255450355 0.734067994597251 -0.670311295272843 -0.108751766595368 -605.110968478355 0.0345434848488963 -0.123080465054508 0.991795314959927 56.837873578803
-0.685502222832206 -0.725844154024319 -0.0568943455962574 100.094502034174 0.725953866682456 -0.675464846055228 -0.129376293007561 -603.658330919589 0.0554768955592866 -0.129990406616445 0.989962023638682 56.8058895541919
-0.690276418956209 -0.721451881088778 -0.0550058970152959 98.8818813728705 0.72087983096185 -0.679222811851313 -0.137799278565641 -602.213467241537 0.0620542886947251 -0.134772234285331 0.988931600324477 56.7859012978307
-0.692483706359879 -0.719247661155877 -0.0561170058706459 97.9548271297352 0.718542936919639 -0.680663191711151 -0.14280639779957 -601.170531346572 0.0645163872902494 -0.13921358184958 0.988158496598407 56.8834707879601
-0.692499827665722 -0.719566227848559 -0.051656871979821 97.0958931098956 0.718901879306261 -0.682337940798824 -0.132646230539538 -600.133469711459 0.0602003040928462 -0.128993714134514 0.989816419898615 56.8120257652413
-0.689910642891771 -0.72167330252083 -0.0566652384918818 95.9422518292076 0.72148285540701 -0.67911791620851 -0.135134544948209 -598.797672371116 0.0590406146513587 -0.134113758851548 0.989205593144468 56.8417013234952
-0.689441410754336 -0.722707069527657 -0.0486316028094687 95.1243218977429 0.721470456079676 -0.67918748716534 -0.134850800079993 -597.809170153206 0.0644276504402854 -0.128057990507334 0.98967177838209 56.8452698670377
-0.691075545028689 -0.721394148489799 -0.0447780480590435 94.0370788171181 0.719237284359372 -0.680236284135307 -0.141337633110034 -596.549451961393 0.0715004884644605 -0.129881023519481 0.988948229119641 56.8438441264585
-0.692709532845738 -0.720125425913542 -0.0396594762633033 93.4997674917076 0.717323632361924 -0.682222031215712 -0.141491719118133 -595.923705040119 0.0748352160398827 -0.126461342222627 0.989144690812985 56.8252210684634
-0.696518183828839 -0.716041606803925 -0.0463339715697626 92.429507213852 0.713937699214467 -0.685114302103968 -0.144607588642323 -594.704572844029 0.0718009835317672 -0.133801384067004 0.988403666720042 56.8554677707012
-0.697672057980402 -0.715348855295988 -0.0391115678554461 91.6348255630747 0.712615707942203 -0.687318412635191 -0.140613841589911 -593.802172892161 0.0737058498860356 -0.125973865858602 0.989291682373412 56.9351567719254
-0.700304145025727 -0.712500258652245 -0.0437891068676749 90.6088348945576 0.70999045773766 -0.688845613113615 -0.146305403917958 -592.670376699052 0.0740787039658049 -0.133548128832313 0.988269822924962 56.9167154414132
-0.701873137331806 -0.711380305113964 -0.0362237572315719 89.8589549918383 0.708242469014836 -0.691548453479831 -0.141962465368227 -591.786377090525 0.0759388186356577 -0.125294844210038 0.989209026363288 56.9437506547048
-0.703787992588814 -0.708493337022661 -0.0521502912964223 89.0854568071648 0.707682731452323 -0.692768223256829 -0.138770819878518 -590.911822672967 0.0621901366133531 -0.134571097342892 0.988950457135211 56.9086561704884
-0.702406489467579 -0.708841140336915 -0.0645705917557934 88.069025341691 0.710642608576117 -0.693278828698448 -0.11979794887493 -589.752810925862 0.0401522904697066 -0.130033470477296 0.990696265323367 56.9082861987274
-0.701165373529053 -0.708272265284832 -0.0819604611514403 87.28472847943 0.712904062387892 -0.694552304301352 -0.0967723845966542 -588.860775754524 0.0116153689009529 -0.126283390903057 0.991926201079154 56.8736111202251
-0.698657367739255 -0.70874611903352 -0.0977589957936258 86.5028734638319 0.715399919721517 -0.69376708180406 -0.0830071747954726 -587.960203264913 -0.00899096024361082 -0.127930351988893 0.991742399856885 56.7939984214835
-0.694722021958787 -0.713318427851188 -0.0924020167171933 85.7032353604796 0.719182278379732 -0.690972933828912 -0.0730291392555369 -587.03102057784 -0.0117542617817021 -0.11718884419507 0.993040085860683 56.7654270915781
-0.689797930578231 -0.717117270753199 -0.0996074041297829 84.6226942110209 0.723924709694098 -0.685175136288501 -0.0804241711573656 -585.762784337658 -0.0105749545770098 -0.127584687950856 0.991771303142099 56.6251645651351
-0.685970848994814 -0.722028842100472 -0.0901018618253007 83.8122640001885 0.727591172766791 -0.681918899003083 -0.0748177819389874 -584.787175219824 -0.00742156595210421 -0.116880136710538 0.993118298090084 56.5152045359017
-0.68505993200525 -0.721499120225786 -0.100657384599338 82.6959918780295 0.728305491178567 -0.681401909058354 -0.072543434236168 -583.456924686555 -0.0162481100472577 -0.123005926056628 0.992272916628708 56.422735973019
-0.68514149600454 -0.722251833533802 -0.0945167678759776 81.8908404008816 0.728302427250495 -0.681478768936092 -0.0718488827358214 -582.488977081524 -0.0125181833226374 -0.118063442463821 0.992927146692995 56.276161059402
-0.686535971912682 -0.720906466021441 -0.094669036745839 80.5055618872156 0.72705066712036 -0.682100894627835 -0.0783306899481059 -580.870999096601 -0.00810473378638195 -0.122606022675818 0.992422327688101 56.1687330386296
-0.685354946190313 -0.720734152993138 -0.104071506387368 79.0803293917058 0.728041536382883 -0.681230013051592 -0.0766889210967317 -579.197604210561 -0.0156243090639551 -0.128327510795584 0.991608759006941 56.0130483430364
-0.684020241466873 -0.722337009673802 -0.10171309512108 77.9500659146306 0.729398723296696 -0.679129831305001 -0.0822202814686913 -577.830585270625 -0.00968564488045599 -0.13042973850756 0.991410243842629 55.8823952475885
-0.682016962392789 -0.723604963581099 -0.106059981563774 76.7965475100603 0.731227860440987 -0.677204760579003 -0.0818506466928149 -576.467540109507 -0.0125967902026653 -0.133377542824608 0.990985243051913 55.7762510771472
-0.680990821542656 -0.726902159743487 -0.0886834321331327 75.971846314394 0.732234443264596 -0.6774432249332 -0.0700242607179338 -575.442067792576 -0.00917720391210686 -0.112622942389021 0.993595416543371 55.6901496074641
-0.681059059713299 -0.72395071122425 -0.109790367976155 75.0994287569306 0.732113391585336 -0.675912313190269 -0.0845726122287541 -574.420013055084 -0.0129822588116747 -0.137977942424438 0.990350215005008 55.5487792493598
-0.675805939216045 -0.729143126449727 -0.107873229632919 73.1498559070432 0.736675896421312 -0.673006218341029 -0.0661154573920825 -572.050958548594 -0.0243917230259675 -0.124148826919247 0.991963765780988 55.3730325564299
-0.67573888902583 -0.729882381616993 -0.103192358550638 72.3395340412334 0.73695524946497 -0.672059238553361 -0.0723418285717244 -571.059791468461 -0.0165503517836084 -0.124932337207718 0.992027215844231 55.2489979781998
-0.675673658907923 -0.730287353926009 -0.100724810020804 71.0021288015272 0.737006802502244 -0.672295755357468 -0.0695657271488505 -569.426200962468 -0.0169138914327009 -0.121238599563333 0.99247928051548 55.0276541944319
-0.676013911300827 -0.729608825375932 -0.10332547440641 70.1517053425108 0.73664909436997 -0.672694158648913 -0.0695030983736233 -568.414555828176 -0.0187963691084528 -0.123099678525909 0.992216289754989 55.0315610634617
-0.683532142531439 -0.723124901453353 -0.0993689439636884 68.5781188644617 0.729813035096308 -0.679403927854911 -0.0760475944316113 -566.526348058734 -0.0125197416066009 -0.124501725744655 0.992140401534333 54.7468602507392
-0.68783605276721 -0.719857387559442 -0.0932035733741922 67.7634489653444 0.725698595087494 -0.684742967441435 -0.0669971464133719 -565.543440042297 -0.0155921006173225 -0.113720754990426 0.993390394700265 54.7042392639778
-0.693534589800951 -0.713198466461518 -0.101772885321019 66.6753423396303 0.72004095050254 -0.690817052686774 -0.0656721350083667 -564.305606470328 -0.0234691787036746 -0.118826542296313 0.99263762295053 54.5721578104032
-0.705907237311523 -0.701085822104584 -0.100864475188994 65.5957386342393 0.707846444898071 -0.703380888534025 -0.0648747723714403 -563.113092310007 -0.0254633610580737 -0.117192131514976 0.992782766547951 54.4608180716822
-0.735779918262402 -0.669896254744633 -0.0993323701563975 63.9405684387915 0.676649156926585 -0.733232770754386 -0.0671983803553911 -561.418660972797 -0.0278178056703937 -0.116656383327101 0.992782684134209 54.2829101029906
-0.791891328914448 -0.603628268230262 -0.0924177308931863 62.2268895080805 0.609858733387544 -0.789500481453695 -0.069002283261671 -559.929089663883 -0.0313121142858522 -0.111004070095285 0.993326556536786 54.070731892613
-0.854700133371543 -0.510183549960222 -0.0959188582326374 60.4178570335986 0.517562165476879 -0.851772559051762 -0.0813198162399234 -558.708362023064 -0.0402130188067398 -0.119148029762965 0.992061822731856 53.8128263320321
-0.951712094135017 -0.294349318667466 -0.0871927088530879 57.1439188343832 0.302474307893616 -0.947636292812331 -0.102443885172223 -557.275971061723 -0.0524726875757132 -0.123870638752291 0.990910027153668 53.4480734056324
-0.982960952591338 -0.166558182456872 -0.077756913116411 55.3891694429926 0.174770853917016 -0.977913391723806 -0.114632224563429 -556.909277201811 -0.0569465916613702 -0.126268642757838 0.990360194855512 53.2488830259747
-0.9952956613537 -0.059870409129787 -0.0761713896494802 53.9733552340981 0.0681276005906003 -0.991496045299024 -0.110879313643999 -556.771891237895 -0.0688852417304945 -0.115547073814219 0.99091053945586 53.0959750906982
-0.996629946373304 0.0286480599370586 -0.0768637668462019 52.9336653032565 -0.0202119154830456 -0.993905236233545 -0.108369090888721 -556.789443410746 -0.079499864556179 -0.106450317281746 0.991134754453786 52.9390640234642
-0.980032635750622 0.190191659594612 -0.0579928054532377 51.2246037598662 -0.183264911316695 -0.977155073112102 -0.107619400534319 -557.052029378242 -0.0771362764448339 -0.0948424784151568 0.992499319467927 52.6734603565088
-0.943759860389025 0.325757639806151 -0.0565622314483217 49.8872730142704 -0.318772688988799 -0.941902371221923 -0.105848456962627 -557.480890341141 -0.0877570434400458 -0.0818650303514545 0.992772289164145 52.4995454639554
-0.891288380231361 0.451066051268858 -0.0463081057405276 48.6633675749472 -0.443527298951056 -0.888485772608233 -0.117798841072107 -558.085125342681 -0.0942791511933396 -0.0844538291936539 0.991957152494398 52.2524867844703
-0.816659938945488 0.57594376676876 -0.0368146932863019 47.1554230539287 -0.568767921712568 -0.814015947360986 -0.117818032035688 -559.055145139035 -0.0978243085961698 -0.0752782502600068 0.992352553120852 52.0245864915734
-0.761704364304641 0.64759165884565 -0.0207726934412357 46.007548515788 -0.640210946956222 -0.757181484208921 -0.129638510360903 -559.975378912114 -0.0996815168257478 -0.0854473133850073 0.991343710243124 51.794711902136
-0.726696954741697 0.6868800244334 -0.0103618532857305 44.8694297822167 -0.6801916446948 -0.721569011911903 -0.129141347119593 -560.962088561649 -0.0961814039018287 -0.0867985776545413 0.991572057119714 51.522159359208
-0.688755103544559 0.724884955086892 -0.0125781250589018 42.8075880815284 -0.717796314374999 -0.684253127641986 -0.128709395079878 -562.87882108729 -0.101906125483164 -0.0796207209263717 0.991602582887002 51.0621413163148
-0.657359709806267 0.753516404219004 -0.00955198912708671 40.9806446694373 -0.747035843210223 -0.653267901541084 -0.123201046161544 -564.738147659945 -0.099074017192261 -0.0738517257006926 0.992335760581275 50.6771331733753
-0.649389570436349 0.760441625712115 -0.00466043912196777 39.0550193606075 -0.754234597067457 -0.644847117136529 -0.123702740904143 -566.751528443078 -0.0970739841305821 -0.0768162053542255 0.992308375556708 50.2661968694841
-0.645995726094416 0.763332812170523 -0.00354114834338778 37.0530691804121 -0.756045718138282 -0.640454839008572 -0.134953589338236 -568.891153930626 -0.105282448454231 -0.0845021718912904 0.990845592912002 49.7866293981106
-0.648710085874856 0.761005685979334 0.00675058451980432 34.5787144694433 -0.7538702031007 -0.641362613403198 -0.14259633587694 -571.473095705037 -0.104187049872549 -0.097592745815163 0.989757907067739 49.2190287834148
-0.663090350093243 0.748536128264532 0.00220279276487311 32.0157929522166 -0.740492357036892 -0.655528756843782 -0.148165846674574 -574.091902779424 -0.10946349520808 -0.0998784943498296 0.988960074817604 48.5490826250515
-0.668249398356283 0.743723847674126 -0.0178207743170692 28.5684744440121 -0.734951196287937 -0.663700074885146 -0.139100502056543 -577.521881391232 -0.115280009851645 -0.0798564274072346 0.990117907286985 47.7871989752342
-0.679955592144868 0.733250867847165 0.00188613687270587 24.2588848764229 -0.72417902048649 -0.671135248183053 -0.158562999888055 -581.748480217524 -0.115000604338195 -0.109181699234128 0.987347060336029 46.8278023878107
-0.681068583869209 0.731741083422258 -0.0264682998776102 19.9312181978957 -0.721859592540813 -0.677052694885342 -0.14324237154316 -585.801084251493 -0.122736761906135 -0.0784514829720673 0.989333640434955 45.8357462851223
-0.682263192163986 0.730950795860745 -0.0150953850150375 15.4523263077047 -0.720737441500888 -0.675908440763496 -0.153900357775456 -590.100708869081 -0.122696687147461 -0.0941207401968528 0.987971056877596 44.7981116275675
-0.684296939588498 0.728961203689854 -0.0187952649583783 11.7928167822681 -0.718962327211714 -0.678766940953825 -0.149561398490732 -593.576808614028 -0.121782061569557 -0.0888313198327469 0.988573783840458 43.9422539498064
-0.688192650279204 0.725014029184783 -0.0273044609346353 8.91216753122891 -0.715266391430558 -0.684285637580976 -0.14194067595409 -596.241714523764 -0.121593031838148 -0.0781525667245938 0.989498514866377 43.2782819300864
-0.696637747093822 0.717045266894105 -0.0232794877264391 6.41407784138302 -0.707460939799773 -0.691991249539887 -0.143691089556196 -598.577069804596 -0.119142217461594 -0.0836313086408811 0.98934874348399 42.6995246505576
-0.713025918256563 0.700999237036722 -0.0139323209953898 4.61338648904795 -0.693064419871642 -0.707683407612645 -0.137280386427707 -600.131224190049 -0.1060931185439 -0.0882284776230966 0.990434241095259 42.3191646264414
-0.744901917422692 0.667121291273921 -0.00838547249786482 2.81424067534489 -0.661256992048854 -0.739907456890977 -0.12359670587694 -601.539597399054 -0.0886584676525517 -0.0865224708740148 0.992297101752976 42.0040007675801
-0.800716810837885 0.599041682456965 -0.00128511506764468 0.0450471406688388 -0.595378407275858 -0.796053514778831 -0.108735246162095 -603.450401315648 -0.0661599651698074 -0.0863010097704445 0.994069914403072 41.5680364122637
-0.828605353779843 0.559832139338367 0.00106932278067354 -1.87331278647152 -0.556961097771646 -0.824159698593376 -0.102738146681154 -604.585187888448 -0.0566348237075504 -0.085724949567219 0.994707861517799 41.3483162127829
-0.838301663882204 0.544904514446452 0.0181491175598878 -3.05533274832771 -0.544097460072033 -0.834010149096924 -0.0915697829335058 -605.261222482819 -0.0347602398652494 -0.0866379901613739 0.995633257974696 41.252013770336
-0.837790067563333 0.544536049852451 0.0398533951290671 -5.69122844268427 -0.545868806538437 -0.833812373663252 -0.0823660826697194 -606.76292040143 -0.0116210473076825 -0.0907602112004001 0.995804968516593 40.9775374152615
-0.837753563372471 0.544612180023107 0.039579545565947 -7.76564002590584 -0.545983233515927 -0.834329394744769 -0.0761365207001196 -607.969178669101 -0.0084424982215571 -0.0853934097884937 0.996311542535001 40.8235769915702
-0.838355842284671 0.543560512725861 0.0412486449760489 -9.24018871139374 -0.54511726527407 -0.835585026220543 -0.0681529974112197 -608.812764540286 -0.0025785281227732 -0.0796218120945128 0.996821808665675 40.7503933489797
-0.83886480279371 0.542347009421947 0.0465356208182526 -10.4263424368637 -0.544299873795493 -0.83676811742146 -0.0596386204833486 -609.476869511305 0.00659469635993353 -0.075358072149023 0.997134730586545 40.6604266477544
-0.839318380012048 0.540534499417134 0.0580268206420047 -11.6236887096714 -0.543460099919937 -0.836994270449166 -0.0639664836479236 -610.174488420568 0.0139920251916346 -0.0852235071745825 0.996263608216169 40.5977492008449
-0.841900065899836 0.536597532009926 0.0571608929138424 -12.543188663091 -0.539429532287611 -0.83975908720889 -0.0618098304969414 -610.697080371059 0.0148343767587629 -0.0828719740982889 0.996449786579952 40.5201288984087
-0.84745955039393 0.52715649393837 0.0625966560186968 -14.1188898480784 -0.530565920452883 -0.845005380248524 -0.0668259785190698 -611.588109340791 0.0176667625812513 -0.0898439661282379 0.995799150054992 40.4562620263505
-0.852798596730072 0.518633066659501 0.0612723068162144 -15.1120241456371 -0.522006336507296 -0.850038721075442 -0.0703104353468082 -612.131581118859 0.0156185166213172 -0.0919451730097217 0.995641575617834 40.4062268040591
-0.861155741847546 0.503392847614965 0.0707561251984434 -17.1030004121332 -0.507786408958689 -0.858343498983467 -0.0734806139717043 -613.188673980292 0.0237434445656319 -0.0992072513625652 0.994783479013019 40.2979820637894
-0.871254288680006 0.486401463034736 0.0657995532991374 -18.4969191956041 -0.490323795716865 -0.868594482359592 -0.0715974899579504 -613.857791745115 0.0223280050721947 -0.0946427069146951 0.995260879477012 40.2437923034159
-0.888955553411953 0.453138996776851 0.0665061926298348 -19.9253635163771 -0.457746974564535 -0.883823375693569 -0.0965605916232896 -614.524507548748 0.0150243580582706 -0.11628108263038 0.993102702889909 40.1737360067272
-0.914930540967712 0.398806530252087 0.062092323461291 -21.3659341051169 -0.403281865513647 -0.909515516823524 -0.100723689393659 -615.070600887646 0.0163046665823952 -0.117195887664751 0.992974965324961 40.1301268249778
-0.961479807092709 0.267371492801613 0.0637892262847203 -23.9017495808983 -0.273137401398815 -0.955374108419738 -0.112500101859034 -615.706240057322 0.0308632550141661 -0.125589799737983 0.991602068216734 40.0593805247042
-0.982693903238366 0.178904942906062 0.0480178502426292 -25.7082689455309 -0.183570303312374 -0.975257941915035 -0.123182346435902 -615.928494308895 0.0247918591466611 -0.129865192162604 0.991221668238049 39.990534144845
-0.991147910382026 0.126685000240819 0.0397080654190892 -26.7925883180699 -0.130597475553968 -0.984147237789938 -0.119993807045882 -615.974752460815 0.0238771674256744 -0.124117384215175 0.991980219465746 39.9904142345592
-0.997444903144869 0.05700256617705 0.0430624272371436 -28.1538893016695 -0.0620203918084796 -0.990095283245864 -0.125955552057918 -615.986432740654 0.0354561164010658 -0.12830447203244 0.991100815389752 39.9457260292479
-0.999057399192504 0.00290983179272016 0.0433110378269562 -29.1406098585065 -0.00858456040681738 -0.991289466989733 -0.131421071209426 -615.907982303081 0.0425513623910171 -0.13166899982209 0.990380056364485 39.9209324028189
-0.994668811076377 -0.0975344838244754 0.0334810504166068 -30.7400093724127 0.0919534115109952 -0.98585440327386 -0.140127319452816 -615.669247889027 0.0466746867519836 -0.136301577432673 0.989567255726447 39.8985090275541
-0.979575648832455 -0.199430066000435 0.0256748318307162 -32.1978974249311 0.19373536679087 -0.970275005365954 -0.14502765810873 -615.274120513845 0.0538345230208307 -0.137091439328493 0.989094424912991 39.8826733609159
-0.958440811517982 -0.284704978387313 0.018283492506383 -33.2662800183308 0.27897259656385 -0.948699411415514 -0.148807651504484 -614.855895457002 0.0597118177848763 -0.137522732889281 0.988697120839082 39.8665001731563
-0.938432458273133 -0.345276527443741 0.0113419952316606 -34.0444033106032 0.339918373695161 -0.928732026866726 -0.148028110494118 -614.495429400574 0.0616443061756803 -0.135059031050917 0.988918114733321 39.9273360884654
-0.914309068767304 -0.405004392125576 0.00322011317468448 -34.7699427518881 0.400588786456349 -0.905456037712905 -0.140278251823562 -614.08433318179 0.059728979024377 -0.126967736564207 0.990106884602096 39.8895415375647
-0.867578084492626 -0.497161264968676 -0.0117874476817753 -35.9543378692345 0.492631385193088 -0.855949583386311 -0.157049766072857 -613.293203549322 0.0679895994314127 -0.142059801898869 0.987520342602424 39.953202760349
-0.805213851605488 -0.592758857809395 -0.0163581683313177 -37.0005726743326 0.588001870111442 -0.794575404232259 -0.151339775784781 -612.378950388597 0.0767101944209609 -0.131479517331187 0.988346438549893 39.8955639797724
-0.728505122709466 -0.684514748089909 -0.0268299428526069 -37.9750056209215 0.67926673837907 -0.716736738542717 -0.15775026388253 -611.341739586092 0.0887523764072021 -0.133146563119581 0.987114485969848 39.9987747364074
-0.675983210690442 -0.735986087094453 -0.0370294270552189 -38.4781951503591 0.731520573574073 -0.664115233433227 -0.154365174698795 -610.654849488305 0.0890188143175423 -0.131436054130235 0.987319712338497 39.9818922915619
-0.575528116553736 -0.816611725355697 -0.0437341636218448 -39.2077518373453 0.812113894490728 -0.564435642951881 -0.147930481445165 -609.43144635799 0.0961166449227758 -0.120655273308254 0.988030311069301 40.0501191829202
-0.447404549325086 -0.89248110336512 -0.0575034727594178 -39.8714592570085 0.888338082334877 -0.436055065871595 -0.143914665692251 -607.825623219519 0.103366439025489 -0.115470600864009 0.987917972110688 40.1170839590021
-0.340561393804617 -0.936958209931313 -0.0782767519265221 -40.2821553087883 0.934350734143946 -0.327970085540442 -0.139371189975778 -606.37550164423 0.104912547650532 -0.120602387343309 0.987141540769393 40.2001226827223
-0.261414150099845 -0.962335240292637 -0.0746560608288912 -40.4901889623934 0.957841995568277 -0.249087718162193 -0.143157326695258 -605.195820875016 0.119169432546086 -0.108932061174219 0.986880161111257 40.2576788208611
-0.198044359761633 -0.977131451339962 -0.0774116164982078 -40.644523890221 0.972369526156271 -0.18589165846671 -0.141215423786228 -603.959809119532 0.123595858220384 -0.103239615045564 0.986947640817896 40.298192385493
-0.161265235184169 -0.983915440916526 -0.0768370291398122 -40.7310711279722 0.979446156784349 -0.150001808560069 -0.134850596546988 -603.002696850255 0.121155890824031 -0.0970044460565914 0.987882274141959 40.374024206028
-0.117601596234184 -0.989886062102856 -0.0793438631380752 -40.8008425977855 0.986214646562779 -0.107051775881785 -0.126176813185343 -601.716436551263 0.116406767278474 -0.093088674579981 0.988829592597591 40.4542921156416
-0.0806485158381899 -0.993795053199418 -0.076597709688097 -40.8183174301292 0.990146702811222 -0.0710517166005055 -0.120669633629128 -600.418079754955 0.114478486211007 -0.0855747965494876 0.989733110687094 40.5047867258671
-0.0611989668896601 -0.995102833893106 -0.0776211081442878 -40.8078252239042 0.991255036486173 -0.0514847830282566 -0.121502138900221 -599.431364839611 0.116910816832462 -0.0843781197612406 0.989551511450073 40.5475826755075
-0.0537108487725795 -0.995822267406776 -0.0738454904578213 -40.8036438696494 0.991605398675932 -0.0444802582971173 -0.121409389828658 -597.448637799109 0.117617507374006 -0.079746588382506 0.989851808909029 40.6756043730268
-0.0592032436641717 -0.995651812691829 -0.0719197039976863 -40.804833646022 0.991554744209647 -0.0503257969293808 -0.119526161984577 -595.464478162171 0.115387023425433 -0.0783886601932754 0.990222728873723 40.7596294903451
-0.0756601143733192 -0.994254604486309 -0.0757187463630326 -40.8438945644151 0.989971627837035 -0.0658147791289785 -0.124998363692869 -594.121980079992 0.119296786087083 -0.0844168010882711 0.989263403004132 40.8233538527219
-0.0993736775773978 -0.992333911736478 -0.0734729870260046 -40.9021865514691 0.987965437305427 -0.0896012502333074 -0.12607898574515 -592.759987888482 0.118529181616346 -0.0851177042360063 0.989295612812951 40.867611792167
-0.134852016750827 -0.987455857696279 -0.0821332008358387 -41.0484246216889 0.984172390636421 -0.123861835031168 -0.126739699114772 -591.381911787979 0.114976689321035 -0.0979243326452489 0.988529810369296 40.9788684268868
-0.171358869113552 -0.981913798963119 -0.0805073250204029 -41.2415181066714 0.97882979076467 -0.160396193884724 -0.12714283974682 -589.662996027383 0.111930240273646 -0.100590021339645 0.988611788782217 41.0432220774135
-0.203094418048006 -0.975680672218146 -0.0824614044125384 -41.5161230526671 0.973042012046996 -0.191709643608399 -0.128205519924356 -587.988837700017 0.109279001410497 -0.106276236325377 0.988313442913349 41.1154746671545
-0.221311709517755 -0.972790589512944 -0.0685536008199835 -41.6887031954165 0.968796077177741 -0.211268967862586 -0.129613209447562 -586.988444859992 0.111603261938657 -0.0950993805097317 0.989192003481284 41.1457490958407
-0.257397336300514 -0.963070499733655 -0.0790052138036929 -41.9753594087567 0.959556741196228 -0.245097677199391 -0.138484616677591 -585.660902343413 0.114006454599185 -0.111455556946393 0.987208279511215 41.193952234641
-0.297204706811742 -0.952238543844551 -0.0700793683315901 -42.3190892118271 0.948513852996734 -0.286030032025176 -0.136045181660241 -584.338761783895 0.109502661713027 -0.106904520000256 0.98822092200139 41.2863534730235
-0.342866183195356 -0.936403993290511 -0.0747685881278597 -42.7335105332861 0.933596434801179 -0.330850826978665 -0.137606058057273 -583.057552745701 0.104117613051667 -0.116984151221943 0.987660989922811 41.3477354995668
-0.396182977965072 -0.915587051648367 -0.0688432917906827 -43.2859334063536 0.912100581935067 -0.383847578710272 -0.143991544029412 -581.573137891763 0.105411462395887 -0.119839005219969 0.987181359438806 41.4058252871304
-0.447512520749439 -0.891997974379517 -0.0638134584184455 -43.9265796263418 0.888531754260717 -0.435427637075657 -0.144617061721921 -580.108945143955 0.101211982703902 -0.121418229988539 0.987427844444137 41.4585219427346
-0.498311476552651 -0.864677929771555 -0.0633857247485154 -44.6849133558458 0.861573608514752 -0.485703155518391 -0.147591875895482 -578.648865728454 0.0968327911752317 -0.128158193204555 0.987015140748995 41.511365589681
-0.526903818089712 -0.847927111199493 -0.0582407123528383 -45.1672872731953 0.844300002614032 -0.514315749375581 -0.15045536058971 -577.792139364033 0.0976210636513929 -0.128448137538527 0.986899794251905 41.5539204437299
-0.559947637413642 -0.826756780038608 -0.0541467451937157 -45.8969872106107 0.822238467107789 -0.546471698784527 -0.159036428643836 -576.614324903946 0.101894781824755 -0.133573609248776 0.985786764137732 41.5676885337671
-0.571838572474159 -0.818181344415566 -0.0598325553612232 -46.4862117848533 0.814377840611592 -0.557356280883968 -0.161687070849809 -575.724663728291 0.0989412944705958 -0.141185211015629 0.985026576514032 41.5990256689871
-0.573319453695807 -0.817850769673472 -0.0492435027029038 -47.2506124095465 0.814334481415872 -0.562164403131824 -0.144327877517071 -574.486496073979 0.0903557214075768 -0.122846662127833 0.988303870888386 41.6455855910876
-0.574525205308486 -0.815874277807301 -0.0653448642026019 -48.0492385386032 0.814258766618064 -0.561628518524058 -0.14681984936003 -573.23274316453 0.0830869992891279 -0.137559332627367 0.987002523074911 41.6847953123664
-0.576438792360459 -0.815213784674808 -0.0560785514986887 -48.6400413637137 0.812704182330703 -0.564816371252526 -0.143158579160708 -572.244079503876 0.085030763163682 -0.12809743182947 0.98810971924908 41.6796445771033
-0.578303377136447 -0.813771397986101 -0.0578041158770446 -49.2632282468585 0.811612369699352 -0.566685151412036 -0.141962320776045 -571.273584266848 0.0827681420812514 -0.129011824996259 0.988182869547713 41.7305116151153
-0.582834152330036 -0.809346486302397 -0.0725438900783031 -49.8963144331262 0.809428228808655 -0.570378219538999 -0.139623168146284 -570.272256643448 0.0716260656843081 -0.140096223309144 0.987543798992784 41.7113008009972
-0.58629780294178 -0.807390254650717 -0.0661503058246195 -50.5793111649553 0.807265406511433 -0.575478561836072 -0.130946509373171 -569.242423701986 0.0676568526874591 -0.130174504270753 0.989180038578565 41.7489314923846
-0.589617397461513 -0.804325745255711 -0.073562355383431 -51.2442280021909 0.805211074213909 -0.578250193657288 -0.131384319835332 -568.19869271028 0.063138344720113 -0.136699703928557 0.988598371621079 41.7451030510299
-0.59027163044308 -0.804308781778582 -0.0683138774182849 -51.9430597680124 0.805169592299409 -0.580665419915258 -0.120538781108158 -567.131777319312 0.0572828938730503 -0.126154879685606 0.990355298062791 41.6928039365478
-0.592105549446122 -0.802766514402909 -0.0705474426787485 -52.8980061439014 0.803819400297952 -0.582111762369863 -0.122557202217142 -565.665432333988 0.0573183218504142 -0.129274202623946 0.989950903083681 41.7054894239088
-0.592821769933368 -0.802282789436261 -0.0700333839496772 -53.3820640040043 0.803374597660272 -0.583077236518902 -0.120872627536916 -564.932186771925 0.0561391568093624 -0.127918966646291 0.990194492534108 41.7088732583163
-0.596464314538043 -0.799004994123599 -0.0762977119461001 -54.1330086947011 0.801098449462947 -0.586735372764246 -0.118249214015414 -563.80154562014 0.0497151460897521 -0.131653415119958 0.990048373836616 41.6867049796107
-0.598425425198341 -0.797714571136808 -0.0744209209309012 -54.6383004051753 0.799802151432073 -0.589372026984322 -0.113829400301589 -563.036668054884 0.0469417622252571 -0.127640419947641 0.990709036072033 41.6567359438043
-0.6025687211758 -0.794038819587537 -0.0800830147321552 -55.426289655056 0.79706978250868 -0.593763346454614 -0.110112897603249 -561.873006903767 0.0398835564127084 -0.13018233902895 0.990687569586308 41.6293130037388
-0.606373718126042 -0.790649846108521 -0.0847569160279595 -55.9639644493472 0.794262317370507 -0.597104926323809 -0.112307961271984 -561.08592585036 0.0381875001961478 -0.135419820589193 0.990052113285133 41.5940642811461
-0.60721333243349 -0.789824873880975 -0.0864212792888382 -56.5172902925314 0.79378889399275 -0.598316311739772 -0.109164018247242 -560.268249731681 0.0345131958645375 -0.134886099005863 0.990259854586763 41.5499029163687
-0.607679895272972 -0.789266037149173 -0.0882284958721988 -57.0859470169673 0.793510903549313 -0.598841667590846 -0.108300983861486 -559.435661047273 0.0326433887545717 -0.135822604009253 0.990195248125723 41.5260822628895
-0.605449605577797 -0.791975412083627 -0.0787764035778406 -57.967787914111 0.795121505253399 -0.597568960761416 -0.103407586849757 -558.130146579302 0.0348219325893774 -0.125244895263199 0.991514573378148 41.4928803600343
-0.60509621424583 -0.791170204213354 -0.0889285076359853 -58.5596158404428 0.795502458156924 -0.596306534998573 -0.107677088483518 -557.274926200839 0.0321622538335955 -0.135897845027043 0.990200669129924 41.4546003307786
-0.601877609518524 -0.79476637773154 -0.0780368373766865 -59.1297279306536 0.797897783430215 -0.594416203179007 -0.100142421557519 -556.408686821935 0.0332034690569862 -0.122538900867198 0.991908134565313 41.4230078956611
-0.599136209539384 -0.79663994485926 -0.0800037541207486 -59.7082852748146 0.800233246480133 -0.592616964071377 -0.0918252967470837 -555.535301916787 0.025740117455931 -0.119037524123522 0.992556050912943 41.3784669099506
-0.597379462906307 -0.797293637015804 -0.0863749597503998 -60.2748949671145 0.80149724622143 -0.589909421565343 -0.0980257040163833 -554.682807692332 0.0272018675321689 -0.127787834798752 0.99142842791611 41.3570753903106
-0.595633412601046 -0.79881327651037 -0.0843693490789116 -60.8302830605625 0.802709547219175 -0.58806042003464 -0.0992084935470252 -553.831085199694 0.0296347869305632 -0.126815975568733 0.991483478301142 41.322496361884
-0.593774369147036 -0.799636538167035 -0.0895176260424641 -61.3950513662166 0.80429209311094 -0.58660783699692 -0.0948971787410865 -552.978635152259 0.0233715105044718 -0.128345831260838 0.991454043359905 41.2863733172403
-0.592310867992038 -0.800573437163889 -0.0908295511720488 -61.9384464227086 0.805307708908502 -0.584681748271652 -0.0981159885571316 -552.134306951395 0.0254426734259127 -0.131260904101722 0.99102131431334 41.2434478585502
-0.591023649868148 -0.801142940794906 -0.0941330638565622 -62.4981116337062 0.806381290342922 -0.583751556519753 -0.0947804560320823 -551.275940032123 0.0209823707291831 -0.131924632556836 0.991037653897836 41.2007067895305
-0.58965604303632 -0.801943703619275 -0.095875164334411 -63.0515671804514 0.807185466991348 -0.581101784508531 -0.103789873874865 -550.438378524124 0.0275204067686117 -0.138589365632435 0.98996748176134 41.1547275948229
-0.588150088194296 -0.803176109469463 -0.0948030112102962 -63.6118953940736 0.808126696588337 -0.579035874153043 -0.107929137423784 -549.590297702067 0.0317917602259349 -0.140091375970536 0.989628056575004 41.1460526266145
-0.58742356698593 -0.804011144076103 -0.0921934550332252 -64.1506766592684 0.808210598905103 -0.576974839808494 -0.117879862764669 -548.746767779557 0.0415834193757691 -0.143757136968568 0.988738946741565 41.1219953346793
-0.586074331966378 -0.804841434313778 -0.0935261622323009 -64.7042745351694 0.809290066599305 -0.575823712921063 -0.116088930314197 -547.890634892968 0.0395785991901693 -0.143726536344341 0.988825675858289 41.0904691557236
-0.583277628220028 -0.807625126740005 -0.0867690214086076 -65.2606328510327 0.811332218254454 -0.574129155428731 -0.110071542684747 -547.01303464486 0.0390799186325356 -0.134600770966893 0.990128977666441 41.0903498418051
-0.585600650007182 -0.805306230049959 -0.092486510118445 -65.8220634834787 0.809426428620524 -0.574797840693361 -0.120151150576569 -546.131191551802 0.0435974237976345 -0.145221617457498 0.988438134867953 41.049657908346
-0.585309301927762 -0.805978051037242 -0.088387795102294 -66.3823318896802 0.809442369600118 -0.574510516725931 -0.121411352300553 -545.270712816523 0.0470751672645112 -0.142608020172473 0.988659132972282 41.0065343438858
-0.583292668797357 -0.809163188465874 -0.0708843915047384 -66.9224552673159 0.810232618727231 -0.57345045403701 -0.121151476735364 -544.387029958084 0.0573826287100074 -0.128099614349482 0.990099854926685 41.0011336208431
-0.582200267472998 -0.809680139001464 -0.0738980450413949 -67.4783244314831 0.811232033967998 -0.572430284230327 -0.119273453710926 -543.535196656634 0.0542718676527361 -0.129389498038119 0.99010753061419 41.0097543293014
-0.582434382898823 -0.809610238584774 -0.0728110650654909 -68.0237350943211 0.810819121790969 -0.57225345168724 -0.122875297640175 -542.668721897426 0.0578147157338857 -0.130603401987631 0.989747548637463 40.983355680755
-0.580260736277474 -0.811494509997102 -0.0690951386082063 -69.0892505226693 0.812261778395089 -0.570441370923148 -0.121767999481669 -540.9683588527 0.0593993374809138 -0.126780529198625 0.990150703743095 40.9743191947688
-0.580246071959861 -0.811623128019966 -0.0676933825291473 -69.8811065289417 0.811876880608928 -0.569827222620719 -0.127093930197605 -539.724102013586 0.0645788410229456 -0.128704446012732 0.989578061028381 40.9626502382859
-0.577706629114368 -0.814015665232985 -0.0602789136648477 -70.915200297863 0.813042072379753 -0.567333561166567 -0.130748686090902 -538.068991450212 0.0722332279338943 -0.124543675589576 0.989581342615597 40.9797096328933
-0.576201441646109 -0.815572808471749 -0.053224925800299 -71.6882593937428 0.81329272204112 -0.565706742467893 -0.136127990513748 -536.840287614594 0.0809125881423304 -0.121724589166971 0.989260469983635 40.9940943373054
-0.575891855540926 -0.815929070173148 -0.0510717453002155 -72.1989833013999 0.813065386239943 -0.565114113074527 -0.13989537841717 -536.020778582555 0.0852833419849428 -0.122089277376732 0.988848299755583 41.0065605781456
-0.573598447266078 -0.817359162023832 -0.0539334919103378 -72.7253981106455 0.814903448302843 -0.562710790817792 -0.138884613407504 -535.195652213144 0.08316965334833 -0.123614587136441 0.988838835508095 41.0313904251319
-0.572210725121654 -0.818715406434699 -0.0477490243064292 -73.2255308418656 0.815524243826609 -0.561901916806534 -0.138515138595679 -534.368214427289 0.0865742097092956 -0.118200334837119 0.989208566004968 41.0694234877965
-0.570653620789016 -0.819700998935644 -0.049444083814887 -73.7316835073212 0.816931089935139 -0.560538689314832 -0.135720197754781 -533.540896108015 0.0835346597393674 -0.117841631544707 0.989512663131255 41.0937842821417
-0.569438561264525 -0.82081863211509 -0.0446821901623054 -74.2380445829325 0.81743147563429 -0.559669455745579 -0.1362933708872 -532.720662401225 0.0868648812083283 -0.114135329666845 0.989660355341419 41.1039542110935
-0.567896166537129 -0.822022453628829 -0.0421073599560945 -74.7418480115268 0.81834248018276 -0.558381857453938 -0.136107627981017 -531.893513933219 0.0883715404457899 -0.1117532415473 0.989798809780508 41.1170524706666
-0.566673143987603 -0.822838127998664 -0.0426493023959354 -75.2393999010802 0.819554961264761 -0.557564981234424 -0.132102071018488 -531.057749070663 0.0849188633315479 -0.10981214328439 0.990318171012613 41.1343301596424
-0.564613004607918 -0.824538321474273 -0.036724806983931 -75.7392120492701 0.820864075589836 -0.556348321398028 -0.129068643301306 -530.219214273848 0.0859902577834443 -0.103019909231098 0.990955384398486 41.1544611295093
-0.56283946385121 -0.82578650652211 -0.0358940604793223 -76.2299934797562 0.82193729907939 -0.554570114163153 -0.129888663320343 -529.404070335048 0.0873545323023352 -0.102609132746938 0.99087867651048 41.1812848579162
-0.561161912289432 -0.827053959924879 -0.0328489812360114 -76.7213219640539 0.82255414373961 -0.55280861628721 -0.13344404960663 -528.580211201019 0.0922062297920516 -0.101903783694208 0.990511802078268 41.2159892801361
-0.558670537713407 -0.828837163318873 -0.0302685809468374 -77.2089341521132 0.824460526664204 -0.551007437092081 -0.12905674814515 -527.747500779922 0.0902888158278532 -0.0970554530706024 0.991175145353063 41.2280623867925
-0.556319346661558 -0.830649772480011 -0.0230160815292978 -77.6941966760204 0.826157049497405 -0.549909571842351 -0.122735456824447 -526.901190894714 0.089293415747192 -0.0872950071600203 0.99217249892805 41.240824216279
-0.554239578010375 -0.831885168608125 -0.0280277793753508 -78.4420240900068 0.827956435768186 -0.547538595872188 -0.121200769388456 -525.658019143457 0.0854788315135548 -0.0903800435945029 0.992232239489794 41.2726645474954
-0.548180129917173 -0.836214076859914 -0.0156385045740071 -79.3939156741232 0.832504933337302 -0.543764498327433 -0.106092913654818 -523.975898548956 0.0802127242589664 -0.0711771593984687 0.994233237649456 41.3052525439704
-0.545912099712336 -0.837750248004251 -0.0124298574603843 -79.8689064645896 0.83327217868231 -0.541327051287562 -0.112349898880022 -523.14810880468 0.087392537563036 -0.0716906236067861 0.993590961545627 41.32369226043
-0.538248995749172 -0.842772712465539 -0.00470889567575354 -81.0311469044893 0.838484889247153 -0.534930047227826 -0.103889051766894 -521.045958068316 0.0850359281668365 -0.0598665156520253 0.994577745188626 41.3697447008427
-0.529923266510838 -0.848043754262201 0.00176705046784705 -82.6345394387805 0.843029137360608 -0.527013762342541 -0.107509850072393 -518.155539723717 0.0921043167908675 -0.055482295900871 0.99420244903644 41.4182931290205
-0.526051316152501 -0.850422221883407 0.00721507457423614 -83.0782554706603 0.845604560197638 -0.523938169684252 -0.10218474504971 -517.325002196631 0.0906804308943246 -0.0476533196619676 0.99473927266295 41.4688091115514
-0.519872448050915 -0.854224550795183 0.00574931094295043 -83.7447666787342 0.849670775003957 -0.517773119390905 -0.09985274628365 -516.08596875519 0.088273506001096 -0.0470256701704526 0.994985615214258 41.4730208781351
-0.516989761792842 -0.855934676896868 0.00986990814720949 -84.1812143305351 0.851414110138509 -0.515381786395331 -0.0973428338862593 -515.265498700268 0.0884058779631277 -0.0419218694407922 0.995201968247731 41.5081369637856
-0.510878902972035 -0.85962386311032 0.00703991969977681 -84.8260389917042 0.854827385365126 -0.508860724454559 -0.101641056357184 -514.039361117585 0.0909554161549066 -0.0459083552185363 0.994796227974964 41.5173885730012
-0.501734168809484 -0.865018260895707 0.00249643065661942 -85.6738640624198 0.86101563882642 -0.49968581236168 -0.0946898020949501 -512.397848872499 0.0831558389133899 -0.0453596433122493 0.995503696232814 41.549995609203
-0.497218616961414 -0.867622759538874 0.00209620541179532 -86.0862974972028 0.864046305399122 -0.495385347634182 -0.0895395972488672 -511.579702799483 0.0787250218996964 -0.0427095361659444 0.995981057273371 41.5801501205179
-0.488627136993213 -0.87245379524333 0.00823991257991357 -87.1094998039182 0.867803236810968 -0.486957043083362 -0.0989463509782757 -509.524982469379 0.0903386029016554 -0.041197249386552 0.995058653280679 41.6436513462014
-0.484880933538401 -0.874497917763506 0.011994670409027 -87.5073063408836 0.86972607721508 -0.483587356725759 -0.0985891425414688 -508.684111679539 0.0920164708245018 -0.037371917829927 0.995055932525764 41.6577968765646
-0.479757720143411 -0.877340727669396 0.010284820627114 -88.1105138023412 0.872659960984503 -0.478349486067205 -0.0982158931831649 -507.431808702852 0.0910885418552909 -0.0381446818282139 0.995111984045465 41.6722362101338
-0.469547844958149 -0.882761644591928 0.0160218642021511 -88.708711337274 0.877604234542924 -0.468636746391855 -0.100947547982035 -506.164334566192 0.0966210577849718 -0.0333388477396943 0.994762731722445 41.7625144284432
-0.456024793490766 -0.889630106590221 0.0244879801122188 -89.6403407529054 0.884774967866222 -0.456160537792255 -0.0953457917183915 -504.061821750612 0.0959929370267973 -0.021813693161696 0.995142964016536 41.7313586670384
-0.448223908134102 -0.893354015986746 0.031842272176229 -89.988582363373 0.88918589721246 -0.44922817989136 -0.086847467377967 -503.184046085518 0.0918899797337174 -0.0106134118853978 0.995712602668405 41.7541919138762
-0.427056187371126 -0.90398566207585 0.0208071042993669 -91.0692709219154 0.899704920246124 -0.427106821340436 -0.090060089103798 -500.569810071552 0.0902998854537084 -0.0197404641727572 0.99571895872344 41.7914453342285
-0.416803226066255 -0.908679566023434 0.0240107690886113 -91.4153439398109 0.903970145140748 -0.417127790982007 -0.0940339443216349 -499.697518923414 0.0954622827873665 -0.0174886329350191 0.995279408147827 41.7921353741228
-0.397141705128514 -0.917435296266357 0.0243093235668509 -92.0985252370652 0.913408356143692 -0.397696669188461 -0.0867325443145901 -497.916354769874 0.0892392345019519 -0.0122407712610683 0.99593499915629 41.8417280337326
-0.389533459970508 -0.920622452838824 0.0267952027876886 -92.4129430280776 0.916420551621705 -0.390328844709509 -0.0884124739678198 -497.02278088318 0.0918534491936783 -0.00988394236972825 0.995723481471868 41.8728262616131
-0.385592236202409 -0.921675236987422 0.0428180441473607 -92.8797788483038 0.91722113450882 -0.387938076106149 -0.0906059574057557 -495.668072859539 0.100120016933577 0.00433666130094534 0.994965916792119 41.8976587260214
-0.378299969413056 -0.924825741521705 0.0398306535335508 -93.3722450510921 0.920270767201635 -0.380385964179264 -0.0916964191750461 -494.297439422215 0.099954230406697 0.00196623351625663 0.994990093292172 41.9727726125113
-0.370571975059433 -0.928083094868114 0.0365811470647852 -93.8311990357309 0.924026720514016 -0.372369386571899 -0.0866929046703314 -492.909817884348 0.0940799185621579 0.00167599644759049 0.9955632375491 41.9899672257898
-0.358936399713582 -0.932676721865824 0.0357602216194462 -94.1299094493747 0.928351103467258 -0.360712003523314 -0.0897278061992026 -491.981729065652 0.0965861773328724 0.000991465489306759 0.995324131800494 42.0170177787997
-0.336361326043673 -0.941048540701409 0.0358985011649607 -94.7049312102238 0.93663904444529 -0.338258242531591 -0.0910420879596564 -490.100239896028 0.0978179879304219 0.00300090039627219 0.99519979694233 42.0204030823436
-0.322663633556538 -0.946301970189455 0.0200190108558741 -95.1073022225703 0.941951589196783 -0.323110678314843 -0.0912507159893972 -488.65658267754 0.0928190884987986 -0.0105863484959363 0.995626710185988 42.0962094794631
-0.305846434424898 -0.951415628824062 0.0355845441012066 -95.5080878671394 0.947466989158421 -0.307826732527878 -0.0868850228536921 -487.225139755842 0.0936176425929071 0.00714170641541785 0.995582609844519 42.108912826828
-0.295381231680117 -0.955150659479181 0.020908028783809 -95.772170259024 0.950251478558618 -0.295989819063774 -0.097016258986596 -486.249442622529 0.09885370740795 -0.0087888968068973 0.995063163736162 42.1165960969188
-0.275850849501408 -0.96113002395081 0.0116355442359612 -96.1099565866141 0.956481629065553 -0.275674521456422 -0.0956370821380396 -484.699873190642 0.0951272941350532 -0.0152523860457376 0.995348261981933 42.1528680099947
-0.260755680575872 -0.965249407089712 0.0173221580749484 -96.3048267766567 0.959866660465915 -0.261137249474854 -0.102290425078403 -483.716172463372 0.103259232872544 -0.0100458473842508 0.994603746110433 42.2014754971076
-0.237757579029834 -0.971254189916073 0.0116889770443778 -96.6143889143565 0.966698740866277 -0.237781219786259 -0.0946236541490208 -482.179551250304 0.0946830397770716 -0.0111977715386127 0.995444489608106 42.2158150382831
-0.222001232282346 -0.974924751165676 0.0154007282185853 -96.7921722799997 0.970434895018452 -0.222458064184332 -0.0936403983859784 -481.145128350177 0.0947183582820403 -0.00584287976108649 0.995486962928422 42.2487073101424
-0.208326176150324 -0.978042240136788 0.00579489765196445 -96.9571982435682 0.972885272749325 -0.207829085340817 -0.101495405580111 -480.14518304688 0.100471142115815 -0.0155063791586448 0.994819130197712 42.2566153152463
-0.183761376704414 -0.982967330842318 0.0026425231174973 -97.1493693307807 0.978723120534282 -0.183216269083161 -0.0923734381458421 -478.593633463022 0.0912842251615002 -0.014388371692959 0.995720927266616 42.2667025481389
-0.169944009581824 -0.985439624455587 -0.00527068876759807 -97.2821167807436 0.982808492863489 -0.169093786551297 -0.074126632900339 -477.597108018178 0.0721560805660208 -0.0177774548959191 0.997234908201058 42.2746705380098
-0.157324190702779 -0.987521160157939 -0.00714543630814473 -97.4404956015518 0.983844085240663 -0.156104185220049 -0.087648726709213 -476.211928278377 0.0854395397733236 -0.0208192602438881 0.996125817076447 42.3241337043719
-0.149142491157198 -0.98881430551611 -0.00166929269991776 -97.5255179811561 0.985047860065267 -0.148426742415019 -0.08746551044213 -475.256142284437 0.0862393802868609 -0.0146891573195518 0.996166149768692 42.3633723094935
-0.136475502525307 -0.990521881381086 -0.0155190114292022 -97.6478377991141 0.988133845081445 -0.134998691937456 -0.0732588382363053 -473.895283333323 0.0704694360345129 -0.0253328971981204 0.997192209608824 42.4036491303681
-0.130932553057728 -0.991065497948611 -0.0254134870817705 -97.7191188820572 0.986653250352144 -0.127760810801993 -0.100958104146061 -473.03488231101 0.0968092460425903 -0.0382930019597228 0.994566044001894 42.3975845357811
-0.118098805051432 -0.992769134805724 -0.0214969119298048 -97.801875862765 0.986506385236288 -0.114826732491009 -0.116704641696342 -471.773228150625 0.113392346009143 -0.034989519609908 0.9929339904465 42.457192026352
-0.111334862985197 -0.993346018124437 -0.0294658541432787 -97.8544839711675 0.989167321408618 -0.107914695551876 -0.0995109478461907 -470.905955035054 0.0956690051237541 -0.0402256977599066 0.994600087823423 42.42484583502
-0.106255006556519 -0.993699494259063 -0.0356537331980285 -97.9191928685845 0.992887327733439 -0.104094878388154 -0.0577841736092771 -470.049541020083 0.0537087330703842 -0.0415399976244282 0.997692237410583 42.4361496175165
-0.102169834500532 -0.994481412730539 -0.0238336873270832 -97.9480217591749 0.994119772488158 -0.101209936866222 -0.0385022937969706 -469.246828033507 0.0358776095389143 -0.0276273128082812 0.998974238266816 42.4872376733449
-0.0995711322136535 -0.994683319087534 -0.0262808743899266 -97.9905858367438 0.99390121651562 -0.0981654708377548 -0.0502385523674079 -468.448953339496 0.0473915756064511 -0.03112290256724 0.998391407964496 42.4671901601199
-0.0960620118684133 -0.994688594181082 -0.0369687771214479 -98.0452028406426 0.993173851411177 -0.0933146010564152 -0.0699863279703407 -467.671237776499 0.0661648754920829 -0.0434394502237833 0.996862690351772 42.4532103549615
-0.0899060570321764 -0.995249824559133 -0.0373455167850516 -98.081189029478 0.990935369629277 -0.0856322451374952 -0.103509476911057 -466.483623174432 0.0998198082878131 -0.0463131224139277 0.993927110288102 42.4881094208837
-0.0873217360343343 -0.995540820457245 -0.0356845795725188 -98.1128140940553 0.992525659926592 -0.0838800380217751 -0.0886394585314471 -465.709276355005 0.0852509753799486 -0.0431580122895265 0.995424360346875 42.4812334982295
-0.0852220895323743 -0.995355604210037 -0.0447707116696644 -98.1686380105448 0.99241236430794 -0.0808015678469585 -0.0926758102322127 -464.914789531039 0.0886278433928058 -0.0523290340169357 0.994689286950651 42.5194311363476
-0.0837783836993543 -0.994912242747299 -0.0559536563261257 -98.1918658252744 0.992949190354239 -0.0786238159243571 -0.0887141530104083 -464.134550317448 0.0838635069597323 -0.0629914660968551 0.994484282127869 42.5429264934802
-0.0806504348674965 -0.995645584346101 -0.0467480237849052 -98.1992632641075 0.993148832482157 -0.0762921938119199 -0.0885149575082885 -463.36490581846 0.0845630173007879 -0.0535665150581481 0.994977248267272 42.5426210524332
-0.0778667195093252 -0.995207728113722 -0.0591468671662335 -98.253551345279 0.992822885050843 -0.072005105171988 -0.0954881340716799 -462.199150037867 0.0907716525803969 -0.0661577110539272 0.993671809178427 42.5731286356289
-0.0762561027573344 -0.995322682715922 -0.0593107415519641 -98.270792093309 0.993023689819359 -0.0704452422205488 -0.0945590783903632 -461.418733303611 0.089938636023733 -0.0661076782202281 0.993750882581002 42.6006671431255
-0.0745088833337429 -0.995448304582532 -0.0594230528340883 -98.2951168413479 0.993154561518005 -0.068697818716504 -0.0944702420848588 -460.60250551387 0.0899580082056965 -0.0660551482275114 0.993752622211537 42.5943101498447
-0.074032094927867 -0.995184310118391 -0.0642451384524489 -98.3196951208172 0.993465895516392 -0.0679864209334303 -0.0916698479025417 -459.78669301808 0.086860597317794 -0.0706118648871809 0.99371484902398 42.6273209739107
-0.071858683950249 -0.995277287974553 -0.0652644588038355 -98.3324729821959 0.993836316872953 -0.0659096023052367 -0.0891364100038159 -458.973688449854 0.0844138898839584 -0.0712674144752345 0.99387889142927 42.6404069456732
-0.0730246339514086 -0.995280038997237 -0.0639143709186084 -98.3485564303916 0.993192973605162 -0.0667410559421807 -0.0954638603507091 -458.112615193732 0.0907475620476925 -0.0704505175664549 0.993378882681235 42.6443487532491
-0.0742777403928252 -0.994777881054429 -0.0699984617473693 -98.3897969448789 0.99394515342398 -0.0681508125700152 -0.0861887390035785 -457.244436798076 0.0809681991099985 -0.0759765365814244 0.993816741971061 42.6249061068096
-0.0754117485636138 -0.994195982793211 -0.0767294987369218 -98.4284343317815 0.994327153415082 -0.0691866804382802 -0.0807880884251551 -456.387839129478 0.0750105336605311 -0.0823865950733024 0.993773550056646 42.6351939901993
-0.0766311153111299 -0.994236790309772 -0.0749725080325862 -98.4394595520005 0.994217160600224 -0.0705226552001106 -0.080986373369559 -455.503002110585 0.0752323715843096 -0.0807450301755483 0.993891508348748 42.6546860296814
-0.0761791035210261 -0.994484387889316 -0.0720940110629518 -98.4555188017971 0.994423220347917 -0.0704874722274324 -0.0784472758728113 -454.608000001965 0.072932866525393 -0.0776680017986763 0.99430804003437 42.6697648892544
-0.0794683541996414 -0.992581339845088 -0.092016653232602 -98.4968119252385 0.992697004121503 -0.0703958567552203 -0.0979646944561687 -453.672194012153 0.0907603365407616 -0.0991297490313936 0.990926765289939 42.657153079522
-0.0784245709381249 -0.991943877196616 -0.0994833210408465 -98.5281670413114 0.993301956673829 -0.0692557508335625 -0.0924925069636577 -452.748412074779 0.0848575838750655 -0.1060706626199 0.990731146674143 42.683265532922
-0.0786305771243045 -0.992721013941396 -0.0912262068720652 -98.536778310715 0.993179709369214 -0.0701057308814199 -0.093162499938896 -451.802306546112 0.0860888914923505 -0.097929438764592 0.991462822189955 42.6905082699311
-0.0767476678707326 -0.992831325952737 -0.0916283454141514 -98.5689197127198 0.993418793225577 -0.0683078552807579 -0.0919409493815546 -450.859032888661 0.0850229189256771 -0.098081573773438 0.991539766294567 42.6918709993479
-0.075471349746126 -0.992180145407829 -0.0994114401162999 -98.5893625379334 0.993632196975157 -0.0664660896125871 -0.0909797563523498 -449.901387970205 0.083660818199557 -0.105644772658709 0.990878423172123 42.6777059129256
-0.0728701797767354 -0.992331259919078 -0.0998429140536408 -98.6121657198276 0.99415356757041 -0.0642745888894201 -0.0867609434603012 -448.915892603397 0.079678234081409 -0.105581474750604 0.991213363107639 42.6965373850151
-0.0707797358628588 -0.992446387508997 -0.100201780979817 -98.6240665835643 0.994481736527803 -0.0624109205593956 -0.0843264650484996 -447.932929512095 0.0774358102161458 -0.105617446074368 0.991387235332843 42.7034356008072
-0.0683830694525819 -0.992720286327448 -0.0991473092231623 -98.6502152623796 0.994932253174555 -0.0605158022423886 -0.0802972556938569 -446.915442537955 0.0737127357059 -0.10413582857456 0.991827687555576 42.7226425118115
-0.0658492288485882 -0.992186275991921 -0.105972981430784 -98.6788164794947 0.994941331541191 -0.0572125456998867 -0.0825740359046353 -445.345628975911 0.0758658411347813 -0.11087433583937 0.990934536587101 42.7205644715658
-0.0622979032626131 -0.992880339290614 -0.101526366522381 -98.6796345545063 0.995315916887779 -0.0542697180712191 -0.0800063953088033 -444.299039685239 0.0739269696316587 -0.106035039258846 0.991610494907378 42.7217999529289
-0.0614237950110432 -0.992910459875672 -0.101764119786507 -98.6876352718936 0.995332718208174 -0.053330535639385 -0.0804278187740077 -443.234336700237 0.0744304875086123 -0.106229339816726 0.991552030854323 42.7088197137305
-0.0587759872086942 -0.992251091877086 -0.109467593361567 -98.7067419001975 0.995822431545333 -0.0506022298740937 -0.0760072309909362 -442.146180401194 0.0698789536182644 -0.113477685033223 0.991080091032363 42.7398803253304
-0.0565033270806857 -0.992518819351993 -0.108230158740244 -98.6872356914705 0.995623687152916 -0.0479319035542407 -0.0802247231325759 -441.037322078477 0.0744368699559873 -0.112289473477225 0.990883558516016 42.7329769779683
-0.055070054467558 -0.992494225487217 -0.109190207781974 -98.6914994463021 0.995929713913729 -0.0467850459944864 -0.0770400182698033 -439.914568443099 0.0713533043709822 -0.112988370400782 0.991030945081695 42.7530937885469
-0.0542393344771822 -0.992069240253069 -0.113387464647421 -98.704008672544 0.995466969706414 -0.0448387061035339 -0.083874922703336 -438.813236951796 0.0781255836394329 -0.117422795822015 0.990004181911541 42.7700649640151
-0.0524940131371135 -0.992750497634559 -0.108124132510257 -98.6920379872428 0.995826331446416 -0.0439443689153408 -0.0799925623955416 -437.685360884758 0.0746612093575555 -0.111871988839779 0.990913902380171 42.7479829629603
-0.0532383802502729 -0.992106283740137 -0.113537644117103 -98.6962399554397 0.995560349216601 -0.0438949645219948 -0.0832635764144972 -436.550285923975 0.0776225865070687 -0.117466394568606 0.990038575112609 42.7448498015711
-0.0527268268818586 -0.991877886333862 -0.115750336193209 -98.6936358746688 0.996156038409162 -0.0441234504704522 -0.0756721101829764 -435.412454204211 0.0699501884767545 -0.119295346600159 0.990391635370379 42.7740205233632
-0.0517838302264581 -0.992330384631064 -0.112244566305201 -98.6876542489443 0.995976760317865 -0.0430864603745098 -0.0785738495883071 -434.290457698409 0.0731349973255452 -0.115861834399258 0.99056918359892 42.7498398627845
-0.0533133635550273 -0.992101061373771 -0.113548092399153 -98.704677114427 0.995968962043227 -0.0446150099225371 -0.0778159850939889 -433.151783287491 0.0721353721345186 -0.117239007632481 0.990480440582431 42.7650346623738
-0.0516343856052262 -0.991958518514544 -0.115551667100053 -98.6934795816513 0.996022179901787 -0.0427379758974888 -0.078187483396502 -431.970521258321 0.072620295832938 -0.119129186023478 0.990219435110481 42.7687490530726
-0.0515755663441048 -0.992526554010416 -0.110593853990598 -98.683070976845 0.99608021470374 -0.0431567527435408 -0.0772120493730386 -430.813904781761 0.0718621376806766 -0.114142605002872 0.990861896982179 42.7452759371835
-0.0523890816498622 -0.991672673061366 -0.117646477325966 -98.6768906064256 0.99621488992259 -0.0437158003336627 -0.0751320297723186 -429.022818499982 0.0693633708841007 -0.121137270501329 0.990209313466139 42.7814932054733
-0.0524432249477147 -0.992221587860494 -0.112898311505016 -98.6765364491468 0.995822625278065 -0.0434988340891994 -0.0802816941599074 -427.861403985735 0.0747462851343664 -0.116636923898397 0.99035792562191 42.7593186174857
-0.0526586872456588 -0.991796691111021 -0.116474830580664 -98.6771479477173 0.995930182873211 -0.0436155962364278 -0.0788717351595269 -426.674188943077 0.073144606771091 -0.120154081354615 0.990056999992491 42.7553953454452
-0.0528339241838933 -0.991943338593363 -0.11513900067129 -98.6619541258936 0.995984902103968 -0.0439998016642685 -0.077962120510235 -425.480461223118 0.0722679129093819 -0.118795751076197 0.990285271166831 42.7657127350359
-0.0551063008819882 -0.991606686599631 -0.116959286480398 -98.6753741567194 0.995829658106105 -0.0460517548848587 -0.0787561293379912 -424.307489561382 0.0727089240697541 -0.120811485227709 0.990009089553069 42.7684555171692
-0.0538844601523399 -0.99113929950193 -0.121405740955331 -98.6698441133658 0.995938951744238 -0.0445630738217594 -0.0782287469549609 -423.095838487131 0.0721253724612758 -0.125128020180847 0.989515492154087 42.7723949671458
-0.0537857042612323 -0.992002800605044 -0.114182054670922 -98.6517634519238 0.995875266453243 -0.0449219083775362 -0.0788319466612568 -421.892846809829 0.0730722360668282 -0.117951115889043 0.990327209853755 42.7450242439377
-0.054876602272737 -0.991060257181554 -0.121606435513222 -98.6649404390159 0.995910394281133 -0.0455730538500761 -0.0780101488626706 -420.698136266038 0.0717707815604498 -0.12539004505147 0.989508105836528 42.7618964496206
-0.0525132651011025 -0.991078812385939 -0.122495488194861 -98.6559149212524 0.996156813511231 -0.043377496313575 -0.0760920213210141 -419.454791520863 0.0700996425352741 -0.126020555677405 0.989547805648209 42.7851874055899
-0.0514353962961778 -0.992259051780968 -0.113032624346202 -98.6426602280477 0.996379559888296 -0.0433156804212334 -0.0731541144875063 -418.31995400918 0.067691747241896 -0.116386107368448 0.990894596497004 42.7745633747034
-0.0520108739217609 -0.990763186363705 -0.125232493947588 -98.6438914755368 0.996350349200318 -0.0429826814155747 -0.0737459880043159 -417.049726377835 0.0676819816664685 -0.128611032360234 0.989382813532222 42.7898245704045
-0.0527581751578393 -0.992133796848811 -0.113521381705719 -98.6397406743595 0.995806088196635 -0.0437602979057125 -0.080344701366789 -415.847083272034 0.074744964141606 -0.117284122870762 0.990281588669559 42.7843275123651
-0.0549995738436424 -0.991993530414921 -0.113683255108031 -98.6484378770273 0.995699729792027 -0.0459890934501239 -0.0804179791820143 -414.652813778512 0.0745459252347227 -0.117617340977322 0.990257070730789 42.7799285271373
-0.0550363095298945 -0.991055602298127 -0.12157219166745 -98.6484016487 0.99612431367588 -0.0461312892060929 -0.074888289204247 -413.403728851097 0.0686101766291616 -0.12522259105162 0.989753477565618 42.7711725979156
-0.0572048991048513 -0.991924430567018 -0.113196835480066 -98.6498481374643 0.996417040078685 -0.0496504953530687 -0.0684683178705789 -412.188706840711 0.0622951182616704 -0.116707978970987 0.991210656664501 42.7823898229002
-0.0586193130571589 -0.991235260050222 -0.11839102740442 -98.6655809238471 0.996178602196299 -0.0503913655806704 -0.0713365460415863 -410.963887420713 0.0647454142232092 -0.122120307517147 0.990401263038867 42.7925343224969
-0.0617349830876139 -0.99042513852638 -0.123478082420213 -98.6750682415589 0.995852030502157 -0.0528384151829909 -0.0740731748049181 -409.803562246242 0.066839548232331 -0.127538805294509 0.989578863929574 42.773503967989
-0.0636758978563397 -0.99009666500918 -0.125115842201889 -98.6693179059036 0.995958814594229 -0.0550895755706942 -0.0709307993434402 -408.559510592451 0.0633357692323034 -0.129126808220214 0.989603379003231 42.7468723057625
-0.067700992487128 -0.989925630401678 -0.124353616312907 -98.6850158931773 0.99589160388906 -0.0595382115760231 -0.0682284007258355 -407.405848948066 0.0601372506815395 -0.128461852844214 0.989889419806222 42.7186269325536
-0.0714971506091976 -0.989711513868118 -0.123932549282433 -98.7163930070582 0.995416546693997 -0.0628872113307621 -0.0720492693844784 -406.219271558775 0.0635142190581195 -0.128515827694168 0.989671473777799 42.7512639736474
-0.0751191986701851 -0.989547927661658 -0.123093480134685 -98.7245372055959 0.994962935458611 -0.0661624335864959 -0.075307964024367 -405.055422435899 0.0663766755323893 -0.128130524241616 0.989533579876315 42.7445545726496
-0.0822912356099215 -0.988873097878413 -0.123927998588465 -98.7860444637107 0.994724664293817 -0.0738564344819709 -0.0711903738658718 -403.273706958177 0.0612453654356363 -0.12913258062147 0.989734197567557 42.730523300268
-0.0903764766200102 -0.988257993926808 -0.123199959064584 -98.8213445347307 0.99403168136106 -0.0819239450714758 -0.0720380710071351 -402.111171874935 0.0610991728606531 -0.12897520949271 0.989763752827944 42.7127192373306
-0.100645797213792 -0.987041429095213 -0.124978561173026 -98.8818903744541 0.992841386313564 -0.0915194948415815 -0.076747401825096 -400.948267842197 0.0643148903922043 -0.131808191375276 0.989186633330747 42.7148489028242
-0.109604903106975 -0.985954194791095 -0.126020200717007 -98.9478480200746 0.991997017791673 -0.100509163422363 -0.0764187461331523 -399.778652767995 0.0626791983622725 -0.13338753255826 0.989079918030228 42.7323483358126
-0.119387579892721 -0.984909790322681 -0.125296890200402 -99.0267940211729 0.990931078244425 -0.110366659017261 -0.0766472357408145 -398.605290048826 0.0616620137256277 -0.133311310487521 0.989154128818861 42.7148149799141
-0.127904713485516 -0.98389967444747 -0.124827140039138 -99.0994532925116 0.990001252254286 -0.119110964712352 -0.0755651945027512 -397.436118994871 0.0594802891984711 -0.133244169506419 0.989296763610096 42.6935176109498
-0.135577810431503 -0.98300373611282 -0.123783327257091 -99.1972188601017 0.988907228500464 -0.126612181287695 -0.0776649790388466 -396.274881796463 0.0606724874892412 -0.132939874897671 0.989265302597872 42.6610478050548
-0.138807447552319 -0.982501813879217 -0.124188076030104 -99.2965002196403 0.988423462624294 -0.129692113123914 -0.0787338194631346 -395.095888118918 0.061249906431031 -0.133679248642047 0.989130076099543 42.6607751691908
-0.140839132811269 -0.98225362422899 -0.123863458525845 -99.3876269628715 0.988164436959084 -0.131786880763201 -0.0785064557093381 -393.937326203848 0.0607896718062068 -0.133454245896186 0.989188849539852 42.6538148118968
-0.143139688673661 -0.981984672399958 -0.123357742756403 -99.4814368128872 0.987725171995682 -0.133864797611232 -0.0804934815162441 -392.77481137844 0.0625301058091967 -0.133365359565562 0.989092344897806 42.6310789562041
-0.144454522171918 -0.981564755239234 -0.125153994327896 -99.5825401845505 0.987630916697498 -0.135228075666118 -0.0793633412533555 -391.605460617102 0.060975924817428 -0.135070347685134 0.988958006069457 42.6165196542591
-0.144797372219329 -0.981622005838872 -0.124305907547655 -99.6805384554825 0.987544060368913 -0.135554830632725 -0.0798850218890378 -390.443825623332 0.0615666291789299 -0.134324701916671 0.989022964660853 42.6129283921015
-0.145010138260607 -0.981706158846395 -0.123389940775964 -99.7792028574749 0.98751358697568 -0.13584104556894 -0.0797754716511397 -389.304856445052 0.0615546532771033 -0.133417495186325 0.989146499077939 42.6034633214831
-0.14486740025668 -0.982096126835077 -0.120418578294264 -99.8744550025577 0.987492940812642 -0.135853127053056 -0.0800101225789895 -388.184698113461 0.0622183910758663 -0.130503354460516 0.989493681781993 42.5942433122119
-0.144780911971788 -0.982335023730754 -0.118559641870731 -99.9729206186128 0.987463102140726 -0.135831376275046 -0.0804142968000154 -387.088650568231 0.0628896608293572 -0.128715726976642 0.989685380406138 42.6044609163125
-0.142250007534743 -0.983137444067475 -0.114916062536261 -100.051302256102 0.987537884413657 -0.133063255642467 -0.0840422325121569 -385.994476474082 0.0673339602590382 -0.125438973490298 0.989813720719982 42.6009587574657
-0.138706508600075 -0.985657047863528 -0.096128499774684 -100.135434214172 0.988009096905843 -0.131080907999165 -0.0815832089918898 -384.890345734602 0.0678124538951162 -0.106291954328954 0.992019904811217 42.635370183073
-0.135386147386445 -0.985838362475243 -0.0989611750535887 -100.230937371896 0.988749719527162 -0.12802019261316 -0.0773616340200337 -383.762372763916 0.0635970379091341 -0.108321527663807 0.992079565062079 42.6349641332582
-0.13366056653269 -0.986220230237622 -0.097491078690361 -100.298695478593 0.988900480620661 -0.126285558668313 -0.0782802471895481 -382.674389261235 0.0648898480687455 -0.106871956760799 0.992153058996309 42.6287797091825
-0.132845252644929 -0.986277007199786 -0.0980296073578713 -100.375365893419 0.989162748943121 -0.125691320941029 -0.0758864147485377 -381.568773396666 0.0625235551851683 -0.107048385831514 0.992285970946821 42.6095249118821
-0.13189860845286 -0.986544884093732 -0.0966020121772019 -100.458701310454 0.989166983000259 -0.124658755120055 -0.0775169304996319 -380.455592612278 0.0644316446349589 -0.105779896201516 0.992299942925138 42.6010106564612
-0.133028850315328 -0.986485520698262 -0.095653763315721 -100.538197641043 0.989109303303682 -0.126007762128495 -0.0760580699299857 -379.342997579397 0.0629770680636042 -0.104729944791577 0.992504673823789 42.589172017598
-0.134856457401615 -0.986317371788115 -0.0948249861907347 -100.622452263862 0.988698584807887 -0.127618943915714 -0.0786671059129458 -378.226317187896 0.0654892685557502 -0.104362096868664 0.992380828332152 42.5608463344658
-0.134228681299196 -0.988376742598722 -0.0713727945832124 -100.694457736796 0.989135727796228 -0.129278102092281 -0.0699834574484951 -377.114913693432 0.059943082284 -0.0799911683209863 0.994991577791962 42.5390809451455
-0.135550672222266 -0.987978415617303 -0.0743280938435412 -100.803730388893 0.989027340361472 -0.130482777136885 -0.0692760051400137 -376.016210744572 0.0587446616945307 -0.0829029260338175 0.994824692886855 42.5614041166877
-0.135913500387109 -0.987907076213644 -0.0746131970869349 -100.869535725271 0.989074841867684 -0.130963050251601 -0.0676730127392883 -374.898328144181 0.0570830762743101 -0.0829957121531406 0.994913681767044 42.5899173731927
-0.136656153954999 -0.987840172264557 -0.074141011906767 -100.946343838603 0.989084948224414 -0.131898964000033 -0.0656782193091947 -373.831803719086 0.0551004608160075 -0.0823070917725179 0.995082650769178 42.5695548447351
-0.135738604661657 -0.988073164608961 -0.0727079953247193 -101.022989477262 0.989210106614915 -0.131079894067465 -0.0654326091652404 -372.778889827654 0.0551216488814985 -0.0808052148743836 0.995204562426082 42.5890711352033
-0.135686718845217 -0.988201792145659 -0.0710375416883665 -101.103087155382 0.988988303861216 -0.130820486470512 -0.0691963521100229 -371.767657111677 0.0590867934037253 -0.0796443238387152 0.995070616853668 42.5794390889227
-0.133965004359144 -0.988606286689289 -0.0686366339899513 -101.187684640739 0.989346509463003 -0.129439716789536 -0.0666246495737079 -370.766884472964 0.0569812409519921 -0.0768307857298162 0.995414571193183 42.5837666122799
-0.132629981765952 -0.989206203828753 -0.0622926499955625 -101.257703370238 0.989011336674595 -0.127938682199378 -0.0740828558184595 -369.786833771369 0.0653135810218319 -0.0714337448534858 0.99530465498274 42.5587635959133
-0.130020783955843 -0.989825368547731 -0.0577956358115098 -101.329572198223 0.989342692059045 -0.125662687599341 -0.073552203329833 -368.804350856653 0.0655410818408625 -0.0667430050616478 0.995615255943013 42.5441480232674
-0.127835396395484 -0.990315470403811 -0.0541606915325943 -101.396137563171 0.989457564106629 -0.123596477910293 -0.0754827098105806 -367.843916700218 0.068057624558805 -0.0632390680438121 0.995675137789612 42.5249138541254
-0.125190324246547 -0.99062580229672 -0.054661709989956 -101.457330284874 0.990248471786024 -0.121368792869481 -0.0683928376575319 -366.878806521469 0.0611174839181792 -0.0626907963052526 0.996159885368872 42.5312445659182
-0.124084482232709 -0.99066330421538 -0.0564735243286978 -101.519921890383 0.990466001995903 -0.120226030462346 -0.0672517694155394 -365.941520051713 0.0598342724472712 -0.0642800068476243 0.996136506991072 42.5131697996004
-0.120931215041189 -0.99116224591537 -0.0545256224234154 -101.668472146771 0.990658612754144 -0.117018040601067 -0.0700163634439954 -363.597290924909 0.0630170945434356 -0.0624834413735848 0.996054549384429 42.4804308547666
-0.114200131642946 -0.992278351661026 -0.0483942430213627 -101.807762929497 0.99181590720861 -0.111076594107472 -0.0629539232252074 -361.249583788053 0.0570923474792813 -0.0551875263656654 0.996842415225669 42.4392450643939
-0.108642446410256 -0.992816582841587 -0.050120371833717 -101.895450929197 0.992477173040271 -0.105466460654697 -0.0621762548804724 -359.828922793306 0.0564435986803187 -0.0564983053880968 0.996805929785878 42.441505466106
-0.104763958786208 -0.99323315592293 -0.0501239554985141 -101.92637839823 0.992954636579138 -0.101662469598112 -0.06087554493558 -358.883058594983 0.0553678845128896 -0.0561483770966551 0.996886030152885 42.3947898020253
-0.101916429468729 -0.993317733711012 -0.0541564520584857 -102.02482353261 0.993544134089294 -0.0989105625823484 -0.0555585657338173 -357.426812616018 0.0498306634623809 -0.0594691559117908 0.996985618990583 42.4221185003994
-0.099304230583705 -0.993582654251877 -0.0541495979484104 -102.06415401009 0.994225502687384 -0.0968498327346976 -0.046214280317667 -356.440539936841 0.0406733277984132 -0.0584261847895037 0.997462812006917 42.4025773481024
-0.0928302335855798 -0.994050174981087 -0.056980675255016 -102.153131567244 0.995139890353982 -0.0907395369330361 -0.0382483341263873 -354.446205761235 0.0328503631442985 -0.0602543447167842 0.997642354545975 42.3320291892903
-0.0917370458469957 -0.99405954494965 -0.058565651313392 -102.186451837273 0.995151721395416 -0.0894258409778066 -0.0409398384114184 -352.955812080963 0.0354593545204537 -0.0620374085524826 0.997443729799875 42.2431697248607
-0.0902266854380134 -0.994091985147546 -0.0603346525661806 -102.246578641489 0.995433968203829 -0.0881220084506011 -0.0366841460662391 -351.93673090495 0.0311506048231291 -0.0633690515318332 0.997503886271682 42.2095010156252
-0.0847380336432587 -0.994431615594436 -0.0626516365350089 -102.344187891782 0.996309264504563 -0.0836987071588589 -0.0190361729954464 -349.416046165092 0.0136863112872299 -0.0640334937839288 0.997853895396101 42.0828302983635
-0.084029355951723 -0.992706510549965 -0.0864456548939962 -102.405751675912 0.996446090257675 -0.083201556056517 -0.0131411673746419 -347.877637842227 0.00585290940752862 -0.0872426786698317 0.996169894380462 42.0287644763227
-0.0810342086169491 -0.993013243380729 -0.0857796916776364 -102.455011741494 0.996708451016025 -0.0805267926007475 -0.00936479293271616 -346.352363698141 0.00239179996262431 -0.0862562122048135 0.996270116559268 41.9525034748343
-0.0772407972332059 -0.992040316233017 -0.0994478265779321 -102.528114691212 0.997011941011599 -0.0769580059615517 -0.00668242461268062 -344.821117283874 -0.00102407180468087 -0.0996668264103832 0.995020338983189 41.8321243617352
-0.0758532458029208 -0.992249312171604 -0.0984255434129814 -102.54831707407 0.997116188130457 -0.0752484775198825 -0.00984753771894642 -343.281284243114 0.00236484023731456 -0.0988886703617697 0.995095693089228 41.7525561095911
-0.0713705731098072 -0.991294511102636 -0.110641012069501 -102.583870216485 0.997444698583645 -0.0705726136737221 -0.0111166301836923 -341.717247015075 0.00321162908180159 -0.111151691201912 0.993798262718141 41.6395234386723
-0.0667265541301277 -0.992041165007896 -0.106779651168643 -102.619605398708 0.997771299130649 -0.0663390508031865 -0.00718087527189023 -340.177430731427 4.00631668792764e-05 -0.107020826329786 0.994256778265369 41.5396263675471
-0.0673459875815715 -0.990198204867457 -0.122360259209963 -102.660647998485 0.997729617610631 -0.0667936209398401 -0.00861523907313626 -338.564179861785 0.000357909492952623 -0.122662656415926 0.992448358667484 41.4668683056824
-0.0651089506652384 -0.989930078476382 -0.125695124292931 -102.677117484748 0.997875148051317 -0.0642806180371329 -0.0106391280811719 -337.502096333813 0.00245223262251086 -0.126120743228496 0.992011867208582 41.4109492810926
-0.0626957300120105 -0.989631290902799 -0.129225204601581 -102.689027220415 0.99802248384779 -0.0615818295969244 -0.0126015871137308 -335.905182296755 0.00451300039338328 -0.129759725375614 0.99153519680236 41.2855076849785
-0.0624072121090772 -0.989025175673224 -0.133919908009682 -102.710713397592 0.998048562905762 -0.0615605110819703 -0.0104579901065883 -334.825057734533 0.00209903752123084 -0.134311225740351 0.990936975130915 41.2219856547796
-0.0600513181364458 -0.989900112838344 -0.12841964722234 -102.715246761777 0.99819500108242 -0.0594541926761546 -0.00848167361405687 -333.20386251631 0.000760923218252122 -0.128697185578634 0.991683646845099 41.1432323279246
-0.0613334096512188 -0.988402804272065 -0.138917635193209 -102.735473668627 0.998105398645111 -0.0600550898759904 -0.0133790648204523 -332.110606520661 0.00488119412018463 -0.139475025316737 0.99021355840892 41.0656982638582
-0.0565361862066416 -0.990036665369859 -0.128961470496185 -102.721273283754 0.998386230728828 -0.056753573225381 -0.00199153640047372 -330.469372718887 -0.00534733020217038 -0.128865950310708 0.991647605205714 40.9343473105575
-0.0547939083973103 -0.990240777968 -0.12814378350852 -102.726753835037 0.99845592017598 -0.0555123273744596 0.00203886610860872 -329.365454586112 -0.00913252802268813 -0.127834201835042 0.991753504542894 40.8697891203109
-0.0568310792808385 -0.989060639234807 -0.13612229921732 -102.740006445972 0.998382931139228 -0.0564810465759197 -0.00643538557764688 -328.270883287966 -0.00132334334896483 -0.136267909993965 0.990671138909505 40.8146181674937
-0.0559454193792523 -0.990005591992377 -0.129456702701339 -102.724536397759 0.998433780729808 -0.0555132976546124 -0.00694689003019624 -327.198615724583 -0.000309108493593743 -0.129642591795034 0.991560740875013 40.7679385553514
-0.0536183591927026 -0.990326767913313 -0.127976420921408 -102.727439110972 0.998542169777983 -0.0539726261971964 -0.000700568666540194 -325.558613622749 -0.00621343162521012 -0.127827416369685 0.99177696327939 40.648450823465
-0.0549354889729454 -0.990435373227492 -0.126569599474052 -102.725276799036 0.998485423187582 -0.0548719310037812 -0.00399134937476452 -324.46863769642 -0.00299194472184021 -0.126597166823096 0.991949699137585 40.6033171624278
-0.0539099416039696 -0.991345835649639 -0.119696083212342 -102.716097641272 0.998538330831604 -0.0539845177068971 -0.0026217757319069 -323.393217778843 -0.00386264886978971 -0.119662466914539 0.992807118203549 40.5162359508988
-0.0545600142714729 -0.991378575744917 -0.119129024157324 -102.725961979594 0.99850404595188 -0.0545986995778307 -0.00294146598398131 -322.301669921001 -0.00358818344316432 -0.119111299037452 0.992874424779483 40.451055497889
-0.0541771057403066 -0.991377216846353 -0.119314940940285 -102.726740296091 0.998498725565039 -0.0547529791593322 0.00155123117916328 -321.212661914613 -0.00807070372378455 -0.119051775254122 0.99285524551681 40.3768014316745
-0.0551693608265502 -0.991158454838254 -0.120670041968318 -102.718722796523 0.998462595216628 -0.0554136145646003 -0.00133314446439286 -320.128395022687 -0.0053654057877227 -0.120558071996576 0.992691776785323 40.2857977268824
-0.0528429763976416 -0.991480814536148 -0.119052149296747 -102.723598933545 0.99855324388033 -0.0536516004622941 0.00359512223756444 -319.048641125346 -0.00995183307270386 -0.118689932911645 0.992881493857108 40.1980757651976
-0.0554970676219292 -0.990367136722232 -0.126858227900182 -102.742937275414 0.998387498984853 -0.0565622814894738 0.00480730521977573 -317.43793918657 -0.011936387901605 -0.126386877536052 0.991909209469571 40.1574620064524
-0.0547507611866017 -0.991229206975844 -0.120278898346825 -102.736855997213 0.998463098308641 -0.0553864212639672 0.00194567609778622 -316.39789141542 -0.00859042870844363 -0.119987514257144 0.992738233854724 40.0720014656788
-0.0538908858873193 -0.991378372507135 -0.119434898347942 -102.732148271324 0.998505334449422 -0.0545922004576945 0.00260551822744841 -315.356668354227 -0.00910326833212071 -0.119115969434372 0.992838615451365 39.9944763137301
-0.0543312779159646 -0.99175652648039 -0.116047854023975 -102.723490107152 0.998482921132335 -0.0550017720043402 0.00258094622623404 -314.341210719191 -0.00894250787298215 -0.115731574170293 0.993240270172836 39.9171872726216
-0.0565286656074821 -0.99079271716187 -0.123021549265305 -102.747183348487 0.998364424249441 -0.0571502058286394 0.00152655390568716 -312.805703263159 -0.00854320535398014 -0.122734044147265 0.992402825494535 39.870908655393
-0.0561329005055261 -0.991197521696435 -0.119902337190248 -102.740461647213 0.998400274745434 -0.0565410592732164 2.12288379011074e-06 -311.808968937466 -0.00678150935122258 -0.119710407229738 0.992785691643372 39.7902546852885
-0.0553221736587641 -0.990989789435777 -0.121978253536047 -102.743913067149 0.998430577059133 -0.0559712310789345 0.00189844275004898 -310.804096353225 -0.00870861039639787 -0.121681792087161 0.992530957491715 39.7579675993883
-0.0542645792671749 -0.990751853553477 -0.124362856662695 -102.740678115774 0.998481905151393 -0.0550179449644781 0.00262884330663963 -309.831508910743 -0.00944672018224828 -0.124031408974643 0.992233323903991 39.6660955229926
-0.0538666479024235 -0.990485521385828 -0.126636551472313 -102.742020537239 0.998462768817038 -0.055085439087465 0.00613951844652686 -308.867140256663 -0.0130569341719408 -0.126111166538037 0.991930184107958 39.5898981823546
-0.0522671373217317 -0.991531276211441 -0.118885973313523 -102.73200503168 0.998577085682482 -0.0531538598387383 0.00429780573373347 -307.906076099572 -0.0105806571663766 -0.118492174757476 0.992898612253624 39.5351644530371
-0.052105949905171 -0.991952228155739 -0.115393877833035 -102.733634190567 0.998531454626488 -0.053467068410698 0.00872964587340894 -306.963483971208 -0.0148291640354132 -0.114769550197042 0.99328145368852 39.4915552817214
-0.0505355713073183 -0.990641429301815 -0.126790041341976 -102.727233886183 0.998610476414009 -0.0520204547661238 0.00842547815334124 -305.584716496734 -0.0149423033308024 -0.126188077237046 0.991893793071813 39.3604760024289
-0.0488345043498051 -0.990713924211224 -0.1268901554846 -102.728180218744 0.998554851861064 -0.0512803775707783 0.0160788899159201 -304.662907393921 -0.0224365552088265 -0.125921575793013 0.991786447648972 39.3410137084256
-0.0493503532294516 -0.991853309100488 -0.117437455109258 -102.716645805999 0.998612570733716 -0.0511623904257818 0.0124636823819233 -303.294997366498 -0.0183705255429982 -0.116659431818994 0.993002064831158 39.2111739794665
-0.0483325266919196 -0.990875361312913 -0.12581726911112 -102.739814948776 0.998547349823236 -0.0509372770649559 0.0175665581773588 -302.388381133448 -0.0238150587772839 -0.124785464490913 0.991897893347506 39.143366810708
-0.0465554931999224 -0.991465004393166 -0.121777383436223 -102.697995008644 0.998753182873412 -0.0483997375666215 0.0122288635494813 -301.10603926757 -0.0180184836526729 -0.121056228535103 0.992482102498435 38.9914496446643
-0.0470250462772219 -0.991236314745112 -0.123447208770206 -102.712470160718 0.998713844404184 -0.049001315773314 0.0130202936948084 -300.241733373964 -0.0189552635972239 -0.122676156538317 0.992265719754011 38.9359282295674
-0.0471318463222572 -0.991605731550072 -0.120402085610263 -102.701158060861 0.998748452855923 -0.0488012570875501 0.0109528637613007 -299.387500641476 -0.0167366956163365 -0.11973516803229 0.992664783578084 38.902240813882
-0.0472493717017846 -0.990678240935841 -0.127765878895945 -102.69889225117 0.998616467477268 -0.049804080061325 0.0168731885684476 -298.078346684148 -0.0230791628316076 -0.126791863088732 0.991660816861027 38.811077820424
-0.0497541636717678 -0.990528006599978 -0.127979652048278 -102.698344164011 0.998506512184867 -0.0522266886163973 0.0160349031982972 -297.24393112781 -0.0225669741377932 -0.12699071279917 0.991647160305026 38.7569902432734
-0.0487612619943513 -0.991972804390142 -0.11667173899054 -102.672655038056 0.998644297950532 -0.0505500191831799 0.0124202146305618 -296.422745550779 -0.0182182737823126 -0.115907941535249 0.993092867555424 38.7128771315142
-0.0485924684234291 -0.990910428430632 -0.125440403538653 -102.687700925909 0.998650583895477 -0.0505036779338052 0.0120991652762179 -295.196202229175 -0.0183243907877128 -0.124683203931325 0.992027376315633 38.5897370910035
-0.048147662141072 -0.990729470900559 -0.127031169873569 -102.687800473738 0.998688338365155 -0.0499672710374352 0.0111747321452029 -294.38752904871 -0.0174185373609475 -0.126326510733773 0.99183577634709 38.5505251712176
-0.0483086574512135 -0.991587277350791 -0.120087239169309 -102.669500681895 0.99868556381598 -0.0500130313968945 0.011217901588601 -293.589563707241 -0.017129455356771 -0.119387470391741 0.992699961555677 38.4972563938307
-0.0467768814893018 -0.991384904412296 -0.122343347434831 -102.669281027111 0.998758032564958 -0.048521345313734 0.0113168651100578 -292.775564363732 -0.0171556330431051 -0.121662033323339 0.992423313864865 38.4264150858665
-0.0453852180853687 -0.991523197699948 -0.121745350639004 -102.666615942261 0.998793268410553 -0.0473284392546356 0.0131158612177941 -291.950957514164 -0.0187666980875083 -0.121003170456773 0.992474706872826 38.3792892074063
-0.0449291707973689 -0.991765794550407 -0.11992488637168 -102.652067477281 0.998759401723649 -0.0471741339643333 0.0159454869268593 -291.123446399937 -0.0214715411668648 -0.119059690258771 0.992654906337246 38.3062960096
-0.043216785397506 -0.991854648169063 -0.119819307147601 -102.636317213204 0.998859680802338 -0.0453315810737567 0.0149795135035398 -289.872761044337 -0.0202890987319601 -0.119035308470969 0.992682702483461 38.211866084308
-0.0420333663444074 -0.992362137660371 -0.115976652184376 -102.621866146873 0.998873873562078 -0.0442955724585711 0.0169966754295651 -289.033057426113 -0.0220041093627382 -0.115131620325202 0.993106504445746 38.1437815815484
-0.042876849467902 -0.991017615952525 -0.126671467392945 -102.629329181087 0.998901726954368 -0.0449207331929217 0.0133216972264493 -287.731578558097 -0.0188922118157115 -0.125961155128021 0.991855267532277 38.0633157727793
-0.0413462382237973 -0.992114907186882 -0.118315254816549 -102.604956186979 0.998928588096879 -0.0435102554835999 0.015764946892657 -286.868436307474 -0.0207885657878897 -0.117536669194409 0.992850928854461 37.9955055684599
-0.0403887122346979 -0.99228233561127 -0.117237017864943 -102.589157378013 0.998920388744468 -0.0427944076638702 0.0180747233256489 -285.991430181263 -0.0229523174129112 -0.116380432661769 0.992939467449469 37.8933689741405
-0.0389292123324876 -0.991835949252049 -0.121432969981215 -102.585890403295 0.998959379017969 -0.0415197346522183 0.0188751346072668 -285.106910871324 -0.0237629017421095 -0.120571810161811 0.99242015451879 37.8090920416317
-0.0405557705063539 -0.991779541814745 -0.121361319687821 -102.577623798566 0.998998307474092 -0.0425470897244975 0.0138609819231101 -283.767164906537 -0.0189106092586457 -0.120677610159089 0.992511613666943 37.7443127089923
-0.0391424022712692 -0.991723326782044 -0.122281296447131 -102.569134924422 0.99905097562181 -0.0411809345516582 0.0141872738241804 -282.850954786189 -0.0191055084607652 -0.121609924536648 0.992394077874634 37.6795268119845
-0.0366614513433955 -0.991816794234019 -0.122292210139275 -102.538035821777 0.999115224456196 -0.038901804930401 0.0159817969265178 -281.474985917016 -0.0206084022971037 -0.121598093112145 0.992365455619174 37.5603118037581
-0.0365074192270922 -0.991494521322426 -0.124923266563885 -102.527025432866 0.999136500382021 -0.0386951850841966 0.015130639631773 -280.543054762292 -0.0198358752200189 -0.124263014766719 0.992051027525975 37.4616531360442
-0.036319614845471 -0.99193354934059 -0.121444305218718 -102.514909257138 0.999109469624436 -0.0386535033205327 0.0169166896237902 -279.15223109547 -0.0214744798366509 -0.120721747724385 0.992454082737391 37.4238177484977
-0.0354235616468562 -0.992058124254785 -0.120689060731823 -102.471810975081 0.999193539581116 -0.0374426384342024 0.0145023889910123 -278.204047188165 -0.0189061296835821 -0.120078003510901 0.992584420255136 37.3354798703361
-0.0358812996096593 -0.991762223925045 -0.122964318131607 -102.47387813052 0.99922024121943 -0.0376323173996469 0.0119464733088216 -277.24562239676 -0.0164754931855779 -0.122439780636774 0.992339185078324 37.2627415914285
-0.0360632625956196 -0.991863944439356 -0.122087496543106 -102.443777811484 0.999184859978688 -0.0380047772650538 0.0136107492227086 -276.29155453446 -0.0181399195237794 -0.12149713011523 0.992426012704944 37.1777683521813
-0.0372388935450049 -0.991966479902273 -0.120895688747932 -102.413601823097 0.999075617038321 -0.0395566789900776 0.0168279703700038 -275.308933049075 -0.0214750144829188 -0.120157279835926 0.9925225699476 37.0801495281249
-0.0398836295584539 -0.991620516516788 -0.122874111659961 -102.422513858292 0.998818093753676 -0.0429844630360031 0.0226881362782113 -274.321838283069 -0.0277796991257325 -0.121824000757187 0.99216289043483 36.9864848634586
-0.0439864095929204 -0.991267258999316 -0.124315795485153 -102.420968152294 0.998665966811683 -0.0469972880248372 0.021390223243279 -272.821671228767 -0.0270459332102011 -0.123209074967281 0.992012117538136 36.9598598625463
-0.0452475359337978 -0.991912798647159 -0.118581872020469 -102.398840633222 0.998662363351813 -0.0478868753425718 0.0195020817990312 -271.845916728801 -0.0250228798600559 -0.117540831415658 0.992752742848704 36.8494526447419
-0.0496622967694139 -0.990486057752284 -0.128339493835397 -102.399326068331 0.998629443256167 -0.0513691835866259 0.0100220776050251 -270.83579626447 -0.0165194231577339 -0.127665877884354 0.991679652046241 36.7306197308125
-0.050182890665238 -0.991073993392988 -0.123507154062248 -102.39428586482 0.998548311451231 -0.0522111587025899 0.0132387539001308 -269.835976581771 -0.0195690363169988 -0.122663501201491 0.992255369494475 36.6524681869105
-0.0520715770395322 -0.991337818747448 -0.120573131275867 -102.38757237928 0.998462877622951 -0.0539766207082807 0.0125859614575056 -268.841147641619 -0.0189850697526102 -0.119732424756061 0.992624658966581 36.5454554638616
-0.0522676050418278 -0.991186006799623 -0.121730839920741 -102.385009177844 0.998390661182427 -0.054551162904635 0.0155002673999212 -267.317006837215 -0.0220042070274886 -0.120724771900259 0.992442111320717 36.4516078324837
-0.0527511059966581 -0.991061478797675 -0.122533530347798 -102.386253690251 0.998389464767205 -0.0549061580922578 0.0142755190939604 -266.299105083038 -0.0208757624527435 -0.121583136359091 0.9923616999336 36.3538326699309
-0.0538042238181598 -0.99116360805258 -0.121242762965541 -102.380704552702 0.998332924287779 -0.0559348208356086 0.0142361547160497 -265.279433249118 -0.0208920506972463 -0.120274676845466 0.992520792894226 36.2759488037544
-0.0542480007336995 -0.991627818559657 -0.117181158361794 -102.369793648053 0.998249920520978 -0.0566250626032977 0.0170498816721551 -264.250253392878 -0.023542527397423 -0.116051160027757 0.992964187501217 36.1754984350579
-0.0539541257368642 -0.991477411135561 -0.118581176937555 -102.379338414296 0.998161428608882 -0.0568362878176686 0.0210570374122784 -262.675965795505 -0.0276172908418912 -0.117227042933924 0.992721061351839 36.0672330298996
-0.0538728457528671 -0.9923616935544 -0.110977410567789 -102.37548789073 0.998092945361504 -0.056868878764444 0.0240083953581793 -261.630364945795 -0.0301361727843379 -0.109472370002292 0.993532893917455 35.9710679543676
-0.0569645841528568 -0.991553195207744 -0.116521659898948 -102.387885047803 0.997932205821425 -0.0600304533693011 0.022970791293745 -260.04838460033 -0.0297716095748404 -0.11497219551522 0.992922477095636 35.8845514807365
-0.0572291482691549 -0.991587540802965 -0.116098981531771 -102.387357601118 0.998008591186876 -0.0599106666988813 0.0197373740118359 -259.003204930729 -0.0265269015449342 -0.114738227892987 0.99304152106264 35.7616245320905
-0.0575147936896508 -0.992102483652805 -0.111466185171887 -102.395359372091 0.998012147748941 -0.0600175299676976 0.0192262591817343 -257.960841370857 -0.0257643445944898 -0.110138812534514 0.993582226351249 35.6777218089441
-0.0566644540687364 -0.992650940924616 -0.106926372455847 -102.395068734221 0.997900512564771 -0.059675189596456 0.0251682095031617 -256.884384782601 -0.0313640983938652 -0.105275739028997 0.993948344786508 35.5712438333326
-0.0579860290337526 -0.992208458972177 -0.110272364538689 -102.408246734139 0.99795815691171 -0.0605734538690082 0.0202576834747624 -255.845418961898 -0.0267794228892509 -0.108872543051202 0.993694939042805 35.4638134625833
-0.0613187606768161 -0.991849465543702 -0.11168996055927 -102.423812730402 0.997894382212909 -0.0632897805680547 0.0141846968090756 -254.266949502186 -0.021137917044432 -0.110584996162768 0.993641860574876 35.3916401683279
-0.0590528352402912 -0.992337890657322 -0.108527754127043 -102.433338238268 0.997825673564193 -0.0618652121127948 0.0227292918148123 -253.18989425884 -0.0292692300248404 -0.106949550237558 0.993833540326415 35.3072399250438
-0.0595462266843177 -0.992772641091678 -0.104195633245893 -102.434912644628 0.997880643401698 -0.0619441719192096 0.0199283990690871 -252.129845870172 -0.026238681595561 -0.102788144574635 0.994357143547041 35.2096969850095
-0.0585041689343906 -0.992786546201387 -0.104652452903982 -102.436451962529 0.997832239844644 -0.0613197662213703 0.0238894829826112 -251.051527619814 -0.0301344212474085 -0.103027957138246 0.99422188504579 35.090369566475
-0.054967587703625 -0.99305937681066 -0.103979028801328 -102.441267251854 0.998086519024305 -0.057600060688804 0.0224840732651254 -249.455390475079 -0.0283172181541501 -0.10254417163871 0.994325312973043 34.9837182754315
-0.051889624117107 -0.993740469809533 -0.0989310142054292 -102.437827071962 0.998162572046337 -0.0547127545043671 0.0260383229180815 -248.404843677259 -0.0312881235427563 -0.0973981168055845 0.994753567557262 34.8791202975601
-0.0499939811355854 -0.993206997651205 -0.105073601189333 -102.440405433884 0.99819653919264 -0.0531894197217958 0.0278308241612644 -247.329084373072 -0.033230573182708 -0.103492731369593 0.994074938603529 34.8051880189539
-0.0479951979255264 -0.993778322778076 -0.100504259374832 -102.423320792387 0.998313670710603 -0.0510155253751534 0.0276989357741112 -246.286248663099 -0.0326538795307816 -0.0990053601937341 0.994550985522863 34.7054943751738
-0.047424700611083 -0.992635466266185 -0.111470753484777 -102.427107304135 0.99834321715254 -0.0507437394454726 0.0271273602218423 -244.698731284782 -0.0325840227330012 -0.109999563715521 0.993397391502983 34.5936439330298
-0.0460109694070524 -0.993291068070255 -0.106093566186063 -102.419381758512 0.998488195022692 -0.0489271992641557 0.0250490233840062 -243.672484720575 -0.0300718322446467 -0.104780643556044 0.994040593558146 34.5099545081844
-0.0436511662839165 -0.993896356508191 -0.101314402736223 -102.403608751418 0.998494234966659 -0.0467746095763451 0.0286600529889193 -242.651270895059 -0.0332240638754659 -0.0999108023124834 0.994441548388277 34.4088938117639
-0.0438054612353371 -0.99250237840554 -0.114105698478657 -102.399993322457 0.998365868314867 -0.0476848247569072 0.0314920699828459 -241.08159661051 -0.0366970645946076 -0.112539710090464 0.992969354563822 34.2639813124265
-0.0432750585823333 -0.993774866263264 -0.102658582145519 -102.370776464286 0.998487465487249 -0.0465091154906855 0.0293203588164272 -239.571294107923 -0.0339123955147018 -0.101234467251558 0.994284432177607 34.072087355666
-0.0430753746892418 -0.993186087617348 -0.108286229312534 -102.37492864067 0.998683185711988 -0.0458278557311058 0.02305866898249 -238.010206186257 -0.027864074926983 -0.107150375652324 0.993852298043341 34.0096019106504
-0.0424395768328277 -0.993208850094556 -0.108328493075918 -102.35316768425 0.998771214238153 -0.0449528626659205 0.0208638862004357 -236.512420137098 -0.0255918722936863 -0.107309926064589 0.993896189669985 33.869417961719
-0.0423701806760338 -0.992649925394876 -0.113361781050869 -102.347582287547 0.998769523678959 -0.0450093893287313 0.0208229066741731 -235.5160412444 -0.0257722012949394 -0.11234002174559 0.993335549124571 33.7706978681757
-0.0403873053153689 -0.993722870088773 -0.104325083426259 -102.308046942818 0.998773743668887 -0.0431421324420694 0.0242850852579916 -233.976670293263 -0.0286334511891275 -0.103216344979289 0.994246705602848 33.6577226170837
-0.0385326662020654 -0.994023376415102 -0.102140886894925 -102.296836973087 0.998848808403838 -0.0412377546143493 0.0245052146409487 -232.958021460662 -0.0285708170270375 -0.101079051908337 0.994468065691262 33.6045706006523
-0.0380978209805978 -0.994236655718399 -0.100209921975933 -102.263366084782 0.998863005981182 -0.0407661166244694 0.0247147530353395 -231.459374262124 -0.028657482770962 -0.0991544056573 0.994659314800791 33.4109859899441
-0.0374732999005519 -0.994898370822381 -0.0936642062344804 -102.239721792857 0.998834202507367 -0.0401452415948364 0.0268066312461004 -230.423737780794 -0.0304300459420534 -0.0925504798056944 0.995242895474115 33.3604647518263
-0.036730813215 -0.995791237797962 -0.0839681968686215 -102.215462972965 0.998899186521373 -0.0390385172792754 0.0260078706466875 -229.391794732295 -0.0291764036081195 -0.0829204733068892 0.996128973867872 33.2588891992961
-0.035399732974202 -0.995274312247574 -0.0904206961125232 -102.190456792014 0.998879179053133 -0.038081736206363 0.0281099096698787 -227.844630147529 -0.0314204481109828 -0.0893242674060474 0.995506871243428 33.1615174243515
-0.0319368947263155 -0.996054527220699 -0.0827974248294477 -102.151933633666 0.999098255719638 -0.0341334382799196 0.0252504219601664 -226.823511066787 -0.027976957897809 -0.0819163426572422 0.996246456772844 33.052634215474
-0.0296842350206694 -0.996170978447687 -0.0822327665217225 -102.12039858964 0.999206489269665 -0.0317588927935702 0.0240367329293882 -225.802667467882 -0.0265563173770364 -0.0814540019096972 0.99632324452472 32.9582645174644
-0.0260486042931907 -0.996651508991742 -0.0775063857940869 -102.083848585916 0.999313124732562 -0.0280054714479239 0.0242687516412561 -224.783480544946 -0.0263580908189918 -0.0768209814664235 0.996696437163751 32.8681330026405
-0.0119128956352678 -0.998750492302899 -0.048533875203832 -101.919578247564 0.999477862185683 -0.013351395344996 0.0294235151380203 -221.228233530581 -0.0300347451848506 -0.0481580145672508 0.998388060683129 32.5511534475895
-0.00751702572770981 -0.998466863666111 -0.0548399168942626 -101.83509738114 0.999741528657273 -0.00868071003154458 0.0210124047021514 -219.667741654483 -0.0214562392377532 -0.0546677915605609 0.998274041715832 32.4466285982554
-0.00074436350466225 -0.999141645758202 -0.0414176005408851 -101.738117108104 0.999750889755338 -0.00166744460323349 0.0222570901490992 -218.163680812917 -0.0223070472358604 -0.0413907156266541 0.998893990523284 32.2749354561767
0.020810653472567 -0.999235458990954 -0.0330970421213365 -101.48313261802 0.99940919255275 0.0198857684465064 0.0280325178026241 -214.571155933878 -0.027352925677288 -0.0336608631563232 0.999058939076402 31.9804609586708
0.0470384838104943 -0.998728714274939 -0.0181200530776358 -101.185087983631 0.998677078855273 0.0466433507921959 0.021644629725985 -211.497400357209 -0.0207719332251168 -0.0191142122412257 0.999601507442084 31.7410703664224
0.0570639290361455 -0.997940009291581 -0.029316307033411 -101.019014659123 0.998138962192414 0.0563936843831997 0.0232026833607558 -209.962682778726 -0.0215016314824991 -0.0305857845543893 0.999300850408316 31.5739976197133
0.0741824206002609 -0.997059571805221 -0.0192140247078859 -100.655185022891 0.997038025484566 0.0737610512033229 0.0217826321462874 -207.377938392682 -0.0203013352202677 -0.0207730016360189 0.999578080087446 31.4420340090206
0.116214995570806 -0.993205516246783 0.00607266839545876 -99.7613799715413 0.993104683383129 0.11629365316305 0.0147943934139669 -201.821932488626 -0.0154000859404327 0.00431146505908583 0.999872116133893 30.9443916585418
0.128094428462412 -0.991740881330024 0.0064685157211062 -99.5044928506339 0.991612497052551 0.128185633243332 0.016525710853395 -200.334829863401 -0.0172183938302055 0.0042974095397291 0.99984251719216 30.8325464802004
0.139896590443554 -0.990127750562718 0.00871673952124659 -99.2045486634812 0.990029188382313 0.140018224384717 0.015398148954017 -198.863012628471 -0.0164666369768596 0.00647567801575084 0.999843445475795 30.7572468012382
0.167279119673854 -0.985848180423773 0.0110027849327047 -98.6855737981383 0.985774154832308 0.167430693289597 0.0147064138801425 -196.550445696939 -0.0163404952736965 0.0083861850504091 0.999831315830081 30.4915570758296
0.183559732969374 -0.98292414148632 0.0128824110939551 -98.3657393221077 0.982739226709392 0.183800434713822 0.0210002972749124 -195.199601868182 -0.0230094919291319 0.00880524175656557 0.999696469433984 30.4756351715503
0.215723513004809 -0.976426358987622 0.00741157277773175 -97.7587901718622 0.976326430403196 0.215811931971085 0.01455717400672 -192.992507042256 -0.0158135142526374 0.00409578967760442 0.999866569735132 30.2457195311802
0.236937367382138 -0.971497000430356 0.00736628080129026 -97.3662120953459 0.971475132047404 0.236995178973425 0.0083278422674463 -191.674425869607 -0.00983624681975153 0.00518298159130927 0.999938190564959 30.138195673426
0.265809025962588 -0.963998172864257 0.00728590633997839 -96.4755951549075 0.963959947255533 0.265871577723715 0.00967079344286932 -189.009476261833 -0.0112597426228309 0.00445273770585986 0.999926692974536 29.9386579756453
0.27767104238983 -0.960676178390939 0.000269240277083634 -96.0377647148841 0.96056742159131 0.277643803582589 0.0149715366484212 -187.706447608801 -0.0144575515066523 -0.00389853874859793 0.999887884015032 29.8459072745032
0.287280386278276 -0.957841306343755 -0.00316409884379016 -95.7613033304247 0.957701559755117 0.287292809301908 -0.0164488347926321 -186.909062777252 0.0166643962513488 0.00169516521513774 0.999859702314515 29.8174468854713
0.311852536152304 -0.950092386570764 -0.00851191374753841 -94.784226194806 0.950048304324923 0.311695191381323 0.0159476367873352 -184.386539243952 -0.0124986057108827 -0.0130600402001752 0.999836596752315 29.559919086417
0.325915194537527 -0.945376446002113 0.00653156290488107 -94.3116134387773 0.944206095107192 0.325843141052593 0.0479697549650614 -183.155699519269 -0.0474777414373709 -0.00946693051599075 0.998827433190844 29.5148571405698
0.350876387467398 -0.936202061296199 -0.0202845049872261 -93.4803104384414 0.936411879368404 0.350889984432861 0.00300183317982909 -181.211925463734 0.00430730722857272 -0.0200479238190644 0.999789741823241 29.3232726113293
0.363309592636841 -0.931489939970584 -0.0182381915674275 -93.1103969498703 0.93160830382763 0.362994042229672 0.0184741317839442 -180.408720332475 -0.0105881130264152 -0.0237026800037585 0.999662980620559 29.2619084543523
0.38971934105055 -0.920530444960221 -0.0272494974717204 -92.2093549373054 0.920880901149482 0.389209613956812 0.0222315609372718 -178.469058488943 -0.00985906229026171 -0.0337576110666271 0.999381419972291 29.1180896121353
0.398388181945877 -0.916798375524647 -0.0277055070559636 -91.8297012180263 0.917197152999533 0.39799956936921 0.0185936900984234 -177.729269008413 -0.00601988499981419 -0.0328189185881142 0.999443184762044 29.0572626535294
0.408041852413955 -0.912333805878057 -0.0338950340116092 -91.2585468621623 0.912945981161934 0.407524666751789 0.0212904079133657 -176.592088245751 -0.00561089644017558 -0.0396317125658642 0.999198601480323 28.936468549409
0.416701053365526 -0.908357169818374 -0.0353197418395541 -90.6676182140129 0.909014920962895 0.416064753276167 0.0241245631683545 -175.461838274915 -0.00721842024845911 -0.0421589032209486 0.999084841886976 28.8374413727017
0.424258431719405 -0.904535520055151 -0.0426646935246056 -90.0574734866665 0.90552942613053 0.423541991337048 0.0250726940307982 -174.289592062762 -0.00460885307913538 -0.0492714372918578 0.998774791402191 28.8115451764087
0.433905777403178 -0.900052117851568 -0.0403975430818799 -89.4335068282128 0.900888730546951 0.432878907044495 0.0318645101871231 -173.157138445262 -0.0111924755816558 -0.0502198863685657 0.998675468559973 28.6739257910352
0.441654964670118 -0.895999285726756 -0.0461104343872472 -88.8023899852288 0.89715735334852 0.440654364414976 0.0305354622482229 -171.990879061804 -0.00704098820593315 -0.0548544537770378 0.99846953553221 28.5714862740987
0.447037918306317 -0.893188668965351 -0.048693954740387 -88.1417085074577 0.894496672340084 0.446017382669887 0.0307277973311098 -170.819230879443 -0.00572737015325767 -0.0572930710313926 0.998340974438553 28.4918509587103
0.45480589409379 -0.888591685352577 -0.059635689145138 -86.8367130025217 0.890582832757932 0.453501662221397 0.0346187862191318 -168.503158363959 -0.00371708143628026 -0.0688553489911827 0.997619729266065 28.3139091476655
0.458658146894461 -0.88641364208561 -0.0624784715871286 -86.1798338493062 0.888559687669156 0.456727003358002 0.0431523562845761 -167.365916195812 -0.00971523219640969 -0.0753080309671185 0.99711298995411 28.2342996971898
0.463515057306835 -0.883953639734412 -0.0614797076288382 -85.5365754057996 0.88604425131066 0.46167702341965 0.0421889886783844 -166.275149067942 -0.00890934168017937 -0.0740289730217708 0.997216292879417 28.1126868240373
0.472458383814894 -0.878437542280391 -0.0716279266445999 -84.0919307907493 0.881286495746038 0.469861796304295 0.0506360028968406 -163.791072140469 -0.0108253396568195 -0.0870481285616613 0.996145288266339 27.9434090815593
0.470477527415639 -0.878406718036492 -0.08397936594918 -83.4751790251096 0.882391413515978 0.467681409616771 0.0515702671327764 -162.777026133217 -0.00602408085453214 -0.0983653231948651 0.995132138784909 27.8786664586684
0.445082028954023 -0.890788166807853 -0.0916429450491144 -81.970452661376 0.895359840499562 0.440937457797206 0.0624893137419169 -160.075240415285 -0.0152559340182373 -0.109866283210282 0.993829289310186 27.661287473903
0.429223849093059 -0.898040765186248 -0.0963829416102095 -81.4460448780703 0.903031816253045 0.424646460111098 0.0648762109701306 -159.074835647686 -0.0173328071721304 -0.114883279805251 0.993227771368039 27.5836100645375
0.412756574503254 -0.904800612067098 -0.104727563742042 -80.9747198186273 0.910675172320705 0.407747930230295 0.0664255667011093 -158.109000241918 -0.0173994460541886 -0.122790381528499 0.992280092252733 27.4999690661935
0.377926341104304 -0.919135929346905 -0.111179243040755 -80.1076656306131 0.9255196454512 0.371926122681954 0.0713045941763513 -156.260899491525 -0.0241881496481219 -0.129846457981608 0.991239038156907 27.3266581367092
0.337873576964737 -0.934993908079446 -0.107832452644735 -79.4175804534596 0.941039585459788 0.333536134403052 0.0565521497835315 -154.627918556234 -0.0169098961180731 -0.120582083668321 0.992559326444259 27.2146923879725
0.313506337404966 -0.943415998762042 -0.108074186033219 -79.1216387589673 0.949515996477736 0.310063276475427 0.0477507802471841 -153.819755995732 -0.0115390138146893 -0.117588340668376 0.992995384329174 27.1541147311763
0.295966395688998 -0.949010368796005 -0.108550506864469 -78.9265553383338 0.955170584788414 0.293174002985051 0.0412087118056528 -153.261693346266 -0.00728330816477842 -0.115880645024919 0.993236441906349 27.1169755104376
0.237161481294509 -0.967005479277968 -0.0930313648001687 -78.3884883769246 0.971469670086997 0.236175320436732 0.0216309527683762 -151.517763482083 0.00105446254332371 -0.0955071780705225 0.995428182766467 26.9738842326464
0.167947810731483 -0.983029306725696 -0.0738032180118237 -77.9615540760427 0.985761001878918 0.168100391061804 0.00418398130260838 -149.751622749773 0.00829337357015076 -0.0734550246291381 0.997264046936195 26.8560369466962
0.117942700464859 -0.990517691704206 -0.0704572340361892 -77.7751716993029 0.9929229000111 0.118628158303622 -0.00561023092552178 -148.60010200754 0.0139152448991559 -0.0692969153603864 0.997499024300741 26.8176924735972
0.0925108826600868 -0.99342762527824 -0.0674039310685123 -77.6932271604257 0.995544383514085 0.0935240081045403 -0.0120266521368359 -148.04095418513 0.0182514942678738 -0.0659910087974036 0.997653281313148 26.7835815711315
0.00196792425764115 -0.997972914591748 -0.063609661336666 -77.5661341420787 0.999708725289946 0.00349343933575784 -0.0238801268999451 -146.096939286937 0.0240539363362068 -0.0635441391700016 0.997689105144422 26.7053083506326
-0.0517141377694559 -0.997555454541068 -0.046997479401831 -77.5791860404897 0.998373624618919 -0.0505112057112585 -0.0264333834927682 -144.993723297464 0.0239948665352102 -0.0482880234940169 0.998545198359593 26.6524118501898
-0.123677530250342 -0.991246088973226 -0.0462067052110391 -77.7120269215117 0.992088645006534 -0.122503495151508 -0.0274411028343616 -143.300591375968 0.0215404029738854 -0.0492349953889356 0.998554919004846 26.5812154182358
-0.166840430083597 -0.98486931654713 -0.0468689685560732 -77.862792593433 0.985802041406082 -0.165708121881023 -0.0271137142838293 -142.160340317835 0.0189368965018415 -0.0507271886334522 0.998532997093349 26.5479352100772
-0.183596742234336 -0.981909872007804 -0.0463167301798704 -77.9355499638749 0.982831429507578 -0.182484267267298 -0.0272373525146708 -141.625713204546 0.018292550752421 -0.0505222273215806 0.998555400132329 26.5298147354624
-0.220397021083808 -0.974359038512518 -0.0452726978028204 -78.217294768347 0.975259385914601 -0.219309155558155 -0.0277961233599725 -139.946875274215 0.0171546869064221 -0.050278806244092 0.998587882141482 26.4472711335467
-0.234236178275915 -0.971282866006016 -0.0417493352023018 -78.5039042893331 0.97206065530583 -0.233319338937043 -0.0256937440709114 -138.442732524383 0.0152149660891578 -0.0466012905521021 0.998797689487608 26.3709107249251
-0.231322069913888 -0.972098098551711 -0.0389279689028537 -78.622040163312 0.97281861153631 -0.23068366007272 -0.0202236995631024 -137.834272413909 0.0106793735452655 -0.0425480407022562 0.999037344253497 26.342648127974
-0.226971046572999 -0.973361759825717 -0.0324195701165322 -78.7420238568262 0.973868173179367 -0.226562079931514 -0.0158241968322864 -137.081575652461 0.00805762284041571 -0.0351640220408488 0.999349071279937 26.2941297393728
-0.214904335037179 -0.976057613828822 -0.0335806680847012 -78.9279102620724 0.976534218178087 -0.214260865936967 -0.0217532079301607 -135.939798984662 0.0140373612028648 -0.0374675301391482 0.999199247735772 26.2333313884435
-0.192636796487032 -0.980780270909679 -0.0310020133789625 -79.0669870870919 0.980854869449614 -0.191540108126629 -0.0351583852845888 -134.793522958298 0.0285445216494161 -0.0371812744963775 0.998900777410165 26.191978544642
-0.175514609345043 -0.984036038116656 -0.0294567071162085 -79.1510073983625 0.983953556280913 -0.174367346419399 -0.0378342118300643 -134.059370018669 0.0320939400604162 -0.03562448863255 0.998849775902796 26.1432502399589
-0.157647875874369 -0.986964251546746 -0.0323838447543155 -79.2072177319777 0.986947533223078 -0.156383436408981 -0.0384550059394154 -133.466161253777 0.032889419228406 -0.0380235056996358 0.998735450015232 26.1425478803581
-0.119879053727588 -0.992143156739444 -0.0357906274388792 -79.27213119343 0.992228663778135 -0.118523057716708 -0.0378756328863052 -132.301060069837 0.0333360353736677 -0.0400529814692039 0.99864131069218 26.0931738534464
-0.0434717978222812 -0.998534884863594 -0.0322224534222489 -79.2318155426616 0.998496592591228 -0.0423470311532025 -0.0348034989076936 -130.63178727116 0.0333879825357395 -0.0336869806150683 0.998874581696438 26.0339501666175
0.00731707960529723 -0.999440248599859 -0.0326442923755627 -79.1457524731635 0.999511778769613 0.00830144114365926 -0.0301212578711769 -129.744725693339 0.0303753921267416 -0.0324079550973188 0.999013042957677 25.9862738623396
0.0537675311327399 -0.997921309112478 -0.0355262355890442 -79.0502048900943 0.998071273214175 0.054813075779938 -0.0291420711030775 -129.035841474845 0.0310287959889502 -0.0338908179715569 0.998943755311926 25.9793569218942
0.108541622609388 -0.993338311954893 -0.0387003121941485 -78.8933130354853 0.993588700537234 0.109642970125825 -0.027566524385918 -128.282978036683 0.0316261019737342 -0.0354600776168204 0.998870548454281 25.9447546177731
0.265946938217083 -0.9626190741294 -0.0513492373382089 -78.2601340527728 0.963261521793425 0.267436472352683 -0.0245962169401828 -126.336210204223 0.0374094464697759 -0.04292145591437 0.998377825243037 25.8902485861698
0.392773662721453 -0.91749173153084 -0.0627516728455483 -77.5467018210532 0.918704275189307 0.394530978860845 -0.0181041837151946 -124.941134844908 0.041367917777716 -0.0505393835700869 0.997864953832477 25.8081596563428
0.467266786448014 -0.882089364166945 -0.0598339694997695 -77.0204529310079 0.883360919372729 0.468594241601495 -0.00963965055835645 -124.152386840931 0.0365408867915638 -0.0483507017681512 0.998161797120593 25.7764104813502
0.529028509423326 -0.846383676212627 -0.0613474437783091 -76.452326276728 0.847771208860767 0.530328514835612 -0.00597024111792411 -123.407074153409 0.0375874133731762 -0.0488501688129419 0.99809861605097 25.7709639732101
0.622834806967413 -0.779606239855943 -0.0655050685637583 -75.0522065783575 0.781014168292617 0.624482320396282 -0.00622096766322468 -121.816142409967 0.0457566624226053 -0.0472857514495996 0.997832844495404 25.7157630741447
0.645110808847349 -0.761167370125075 -0.0667553665647641 -74.2375696619116 0.762583029949598 0.646860015648076 -0.00626439052593408 -120.967072788715 0.047949627122738 -0.0468652836612329 0.997749707314487 25.6896008193785
0.648420462831982 -0.758641334954029 -0.063357937781516 -73.8220382925408 0.759770375243833 0.650130319527675 -0.0089187741696771 -120.556343054503 0.0479570670767489 -0.0423543684879419 0.997951014422744 25.7013886920408
0.627213265434513 -0.775724828664576 -0.0696743127435804 -72.7316862301961 0.777019879080619 0.629357527096278 -0.0122151791143982 -119.295113972049 0.0533256708960561 -0.046476803682833 0.997495002264629 25.6574302068905
0.594403408208603 -0.801000614437693 -0.0712923837477356 -72.0560398317288 0.802039440614711 0.596941102781502 -0.0198508314296041 -118.46524289552 0.0584578823465073 -0.045379901723592 0.997257910728774 25.6496664713982
0.50516427092163 -0.859611251143727 -0.0766652221762472 -71.0844256971343 0.861215262996678 0.507860070801226 -0.0196575498812628 -116.922074187023 0.0558330562102732 -0.0560949676253419 0.996863092125159 25.5982730112801
0.44011720462122 -0.893864346916353 -0.0854597888378263 -70.6490117078635 0.896367390840038 0.442982756667146 -0.0170815085457238 -116.010729817479 0.0531257643241419 -0.0690855021504456 0.996195184970093 25.5960546971144
0.373569304183423 -0.923865812099407 -0.0831741318308623 -70.2289385087113 0.926478654518182 0.376025876637454 -0.0155512964479468 -115.03990167611 0.0456429369573402 -0.0712495707561655 0.996413679639622 25.6112000400991
0.29861562724877 -0.950676090672161 -0.0839266214446943 -69.8939362071642 0.953592057425482 0.300773042909496 -0.014062882848115 -114.005796901093 0.0386121118026607 -0.0758323630335997 0.99637270011722 25.5553087474703
0.19971952522081 -0.976136831430249 -0.0852584164225883 -69.5759707150667 0.97932453240473 0.20171234884588 -0.0153488942055841 -112.634854291696 0.0321802963912774 -0.0804301849332154 0.996240640546137 25.4946976603795
0.113253215363385 -0.990092292807502 -0.0830118120091306 -69.4143069980491 0.993210041248979 0.11505353673303 -0.0172191070448334 -111.480438419542 0.0265993077363848 -0.0804980459912275 0.996399789953581 25.4639165018207
0.0267927898949501 -0.996691704655791 -0.0767319508417282 -69.3369536855791 0.99950190104583 0.0279905419016201 -0.0145766721107887 -110.30266692802 0.016676217059539 -0.0763031810240305 0.996945198268288 25.3983491707185
-0.0407359159848237 -0.995935855617582 -0.0803265625067524 -69.367699322966 0.999117287056401 -0.0397765425551531 -0.01350827033396 -109.398813685654 0.0102582578411071 -0.0808059289757373 0.996677064042528 25.3617818773581
-0.10437419836347 -0.991770116559376 -0.0741489218787761 -69.4436304544309 0.994520503824774 -0.103638399111201 -0.0137131215186666 -108.472597341034 0.00591558856762304 -0.0751739192105159 0.99715289082589 25.346782153467
-0.182028958324684 -0.980525998134409 -0.0737171982223426 -69.6563806258094 0.983289406696196 -0.181723418747461 -0.0108876883577889 -107.192308240699 -0.00272047978705107 -0.0744672146736852 0.997219751573579 25.2319145414552
-0.228992753918067 -0.970568161985064 -0.0745638088750463 -69.8539607641307 0.973411764739935 -0.228760255950683 -0.0117593181462266 -106.186150852321 -0.00564401620353265 -0.075274087429293 0.997146908355425 25.1578847324824
-0.31191413790014 -0.94801607026678 -0.0630484027866131 -70.5267105560361 0.950082312762779 -0.31172673520279 -0.013039997512932 -103.64058667672 -0.00729174556192304 -0.0639685319179708 0.997925276446548 24.9441551189225
-0.33171617679976 -0.940000028285748 -0.0797767188604731 -71.0309254479387 0.9432166532656 -0.332040916843648 -0.00954853622654467 -102.053846273538 -0.01751351055017 -0.0784141337031895 0.996767024225715 24.84516645387
-0.337500458822792 -0.937669003542385 -0.0828871527453719 -72.1675668697436 0.941127048602239 -0.337926061384819 -0.00926582031897435 -98.2714267834305 -0.0193214565611499 -0.0811345600393182 0.996515862635203 24.5008583105562
-0.335311771662998 -0.93832644592844 -0.0843178311837064 -72.8785948855612 0.941947627357917 -0.335556858457867 -0.0116731339698772 -95.9698663579554 -0.0173402162331839 -0.0833371202597566 0.996370534132658 24.350602047595
-0.329580097490212 -0.940386593002789 -0.0839643676743295 -73.2451323618636 0.943899855238452 -0.330148317476442 -0.00742642230845409 -94.5855874598147 -0.0207369867428062 -0.0817015554814116 0.996441083663629 24.1558681198987
-0.327767787724456 -0.940332965592976 -0.0913355962882728 -73.8248607324647 0.944384826224016 -0.328821652703455 -0.00369062477135059 -92.6612160267296 -0.0265627055860303 -0.087465619145394 0.995813329966748 24.0311107488039
-0.323633662787275 -0.942295086287835 -0.0856809352697217 -74.2370247522886 0.94560594342169 -0.325268293698316 0.005471460514501 -91.2414916582021 -0.0330250219752905 -0.0792496528218741 0.996307603328984 23.8539537057923
-0.317364049347195 -0.944439721457312 -0.0855200135382824 -74.7725776586017 0.947967820266356 -0.318359216476358 -0.00210262312674041 -89.3044409769649 -0.0252402837029467 -0.0817375178127883 0.996334234210789 23.684489970237
-0.312981759531665 -0.94533271025149 -0.0915886735848568 -75.2981113940175 0.949454746681941 -0.313864520253694 -0.00497462853388804 -87.3412578267611 -0.0240437560209485 -0.0885162688689977 0.995784498745546 23.5226261200873
-0.313349406646583 -0.945814477652402 -0.0851300371041221 -75.8229573693602 0.949356683992153 -0.314176864866172 -0.00384501525166982 -85.3689656902523 -0.0231092170714904 -0.0820236029809562 0.996362430363753 23.3866877996797
-0.315346902048362 -0.945206660828474 -0.0845026608692732 -76.6494594141945 0.948312833968 -0.317204119644752 0.0091823424015151 -82.4245994129283 -0.0354838033485966 -0.0772393345769122 0.99638094366263 23.0891711318573
-0.32058937913609 -0.943733260743537 -0.0811787075008392 -77.2083133177566 0.946675824869044 -0.322126945676335 0.00625407689036046 -80.4785972816976 -0.0320520294778786 -0.0748449292578099 0.996679940588122 22.928958491669
-0.325692827734001 -0.941439839828299 -0.0872651702954699 -77.6474186350754 0.944970972445536 -0.327144749656117 0.00248475507299956 -79.0246658245815 -0.0308875897079472 -0.081653785928784 0.99618201953535 22.7857218145932
-0.327113983092131 -0.939600809172161 -0.100731134554427 -79.1921908252625 0.944356519000087 -0.328920630947649 0.00140838880965415 -73.7236759564667 -0.0344558715988946 -0.0946653999094793 0.994912687109949 22.2637052417529
-0.325028040211773 -0.940780606103554 -0.0963775090751191 -80.0125490931722 0.944992576867723 -0.327045691482757 0.00549047789046099 -70.8370414135584 -0.0366851842164441 -0.0892914713844266 0.99532970939132 22.0037358799411
-0.32367006425176 -0.941764855206618 -0.0911956523356165 -80.414842837963 0.94552415689212 -0.325503863785386 0.00559494363061583 -69.435867345992 -0.0349536584738481 -0.0844167765224543 0.99581727721548 21.8657201352358
-0.320703553293555 -0.941805773433785 -0.100752747018021 -81.9176517587954 0.946454645752659 -0.322800993881654 0.00480852183364245 -64.2360489726392 -0.0370517804983308 -0.0938157954494092 0.99489987540762 21.38431931506
-0.323912308868484 -0.941318282765158 -0.094872054344486 -82.6938057457011 0.945307535707796 -0.326084055497041 0.00792790543939734 -61.4586002119204 -0.0383989465681237 -0.087115321744556 0.995457905498671 21.0979589386882
-0.3304783786763 -0.939718672556911 -0.0878228767199106 -83.345911312921 0.942755075944657 -0.333081213815517 0.0164247308582277 -59.1742890412673 -0.0446867766578366 -0.0773674443875358 0.99600068802229 20.8397421258729
-0.334236405897991 -0.938771514040685 -0.0836305530183358 -83.6223412174668 0.941585437606587 -0.336483836405204 0.013981828394257 -58.2897779925839 -0.0412660715310322 -0.0740720747906717 0.996398734983441 20.7863462945851
-0.322606458543232 -0.942866999623057 -0.0832279636180553 -84.4722787633866 0.945710295155519 -0.324743237758928 0.0131858699640465 -55.3279678259472 -0.0394602400278298 -0.0744556952265114 0.996443294375191 20.4856776288829
-0.320224003088172 -0.944128680220312 -0.0779591112804516 -84.7864626226001 0.9466605114272 -0.322028861251505 0.0114581248663248 -54.1578595867067 -0.035923028137666 -0.0701316455425836 0.99689071033033 20.3184171217842
-0.317562999975119 -0.945293869922778 -0.0746541394245556 -86.1694723442449 0.947882778840518 -0.318611248083996 0.00226056894098046 -49.2455592943542 -0.0259225504991409 -0.0700455000751469 0.997206924010681 19.8600053730524
-0.321299840548706 -0.943579042362788 -0.0801561181513835 -86.6706388811602 0.946825958283313 -0.321609834553795 -0.0093658442847867 -47.4966809906791 -0.0169415815159828 -0.0789031376562601 0.996738319562228 19.7136459988549
-0.321208184506315 -0.940384953872351 -0.111809841859531 -87.1197966757063 0.941602754822706 -0.329738063206697 0.0682426683460294 -45.9511724878613 -0.101042339226916 -0.0833603515059309 0.991383627805281 19.5836134937713
-0.345377471413624 -0.934442623769148 -0.0867835532999343 -88.0300953476995 0.938448612060954 -0.344418990117456 -0.0262633160004912 -42.9891537584178 -0.00534834187399058 -0.0905126628152278 0.995880943240354 19.126374868014
-0.342519048298241 -0.935667933100741 -0.0848894605934943 -88.6927617707945 0.93846760717699 -0.344996141622687 0.0160066406517401 -40.8453494499896 -0.0442634367436866 -0.074183429635236 0.99626179638446 18.9786643915848
-0.340358101956553 -0.936673291133193 -0.0824591299386911 -88.9422595324221 0.938982509934924 -0.34320666926629 0.0228260423080625 -39.9771166217674 -0.0496810675090927 -0.0696586523617301 0.996333008427556 18.8963020104539
-0.341266469721135 -0.936529999148715 -0.0803041551763107 -89.7486641291384 0.939053514179135 -0.343453202891745 0.0147781910672501 -37.3073377130028 -0.0414209385684509 -0.0703665980271163 0.996660848900066 18.5889832100974
-0.343688234396324 -0.935743965284676 -0.0791304553939283 -90.3196166868233 0.937931860537298 -0.346218210052466 0.0204150928753275 -35.4660986092114 -0.0464997045859362 -0.0672025480274327 0.996655203674792 18.3562916626593
-0.344377063318251 -0.934870984452107 -0.08614337287247 -90.7659729459499 0.937741282808789 -0.34694661348514 0.0164113956541955 -34.0683491884511 -0.045229689103762 -0.0751284887425601 0.99614757210106 18.257954804431
-0.339013469239326 -0.937225409315306 -0.0817214770306605 -91.7961333504932 0.939120322685232 -0.342295506236489 0.0297792869271665 -30.7625284991863 -0.0558827987300351 -0.0666507205066957 0.996210215899253 17.8840295024225
-0.342386407277598 -0.934888561409559 -0.0935677607785115 -92.5330157568777 0.938533897350281 -0.344963817430248 0.0124132263511014 -28.3616700241058 -0.0438824752723879 -0.0835663952167179 0.995535527218618 17.5981475274439
-0.335016184912789 -0.93776864425209 -0.091400906472943 -93.4088195454736 0.940834592500476 -0.338192710542628 0.0213532220119658 -25.4372193993992 -0.0509355023627129 -0.0788394596216009 0.995585211925947 17.2938758335164
-0.323490694651267 -0.941275584158691 -0.0967163126921085 -94.2532382712148 0.94489112875902 -0.326778844530319 0.0199083289086146 -22.4916689160277 -0.0503440688318398 -0.0849462267210632 0.995112864603462 16.9695370847764
-0.322495467754062 -0.943400288839848 -0.0774116806107407 -94.66670571955 0.945087137594291 -0.325488754616654 0.029451196443076 -21.0080451976478 -0.0529808987458492 -0.0636629062719419 0.996564126754065 16.7639264576768
-0.324789728794946 -0.94202752247975 -0.0842364467435036 -94.9582924758242 0.943965402500055 -0.32840014269363 0.0329038776090769 -20.0267762571525 -0.0586596194346266 -0.0688294498704517 0.995902382705411 16.6531926453836
-0.327561910298015 -0.94174930516464 -0.076232808841297 -96.0985093301858 0.943586211561872 -0.330202424577441 0.0247269115235565 -16.0367696838635 -0.0484588100579217 -0.0638326329168536 0.99678339608095 16.1932561083355
-0.323590841659127 -0.943896137973734 -0.0659473116404915 -96.6668780329981 0.945266316300857 -0.325577098432369 0.0217058573516073 -14.0569416486464 -0.0419590092989173 -0.0553139556950124 0.997586992619703 16.0165474023828
-0.322674436795142 -0.943728729977358 -0.0725071862249462 -97.0826615772328 0.945310994693416 -0.325173353753091 0.0254835892431033 -12.5695262401264 -0.0476270002276242 -0.0603189375261875 0.997042273238718 15.8058033919902
-0.317643662611927 -0.945907170947487 -0.0660464045395553 -98.0418219962967 0.946676558384814 -0.320319611856158 0.0346242698840422 -9.11443863253305 -0.0539073038387417 -0.0515264030419664 0.997215639860504 15.4650175924171
-0.28895847679936 -0.956016940191265 -0.0503448979850427 -99.2982522531084 0.956141798789818 -0.290829040815531 0.0348041610341312 -4.19639172009725 -0.0479151259287199 -0.0380799039606064 0.998125273511089 14.9028684173417
-0.27773740617629 -0.959585316062403 -0.0453646823849135 -99.720369186614 0.959487698171016 -0.279419125979097 0.0361705556435457 -2.24244058236144 -0.0473844939716765 -0.0334809383753663 0.998315449392903 14.6517082931296
-0.272213142957079 -0.961587247006828 -0.0353549316964258 -100.048095480361 0.960609414467677 -0.273705343707349 0.0481137990820447 -0.767080976291811 -0.0559424493340631 -0.0208650717677196 0.99821595416154 14.5304413310973
-0.263159881077462 -0.964397477022966 -0.0261607206137849 -100.560430158535 0.962953695177402 -0.264227698546575 0.0538878860688226 1.65326927687484 -0.0588817283669739 -0.0110104328941606 0.998204243845918 14.205862243778
-0.24857706001762 -0.96854644809436 -0.0112793225326108 -100.926863816103 0.966893188940451 -0.248812543521322 0.0566557972939701 3.62706543005458 -0.0576802081615651 0.00317743139164536 0.99833005439894 13.9684124947315
-0.230734814670448 -0.972971471113147 -0.00937878984267787 -101.282838696607 0.971426616615077 -0.230897878387211 0.0549226573289124 5.59287720802903 -0.055603721375269 0.00356176307517872 0.998446563423911 13.7540919974536
-0.213289947658861 -0.9769693760609 0.00618356425183095 -101.514898329467 0.97575349500365 -0.212697769565571 0.0516214665618077 7.06446043868206 -0.0491173616539081 0.0170439743313453 0.998647579340756 13.5872733883218
-0.181637109972886 -0.983170753674399 0.0195762458099953 -101.909012536468 0.981690492056392 -0.180130281305403 0.0619423890636744 10.0138357302633 -0.0573736706754674 0.0304688509161731 0.99788772466499 13.2433432659211
-0.136872629047477 -0.990091594334646 0.0313770337271 -102.244569847764 0.989236874007594 -0.13496304826855 0.0565277162615458 13.5192266917226 -0.0517328766000558 0.0387764158985948 0.997907861001577 12.836780053454
-0.0928316447541482 -0.994914654364743 0.0390783349507663 -102.370060451633 0.994275529255457 -0.0905438738464269 0.0567272318438206 16.5506400960297 -0.0529004504330528 0.044120714400007 0.997624631264091 12.5129583557751
-0.0655798831564388 -0.997204392332375 0.0358145059746381 -102.388303754924 0.996193265691002 -0.0633632648692289 0.0598671367029527 18.6185197460206 -0.0574304476483156 0.0396042494958748 0.997563655665533 12.2891983685705
-0.028120800301872 -0.996841369744974 0.0742731725143449 -102.281433639912 0.997633812760018 -0.0233243780875535 0.0646741758721208 22.662316096956 -0.0627375185060056 0.0759161178656566 0.995138556593963 11.7419295132109
0.0132085866504044 -0.997101722517747 0.0749245499875758 -102.115968989165 0.998130856108593 0.0176193952033745 0.0585179544806075 26.0945531757361 -0.0596684784674949 0.0740115657502886 0.995470723232263 11.3170857931548
0.0391820940307647 -0.997592857406087 0.0572123619484707 -101.925289560299 0.997350491904498 0.042556231317683 0.0589996904558945 28.0638682158395 -0.0612924122972806 0.0547490459130966 0.996617169311459 11.0455990131157
0.0908986339812259 -0.993475808923638 0.0688712960809577 -101.419309217977 0.993355811965166 0.0953544595368048 0.0644341359953774 31.9588356421062 -0.0705809405957022 0.0625567272958527 0.995542558957003 10.5389109218579
0.120214802491049 -0.991302111440159 0.0535586138386784 -101.093024469951 0.990394685234731 0.12346762441083 0.0622423744818949 33.9676583699029 -0.0683137520623502 0.0455617117394515 0.996622978714887 10.2837964899883
0.164313530627896 -0.983983182468046 0.0691242379535018 -100.368997667281 0.983106754047317 0.169089565667226 0.070070171464166 37.4660868657138 -0.0806360576860274 0.0564430279354823 0.995144216080428 9.7985108273595
0.177917719167408 -0.98166637950877 0.0683842419597714 -99.9118005795347 0.981002296636446 0.182399680426925 0.0660670157807454 39.4633293784863 -0.0773290320661328 0.0553306056563708 0.995469107947311 9.50143561498537
0.195942135913477 -0.978779361073253 0.0599803443696261 -99.2666745701297 0.977372512156208 0.199898821233985 0.0691623723619014 41.996819288124 -0.079684702767389 0.0450713168911017 0.995800644977987 9.15664808165662
0.203196772700954 -0.977231501214997 0.0610709799905042 -98.8901195093596 0.975649269164127 0.207339048169165 0.0715473457495813 43.5077941133875 -0.0825807189568011 0.0450456672432382 0.995565825407436 8.93935793353755
0.201925295888299 -0.977937712260391 0.0535164070107024 -98.2245324003331 0.97628490003145 0.20533742290737 0.0685881675242912 46.0402019006858 -0.0780638767356774 0.0383975740467072 0.996208641528633 8.56131645635261
0.200260616376767 -0.978558150439562 0.0481625553381658 -97.5803662931077 0.976491092490482 0.203356359807841 0.0714936165853263 48.6001729254678 -0.0797548231465852 0.0327129505549171 0.996277587347446 8.22136569882823
0.19697585521371 -0.979244723385105 0.0477523212551705 -96.4449076497608 0.977345184588227 0.199974569488091 0.0693293712668526 53.2130349168049 -0.077439670873732 0.0330142890349339 0.996450276779773 7.5439849545839
0.202783012849855 -0.979089622432428 0.01620373242997 -95.4293417647272 0.976557500220307 0.203423467117475 0.0703870853876633 57.3241304746596 -0.0722114842874747 0.00155057119541987 0.997388137720701 6.96517847713747
0.208566494946076 -0.977967749815213 0.00889367793874026 -94.8784494656016 0.975509601242408 0.208674662902781 0.0695406567864319 59.3934851141718 -0.0698644048839313 -0.00582798282259527 0.99753947267586 6.69680624770464
0.221688839645556 -0.974937073163988 0.0187553125019085 -93.5991269325012 0.972266990277991 0.222469491626284 0.0721403140505948 64.0147687326156 -0.0745047514752095 0.00224246872441137 0.997218137290752 6.05547665097543
0.233928069847359 -0.972041357156648 0.020328750934348 -92.5744716432331 0.969941631055906 0.234761886653033 0.0640319367169103 67.5422305793261 -0.0670141065903212 0.00473883447381577 0.997740774432784 5.650909651751
0.24269962440726 -0.970070318983251 0.0077761520245992 -91.8236464923729 0.968681947020592 0.242770178535463 0.0521337312136226 69.9657786254769 -0.0524612030835167 -0.00512021890097835 0.998609836487422 5.37560897661959
0.256058887090746 -0.96644305700779 0.0205344564887082 -91.1976358516183 0.965119836107606 0.256792035344263 0.0510054167258592 71.8564302196935 -0.0545669157409192 0.00675782103851764 0.998487247570711 5.1674265778237
0.268707431896742 -0.962692380599269 0.0319326851293637 -90.5688023893907 0.961811671146187 0.269959791543538 0.0451665827437559 73.6979607239497 -0.0521020660860687 0.018576632791832 0.998468969684927 4.89305373536915
0.284675756665064 -0.957860071511004 0.0382595997379512 -89.9293793304613 0.956940294332504 0.286313707876807 0.047851162625951 75.5065812772175 -0.0567889659176335 0.0229900867064332 0.998121470194503 4.70519341161481
0.301938388317163 -0.952699520961916 0.0345952658520006 -89.0889523830595 0.95119576971143 0.303490226938761 0.0558595545608803 77.7510368659766 -0.0637166959557271 0.0160407266542385 0.997839104136979 4.35148611754635
0.335201795449904 -0.941024166439809 0.0459703654915247 -87.6112368333909 0.940058377223898 0.337307216197352 0.0501406951723306 81.3474578984763 -0.0626897418907759 0.0264075761374806 0.997683635319439 3.882437602176
0.352968489938073 -0.9341302314224 0.0530467327322817 -86.8037644897206 0.933888625526902 0.355205525039749 0.0410008547802411 83.1435890317554 -0.0571426305161962 0.0350677305220916 0.997749955677132 3.65510900124495
0.365147284755765 -0.929579436914063 0.0504928797161237 -86.1950017555411 0.929050232714244 0.367328880410816 0.0439904388446459 84.5000893327283 -0.0594401003456502 0.0308474323513401 0.997755135485771 3.52167681760565
0.383550097248678 -0.921533005969783 0.0605494988321643 -85.3481477852087 0.922007557775187 0.385848861116622 0.0319799903133232 86.2226140964555 -0.0528335717698941 0.0435611671480685 0.997652764447999 3.28491103161673
0.401325731105688 -0.913710887109751 0.0637971185054425 -84.487277513517 0.914127244120682 0.403935141727976 0.0347531701219758 87.9383947336092 -0.057524248007359 0.0443713427147784 0.997357581229959 3.05413773040787
0.423933625578282 -0.903300316699331 0.0657937607599712 -83.5973289948658 0.904194308370271 0.426291521365897 0.0266118680734191 89.6023165915778 -0.0520858312294322 0.0482086782896658 0.997478315314525 2.82624803400251
0.451619842293196 -0.890071846142104 0.0617383734176264 -82.6665511389994 0.890913904108456 0.453611726911998 0.0225569650915987 91.2410062280345 -0.0480825697451496 0.0448164022775224 0.997837439953825 2.61213572625513
0.472136522747393 -0.879569844517537 0.0586855391335623 -81.9217868128237 0.87988252077494 0.474273702404158 0.0295161793359182 92.4311529779177 -0.053794549191704 0.0377007138294263 0.997840068675343 2.43396053337834
0.496750603431456 -0.865303819797185 0.0669935626376442 -81.1613441933658 0.86615604341722 0.499158722077108 0.024784644967707 93.613873150216 -0.0548866690764731 0.0457150918051028 0.997445529309216 2.31392111900974
0.517271991215185 -0.853507468065599 0.0628863185480574 -80.3855827535358 0.853578862010039 0.519837622604429 0.0342340832303202 94.7414025375781 -0.0619097200278246 0.0359700998222776 0.997433375461666 2.07766222400178
0.545080498386157 -0.835347617287555 0.0712854022300774 -79.3141480636154 0.835372233904821 0.548356025223947 0.038195554996137 96.2165645663833 -0.0709963456803743 0.0387301935523132 0.996724380662695 1.8288939112956
0.571332160909679 -0.816803535528009 0.080072131601582 -78.195770039853 0.817772161811224 0.574825089481304 0.0287194684736334 97.62903776421 -0.0694856336005871 0.0490724041774402 0.996375253542244 1.6436437080996
0.587745016681484 -0.806227122638454 0.0674805311790158 -77.0897684627358 0.806617558249068 0.59039673516646 0.0282809092692794 98.9940699134417 -0.0626411214011598 0.0378090177987276 0.997319692015905 1.4514794344162
0.601149260654739 -0.795535189211962 0.0757847553255087 -75.9552799551735 0.796518938728078 0.604149323537666 0.0236891349879597 100.310718689606 -0.0646308491492879 0.0461232869000789 0.996842763801682 1.24849466223186
0.614085986857223 -0.785724279164898 0.0744026738524373 -75.1564403727781 0.786526193593642 0.617059457952228 0.0247824967022982 101.237691666323 -0.0653830829549011 0.04330106791413 0.996920292691852 1.07156643195261
0.633063515505102 -0.770260559297938 0.0770016631401464 -74.0924689458734 0.771036575721904 0.63627159556048 0.0257110011855155 102.389157317937 -0.0687981412202566 0.0430944018748117 0.996699397156279 0.924621218419589
0.64748308396599 -0.760334918146279 0.0515409373739263 -73.371773206805 0.761325170561488 0.648369934107486 0.000642817995291285 103.169620318549 -0.0339063511368034 0.0388231991590834 0.998670675728311 0.735363129616707
0.677169045062548 -0.725345868075013 0.123755630480323 -71.0783231518413 0.726824536328455 0.685584409590508 0.0412323988795403 105.415005222187 -0.114752681014449 0.0620273245670003 0.991455714193557 0.417061800241473
0.693396035242516 -0.713754580212036 0.0987741744399818 -70.1090707621124 0.713362752285215 0.699314940861056 0.0455213921201838 106.327701719627 -0.101565358080505 0.0388974641183501 0.994068139175148 0.206427875710188
0.706979110598516 -0.702178188229672 0.0844175879294618 -69.3787074326332 0.703285400763283 0.71060155362027 0.0208585010412246 106.950432567007 -0.0746336536058651 0.0446231326438981 0.996212122884722 0.0520044169283268
0.721094932019496 -0.688199513151098 0.080022053925094 -68.5733121511137 0.690320437172618 0.723502017011518 0.00158915136851765 107.613840077055 -0.0589897706183472 0.0540949302509718 0.996791826553337 -0.0842674910902488
0.734602757935189 -0.674850667441487 0.0702521507698782 -67.5217973179136 0.676197772688032 0.73669556874615 0.00601757438928222 108.499010408429 -0.0558154122600416 0.0430838211346886 0.99751111478052 -0.250478098027373
0.745830109658727 -0.661794776536509 0.0759283957123027 -66.6574029276454 0.663810331337272 0.747898871309219 -0.00176700432852509 109.171088718355 -0.0556173672188157 0.0517199385478025 0.997111707092169 -0.387328630037932
0.761431302217197 -0.643902533957123 0.0749126075331721 -65.1238701654707 0.645137258352836 0.764006569956133 0.00958535074211708 110.36725675125 -0.0634057559596058 0.0410303281422339 0.997144032867736 -0.659509508951342
0.773925317179828 -0.62821287665139 0.0799261223724 -64.1132105143549 0.630383041199788 0.776280199849541 -0.00250453374181795 111.085862565365 -0.0604716859018276 0.0523223941629439 0.996797643593346 -0.781141638287931
0.782175263626921 -0.61941954594692 0.0672404868295046 -63.1228845877208 0.620710238075836 0.784037136263727 0.00213759379032203 111.795772649329 -0.0540431061098039 0.0400648856018045 0.997734507583916 -0.978927766845836
0.791564918488187 -0.606080879878326 0.078044518479543 -62.0693280271592 0.608236995124528 0.793739867126908 -0.00497806139411736 112.497130283419 -0.058929937898101 0.0514100221676016 0.996937446402758 -1.10111003455736
0.81648346980221 -0.571954327312047 0.0788859366983039 -59.3115664542162 0.574470796704029 0.818439046832605 -0.0118671965507635 114.26916504519 -0.0577758364195853 0.0550070367204104 0.996813010868767 -1.52184119916383
0.83357671152525 -0.54659304683453 0.0799118711762876 -57.5546100021568 0.548841255956971 0.835891904863262 -0.00761571688301522 115.304491235001 -0.0626349883238182 0.0502072159775165 0.996772839568506 -1.75754752509326
0.847486055985658 -0.524877602801924 0.0791889322240117 -56.1181012251152 0.526847257749507 0.849946591749691 -0.00477055289339862 116.098502870587 -0.0648024066813691 0.0457634488428295 0.996848210530727 -1.95200440277371
0.860918936991207 -0.503034624858434 0.0759917766831778 -54.6857306589742 0.504760661762883 0.86324946549706 -0.00412730611140938 116.85193975246 -0.0635236827224964 0.0419109354772099 0.997099902327142 -2.18359495431039
0.870395868729707 -0.487348268559821 0.0700192604216988 -53.604112406546 0.48870399075859 0.872445831821064 -0.00258456082910976 117.386579160752 -0.0598284306570506 0.036468283066187 0.997542291441981 -2.33483530250647
0.883463057425702 -0.46478121870505 0.058918968958044 -52.1631231599241 0.465346209309511 0.885116928486244 0.00457475555043168 118.067022678896 -0.0542764372937276 0.0233760913354909 0.998252286102354 -2.5351034975704
0.899313985900145 -0.431216678558069 0.0727085338714762 -50.2423301916989 0.432323099965383 0.901718584381504 0.000576035882868061 118.867831027284 -0.0658110325151827 0.030915541631411 0.997353065511367 -2.77898018049807
0.910453387888689 -0.408536121693868 0.064597722508941 -48.6611664619638 0.408975094553406 0.912519606167367 0.0068804356829267 119.473839656616 -0.0617575948126346 0.020154543693358 0.997887665948162 -2.99825990767446
0.918319057756661 -0.390231409237765 0.0664044833217266 -47.4624887138254 0.390875136096534 0.920436892010792 0.00354341742234289 119.902544558737 -0.062503889018471 0.0227018737072755 0.997786494590774 -3.19776012213329
0.934952132413244 -0.349093254909803 0.0632329777284544 -44.9626494364651 0.349550563399723 0.936908788439665 0.00404051623628979 120.724312646688 -0.0606540495174409 0.0183254337192539 0.997990613561138 -3.53422450689136
0.947736884098142 -0.313094014652035 0.0613753737994106 -42.8498387288846 0.312931743965822 0.949693526823209 0.0124871425315885 121.316696078551 -0.0621974447904023 0.00737177720542675 0.998036639989925 -3.78620560710268
0.955137691210551 -0.289965810164641 0.0602645813437798 -41.5759488889097 0.290085907774706 0.956975452087088 0.00693903546879853 121.616797797309 -0.0596838080177742 0.0108541714688767 0.998158319116873 -3.94054737510102
0.964968249873602 -0.253707931578335 0.0668473050325903 -38.1376652967063 0.253669991487277 0.967247102005865 0.00919668853991194 122.364841049986 -0.0669911348965064 0.00808264285357318 0.997720832061644 -4.36137445401221
0.97181927208627 -0.228180857271598 0.0591675483395379 -35.5823379332291 0.227804820542795 0.973618487304657 0.013115064470099 122.861429748615 -0.0605992255658256 0.000733180324749438 0.998161908864205 -4.68968653322308
0.975823689896586 -0.211785804296644 0.053989807695856 -33.8656466423364 0.21060001060846 0.977203642114506 0.0268454348048085 123.149004604503 -0.0584445187192818 -0.0148261571746104 0.998180556460155 -4.90902674158535
0.979336750682836 -0.197482744043921 0.0435900741782798 -32.5902264956705 0.197052643146754 0.980293010269427 0.0139953508631379 123.338965125611 -0.0454948853264034 -0.0051166221071786 0.998951468084085 -5.05513308992623
0.982010900139338 -0.184486495157652 0.0402408388577121 -30.9030858689293 0.183418366515265 0.982612300857868 0.0288230641618406 123.56844740086 -0.0448586093453493 -0.0209236542518574 0.998774201639364 -5.25925994528226
0.984462668886622 -0.170327349294293 0.042683107326082 -29.1616267646305 0.169004214244416 0.985065326565709 0.0329223019489946 123.780586698238 -0.0476532174806447 -0.0251971522274439 0.998546080250366 -5.45645957491862
0.987098446456351 -0.154509268357143 0.0419945591142174 -27.3569799505514 0.15328515382069 0.987696461946471 0.0309735480142566 123.96081509022 -0.046263577700222 -0.024136798672659 0.998637620124643 -5.60733409340059
0.989656878569004 -0.137035646028248 0.0424322332511097 -25.0431717941782 0.134894309197614 0.989608426390973 0.0497864214628908 124.179094066781 -0.0488138100044873 -0.0435476076679649 0.997858115074103 -5.81395782586376
0.991863089861036 -0.119828232141894 0.042997741255392 -23.1553840818841 0.117816568442182 0.991940429198156 0.0466201793506483 124.311588094587 -0.048237611589151 -0.0411749888151346 0.997986850176017 -6.05838849422294
0.993596351733171 -0.105515327504861 0.0404079878746186 -21.23691692134 0.104057932448857 0.993896813822849 0.0366206248889704 124.409078558001 -0.0440254076301681 -0.0321813476152186 0.998511955035425 -6.26960529734383
0.993824362634747 -0.103792044288769 0.0392472645670752 -19.7739626780414 0.101568945141788 0.993310580279399 0.0549348749683467 124.479479156187 -0.0446865261172132 -0.0506093138400582 0.997718302797044 -6.42337572625027
0.994518826014759 -0.0986482164545218 0.0346530531492952 -17.8248036427028 0.0968696242372105 0.99405432122571 0.0497220509697044 124.547300573003 -0.0393520088733433 -0.0460926875201921 0.998161752199912 -6.60804517997427
0.994872215623941 -0.0979519346109446 0.0251931158351787 -15.8502526077268 0.0966038598990645 0.994061964890346 0.0500849699106051 124.651789898476 -0.0299494379265026 -0.0473943927518596 0.998427164445945 -6.73491819424876
0.994710655217625 -0.0980789147953947 0.030516206662687 -14.3961497071109 0.0967872820010133 0.994449405662028 0.041262593487269 124.711499152873 -0.0343938139696436 -0.0380907607038371 0.998682211471509 -6.97414572994363
0.995185004194424 -0.093001929712587 0.0309426646602825 -12.4311866320643 0.0919941510444422 0.995227700904451 0.0325407364092304 124.781472576323 -0.0338213482900374 -0.029537508733434 0.998991317268407 -7.1436511943304
0.996144695549427 -0.0815376732038111 0.0323628394497248 -8.99292668993985 0.0805393914575605 0.996268048155526 0.03103840601616 124.889918127313 -0.0347728622978609 -0.0283122601161876 0.998994126096209 -7.4505217578675
0.997103305984247 -0.0702235801797795 0.0292172206415729 -6.5490711542815 0.0692541715309756 0.997054235359156 0.0329653071868908 124.927706195439 -0.0314460954784929 -0.0308464023688652 0.9990293501895 -7.6808753175447
0.99801749997053 -0.0594291412523477 0.0207182750870164 -4.57905559431582 0.0585976412221646 0.997532684315593 0.038663421541892 124.960308014857 -0.0229648905020525 -0.0373727292572547 0.999037483236787 -7.78924476299224
0.998509487165695 -0.0510366156475197 0.0193408351254201 0.246023568935931 0.0505202559288384 0.998376500085189 0.0263071818812441 124.937382160368 -0.020652064811684 -0.0252908667486021 0.999466789982598 -8.22447384166865
0.998386587543535 -0.0494053496785459 0.0279880909730571 3.15001052160506 0.0488337668313557 0.998591340656567 0.0207508453510062 124.936297147161 -0.0289738680578949 -0.0193506017700017 0.999392850275057 -8.53022198954868
0.998464707208147 -0.0484718084942219 0.0268088090196035 4.60148404536805 0.0478141406002054 0.998551996459491 0.0246519436440056 124.902699055527 -0.0279649140605489 -0.0233322555288364 0.999336564643526 -8.61372190890228
0.998494155737816 -0.0449846781267486 0.0313974472092486 6.04479640176249 0.0447408108388157 0.998963082928543 0.00842726476305564 124.904000697979 -0.0317439884530921 -0.0070098273683556 0.999471451076696 -8.77289209765798
0.998896007542508 -0.0406353244644352 0.0235698222587335 10.7777520086387 0.0408109357134263 0.999142240135535 -0.00701794151731822 124.826487070846 -0.0232644286805587 0.00797210026379404 0.999697560252875 -9.13807135864062
0.998961323806233 -0.0346119950971392 0.0296358454358164 12.5543796623778 0.0345987036257504 0.999400823276396 0.000961322983754103 124.788753723039 -0.0296513616334474 6.50373524760013e-05 0.999560299593489 -9.31197426413227
0.999427992832585 -0.0243060107674853 0.0235139316831905 14.2790011943257 0.0244090223655169 0.999693632371837 -0.00410378147125908 124.735598132453 -0.0234069812190841 0.00467538616320025 0.99971508640934 -9.47795306364657
0.999052588695485 0.0407225749573437 0.0153491664169283 18.430915096955 -0.0407138334613563 0.999170459125065 -0.000881689678223792 124.477049648166 -0.0153723383299999 0.000255930950186107 0.999881805871882 -9.80570472885042
0.995334556046026 0.0944496521442833 0.0197074795568503 20.4352786678093 -0.094572894816948 0.995503205832952 0.00541615567152725 124.181364456895 -0.0191073050585968 -0.0072546802920329 0.999791118437876 -9.93615290448794
0.989331763293738 0.144274558380726 0.0201869745665486 22.3983884795473 -0.144228390339814 0.989537387910249 -0.00373220414060091 123.76794282317 -0.0205142281865651 0.000780853255828822 0.999789256148566 -10.0715881167261
0.968294243167315 0.249791283017192 0.00325170380895566 26.8122602314859 -0.24967368438035 0.968108191244829 -0.0207263448925985 122.502261969777 -0.008325261375931 0.0192573355709079 0.999779898302487 -10.4871506951872
0.940545701240704 0.33965635609365 0.00270991564738105 30.0885519470852 -0.339481009918181 0.940264413704279 -0.0256022699439083 121.188688077066 -0.0112440109642467 0.023160140036981 0.999668535130972 -10.7722828813514
0.915115777951389 0.40311502480428 0.00783515931348486 32.5249336594506 -0.40304168183254 0.915132875201915 -0.00944581549010602 120.0062635945 -0.0109779620158052 0.00548611900348082 0.999924690588376 -10.9773060876596
0.851560996265113 0.52424500231816 -0.00332373049466864 36.8666190482305 -0.524251636494018 0.851513083411872 -0.00925691156651947 117.276337654236 -0.00202268962370364 0.00962529598701847 0.999951630032097 -11.3241625332659
0.789926705478781 0.613187469099307 0.00411432996066251 39.3898860294863 -0.613179885044287 0.789937412182295 -0.00305178829771801 115.204295928221 -0.00512138150449443 -0.00011213529647822 0.999986879352505 -11.5296327286295
0.739441232023423 0.673197633877099 0.00562228832032121 41.06331015308 -0.673220033521304 0.73942920405579 0.00438618911982125 113.549463708736 -0.00120451204046613 -0.00702836621812144 0.999974575286316 -11.7065337918786
0.704213331071238 0.709968535644928 0.00531627084961032 42.3222248192554 -0.709983030304515 0.704217452909536 0.00136956096015546 112.155922240487 -0.00277146552733176 -0.0047389251735821 0.999984930669973 -11.8499612844424
0.6679359323563 0.744192343902982 0.00627260261017449 43.5273846508682 -0.744203701013632 0.667952326307038 -0.000735648441641459 110.661906621597 -0.00473726344353939 -0.00417672804972537 0.99998005644006 -11.9756347788364
0.63413288988713 0.773119736478026 0.0127024025894309 44.6486271156809 -0.773222561676074 0.634078627090699 0.0084359221110963 109.136080235384 -0.00153234411517975 -0.0151712799368128 0.999883735334559 -12.1098917685748
0.604782849403448 0.796362550769618 0.00666279214396609 45.7136817847258 -0.796390402244714 0.604759780645372 0.00528535015524951 107.544420791169 0.000179666215874455 -0.00850267284259283 0.999963835483355 -12.2471752236562
0.576727469279747 0.816919008413599 0.00536282301794457 46.7316833909986 -0.816926660001893 0.576740418539848 -0.00114969588722178 105.918818748864 -0.00403216521609089 -0.00371797189675197 0.999984959051208 -12.3275789488021
0.562438627228103 0.82664908274368 0.0177224321355589 47.480397856605 -0.826732339056541 0.562581179381183 -0.00400701437194244 104.689052259344 -0.0132827015274327 -0.0123980081105629 0.999834915991147 -12.4349415903014
0.540194965786613 0.841535830323778 0.00261633714737313 48.6262298530316 -0.841522296847175 0.540201164584314 -0.00478807798671954 102.671471406035 -0.0054426875581652 0.000384789578635564 0.999985114433772 -12.5748283856278
0.52564653546286 0.850702653877782 -0.000845246231380623 49.5201005301138 -0.850690554589566 0.525643930794957 0.00490289205706287 101.035541679154 0.00461520183617221 -0.00185814523820555 0.999987623527554 -12.6789337183896
0.52728408674993 0.849656029507671 0.00749155401448147 51.8048373381648 -0.849682308460157 0.527294541998371 0.000663828702858323 96.8928336122877 -0.00338622948297824 -0.00671546722032361 0.999971717575003 -12.9990620269938
0.526241221114285 0.850055843215435 0.0218000141156263 53.2118903262639 -0.850301364441701 0.526276388925656 0.00455544596638679 94.3775835935459 -0.00760044924512085 -0.0209338451954369 0.999751972889579 -13.201056634794
0.527194309249712 0.849021102707039 0.0350617662538785 54.1698064837087 -0.849743968589279 0.52668846868559 0.023118062197554 92.7027063637843 0.00116109468174988 -0.0419812352337518 0.999117724668814 -13.3140108757013
0.529226917925064 0.84692417451916 0.0513645009571499 56.0545514153043 -0.848452666667051 0.528727898608912 0.0239766898919183 89.3330682280425 -0.00685140635975452 -0.0562694575026611 0.998392110537363 -13.6086450163567
0.531533033321565 0.845900097938296 0.0438823289714297 57.4517905183618 -0.84702600711943 0.531082632045857 0.0223199731755922 86.8137081365108 -0.00442467527523547 -0.0490332769374499 0.998787344734345 -13.8133553616261
0.534980803223904 0.843429660414722 0.0492132920521899 58.4358277888753 -0.844848023082879 0.534422808483243 0.0249815865355788 85.1131402789235 -0.00523049470491315 -0.0549424217303044 0.998475824554381 -13.9250567607655
0.535198187476307 0.843075133530201 0.0527941222591048 59.1410977878214 -0.844675548935721 0.534806264428074 0.0224828058441807 83.8749270956268 -0.00927993276993462 -0.0566266611369762 0.998352294581559 -14.0465501703773
0.53763894783434 0.842352509575143 0.0372372311543491 59.8239493183032 -0.842478046618566 0.534874840315364 0.0643400820902483 82.6770271245788 0.0342797715475227 -0.0659632838029761 0.997233043201326 -14.0433214148307
0.537838069953558 0.842090577789461 0.0401705029448688 60.5188387217868 -0.842534362092974 0.535236418588256 0.0604799546081331 81.4656191776274 0.0294288837915426 -0.0663734511309261 0.99736077012471 -14.17331438497
0.541313160050276 0.838364825625528 0.0642221294435361 61.0316396874305 -0.840820580117944 0.539813542367231 0.0402751974180797 80.5946835469417 -0.000902666332839942 -0.0758007825211531 0.997122573489675 -14.2001563340716
0.535306633247079 0.841969196817438 0.0673400327611709 61.6792949621758 -0.843403281335031 0.53715373631517 -0.0116948106421098 79.3746104379264 -0.0460186205245181 -0.0505344948846901 0.997661541501811 -14.2949074295557
0.537595749322684 0.838990263862409 0.084179257862419 62.1584813709234 -0.842697157297934 0.538045862294729 0.0191872652950405 78.6046076134707 -0.0291943726112316 -0.0812526135678507 0.9962658788678 -14.3612356135594
0.536803864076747 0.842098021229152 0.0520819945299712 62.8034895883668 -0.84362723329375 0.534880257686444 0.0468636445703417 77.4386646884594 0.0116061517052561 -0.0690943744398185 0.997542612956141 -14.5326605738733
0.533847626603716 0.843363126005405 0.0611992586880916 63.27578988363 -0.845486819121925 0.533466911335975 0.0237716890595543 76.6110893356632 -0.0125996135126934 -0.064433626345619 0.997842451259358 -14.5558508333102
0.533740680052726 0.842721310183115 0.0702970825860231 63.9525503093803 -0.845639079113347 0.532273787231613 0.0397386877292858 75.4304385234301 -0.00392865539121449 -0.0806561143954314 0.996734245863685 -14.6007356364611
0.532197458124536 0.843617047451439 0.0712470547819234 64.3841339964713 -0.846610324414313 0.530711086745146 0.0399587412323968 74.6485639385557 -0.00410172657235485 -0.0815844326762262 0.996657993588585 -14.6640309887338
0.529280021678211 0.846059346547933 0.0636100681590282 65.0392780573599 -0.848445103955743 0.527622292719729 0.0419001407957702 73.4574104079862 0.00188791573981108 -0.076146558320524 0.997094848763195 -14.7563804846212
0.528415017267682 0.846879970232173 0.05976525366422 65.4717145516986 -0.848945859341273 0.52639278404152 0.0469208356311479 72.669058653228 0.00827631761731877 -0.0755311388009675 0.997109096156547 -14.8078049232319
0.525712486150366 0.848331911607671 0.0629233633372922 66.1247856993567 -0.850645584342637 0.523797985587077 0.0451415566113415 71.4675696382461 0.00533589205060785 -0.0772569611297008 0.996996935909548 -14.9075637987292
0.524056372461982 0.849198579148401 0.0650130114232914 66.7797018746978 -0.851682293768204 0.522393912640163 0.0417357223279213 70.2453159472395 0.00147951469067017 -0.0772423019390182 0.997011252608235 -14.9726329809416
0.519858529117834 0.852553006319941 0.0538561149570977 67.4284311531357 -0.854252329251956 0.518843549881078 0.0324704283065245 69.0235826861135 -0.000260136597920353 -0.0628867407458177 0.99802063614302 -15.0695765984651
0.518317633830045 0.853051252470306 0.0604184667106521 68.079800149826 -0.855187876191898 0.516962317720305 0.0374654303544022 67.8025353420398 0.000725861704315977 -0.0710881334407716 0.997469774183004 -15.1358750417547
0.516156521912667 0.854746885368084 0.0546827837676404 68.732826041251 -0.856494270096889 0.5151109935912 0.0328364062084113 66.5625541265945 -0.00010088714556125 -0.0637842161905762 0.997963708551938 -15.2251583162371
0.518796030719859 0.853152346864647 0.0546054168436106 69.1829172477748 -0.854896355999242 0.517608407570315 0.0351248759676112 65.7413980027654 0.00170264750796253 -0.0649046181089464 0.997890019761494 -15.2926231382676
0.523930462679357 0.85028678124357 0.050092513602767 69.6235554536784 -0.851759509494751 0.522911174624074 0.0327053732364055 64.9324056981243 0.0016150114106575 -0.059802116147503 0.998208945382891 -15.3560246905418
0.529898016220188 0.846451652259761 0.0522273184514505 70.0814626963204 -0.848048177242111 0.528540429478386 0.038200830922078 64.1192927464034 0.00473090712685466 -0.0645338267385678 0.997904305895226 -15.4121736455975
0.538153290484581 0.841207246878409 0.052549060313822 70.7896713715426 -0.842846979648405 0.537111471492095 0.033469928131939 62.8826224977495 -6.95570135971498e-05 -0.0623027687253521 0.998057293030304 -15.4924904070942
0.544473644098115 0.837014815328641 0.0543566905070636 71.2717813687126 -0.838777844698991 0.543361683706903 0.0347822932152977 62.0714862355892 -0.000422048142344083 -0.0645312296455072 0.997915598773666 -15.5429386681068
0.549947149201288 0.833406552621588 0.0546959882694969 71.7659109033516 -0.835197980025866 0.548888782466945 0.0341385213895826 61.2542308290083 -0.0015707469841801 -0.0644563614343504 0.997919290436133 -15.5984282923538
0.554505595818316 0.830301924910028 0.0558771661493005 72.2567385312753 -0.832178175264866 0.553393395931204 0.0351458952449346 60.4354170812869 -0.00174035025581814 -0.0659883537484571 0.997818875523286 -15.6635954093565
0.559356159783935 0.826415645212649 0.0644815311506337 72.7625850908615 -0.82892738367634 0.557687580361241 0.0431735486417544 59.6245539035367 -0.000281253028489712 -0.0775998972846359 0.996984541925374 -15.7016103521889
0.561614196168673 0.824875082383602 0.0645801294862578 73.2556358949147 -0.827398792515115 0.559981329777585 0.0428036031784615 58.8145694318864 -0.000856041088774863 -0.077472632349594 0.9969941115325 -15.768332038632
0.565010732036807 0.822391930419246 0.0665911815823774 73.9974454809083 -0.825081528523822 0.562987269494276 0.0478101001481114 57.6038461203882 0.00182865306288268 -0.0819563735696328 0.996634240260333 -15.8905875113602
0.564969058340514 0.822180303192279 0.0694946915993176 74.4945365978531 -0.825112046393455 0.562989350317497 0.0472557120937461 56.7811039370435 -0.000272055577211361 -0.0840389223618092 0.996462435575987 -15.9567200264518
0.563664761910398 0.823121333644179 0.0689442258664406 75.011466563886 -0.82600164348872 0.56188065228997 0.0448488298189729 55.9411250714518 -0.00182239798848893 -0.0822277488566088 0.996611898475804 -15.9754301075978
0.561754085943221 0.825146540958508 0.0597120831181155 75.4956398756248 -0.827302405150357 0.560134648355179 0.0426603579972596 55.1170034549328 0.00175424015756956 -0.0733645803929162 0.997303645328363 -16.0412946993906
0.561628670210637 0.824205095472675 0.0725203240085826 76.2623387105375 -0.827389331610054 0.55950541952902 0.0487911821492702 53.8696671818718 -0.00036157336723856 -0.0874050691581053 0.996172787798466 -16.1456769650253
0.557498779900136 0.827940659122188 0.0609046417128944 77.0123932613202 -0.830170172363742 0.556305021125575 0.0366361622993985 52.6096067707585 -0.00354898963286585 -0.0709858326906835 0.997471010220245 -16.2080294485591
0.555630586715737 0.829145086036424 0.0615879647948927 77.516442806927 -0.831420416159334 0.554440271952797 0.036552379270692 51.7646437796048 -0.00383962229466569 -0.0715151112602068 0.997432126092836 -16.2899240478552
0.555409939687556 0.828568669974242 0.0706665269656066 78.0412665280858 -0.831576384145062 0.553474096668595 0.0463372598359782 50.9084526865444 -0.000718490424448663 -0.0845007896649359 0.996423153242392 -16.3349395503882
0.553628106771809 0.829751372543632 0.0707713159000273 78.5348307114381 -0.832763823746278 0.551684051268939 0.0463586176990845 50.0617889240442 -0.000577279604320045 -0.0846012253897646 0.996414722598381 -16.3964021036843
0.547338274815171 0.834011848708757 0.0696063871764147 80.2790822188465 -0.836894646084319 0.545958359853816 0.0392023042834695 47.0775589318595 -0.00530700270908541 -0.0797101343565073 0.996803957758552 -16.6241697542778
0.546398866949413 0.833286684916224 0.0841521178445769 81.0432900751157 -0.837510686583793 0.544213685536436 0.0490643896608532 45.7768987420262 -0.00491203158996349 -0.0972870249117465 0.995244244760792 -16.7109285220706
0.544178753187695 0.835307499475643 0.0782998460971251 81.5229884180038 -0.838966584694301 0.542039256214698 0.0482546835923574 44.9074144981947 -0.00213409125069054 -0.0919501280149502 0.995761326630317 -16.7927778801227
0.540034564412213 0.838374149104516 0.0741043544833177 82.0144534414354 -0.841642785842991 0.53790576395881 0.0479041766272781 44.0479490383661 0.00030046390742327 -0.088239306508874 0.996099259365387 -16.8363054892715
0.536675588726793 0.840506499951215 0.07435143579319 82.5057114614995 -0.843788463571961 0.534526901838778 0.0479793700824217 43.1813904747209 0.00058412979604158 -0.0884862404580295 0.996077227950717 -16.9122228356389
0.533352678502078 0.84253082137917 0.0753441129803808 83.2358781362017 -0.845892284875349 0.531118800595097 0.0487756295990899 41.8625700355605 0.00107829635136601 -0.0897476165731806 0.995963956474536 -16.9968487587713
0.528225550537938 0.845554070676234 0.0775634019479673 83.9431417943476 -0.849104095685757 0.526022410425204 0.0481939666361997 40.5720380558963 -4.94829821755009e-05 -0.0913166868283533 0.995821901877101 -17.112951842592
0.527579359545679 0.846249013169673 0.0743143801072631 84.4216949892207 -0.849495011989309 0.525110298152456 0.0511605255985791 39.7045146236148 0.00427129800589946 -0.0901209325495162 0.995921670378625 -17.1556224639753
0.530377762093363 0.844032149416856 0.079430222381655 85.1528150868686 -0.847760310506202 0.528195710416253 0.0480806346494961 38.3921731213786 -0.00137310133085849 -0.0928386893952768 0.995680215904736 -17.2369092713308
0.534931598443771 0.841096795193874 0.0800272834787362 85.625997334728 -0.844895243463196 0.532578200473459 0.0501247239764832 37.5418144423045 -0.000461041927287232 -0.094427969876758 0.995531589627017 -17.3097117346954
0.541136876461878 0.837591772078462 0.074905969585507 86.3782921949372 -0.84091778378238 0.539537210229437 0.0419151487694756 36.238341063582 -0.00530677412493805 -0.0856715946174639 0.996309297369089 -17.3564166595887
0.549010180917 0.831312644348159 0.0866435721583275 87.1734709767921 -0.835736836594152 0.547424519691475 0.0432473721763076 34.920930283145 -0.0114787285481309 -0.0961544725295173 0.995300234202469 -17.4483201744749
0.553140781909745 0.828737508573351 0.0850259799820696 87.6901731628337 -0.833013065792769 0.551569984951868 0.043125212100669 34.0764795999248 -0.0111582976662223 -0.094682065798286 0.995445025508371 -17.4775998852726
0.557358782037444 0.82577552002631 0.0862900840827897 88.4160618670834 -0.830162638388881 0.555952534281007 0.0417944188826354 32.8198354641014 -0.0134603829421425 -0.0949292902733555 0.995393011799484 -17.6894657283247
0.558713828694521 0.825423452176699 0.0807154398006402 89.237383185622 -0.829341652249803 0.555392595929957 0.0610859086021474 31.5497127848558 0.00559298391522911 -0.101070218080722 0.994863573334575 -17.6779667895588
0.559802274197977 0.824135797152143 0.0861487182445335 90.250583488256 -0.828623035963671 0.55647824950038 0.0609575434490393 29.842383833634 0.00229740573739093 -0.105508983908458 0.99441569589457 -17.8531936967682
0.563418115333031 0.820277081860495 0.0985166802577462 91.0135575807937 -0.826142089558096 0.560391042918695 0.0587462924538965 28.5827028863905 -0.00701962785032061 -0.114487501461639 0.99339988767561 -17.9491751448064
0.567232577952629 0.817519677102886 0.099542855388056 91.822010026194 -0.823476805088945 0.56471215138321 0.0546455630463249 27.3058281343231 -0.0115392369642799 -0.112967976124827 0.993531621228304 -18.004849318315
0.572380097084261 0.81348568834179 0.103063375283837 92.3437315095726 -0.819933185847434 0.569261657971108 0.0604213166859351 26.4674631854773 -0.0095181514954003 -0.11908904075132 0.992837955139226 -18.0678201245788
0.578298958741231 0.808622988836598 0.108162730382401 93.1355967006105 -0.815761540428222 0.57480201164216 0.0643098481595154 25.2212274439862 -0.0101697333781377 -0.125425313781124 0.992050939814042 -18.1965668116428
0.587302670377397 0.803285371301052 0.099036284367439 93.9571931211044 -0.809364518341379 0.582561292744962 0.0745078294231339 23.9876781289628 0.00215634357324469 -0.123915101779602 0.992290480521377 -18.2381793385938
0.595432064594932 0.79561192162179 0.111634791286136 94.7843842452351 -0.80338875630281 0.590544841327067 0.0763105276368473 22.7543634532236 -0.0052117845735264 -0.135123871152629 0.990815006318681 -18.3958567229767
0.604356232975979 0.788927877164413 0.111114122846457 95.6293317856575 -0.796659052168204 0.600049555865018 0.0726284042551774 21.5235502049706 -0.00937540727347146 -0.132413500592075 0.991150224032366 -18.4538016042687
0.612599377862775 0.782407343099146 0.112074759454021 96.4649078067934 -0.79031606981312 0.608335822348243 0.0729934041063356 20.3167712997985 -0.0110685155863432 -0.13329019736058 0.991015242693215 -18.5672902260559
0.627049361876623 0.77217412528825 0.102743457239114 97.636349473577 -0.778906456163418 0.623319439948032 0.0691202454409472 18.6886160148985 -0.0106691291615367 -0.123369347968598 0.992303468534066 -18.6958493452641
0.640726286259605 0.759201039976055 0.114383595831092 98.5524983607017 -0.767688648637478 0.635669612231942 0.0811066140216452 17.4944794669387 -0.0111339502934757 -0.139778127703046 0.990120250356841 -18.7611489595078
0.651597104904667 0.753304687888223 0.089181052278394 99.4390393431346 -0.758537239710441 0.64806449113136 0.0680710754073708 16.3099674005953 -0.00651681304939152 -0.112002064892916 0.993686604824379 -18.8951802836826
0.669631231352807 0.735773773709588 0.101148247231853 100.697304625968 -0.742496143991629 0.666356981498956 0.0683216610246188 14.7706778247019 -0.0171315543511368 -0.120852501541148 0.992522635871223 -19.0104151553503
0.686181025444916 0.720585630949899 0.0995587705222351 101.685217206645 -0.727277047855183 0.68239431746139 0.0735261256932078 13.6255357985136 -0.0149564695838741 -0.12285904103866 0.992311422917547 -19.0925306187976
0.702812828047409 0.702876145620435 0.10963235220392 103.026428211314 -0.711002363383447 0.699039243967313 0.0762874475700999 12.1292788674699 -0.0230166894916937 -0.131564658291534 0.991040348670767 -19.2534108914685
0.720093594524482 0.684671432077465 0.112650988552272 104.40256562764 -0.693338817119342 0.716381928734867 0.0779629197610264 10.6495119680705 -0.0273221485312434 -0.134245902280498 0.990571318947067 -19.4245006660252
0.738734407635025 0.665118208097348 0.109037811026738 106.188090156691 -0.673081916579336 0.736439470929079 0.0679532135486285 8.8220578926256 -0.0351028282338755 -0.123590755783234 0.991712214573821 -19.6768374184882
0.755891472183793 0.646350596453971 0.104206471696408 108.005559084153 -0.654169310136701 0.752042543189668 0.0805886276597972 7.07691623802849 -0.0262791924360719 -0.129084932104454 0.991285268905221 -19.8786678210999
0.759396321096013 0.641455866491861 0.108865048794447 109.118276777629 -0.650002584430436 0.755307076111771 0.0837129679872879 6.03780496317115 -0.0285283672788077 -0.134333882988111 0.99052538591484 -19.9865297840329
0.760437403563898 0.639607306449467 0.112416408043736 110.204026275913 -0.648413076780287 0.757400152813038 0.0768471884918975 5.01519877032445 -0.0359921813915016 -0.131329745508191 0.990685147170096 -20.1050187740398
0.765788006261389 0.632739333985387 0.114933305416384 111.669621359765 -0.641928549950694 0.762845036601499 0.0774285922037634 3.64493807160246 -0.0386841857146571 -0.133072857338326 0.990351022827466 -20.2801297214665
0.772615767378436 0.625362987894081 0.109480634682207 112.74959545393 -0.633854080304726 0.769589209181896 0.0772104526073666 2.6432131030655 -0.035970555726615 -0.129048760098545 0.990985638966452 -20.3973530749193
0.779287711908985 0.617899988223256 0.104452221715756 113.844360389175 -0.62580930453668 0.776049653719162 0.0781642457757175 1.66329442486135 -0.0327624239484143 -0.126279608472899 0.991453520877785 -20.5757119447803
0.788846829558694 0.607064976815198 0.0958790562091651 115.303714597536 -0.613601353343775 0.786779665626176 0.066866560640208 0.368738836378945 -0.0348433447000404 -0.11157899301179 0.993144536131871 -20.7736691918718
0.79941625984391 0.591267371390291 0.106473184541416 116.851484979636 -0.599556940765788 0.79645468033994 0.0786855574052389 -0.891078129179804 -0.0382768634653334 -0.126739250801872 0.991197278057923 -20.9344215599258
0.805775506684414 0.583576425208079 0.100818593368658 118.008169604514 -0.590777280299857 0.803957923776027 0.0680724751955148 -1.8528976542288 -0.0413284152730217 -0.114412467585921 0.99257329671512 -21.05514486949
0.816427021995923 0.568286246036089 0.102458090559404 119.595451550902 -0.576131752756573 0.813616553485245 0.0781044644078123 -3.09948727945108 -0.0389759056406466 -0.122795954579138 0.99166629080477 -21.2323295163676
0.821758329893075 0.55995667946728 0.105649251636361 120.792678854706 -0.56812652460775 0.81943945726688 0.0758368506155245 -4.03479056195157 -0.0441078143696266 -0.12234170586574 0.99150744208876 -21.4041045731663
0.82186646674062 0.560034927841262 0.104385777025038 122.370092053112 -0.567193136861539 0.821527369088802 0.0581784095279183 -5.2604617019889 -0.0531738313877828 -0.10702178019386 0.992833763638043 -21.5830093633801
0.824496538668282 0.557508848184221 0.0968986167100735 123.889730436214 -0.564164416585494 0.823147769392412 0.0643914652966087 -6.44146602086565 -0.0438630685517008 -0.107757291821013 0.993209140753663 -21.807664662542
0.822906329161885 0.55860949127046 0.103829714859811 125.400840484315 -0.565312534962914 0.823297365056915 0.051021431811985 -7.60651364032432 -0.0569816745903101 -0.10068209847286 0.993285560052085 -22.0216730956728
0.823549280310788 0.558099464183217 0.101447380340691 126.902726578943 -0.565134694344977 0.822669112061043 0.0619540903274671 -8.75504763165452 -0.0488810816900771 -0.10835368078243 0.992909925277065 -22.1539821474351
0.821624859837454 0.56173603523478 0.096877326634221 128.412381908457 -0.568452810731986 0.820062073837582 0.066027244559422 -9.92182877127626 -0.0423555388112131 -0.109319814178012 0.993103814593467 -22.3789515727893
0.819353407099771 0.563989486134733 0.102838970256791 129.96167599322 -0.570418830104193 0.819954371037456 0.0479289857928781 -11.1402114185049 -0.0572918191067621 -0.0979320629112295 0.993542630447928 -22.5666301609024
0.822693788013364 0.559301055119536 0.101770628898501 131.910420890136 -0.566266302349831 0.822044926746502 0.0598716396417199 -12.6365818632172 -0.0501737579544628 -0.106885303725588 0.993004595085146 -22.8340341258364
0.823315527993029 0.556254977276423 0.112835905724932 133.489891206772 -0.563744655025619 0.824507976314547 0.0487704923466706 -13.8492100431828 -0.0659052751728257 -0.103764142404284 0.992415990124856 -23.0361701025748
0.825849213410919 0.5532743480637 0.108906255482654 134.682390422657 -0.560456984401185 0.826648010770219 0.0504086790698741 -14.7594245943496 -0.0621373104060322 -0.102667239489172 0.9927730821246 -23.2102892387125
0.827297085208231 0.550620919031461 0.11133793751868 136.279401099531 -0.558381829866675 0.827720584150187 0.0555730748548006 -15.9628975775052 -0.0615570051310843 -0.108144524128697 0.992227542965962 -23.456696121392
0.827483814015537 0.550725935432504 0.10941426590849 137.485749176376 -0.557899447803386 0.828432341836975 0.0494778853547989 -16.8849885023795 -0.0633935618417001 -0.101984307814972 0.99276404914588 -23.6415507512019
0.827098130409994 0.552615570993711 0.102590025673005 139.067674092498 -0.558803681801873 0.828107831487366 0.0444506989142437 -18.0986087445454 -0.060391455330741 -0.0940927740296123 0.993730054893404 -23.8775720083686
0.826906920986842 0.552627604012208 0.104056116147905 140.267741877134 -0.558938376443702 0.828031556674677 0.0441772847670714 -18.9996439366932 -0.0617481608028792 -0.0946914591430455 0.993589800774355 -24.0316358355113
0.827092554651851 0.553733656930121 0.0964206576531727 141.839778153843 -0.558958140492344 0.828340824004188 0.0376467324664905 -20.2211238568375 -0.0590229041713151 -0.0850324436368708 0.994628463453729 -24.2765476722932
0.825974921437872 0.554366838670163 0.102190201773702 143.416746348266 -0.560177874076718 0.827457163599371 0.0389280336386582 -21.3961347914519 -0.0629776035634062 -0.0893982695074849 0.994002902842078 -24.4655523333167
0.82538332976393 0.554215938617415 0.107643171312556 144.98770929796 -0.560634341472521 0.827071297689478 0.0405241125740686 -22.5830677943013 -0.0665694682980114 -0.0937963854349417 0.993363349419466 -24.7000308529052
0.82398361260967 0.557104376925446 0.10337175320767 146.163613056503 -0.563311482897657 0.825101125695964 0.0434546385429205 -23.4717184881036 -0.0610833806068397 -0.0940364056403862 0.993693099013914 -24.8360304597374
0.822777785830958 0.559822208845083 0.0981621598525547 147.317223413741 -0.565384763821907 0.823824872578098 0.0406527755476452 -24.3793061418917 -0.0581101022297557 -0.0889475902174594 0.994339751902414 -25.0252343753318
0.823003898969916 0.557134389777549 0.110751316053194 148.498037247109 -0.564435670658033 0.824009749940778 0.0491966024370931 -25.2798783984416 -0.0638510451686863 -0.103000988974545 0.99262975993123 -25.1685660790054
0.822387387700095 0.560847218174587 0.0955478017415392 149.667588311323 -0.566004045535895 0.82354502173678 0.037590126490438 -26.1617141062066 -0.0576055985891444 -0.0849940882555603 0.994714833493898 -25.3656559334999
0.823337914437004 0.556176242417992 0.113060452945883 150.837979648519 -0.563580685985721 0.824714277262765 0.0471505171002395 -27.0759025056492 -0.0670185723093884 -0.102539496043035 0.992468721278838 -25.5071208642544
0.824328190393372 0.557454139100698 0.0986302049186163 151.997458223933 -0.563186368505226 0.825216042697473 0.0428905258142054 -27.9392693998969 -0.0574817262500473 -0.090903056462486 0.994199419368716 -25.6718666541935
0.824294578000103 0.557033827214191 0.101250995149398 153.129717259664 -0.562836524473498 0.825595868471023 0.0400812759548769 -28.8644949845258 -0.0612657767291494 -0.0900265366583012 0.994053181323357 -25.8568900350513
0.824869098741769 0.555605406814188 0.104372419056867 154.341888961773 -0.561965452444224 0.825967189793664 0.044418820825365 -29.7282185935154 -0.0615288566454838 -0.0952934063993816 0.993545855256164 -25.9928114732455
0.824471627213444 0.55780414629178 0.095399529871559 155.109520274642 -0.562962541203409 0.825612526816787 0.0379095339591458 -30.3276623413982 -0.0576169516879908 -0.0849616969163037 0.994716943122658 -26.0971316550249
0.8246145211348 0.556132678457673 0.103572851100656 156.293319336021 -0.56224370361666 0.825923255709014 0.0416268353642585 -31.2479309184249 -0.062393182937277 -0.0925592763072249 0.993750406838879 -26.2942086538834
0.824313141796209 0.558917406904528 0.0901064732479395 157.493685071171 -0.563883571742956 0.824747861474175 0.0427350267600332 -32.1535101132535 -0.0504297707755047 -0.0860366041455173 0.995014844596118 -26.4445829662883
0.82506255470415 0.55517545828485 0.105128451635457 158.740382261813 -0.562088322847863 0.82541671887375 0.0523827979566723 -33.0960958343123 -0.0576931377473787 -0.10231056016805 0.993078069003118 -26.6354616312744
0.824235158806464 0.554490938002822 0.114787641582331 159.5746384839 -0.562334693889493 0.825334889544806 0.051009922057113 -33.7165701067639 -0.0664537059575627 -0.106593244498947 0.992079525638793 -26.7349193216605
0.82375982317097 0.558716144018481 0.0962082332363076 160.786848343112 -0.564294043943709 0.824397539471315 0.0440559744336403 -34.647334112082 -0.0546990466003541 -0.0905812747026759 0.994385763662298 -26.9321432838133
0.824801484321858 0.555464916832235 0.10564675872462 162.000108801459 -0.562804745119028 0.824483220236995 0.0589765921289236 -35.5696273428116 -0.0543445519989342 -0.108102477844842 0.992653274790267 -27.0655614532867
0.824891145657487 0.556918586269986 0.0969344421911952 163.156583551138 -0.562607445921777 0.825504794804672 0.0448853600617228 -36.4755255473995 -0.055022355540754 -0.0915615750276038 0.994278139339899 -27.2544187882554
0.825765087433313 0.554303971250927 0.104207139063043 164.291374005828 -0.560505888804892 0.827075927923115 0.042172954190512 -37.3260848944486 -0.0628105802495954 -0.0932336683047953 0.993661066009502 -27.3721906948687
0.826205162947796 0.555269597578857 0.0951877235940656 165.360582067166 -0.560670877907379 0.826943507499502 0.0425746646609098 -38.1718673369382 -0.0550744531064516 -0.0885443923071045 0.994548488112063 -27.5601378141896
0.826276394937728 0.556042076936699 0.0899140024947966 166.097239840476 -0.560848702922737 0.826951721109245 0.0399947919652029 -38.7303418458617 -0.0521157519239104 -0.0834749041950908 0.995146164526109 -27.6679606645748
0.825750511626453 0.555853113767218 0.0957256938545763 167.255769771285 -0.560951912467525 0.827044762080594 0.0364679779269401 -39.5973157434595 -0.058898594615474 -0.0838109624711584 0.994739502644778 -27.7910246604297
0.825852836216066 0.556291571679266 0.0922322079996574 168.003232092368 -0.56084248889401 0.827304008969593 0.0319965528457657 -40.182082862999 -0.0585046627633442 -0.0781521850075308 0.99522331183182 -27.8918976843644
0.826544530420433 0.553990935024482 0.0995900755234481 169.111314310726 -0.559368463135542 0.828150016352961 0.0356997599987962 -41.0302583044811 -0.0626981792514535 -0.0852149888534309 0.994387924299799 -28.0811244353182
0.828093548678023 0.551364966540086 0.101280542603638 169.864889460708 -0.557103023975256 0.829520042552722 0.0391499639968656 -41.587721014487 -0.0624283214211553 -0.0888435291711229 0.994087285910527 -28.1726459973204
0.828923847558164 0.550593246814255 0.0986525798542876 170.9575288171 -0.555733027335675 0.830693149630205 0.0333120621663738 -42.3942707843753 -0.0636086258120415 -0.0824376595979449 0.994564213614343 -28.3317962937265
0.831818903742636 0.548436796975527 0.0854072075390798 171.993968585786 -0.553062185389031 0.831974760221154 0.0440478994693479 -43.1655789643227 -0.0468991521150151 -0.0838753722982969 0.995371986471749 -28.4520481758749
0.832206147854623 0.54828614097608 0.082554437109867 172.643646698808 -0.552815922704796 0.831959999585935 0.0472981468243394 -43.6467639714221 -0.0427490710661049 -0.0849992158936119 0.995463535354488 -28.530761820174
0.833913333729852 0.54594285099725 0.0808390702108786 173.61177793834 -0.550510887947604 0.833218382529355 0.0518159171134307 -44.3486537568142 -0.0390680698103417 -0.0877127725029801 0.995379402771192 -28.6508409959897
0.832622623556554 0.544665131888674 0.100396518099456 174.270504240616 -0.549488845645195 0.835074167689435 0.0267047368327854 -44.8363481082906 -0.0692933997817387 -0.0774017348803679 0.994589058950578 -28.6963839356572
0.831557044928178 0.538224831464706 0.137211194241231 175.529868935374 -0.544612134927524 0.8386156108947 0.0110217808630732 -45.7309091286826 -0.109135253332732 -0.0838921209560149 0.990480493761236 -28.8849254756247
0.833474864256381 0.538878313186247 0.122187618973255 176.098109883738 -0.544212899354465 0.838851366962103 0.0126769208413664 -46.1590532362579 -0.0956659334821685 -0.0770619732641006 0.992426058428349 -28.9610381918197
0.836464175038302 0.535406606613183 0.11690786745318 176.913635617571 -0.541806412356953 0.839978584943871 0.0296949215284417 -46.7404612827616 -0.0823012479029399 -0.0881801702802247 0.992698726786214 -29.1248029473776
0.839379315150347 0.536350520841287 0.0881503493527664 177.731907631082 -0.541043513697974 0.839998500302456 0.0409198701729981 -47.3345795023134 -0.052098767577416 -0.0820404673493768 0.995266336280902 -29.2435230268338
0.840999937406298 0.533245750980628 0.0914771793602579 178.543812031343 -0.538370038306074 0.841570261185648 0.0437858121111907 -47.9274056918641 -0.0536358754652101 -0.0860724378011088 0.994844072362124 -29.3552606930539
0.84178734781999 0.531163741885761 0.0962244270240368 179.092939982956 -0.536801137903314 0.84248197668385 0.0454824945290066 -48.3073390714976 -0.0569086935001556 -0.089939970362407 0.994319969796098 -29.401023910923
0.842492614840921 0.531645281685044 0.0869453184509546 179.903919512955 -0.536155884336941 0.843199746011942 0.0393834485065564 -48.9060370029046 -0.0523742458597757 -0.07979650861677 0.995434305006209 -29.5451256692324
0.84364587423482 0.529690179370575 0.0876923757514548 180.46382010848 -0.534306627628187 0.844330647537706 0.0402763615679549 -49.2960517291237 -0.0527073672190215 -0.0808336038224586 0.995333040712461 -29.6084738291177
0.84446935820962 0.528304704215376 0.0881228832309593 181.06203866996 -0.533094565111866 0.844966209209144 0.0429219051641391 -49.7010740670001 -0.0517850141761427 -0.0832240638195067 0.99518443893991 -29.6655035804843
0.845934598234456 0.525522585091274 0.0906678998813404 181.649897453867 -0.530913929792841 0.845929926405764 0.0503285084525681 -50.0900881435129 -0.0502499220082059 -0.0907114776096289 0.994608653274265 -29.7353413464968
0.844667700922117 0.528068329399126 0.0876374035704036 182.248081358841 -0.532609509258989 0.84546319988734 0.0389754831035794 -50.5369073012318 -0.0535124814024206 -0.0795978462137939 0.995389671039579 -29.8294947274095
0.845246440034348 0.526812483376189 0.0895938779620265 183.21865436003 -0.531584994621138 0.846044014989486 0.0403350739941628 -51.1907899897944 -0.0545513437314437 -0.0817198388366189 0.995161302924109 -29.9477529134475
0.844453149334249 0.526029362592247 0.100955377619345 184.162824388183 -0.532257661559621 0.84521256841724 0.0481403770302626 -51.871391573752 -0.0600055021689994 -0.0943865662068844 0.993725573701875 -30.1225862239243
0.845013292488138 0.525340710190416 0.0998482535399848 184.782186054513 -0.531560737589022 0.845555770899017 0.0497857464861675 -52.3056732270191 -0.0582727875785191 -0.0951450288559462 0.993756361344082 -30.2032992946378
0.845677782795419 0.52370089135466 0.102793307566977 185.435713778343 -0.530237071052349 0.846354561437709 0.0503249919563677 -52.7319971158462 -0.0606443415996149 -0.0970635499449556 0.99342887571483 -30.2715169920525
0.845859699834645 0.522997562322105 0.104856654537419 186.07189884617 -0.529643775875083 0.846811352269871 0.0488672113349659 -53.1803437899878 -0.0632363730176605 -0.0968714791463784 0.993285999929307 -30.3356177594277
0.847562343848686 0.519649344993383 0.107715512056853 187.04097418063 -0.526412662746629 0.848957384762059 0.0464872816797084 -53.8180621613845 -0.0672887939387089 -0.0961036789405725 0.99309430624909 -30.4952866001579
0.850688311994202 0.513697230373569 0.111555149334216 187.694746988313 -0.521193660705273 0.851869415782506 0.0517268450130966 -54.2474253777467 -0.0684584828716785 -0.102145259121001 0.992411095344067 -30.5679769241842
0.853896718299913 0.508259488400646 0.111949483819055 188.298590554008 -0.515527443744844 0.855525164372093 0.0480431875712813 -54.6524095698934 -0.0713571946095522 -0.0987369514255764 0.992551845094571 -30.6329609806964
0.859822113681045 0.497552893916239 0.114660588611067 188.919772112609 -0.505124158642325 0.861667799531035 0.0487666649180267 -55.0497062098383 -0.074535341824824 -0.0998484902585921 0.992207015603163 -30.7294887506345
0.876625180394845 0.467388774004831 0.114350457069336 189.837645037174 -0.475601405650404 0.87771256559079 0.0585145720944174 -55.588810597376 -0.0730177789381793 -0.105680585436938 0.991715694047766 -30.87330759183
0.891579591014014 0.439764100542638 0.108135881007217 190.488702687364 -0.44706722861742 0.892789796293059 0.0552926100969849 -55.9230235319699 -0.0722269062304483 -0.0976417713323667 0.992597279115481 -30.9509786297765
0.918257111254972 0.380798414605456 0.108611440758532 191.450884673343 -0.389937741708772 0.917307085567042 0.0805994315089317 -56.3605815329749 -0.0689379084447445 -0.116362701079303 0.990811428364042 -31.1327525543356
0.940994916080682 0.321276347730073 0.106348842492691 192.461119996267 -0.330424974165889 0.940124448622383 0.0835784514688622 -56.7143501554689 -0.0731293672732182 -0.113787211459315 0.990810055535637 -31.2408239243755
0.954552881850798 0.279472787926792 0.103555572321162 193.130135574616 -0.28825262659539 0.954000623630781 0.0824210735973516 -56.9205483397651 -0.0757576333526595 -0.108525439047752 0.991202809756054 -31.3379858087506
0.974275734066472 0.204975605685302 0.0936578618332778 194.142820433268 -0.214225897389319 0.971385933500873 0.102550636684415 -57.1439025198716 -0.069957550678813 -0.119976536333492 0.990308826494261 -31.4673955952683
0.989454084111608 0.117044667046896 0.0853297213797156 195.140924070842 -0.12619876840365 0.985749402747695 0.111229428821529 -57.254533263606 -0.0710949104244495 -0.12082491836721 0.990124665288819 -31.5680758683836
0.998326943765363 0.00947499971552843 0.0570397907823992 196.155098975513 -0.0161846833979576 0.992840487831087 0.118346194474671 -57.2497717188073 -0.0555100835471991 -0.119071365591059 0.991332759733513 -31.6928606501302
0.987514551608883 -0.149600307617712 0.049343270274594 197.437851060748 0.142712601869643 0.982236113905275 0.121841412532275 -57.0424171559028 -0.0666942548372998 -0.113278261378558 0.991322304737843 -31.8464158184349
0.97231364420777 -0.230909185012956 0.0358765322189803 198.041568317247 0.223659426760829 0.964063495700538 0.143380741658972 -56.8571152590648 -0.0676951852676695 -0.131386926801384 0.989017106706079 -31.9439423065964
0.937904781780965 -0.345756960098378 0.0280489724576216 198.926045756829 0.339481793317566 0.931486368064582 0.13071058914925 -56.5004992315187 -0.0713213314394061 -0.11307197112186 0.991023711637783 -32.0465690076333
0.879330566862748 -0.475713628271051 0.0217783851107158 200.056306460309 0.467614218527746 0.871202375148448 0.149476968682093 -55.8813027491944 -0.0900816119500701 -0.121255785069807 0.988525334918424 -32.2883566582311
0.828807600912812 -0.55929172264177 0.0164538643956232 200.836048456809 0.551343113473141 0.821335233957188 0.146387173912994 -55.2793738707587 -0.0953872732333382 -0.112255077590688 0.989090524502291 -32.3435370210636
0.746848173143138 -0.664814200293034 -0.0154882330009108 201.762190816762 0.659557000319823 0.737567962464945 0.144838061552984 -54.4430912039581 -0.0848667756066758 -0.118387414170774 0.989334145051147 -32.5049591797105
0.676222792564181 -0.736290715739607 -0.0244686888156676 202.329786402852 0.731269204275524 0.666845563261543 0.143395765755608 -53.8132355226124 -0.0892641344266701 -0.114860683761035 0.989362894812114 -32.7772617127079
0.567850427446448 -0.821229262089809 -0.0559320224586382 202.974475744122 0.819286478070207 0.557331003537709 0.134728687913769 -52.7906910551068 -0.079470490750986 -0.122330092712614 0.989302678413801 -32.9205183812481
0.436940917647088 -0.89766608189182 -0.0572559159101468 203.494551781159 0.894716247447451 0.427191076357708 0.130348075681594 -51.7074142189251 -0.092549830033733 -0.108182206029141 0.989813689165489 -33.1134758834417
0.333220073480255 -0.938543459060275 -0.0900031004187451 203.752570253567 0.938184120545562 0.320573158621268 0.130550396122466 -50.8186357109081 -0.0936746421715245 -0.127941492201539 0.987347981203831 -33.1546204395741
0.197099676952536 -0.976687974553607 -0.0850430344447914 204.001409627862 0.975933066717806 0.187209460019398 0.111835894801375 -49.6965895465049 -0.0933079130191247 -0.105039128145742 0.990081014324787 -33.3020028730236
0.0237133645168599 -0.993038424676992 -0.11537921588539 203.997576070198 0.994672948396691 0.0118550654108345 0.102397183320335 -48.2488227237537 -0.100316509464415 -0.117192766581994 0.988029581232128 -33.5578452570568
-0.127019942548603 -0.984905591896552 -0.117587878821974 203.85000868919 0.987515019827204 -0.136701565305247 0.0782736715554687 -46.6725679416669 -0.0931666239091428 -0.106177479222276 0.989972890081024 -33.7868245374322
-0.279341995204991 -0.949674649216867 -0.141725475302484 203.27196348487 0.955531294707697 -0.289466148947954 0.0562964781089699 -44.4427190290405 -0.0944880656439095 -0.119697156390873 0.988303898708698 -34.1257735433014
-0.383902139104907 -0.912218675924055 -0.143095195188519 202.453207311531 0.919105235023185 -0.392394752429693 0.0356640606018971 -42.1594004912107 -0.0886832258302152 -0.117828033850197 0.989066145359017 -34.4895067128135
-0.437519187018715 -0.887648878418588 -0.143723448444248 201.60801040645 0.895089371115603 -0.44519796970531 0.0247746944712436 -40.1942900943662 -0.0859766172069875 -0.117805926898832 0.989307730123014 -34.7691941921256
-0.464959493876898 -0.877735230719923 -0.115730435956937 200.730757871537 0.884231557772981 -0.466912319105627 -0.0112888664520399 -38.262464286145 -0.044127330443911 -0.107581369299933 0.993216505947945 -35.068003704385
-0.453798918924875 -0.879182457861189 -0.145274729295126 199.808771848111 0.879827917264218 -0.467915397750505 0.0834147262208303 -36.173399924522 -0.141313046761874 -0.0899632499254268 0.985868772442728 -35.3653289423702
-0.463302326834199 -0.879458687814272 -0.109102568155003 198.939196636978 0.883229581700987 -0.46830863069284 0.0243419889675503 -34.2145263003085 -0.0725014479739331 -0.0850849155056085 0.993732407238028 -35.6601659218745
-0.469136385136622 -0.878427282306575 -0.0909756112396507 198.019455332167 0.880549169049188 -0.473142399207619 0.0277386185460361 -32.1258684545004 -0.0674107782756412 -0.0670953036474454 0.995466728324322 -35.919997856993
-0.453048177926791 -0.886796396182228 -0.0913208639656203 196.916393315183 0.888197580358601 -0.4577929387854 0.0391239497412129 -29.6540133803097 -0.0765010243221652 -0.0633859362669651 0.995052670144259 -36.2830972826528
-0.429282038193599 -0.899620529932386 -0.0799989612965282 196.024974448144 0.90081564228031 -0.432871938528198 0.0339567880983008 -27.4645127139513 -0.0651775291604655 -0.057487276496743 0.996216393527794 -36.5716176416057
-0.397822979526837 -0.9147461911967 -0.0705427717879116 194.980386159577 0.915176457489012 -0.401081197119772 0.0398236735476771 -24.684255182796 -0.0647219330540409 -0.0487163115198758 0.99671349563134 -37.0072051705679
-0.373564830411895 -0.925561539689669 -0.0615236030042252 194.106149124819 0.92506342163046 -0.376626893204663 0.0490902156885598 -22.0587329542416 -0.0686074590746399 -0.0385748566075424 0.996897686323441 -37.3068304071999
-0.354505047119808 -0.93302706476207 -0.0615359081192432 193.238521676491 0.932042424203511 -0.357874881658945 0.0567669671766902 -19.3491282560153 -0.0749872725962618 -0.0372299006052028 0.996489259073825 -37.680880251597
-0.337162386081743 -0.939845026001382 -0.0548894572037918 192.539363414455 0.938477911249807 -0.340153904542895 0.059619890308708 -17.0359252495192 -0.0747043205434971 -0.0314109586718345 0.996710898991002 -37.9985722562163
-0.306861788434144 -0.950437339818569 -0.0500470366515319 191.779595864271 0.94870575745341 -0.309660997209726 0.0637765833345483 -14.2305438948523 -0.0761132614841105 -0.0279093153925314 0.996708503796658 -38.3932026867548
-0.282151761770996 -0.958263516383969 -0.0460588373382812 191.25182155748 0.956657599990353 -0.284637128952669 0.0615462525445564 -11.9139809877208 -0.0720875836064687 -0.0266971532005369 0.997040943141638 -38.6596470355582
-0.253762471180371 -0.966713390423626 -0.0327082404920844 190.683617412131 0.964459192457117 -0.255455721074167 0.0675339962940322 -9.18334498956667 -0.0736415256862332 -0.0144081694234293 0.997180690922397 -39.0656815676233
-0.235894981389489 -0.971501537882492 -0.0232017164711149 190.176500953669 0.969010608798537 -0.236956771917268 0.0697848714152071 -6.43624952057898 -0.0732939137387408 -0.00602080845908797 0.997292209973766 -39.4161116232521
-0.23295196452703 -0.971547313012636 -0.0427691571219791 189.816617102294 0.969471201255611 -0.235466129280504 0.068419967097761 -4.56673892663041 -0.0765439230703448 -0.0255249003834368 0.996739438018491 -39.6546735209228
-0.222347392698601 -0.974390620574841 -0.0335343927320766 189.406198353551 0.971832262862453 -0.224257414462303 0.0724614719580422 -2.22907425623524 -0.0781261148386222 -0.0164781854115587 0.996807293104221 -39.9847837247327
-0.210237163341102 -0.977168450507147 -0.0306945350795279 189.121160511471 0.975049397569663 -0.211863134918222 0.0662773291681356 -0.3319804793879 -0.0712671554737853 -0.0159947302598412 0.997329013492834 -40.2566490561291
-0.18838833399387 -0.981581489848875 -0.0317429425396643 188.909483305161 0.979771612012511 -0.19006630748134 0.0626289633860719 1.13201062557052 -0.0675086950652975 -0.0193022679100422 0.997531953645651 -40.4309197999895
-0.169214696640366 -0.985002020964144 -0.0337254375429091 188.762447615407 0.983569531243994 -0.170954881597804 0.0580121165477574 2.55726732424818 -0.0629075802219307 -0.0233548100919834 0.997746054462852 -40.603525284679
-0.15907257762947 -0.986686443721632 -0.0338493252853865 188.664582072914 0.985277342482267 -0.160834239966042 0.0579733183941355 3.51828402280568 -0.0626456178626898 -0.0241290080713143 0.997744114255803 -40.7322522791207
-0.143659342249189 -0.989090698363653 -0.032581955052338 188.481579882555 0.98663680853466 -0.14570512364554 0.072923418652576 5.49676559093099 -0.0768752328716557 -0.0216704257904671 0.996805192210087 -40.9351981163349
-0.125917654840104 -0.991752625066021 -0.0239055406595608 188.348038576624 0.989736835890444 -0.127230078376849 0.0650653735699313 7.41924388472547 -0.0675702588506375 -0.015467314921423 0.99759461821322 -41.188155792408
-0.112415974799972 -0.993607730211133 -0.0103115020463535 188.249072753676 0.991004773363551 -0.112867703565955 0.071905637208807 8.89802225513602 -0.0726098325327155 -0.00213540544804313 0.997358136409958 -41.3491643155725
-0.107445083326309 -0.993868114204906 -0.026109876211633 188.197909198951 0.991933532624649 -0.108938545564406 0.0648094140159867 10.3395548932186 -0.0672563820301558 -0.0189358088577205 0.997556020591885 -41.5417873957442
-0.101074100933395 -0.994468036228538 -0.028589351868519 188.149792568995 0.992397606513209 -0.102808677687341 0.0676562368081006 11.3194375420812 -0.0702211984187053 -0.0215337110581666 0.997298993572491 -41.6763487611578
-0.0896705337007023 -0.995765171422478 -0.0202711313890889 188.080409743018 0.993439275255335 -0.0908744508757211 0.0694279522828582 12.7792507367457 -0.070976064740065 -0.0139124965408313 0.997380990732235 -41.8585480473541
-0.0737543795752535 -0.997026596310002 -0.0223216877489523 188.060227815995 0.994822688589909 -0.0751236359173564 0.0684416364013997 14.2391341970742 -0.0699150181306875 -0.0171582509903769 0.997405376295284 -42.0418587561672
-0.063005644796224 -0.997826776106808 -0.0192876542924533 188.065024534171 0.995661977832837 -0.0641712724255739 0.0673741322265913 15.217884265317 -0.0684654264707048 -0.0149590333770577 0.997541333829636 -42.172335992503
-0.0538877045440201 -0.998226841530552 -0.0252841481350626 188.069941565117 0.99593122430108 -0.0555608906381826 0.0709505735963029 16.1800182302212 -0.0722295767752302 -0.0213579090603765 0.997159329274635 -42.2827105996607
-0.0426404263738129 -0.998767529521705 -0.0254011025699505 188.07625900929 0.996631888507304 -0.0443042743633613 0.069007319057477 17.1686840638809 -0.0700476469913433 -0.0223730473169329 0.997292722276028 -42.399594684883
-0.033086832650395 -0.998816064231935 -0.0356613423386104 188.102750269799 0.996731399671069 -0.0356068829199525 0.0725166656602203 18.136595343277 -0.0737005998273836 -0.0331454328822479 0.99672945269222 -42.4868395006975
-0.0229788268765135 -0.999049826981298 -0.0370326440322369 188.127087210502 0.997403702120584 -0.0254382363584492 0.0673702540230097 19.1000491765541 -0.0682482857772442 -0.0353884068532454 0.9970405368634 -42.6286369524048
-0.0103158040091266 -0.999460646365381 -0.0311769234296833 188.17152107911 0.997612464677687 -0.0124158874038977 0.0679353815009873 20.0643667749051 -0.0682858294769584 -0.0304016793429045 0.99720247862998 -42.7536539053486
-0.00159982140404379 -0.999482622962967 -0.0321236200722004 188.232354413106 0.997539416077808 -0.00384660120024613 0.0700022644658878 21.0229792418731 -0.0700896136572388 -0.0319325860881041 0.997029465965327 -42.8708363393955
0.0209215515617759 -0.999463096029207 -0.0252152405493187 188.426031260047 0.997719439741992 0.019252914301561 0.0646934683860935 23.8826319652013 -0.0641732673406434 -0.0265112234083756 0.997586561052332 -43.2159795237559
0.0320240846477865 -0.999202463730933 -0.0238515088936871 188.507078275176 0.997359651137642 0.0303906278717108 0.065955560949503 24.8133948808069 -0.0651780966665323 -0.0259006990561532 0.997537452682019 -43.315228467727
0.0428253012835593 -0.998907330398733 -0.0187119973719449 188.607278950596 0.996954784960977 0.0415048939241048 0.0660189406440371 25.7719436772186 -0.0651701642884568 -0.02148229633964 0.997642902360655 -43.4395981911152
0.053018691227511 -0.998425481609499 -0.0183187350371611 188.71989493136 0.996581363862905 0.0517389919195456 0.0644101072526733 26.7166085444779 -0.0633608994702058 -0.0216710495359375 0.997755361814878 -43.5575730852923
0.0631739724488647 -0.997844525473802 -0.0177581583221426 188.831400317674 0.995624152185452 0.0617857290090012 0.0701075693190531 27.6379069414825 -0.0688592534815014 -0.022109424976477 0.997381359629896 -43.6250994837747
0.0716798888021301 -0.997017405323816 -0.028605716608408 188.96634566998 0.995165069743066 0.0695572120765875 0.0693417494112448 28.5841992262038 -0.0671451971818797 -0.0334378188507999 0.997182748931162 -43.7599763149132
0.0800926477465592 -0.996652181840429 -0.0164193851790748 189.100570858836 0.994559952078537 0.0788022214334377 0.0681227687245092 29.4951643101179 -0.0666008220556107 -0.0217861958558321 0.997541824773101 -43.8777719300809
0.0877534687463374 -0.995854485572053 -0.0239410168749713 189.234270450137 0.994174791692547 0.0860450833737419 0.0649055251137121 30.4242667972779 -0.0625764515298407 -0.0294972404341131 0.997604180284298 -44.0012369180477
0.095460044852658 -0.995282680773322 -0.0173137283505708 189.384611367383 0.99321344974557 0.0940718383878571 0.0683924883801817 31.3255268734982 -0.0664411249244994 -0.0237249778713852 0.997508246754767 -44.0936357794882
0.104819711166001 -0.994387686776763 -0.0143511859382717 189.529377852526 0.992315949952749 0.103625601066083 0.0676076199334521 32.2206024704201 -0.0657410345252435 -0.0213275219013298 0.99760876759835 -44.1989839514979
0.113589435347396 -0.993357480405216 -0.0183944638535766 189.682299346318 0.991632708027395 0.112210364570559 0.0638232438316679 33.1354984609447 -0.0613352471888236 -0.0254901982327125 0.99779168028519 -44.3034482102114
0.124514881037108 -0.992202913829695 -0.00542422235694481 189.853150246908 0.990708213507798 0.124022153042302 0.0558188251662279 34.0332817753239 -0.0547108772411931 -0.0123240960161219 0.998426179829478 -44.4111310568264
0.133744865245328 -0.990979877446148 -0.00843762509987712 190.016851952357 0.989234047100831 0.132989246057559 0.0610725837799009 34.937545115013 -0.0593995881889768 -0.0165149305132978 0.998097663554585 -44.5084482281533
0.144064132755565 -0.98954521281215 -0.00676738161652707 190.207083887674 0.987851837175917 0.143408247926748 0.0598566806191881 35.8541332481924 -0.0582603934208655 -0.0153083711457869 0.998184041312678 -44.6056780580095
0.149818346588788 -0.988713030802732 -0.00100286902325735 190.411576806738 0.986804176576204 0.149465939774867 0.0622691732639505 36.7907129833125 -0.0614164482623487 -0.0103186999225651 0.998058888199863 -44.6965823537742
0.155177783218293 -0.987880602060012 -0.00343098659355213 190.609681778235 0.986184956417345 0.154705801671145 0.0592059681570063 37.7393113931659 -0.0579576339370109 -0.0125710382561278 0.99823989184243 -44.8283822804683
0.161320121172452 -0.986897267552798 -0.00309867741545681 190.825925476049 0.985144441709382 0.160844704658618 0.0601615321646094 38.6810248037439 -0.0588748458513213 -0.0127579104912028 0.998183844913291 -44.9347181172845
0.168281064345279 -0.985736909899534 -0.00205617230278773 191.051650785121 0.984117824242505 0.167884344917291 0.0576797602273997 39.6428734057335 -0.0565118694702124 -0.0117299272551345 0.99833301929545 -45.0550325607626
0.174086318702044 -0.984727854390107 -0.00223750508961654 191.264443546793 0.982971373708081 0.173639148407342 0.0601392102610294 40.5673760107273 -0.0588322370067409 -0.01266881717561 0.998187491887247 -45.1538552076287
0.181358196556567 -0.983364847284966 0.0101381293128709 191.493538544611 0.981496836549221 0.181638373723534 0.0605925823425724 41.4973718390445 -0.0614260888028942 -0.00103841960924447 0.99811109466787 -45.246319488282
0.18436595650723 -0.982749666049924 0.0145701050077528 191.733475649886 0.980765674800487 0.184920018873129 0.0624762174999954 42.4380699725787 -0.0640927859772001 0.00277137127150226 0.997940095540287 -45.3461046593399
0.185703173595268 -0.982531664797763 0.0120772093789194 191.945981657366 0.980492511555121 0.186095457026098 0.0632685993094467 43.3527003091122 -0.0644109160079032 9.24336758220376e-05 0.997923456661401 -45.4640490133136
0.20006189021448 -0.979722076575233 0.0109495550102259 192.767931161901 0.978092739671859 0.20036043563063 0.0564826383510921 46.5168687216552 -0.0575311453475902 -0.000590343134680782 0.998343537470934 -45.8491767041253
0.217997166699182 -0.975868876055444 0.0125368280443713 193.263968138928 0.97400035939864 0.218355297429018 0.06036773953036 48.2884438948019 -0.0616484809419453 -0.000949121156716115 0.998097472177232 -46.0510737750873
0.228951166641559 -0.973197969814978 0.0216119143408139 193.526280262951 0.971734189549696 0.229807089669323 0.054049666029603 49.1510777715548 -0.0575675963860324 0.00862630197252399 0.99830434175186 -46.1369649091913
0.279965501604786 -0.959710782171747 0.0239694074702576 194.680444474333 0.95851329010823 0.280835552256874 0.0488227946196558 52.5668631365168 -0.0535872241964203 0.009306297430822 0.998519805627836 -46.5503166789502
0.311068183709358 -0.950007042188933 0.0268924687449071 195.334457083783 0.949072028164376 0.312001539505989 0.0437872664350291 54.2209691524807 -0.0499887031210084 0.0119020644145338 0.998678862509341 -46.7305651932483
0.3379201770096 -0.940782020809278 0.0271871898476624 195.847260876617 0.93986927426737 0.338831569003479 0.0428825737889748 55.417817741743 -0.0495550326195736 0.011061517466094 0.998710138915902 -46.8673778996106
0.400901129729128 -0.915520769664869 0.0331663156554066 197.000994003306 0.914951083507313 0.401955838780474 0.0360002563752046 57.7261753634319 -0.0462903766532868 0.015913012993502 0.998801270046632 -47.1523294360854
0.478689661612846 -0.877246599355262 0.0359807140647314 198.717282888151 0.876592458266472 0.479835902726303 0.0366492641832804 60.5935819297559 -0.0494152807876428 0.0139967987219316 0.998680238940481 -47.481510404475
0.515698464431865 -0.855972302362654 0.036966354575406 199.631481363711 0.855199406462251 0.516885096906763 0.0382592705406043 61.9487927145352 -0.0518562336583551 0.0118833574238874 0.998583855691201 -47.6445985947445
0.534310613456372 -0.844674784782636 0.0321974579785972 200.0993023471 0.844067358729146 0.53519817904728 0.0333646979977368 62.5832862956326 -0.0454143399806725 0.00934971105882986 0.998924481944074 -47.7445075364606
0.582097804198525 -0.81216117557596 0.0394508711479219 201.373901622545 0.811911911495855 0.583191779250464 0.0261991714721108 64.1508932763473 -0.044285373639643 0.0167801520181496 0.998877986632925 -47.9522402302362
0.614439010166975 -0.788071655576088 0.0375202407054191 202.435171803977 0.787787848784613 0.615424730481177 0.0253516551625863 65.368400535548 -0.0430698048792949 0.013980943807009 0.998974236463546 -48.1264986704319
0.640888871638569 -0.76642664576145 0.0430308131075255 203.280330327696 0.766530864886914 0.641965570007189 0.0176249851366073 66.2388509075498 -0.0411325587042907 0.0216887895512519 0.998918269440618 -48.2574501802151
0.692558253809162 -0.719815576505222 0.0472080597065599 205.021073002401 0.719997765589307 0.693789557123008 0.0161018003175037 67.8867889758768 -0.0443427855147666 0.0228382627954555 0.998755290912282 -48.495179555007
0.728558020278568 -0.683696491056603 0.0419799857630121 206.569550150075 0.683792606656793 0.729536811511389 0.0142727618667337 69.1723267258108 -0.0403841821668137 0.0183070687627701 0.999016500896773 -48.6647314052381
