1604559016.00432 3.77638105361887 3.28641358861816 4.14004307769311 -0.0349102278605745 -0.0164344457940638 -0.732027775351714 0.68018124135835
1604559017.11437 3.73373445888865 2.69992835521364 4.16458615540273 -0.0355698608824635 -0.0167968863124783 -0.72126931412587 0.691536858097531
1604559017.80424 3.71805271060011 2.09467191501241 4.16980477674309 -0.0368675629256958 -0.0178218658809144 -0.711381006282845 0.701612590964879
1604559018.4043 3.72415117995629 1.41115488288156 4.17795573205236 -0.0385175826719097 -0.0190797654940858 -0.701733739519295 0.711141418561786
1604559018.90413 3.73461778441972 0.740850134490072 4.20066457896916 -0.0396015667409789 -0.0199567431992652 -0.694324171815563 0.718294778447659
1604559019.60418 3.75634289086624 -0.25117653497073 4.21043775227167 -0.0414496951432774 -0.0217128661240774 -0.686393173298858 0.725723698018696
1604559020.10408 3.79725227569217 -1.00276575747314 4.20636534748152 -0.0414586562726517 -0.0212079425786236 -0.684092675449021 0.727907009437778
1604559020.70398 3.82287824711712 -1.93178404389513 4.224492649796 -0.0415905403211371 -0.0220680209515313 -0.683275277950232 0.728641286195829
1604559021.30425 3.8602381602959 -2.96165866730923 4.24389680159159 -0.0429285365720149 -0.0198939842705746 -0.683413606053462 0.728496543024489
1604559022.0042 3.87730082380976 -4.31434860021375 4.25538494441136 -0.0479988727259089 -0.0172848889564974 -0.683399917101802 0.728259496426963
1604559022.50456 3.91105061501484 -5.37764519371511 4.30583231300691 -0.0480137798449404 -0.0164371620668452 -0.684258907090803 0.727471129815534
1604559022.80443 3.91743146465984 -6.03729166697579 4.25785848423471 -0.0511215559586798 -0.0154782866687683 -0.684153890080662 0.72737917474015
1604559023.10414 3.94049060099042 -6.73809480072497 4.32909815801635 -0.048458534746814 -0.0158208456325227 -0.684621721488441 0.727113862967739
1604559023.60446 3.95192039253487 -7.88442836785331 4.34354898276625 -0.048321001610098 -0.0165327911980226 -0.684935325060576 0.726811769375512
1604559024.00461 3.9778471427293 -8.82916820283292 4.379693718704 -0.048143979058936 -0.0157969766421104 -0.684971928204682 0.726805386868384
1604559024.30429 3.97652874134699 -9.54325676995528 4.34078811092271 -0.0500235082560258 -0.0136229361426802 -0.685095593945642 0.726605870736591
1604559024.90455 3.99915395267911 -10.9782205234579 4.35001234030914 -0.0505655438104544 -0.0123147954506533 -0.686371221328162 0.725386805866118
1604559025.3046 4.00831341519011 -11.9353881599441 4.38477259762369 -0.0506742292069613 -0.012183115304735 -0.68742644161982 0.724381516576497
1604559025.6044 4.02080394313789 -12.6689307607559 4.38998304893094 -0.0513533325532721 -0.0112247752027583 -0.689218389732083 0.722644346073803
1604559026.00463 4.00210683663643 -13.6474632948932 4.43159839646612 -0.0514236178465212 -0.0130750140780343 -0.692030618127769 0.719915466640446
1604559026.40432 3.98238086281158 -14.6369785724918 4.42664871809661 -0.0503929909918368 -0.0133495439447305 -0.694711131362939 0.717397226155629
1604559026.60449 3.97777885990329 -15.1382141132207 4.42869219703436 -0.0519503708476706 -0.0109663522267012 -0.695908985064752 0.716164494089016
1604559027.0044 3.9647646602421 -16.1453375570588 4.46330895052036 -0.0523621781217258 -0.011519064290794 -0.697330968710763 0.714741235369222
1604559027.20402 3.93359772914554 -16.6736697722309 4.47959612799707 -0.0488273296491605 -0.0140874299722522 -0.697968185840774 0.71432334957654
1604559027.40435 3.91655280076689 -17.1982399595883 4.4840967633321 -0.0488510672129909 -0.014862728735727 -0.698693831640335 0.713596245894292
1604559027.60435 3.90754794242999 -17.7369541208844 4.50029605637289 -0.0499280310795325 -0.015475019030093 -0.699211642413568 0.71300125849248
1604559027.80437 3.88965552870418 -18.2900952406074 4.51656014674128 -0.0497059046977287 -0.0160239265342352 -0.69992958385576 0.712299890818543
1604559028.0044 3.87329240111325 -18.8407699942901 4.50690235050285 -0.049313305764255 -0.0153677692266159 -0.700304855373367 0.711972709507946
1604559028.2045 3.85381191491679 -19.3769251775356 4.51969109209797 -0.0496962519352659 -0.015876457841016 -0.700718535886461 0.711527760593459
1604559028.40427 3.83198048757573 -19.9264294697645 4.54112668814376 -0.0484589285059422 -0.015692672513695 -0.700691234013204 0.71164405910152
1604559028.60438 3.80450730118452 -20.450726790695 4.53723641347139 -0.0453715786673806 -0.0178796286325359 -0.700887958470854 0.711602282458222
1604559029.00449 3.76991179502581 -21.4544769876473 4.54451429235284 -0.0454399403127334 -0.0189979719831923 -0.700366388109223 0.7120823065431
1604559029.20407 3.77342408172264 -21.9594362815306 4.56744860297353 -0.0464352873402946 -0.0168530251086779 -0.700127190925504 0.712307276504371
1604559029.60454 3.74937514909535 -22.9598475734684 4.55766924191376 -0.0472100744826068 -0.0161738553540892 -0.699835297550284 0.712558889898257
1604559029.80426 3.72815218207171 -23.4728279460728 4.58437580690243 -0.0469850185602859 -0.0160186834046726 -0.699888914374484 0.71252460824071
1604559030.00455 3.71265730471848 -23.9916546593196 4.61182764698719 -0.0461807004218256 -0.0162081532144949 -0.699689500571614 0.712768715270087
1604559030.20416 3.7177986614757 -24.518130992319 4.61899575748622 -0.0472623774412189 -0.0150352778941784 -0.699308516606655 0.713097333257283
1604559030.40444 3.70878086885449 -25.0300983461338 4.61874620151708 -0.0489416415384368 -0.0150142728581116 -0.698692216670442 0.713588448405808
1604559030.60395 3.69741647506873 -25.5461223808763 4.63372495045889 -0.0486654372891021 -0.0163108190637716 -0.697233184236611 0.715004558862533
1604559030.80434 3.68966498517885 -26.0492988796586 4.6459867134488 -0.0479647761035696 -0.0175466308553651 -0.695851857822644 0.716367006473452
1604559031.00426 3.68646941422469 -26.5612416596583 4.64380679402112 -0.0472139968511307 -0.0175936113807652 -0.693422632641987 0.718767247361606
1604559031.20417 3.69437366729448 -27.0651837693788 4.64341767568372 -0.0484263016315254 -0.017885690710476 -0.690291161375284 0.721687680305867
1604559031.6043 3.7209091873245 -28.0649207471843 4.66288314662333 -0.0463230128676706 -0.0193011878839604 -0.68112102923295 0.730449030502318
1604559032.00424 3.74589341018189 -29.0551345376995 4.68643707180786 -0.0400093088795271 -0.0252004085504647 -0.671014892816636 0.739934597265292
1604559032.40425 3.85614252022462 -30.0188203720035 4.7324998218397 -0.0418899878196774 -0.0258540893135 -0.659560425361877 0.750037892564567
1604559032.80416 3.95866003071866 -30.9974806183823 4.74421040148088 -0.0392902177523358 -0.0325803777763202 -0.646542449553484 0.761168613842102
1604559033.20466 4.13407537638075 -31.9905618254044 4.78342950889631 -0.0404357856786019 -0.0317061194516817 -0.634475658110788 0.771232979384798
1604559033.60454 4.34591496602312 -32.9580048026576 4.79466733814761 -0.0463198845399977 -0.0307305940625926 -0.620338109665798 0.782362274512918
1604559034.0044 4.55329291060406 -33.93377550409 4.80763481709914 -0.0422901817679664 -0.03503775088922 -0.606840998855876 0.792923639858379
1604559034.40427 4.82457021665538 -34.8954777883564 4.8707694715122 -0.0437068884682872 -0.0352590025355424 -0.593935335100907 0.802550514521792
1604559034.60418 4.97357831196704 -35.378002695729 4.86553657493933 -0.0421625705234708 -0.0334025240964598 -0.587565418623977 0.807386814276818
1604559035.00413 5.25975966807164 -36.3366021617775 4.92626192063732 -0.0397968241655987 -0.0376698146513708 -0.576665113571559 0.815140812767932
1604559035.20403 5.42625670106195 -36.8172980173992 4.93433036223494 -0.0414729922726054 -0.0353215515947097 -0.572232751085557 0.818279938340146
1604559035.61427 5.73433343392507 -37.7631556280741 4.99267585584189 -0.0391577148488507 -0.0396561693737168 -0.565774988554604 0.822674129850001
1604559035.80441 5.90421947843093 -38.234940087382 4.98231984849034 -0.0401968915495094 -0.0391857957899825 -0.561671275159579 0.825453852119351
1604559036.20408 6.2385139971783 -39.1536806171135 5.03055735429907 -0.0407512208347028 -0.0400301108288723 -0.556691085597958 0.828753258481242
1604559036.60408 6.5793221479476 -40.0649048637887 5.08366932461155 -0.0423796660957459 -0.0394748662572991 -0.553042772621644 0.831137407704975
1604559037.00449 6.90262422940178 -40.9644521651024 5.10340938761934 -0.0434501434333791 -0.0379304945653739 -0.553940388857864 0.830556083723214
1604559037.41409 7.2071747481553 -41.8374786774372 5.13787267973628 -0.0417554837055234 -0.0396891062018802 -0.557625512866093 0.828091203811658
1604559037.80443 7.5000478587175 -42.7268670482419 5.18817241276335 -0.0413361411204192 -0.0408835099948368 -0.561428704844243 0.825480267132226
1604559038.21453 7.7946737755927 -43.6069039474938 5.23132373135363 -0.0409521553120383 -0.0405072801145807 -0.565201620434378 0.822939371698408
1604559038.60406 8.06481188599904 -44.4466501613639 5.25096445627067 -0.039960825446511 -0.0403622557480981 -0.568434208969017 0.820765844083638
1604559039.00405 8.32497355609911 -45.2713509219912 5.28127616988366 -0.0419920707363275 -0.0392435223996131 -0.571458310375908 0.81861591204133
1604559039.40418 8.56132719533418 -46.0828400754391 5.3291528305566 -0.0418819312369426 -0.0396040114139752 -0.575419795164141 0.815824420723629
1604559039.80434 8.7832965713379 -46.8724441730751 5.35456351093749 -0.038289270732763 -0.0397886293932505 -0.578247328215272 0.813990678158945
1604559040.20409 8.99637760109087 -47.584661313334 5.38117356609831 -0.0397460161005181 -0.0378130270807912 -0.580776496415204 0.812212466291182
1604559040.60427 9.16150691475852 -48.212374014811 5.40963548534751 -0.0386634566813416 -0.0376787221608649 -0.583920898730807 0.810013478307108
1604559041.00455 9.30442636216424 -48.7564413937169 5.43806673570682 -0.0387316663111183 -0.0373473950108058 -0.587005894096883 0.807792739758281
1604559041.40428 9.43152974102163 -49.2617394471841 5.44964333284789 -0.0389446083553473 -0.0383453616937048 -0.590818136931877 0.804951476667366
1604559041.80459 9.54120902617383 -49.7516852294008 5.47090248096103 -0.038915926127753 -0.0387666367490404 -0.595347046767128 0.80158879263276
1604559042.40413 9.69914089424848 -50.4684787160097 5.50370583559757 -0.0380269441898994 -0.0389582834772915 -0.602046565870309 0.796602872319607
1604559042.8043 9.79020282156556 -50.9665340338608 5.51654510719335 -0.0369309780168784 -0.0387093515175161 -0.606746627353652 0.793092818756278
1604559043.20404 9.88933451972479 -51.4966717784388 5.54381529826032 -0.0365020539887472 -0.0398018508438929 -0.612435016849295 0.788674053624694
1604559043.60428 9.99675759231045 -52.0923722340991 5.57940381428139 -0.0369473128973525 -0.0383566424241208 -0.618427965589784 0.784034766721537
1604559044.00418 10.0985644794483 -52.7366943505522 5.59325842577309 -0.0357649789636273 -0.0367822746068129 -0.624533186775169 0.779311381394454
1604559044.4047 10.1937616845282 -53.3971456314074 5.61182287782614 -0.036140062577056 -0.0353974013113134 -0.631219306391392 0.773952910128324
1604559044.80446 10.2715844037482 -54.0813687153621 5.62834171586191 -0.0353039996066974 -0.0354314417306581 -0.63927539627506 0.767349469450538
1604559045.21405 10.3359931493057 -54.7699439561894 5.6554910199484 -0.0361750180190817 -0.034924639619461 -0.647723407816789 0.760214459600037
1604559045.60419 10.3935270178346 -55.4679997580681 5.64704036812236 -0.0377954979442272 -0.0345568336456511 -0.656205987478277 0.75284196720241
1604559046.01429 10.4197406622823 -56.1956033368137 5.67535654488722 -0.0366540116122104 -0.0353721744194984 -0.664432467478122 0.745610346542014
1604559046.40405 10.4497756625323 -56.9339527038385 5.71463329882943 -0.0381589086355724 -0.0353326388205091 -0.671670698237131 0.739022310526121
1604559046.80442 10.4714446254986 -57.6833193258477 5.73635346050516 -0.0393695056643791 -0.0345724963295246 -0.677611865491245 0.73355091457019
1604559047.2044 10.4943866249682 -58.4881894985608 5.7659602057743 -0.0401971810260434 -0.0304896361134098 -0.682173188230611 0.729447948784911
1604559047.6041 10.4829239248957 -59.2761261454786 5.77220733198704 -0.0384268376809113 -0.0337626920861839 -0.685973200886387 0.725826581515601
1604559048.00452 10.4626767935168 -60.0725998228314 5.81825721330331 -0.040181710476968 -0.0354987342119332 -0.689691437303139 0.722115635700561
1604559048.40444 10.4843464284984 -60.8992529834533 5.78858657735914 -0.0337359002607914 -0.0201526336658971 -0.690249568104966 0.722503490732626
1604559048.8045 10.4723554708354 -61.7013855178075 5.82460941960571 -0.0347209367027998 -0.0355071265776846 -0.690369018379427 0.72175087043834
1604559049.20433 10.4713773328202 -62.4982524843283 5.86080093755325 -0.0365200949171198 -0.0347242928092025 -0.69124019361925 0.720865799494862
1604559049.6044 10.4334084637481 -63.2941733306282 5.92108652101522 -0.0187337539008772 -0.0293583753819374 -0.692915253770831 0.720177466567387
1604559050.00436 10.4536234261035 -64.0643631442806 5.89314881712674 -0.0393763158299354 -0.0341276261195648 -0.693778499679092 0.718300914847066
1604559050.40469 10.4399191876474 -64.8501492519002 5.89342496087469 -0.039250060589229 -0.0346492918538766 -0.69446270362808 0.717621357393538
1604559050.80472 10.4187114438562 -65.6728958145597 5.93021516864402 -0.038523942208586 -0.035949420581628 -0.695565497407438 0.716527866766463
1604559051.20463 10.4221653538435 -66.5109771621346 5.97484489372163 -0.0397266841399164 -0.0307084766685857 -0.695237377582245 0.717024245643413
1604559051.60456 10.396538024208 -67.3187853450288 5.96374813147352 -0.0383628778732433 -0.0333308131832301 -0.692894620126177 0.719245710375827
1604559052.00461 10.4200152900139 -68.1118069137939 5.99717905999644 -0.0426806896226434 -0.0288293067833404 -0.690675059826167 0.72132876799546
1604559052.40456 10.4238549948768 -68.9512916595764 5.99517923566493 -0.04433316753437 -0.0324666802259292 -0.688130734935063 0.723502990020917
1604559052.80467 10.4135284297935 -69.8420195643348 6.03052247689002 -0.0327067592514734 -0.0380924697476614 -0.686515835170509 0.725379376401017
1604559053.20435 10.4627870547219 -70.7248464219877 6.06855161698378 -0.0430853975294553 -0.0316639203976826 -0.685009277968163 0.726569565673043
1604559053.60446 10.4508404102879 -71.6637447415267 6.07350142202686 -0.0366038697408756 -0.0363568322178508 -0.683705422278348 0.727932162373845
1604559054.00406 10.4745509206662 -72.5954280440557 6.08814798795085 -0.0336962310302231 -0.0381232237444039 -0.68289002727502 0.728747140285308
1604559054.41426 10.5181768393341 -73.5458260796068 6.09568048887307 -0.0260870895851496 -0.0412460768494302 -0.683964387423887 0.727881131529987
1604559054.81435 10.4964661466835 -74.4559630678816 6.07010460487157 -0.0362291935414032 -0.0261428573615261 -0.684935346348421 0.727232815449691
1604559055.20421 10.5102703656461 -75.3324330052745 6.19141579413799 -0.0376990879121337 -0.0273253505084694 -0.68606133860337 0.726052300914979
1604559055.60416 10.5281591247048 -76.2150495113734 6.1845924581406 -0.0368607853860674 -0.0297741047482151 -0.685829760336155 0.726217822023405
1604559056.00435 10.5428245345689 -77.0706926872267 6.27101578328547 -0.02842064161699 -0.0297072220284197 -0.685372770749763 0.727030888755234
1604559056.50463 10.5589969658803 -78.1038030191566 6.27171882440914 -0.0362233220906111 -0.0332305310030837 -0.683492747423262 0.72830025879837
1604559056.9044 10.5836167580227 -78.906843891243 6.3080417069418 -0.0373214043794107 -0.034717585195233 -0.682306724474044 0.729286867968196
1604559057.30467 10.6222604785645 -79.7246162608004 6.31583223241492 -0.0408322974225544 -0.0332260509673951 -0.680506685921763 0.73084841344843
1604559057.70451 10.638640605614 -80.5563255773033 6.32990652484164 -0.0391894111522172 -0.0340684520734196 -0.678819526130819 0.73246677847558
1604559058.00459 10.6709603909001 -81.1936091886063 6.33519726988632 -0.040115600322463 -0.0338522472367939 -0.678090291303103 0.733101848864304
1604559058.40418 10.7094737682852 -82.0877329455867 6.36406096668454 -0.0403939280447203 -0.0318728548165844 -0.67658920275528 0.734560754749349
1604559058.80454 10.7553041155161 -83.0128663868783 6.40240578871245 -0.0392288069707704 -0.0348286932491234 -0.67490728060276 0.736035478370164
1604559059.20435 10.792301631324 -83.9460980701237 6.42662310474356 -0.0400608507213195 -0.0367475265147458 -0.671879871785296 0.738662429953159
1604559059.40452 10.8145641506307 -84.449034008783 6.45591631171122 -0.038439831388601 -0.0390169398317536 -0.670193800485235 0.740162365674004
1604559059.60429 10.8528782807383 -84.9494852006459 6.46434956646289 -0.0396689097435659 -0.0390927366357123 -0.667838799949395 0.742219288906075
1604559059.80426 10.9029268837461 -85.4590191973021 6.48671778048402 -0.040241351405086 -0.0372448091529947 -0.665354756591308 0.744510917119132
1604559060.00434 10.9508554119158 -85.9885082139002 6.50272997177586 -0.0408651933088142 -0.0360440451831641 -0.661603639142016 0.747871304073574
1604559060.20427 10.9987591247183 -86.5273737568743 6.51644485043178 -0.0383852114503421 -0.03715891399061 -0.657981067050466 0.75113694227889
1604559060.40424 11.0619044471301 -87.0562139716421 6.51245001304556 -0.0385950949227523 -0.0378257396048485 -0.653179162728464 0.755272542496147
1604559060.60433 11.1195532422596 -87.5931067663207 6.54634692032568 -0.0390180186412268 -0.040336321918599 -0.648216237376615 0.759385465331472
1604559060.80458 11.1889340506283 -88.1599519491086 6.55476222486255 -0.0360671675146011 -0.0414437306515363 -0.643874301488813 0.763156249073183
1604559061.00454 11.2758459045254 -88.7132813713865 6.58552961662832 -0.0372552518625255 -0.0406115456554071 -0.638256093278429 0.767848883544865
1604559061.20469 11.3567914569907 -89.2681183404488 6.61413609611346 -0.0330693765858245 -0.0441118894447191 -0.633191821279144 0.772028934047839
1604559061.40425 11.4560910752233 -89.8332668035946 6.63181636200771 -0.0315218448933152 -0.0433987029829066 -0.627740751703213 0.776572259693204
1604559061.60407 11.5625423252502 -90.3984916409437 6.66107279644479 -0.0284930874909054 -0.0418965795388226 -0.622330917132364 0.781112700043581
1604559061.81455 11.6804544360291 -90.93377924353 6.6549930748025 -0.0325565863608234 -0.0440773469412537 -0.616235214308447 0.785653496662093
1604559062.0049 11.788931400379 -91.480877737378 6.70685133014691 -0.0334004459948123 -0.0427454149990532 -0.611741230975811 0.789195733660608
1604559062.20436 11.907446717278 -92.0092503464612 6.73255767812868 -0.0307721009958685 -0.0457774852864052 -0.605891955335585 0.793632432616494
1604559062.40434 12.0410933384365 -92.5203301446736 6.72784919213225 -0.0285289656794791 -0.0463709154337374 -0.599375980908839 0.798613967964913
1604559062.6046 12.1884238320902 -93.0131806360527 6.74101876950087 -0.0304033596804563 -0.0486946818857061 -0.591502826545734 0.804256718880606
1604559062.80454 12.3534298613801 -93.4946936217739 6.79817555666154 -0.0345179425685558 -0.046876773054028 -0.584189716853048 0.809526685484815
1604559063.00416 12.5159786383659 -93.9779277354162 6.84101479492191 -0.0354926344378631 -0.0467379008464222 -0.576996703244673 0.814635284019732
1604559063.40444 12.8523008872408 -94.925525521899 6.86272342861052 -0.0376934912717272 -0.0475090365571008 -0.562066485846627 0.824865660364879
1604559063.60441 13.0304215775628 -95.4101423068514 6.88798190149874 -0.0347238079103656 -0.0479015275574432 -0.554644254237387 0.829981597424497
1604559063.80463 13.2454760847804 -95.8718999523404 6.90696950781447 -0.0375555299523348 -0.0430648886023798 -0.546624275396202 0.835426178119432
1604559064.20449 13.6708450207649 -96.7839148568647 6.92866300504812 -0.038116869580895 -0.0403105726000339 -0.530043093365551 0.846153934674707
1604559064.60443 14.0989161124667 -97.6543812668707 7.00299153454144 -0.0361308104445753 -0.0468013283710725 -0.511665337790488 0.857148051565811
1604559064.80472 14.3436015769221 -98.096497593448 7.02345173674482 -0.0370780963445932 -0.0470006836839263 -0.502013478125885 0.862785383675834
1604559065.20454 14.85012096731 -98.9418948300546 7.08674103300128 -0.0397016704087666 -0.0477575052902944 -0.484084421236499 0.872814568606256
1604559065.60457 15.3873251866571 -99.7711430242063 7.10815629771473 -0.0395398050818568 -0.0487280942397682 -0.466159695772872 0.882472274172278
1604559066.00462 15.9417194310371 -100.567847974974 7.1501777586217 -0.0402194085170125 -0.0492484638709703 -0.449143919908988 0.891193989653027
1604559066.4045 16.5013438544932 -101.3371011951 7.21607448086866 -0.0422696581349673 -0.0489825310478731 -0.435027638041378 0.898089606772864
1604559066.80495 17.0730367874044 -102.061392691917 7.2621548875508 -0.041467266820841 -0.0492379148663734 -0.422024702048178 0.904295993789184
1604559067.20418 17.6536092686421 -102.764956478275 7.31622923273471 -0.0423015751090293 -0.0479217814812219 -0.409695917748779 0.909979853943452
1604559067.71452 18.375871263128 -103.577574622346 7.38134868711605 -0.0439641011255979 -0.0461067183211982 -0.396636932906385 0.915762235404192
1604559068.10426 18.8869297179223 -104.14318805587 7.41988692963297 -0.0433525278715075 -0.0452640433697784 -0.389351409811582 0.918954408217678
1604559068.51423 19.3033616390095 -104.595010863846 7.45844587302996 -0.0422379423350954 -0.0467660010053477 -0.383454719131926 0.921407280062796
1604559068.90425 19.6960471246854 -105.003311736802 7.48815135261317 -0.0424229285142431 -0.0476483524569695 -0.379073844258204 0.923164638752871
1604559069.30479 20.0923898429524 -105.407042768036 7.51242165168733 -0.0444813839060647 -0.0470898142372543 -0.375284619727783 0.924643396167774
1604559069.70486 20.4761208832729 -105.796494469231 7.54377442480036 -0.0448657425339401 -0.0468867000339384 -0.371910964960915 0.925997266004952
1604559070.10462 20.8651518867605 -106.185926413719 7.5707293863218 -0.0463232782717083 -0.0469843476767 -0.369718663115421 0.9267981091412
1604559070.51459 21.2735280519343 -106.601794263114 7.59468478915438 -0.0458480249742922 -0.0473539209681782 -0.368936391878434 0.927114611859083
1604559070.90492 21.7030129375279 -107.05612915921 7.61887809044695 -0.0464610286662243 -0.0466621534731888 -0.371636335716314 0.926040199032349
1604559071.30485 22.1327498721728 -107.518393992442 7.65847011623095 -0.0482179524863275 -0.0467916763132887 -0.376880440999135 0.923821790865595
1604559071.70498 22.5671340901365 -108.011123076347 7.69434205831862 -0.0470620620285021 -0.0477958479503109 -0.383169081504968 0.921239477125777
1604559072.10461 23.0024360531858 -108.529042861162 7.73101876884012 -0.0477153030919463 -0.0478898699573102 -0.389244482306601 0.918650392260397
1604559072.50472 23.4440786683592 -109.038659791977 7.75631244931 -0.0500445298186619 -0.0491463698572877 -0.394437130728369 0.916242069143222
1604559072.90429 23.8928862572972 -109.558219340266 7.79223559377551 -0.0506378082947809 -0.0497551217502343 -0.395611696244352 0.915670042114181
1604559073.30447 24.3406250397775 -110.074053967222 7.83956084628017 -0.0499567939419904 -0.0511900141910014 -0.391957187447029 0.917198704967892
1604559073.70432 24.8136081715276 -110.61037883095 7.88123505199846 -0.0477470292620671 -0.053549629132759 -0.383403701644462 0.920790019484201
1604559074.10464 25.3468209587786 -111.151781318354 7.91633214356685 -0.0467803427249303 -0.0525912939285072 -0.373307089764384 0.925033822121716
1604559074.5042 25.9119018398765 -111.68959212822 7.98080128929868 -0.0477946752443166 -0.0506295178157549 -0.362749660076919 0.929281983607836
1604559074.90452 26.505856345717 -112.239627256866 8.0315842099776 -0.04884333665226 -0.0499222891587915 -0.352056864813192 0.933369196753207
1604559075.30418 27.144192801364 -112.832015628896 8.07254411006027 -0.0482466545873234 -0.0505069438834203 -0.341699185813895 0.937210208733777
1604559075.70461 27.8383249830488 -113.439038641814 8.12053412185723 -0.0484708121488507 -0.0503424343519258 -0.334072470137826 0.939953086259715
1604559076.10464 28.528022711759 -114.019157835447 8.1834644327966 -0.0537232697462087 -0.0531852740452997 -0.331031693851543 0.940586601317646
1604559076.50429 29.2280052269561 -114.650858699777 8.2297899379635 -0.0466404266962092 -0.0551266250242268 -0.331787570924537 0.940586377527885
1604559076.90459 29.9513542810661 -115.30034086202 8.27212809747276 -0.0483265096659729 -0.0501094310739769 -0.336827773082683 0.938989161098842
1604559077.30452 30.6777024417961 -115.98954102776 8.29420528514096 -0.04111824120213 -0.0329447559297735 -0.343878205997621 0.937534912809666
1604559077.50452 31.0416088386617 -116.376641353759 8.29047535900951 -0.0304338295560376 -0.0243423600936785 -0.347189081804257 0.936985044170685
1604559077.7045 31.4043913586983 -116.723399993962 8.29656250555588 -0.0234735942236003 -0.0136711532208227 -0.350525439374822 0.936159177861824
1604559078.10459 32.1030887750508 -117.413549997656 8.35092552023242 -0.0271802843923878 -0.0194512650957004 -0.357303061068542 0.93339027366776
1604559078.50459 32.7787992942583 -118.133492531631 8.35816858852678 -0.0245756722326586 -0.0267526385755824 -0.362489533929152 0.931279587693934
1604559078.90461 33.5081910001148 -118.885700628841 8.33671929642826 -0.0329224139560989 -0.0405192622535827 -0.365775361635301 0.929237692340498
1604559079.40463 34.428228593903 -119.863821774982 8.38207963169604 -0.026441355974319 -0.0403319043259382 -0.368832420273118 0.928243953895288
1604559079.60452 34.8086100428951 -120.266017765977 8.38619558848785 -0.0249620981708343 -0.0387426889126935 -0.369861123722946 0.927943234723506
1604559079.80431 35.1776286692969 -120.661588984367 8.37293099987222 -0.0242561623551892 -0.0377835332629205 -0.371140891300149 0.927490421517602
1604559080.00433 35.5508772944527 -121.053245554063 8.37883464395991 -0.0259448772043164 -0.0368387135818798 -0.372122484374207 0.927089331807703
1604559080.21435 35.9408026910842 -121.471009655096 8.38251818162281 -0.0224505500192103 -0.0355135643126738 -0.373142858754961 0.926822079211442
1604559080.40563 36.3224132038918 -121.879446799746 8.39149274525317 -0.0209649052953263 -0.0324484025555133 -0.374207851547372 0.926539830637547
1604559080.60451 36.7027791386001 -122.276595461063 8.40327918244123 -0.0246249441888698 -0.0341998096744189 -0.375021024564018 0.92605789034859
1604559080.80422 37.0882534788749 -122.6776058969 8.41320071279798 -0.0248351091058474 -0.0344319518092823 -0.375140542788125 0.925995265218422
1604559081.01463 37.487422696777 -123.078902766641 8.41575112726618 -0.0258657150005527 -0.0322576774175693 -0.373698567685621 0.926628181928895
1604559081.20443 37.8820403661447 -123.482501190162 8.43050130818724 -0.0276545324200698 -0.0329813267663547 -0.372656840018372 0.926970516526216
1604559081.40456 38.2758990781553 -123.881240149691 8.43731983628267 -0.0278631182522707 -0.031612097399445 -0.368982767243872 0.928480500288683
1604559081.60434 38.693468120658 -124.276771568078 8.44614521137723 -0.0282343605412152 -0.0299539212449371 -0.362632205259062 0.931022807022379
1604559081.80466 39.1218515614949 -124.652460678145 8.45164490235565 -0.0304728138716784 -0.0285643821786759 -0.352624811112207 0.93483219150475
1604559082.00465 39.5536084082799 -125.013760954437 8.4520553122227 -0.0313058848794486 -0.0273020459456543 -0.341426491372014 0.938990144170051
1604559082.20469 39.9937986575587 -125.361014227398 8.45730854069413 -0.0336843278668729 -0.0257876324273704 -0.329092369897747 0.943344357138491
1604559082.40452 40.4367092165849 -125.699787988274 8.46226689237453 -0.0328469237137262 -0.0251092047115852 -0.315444013631958 0.948043080089221
1604559082.60451 40.8999354157237 -126.014112108966 8.46080865852933 -0.0365909537967135 -0.0257625257218941 -0.299589025722118 0.953018263222457
1604559082.80437 41.3758948423419 -126.308260394049 8.45336865727051 -0.0376315708480898 -0.0229121600535698 -0.28247166123027 0.958263355450367
1604559083.00446 41.8615593096128 -126.586358457401 8.46381801544229 -0.0379665578971666 -0.0216706128583091 -0.262191776598595 0.964025102009206
1604559083.20427 42.3415114290679 -126.851667028556 8.473186669421 -0.03400501536089 -0.0247061731418855 -0.239560661795913 0.969971109497027
1604559083.40454 42.8341403090057 -127.086097346392 8.45906952726592 -0.0292114455778511 -0.0254129781239252 -0.216536177071031 0.975506512540838
1604559083.60453 43.3505621134534 -127.260898291946 8.47114939128435 -0.0358133008887482 -0.0256474048375622 -0.193071977447918 0.980195301778631
1604559083.8045 43.8532629597806 -127.423844397916 8.48036096317363 -0.0385816221227983 -0.0265091229070559 -0.172493449946998 0.983897725661796
1604559084.00437 44.3586485660447 -127.587376521451 8.47777540272297 -0.0366541706624417 -0.0306773350862985 -0.15271715889294 0.987113388757705
1604559084.20441 44.8647082406487 -127.725222294783 8.4529342059872 -0.0404857826103179 -0.0327678422881821 -0.134226962926364 0.989580867004699
1604559084.41455 45.3852335818766 -127.858145535884 8.4642992250775 -0.0400278043796797 -0.0309129398540303 -0.118657278336986 0.991646416483104
1604559084.60453 45.8978804247638 -127.977325439491 8.46119656854257 -0.0381097057432685 -0.0295347141911947 -0.103828094541306 0.993425929684608
1604559085.10456 47.1576631695687 -128.216875510036 8.45743573704904 -0.0342459542290094 -0.0310067653179659 -0.0752663464269583 0.996092752819234
1604559085.30458 47.6705057045225 -128.278713202489 8.44850058414924 -0.0395137607830507 -0.0303444963758512 -0.0641366586692698 0.996696725821459
1604559085.50443 48.1804613543495 -128.335216255368 8.46180869255462 -0.0413975181562963 -0.0309616032498075 -0.054203942696421 0.997190832895521
1604559085.70447 48.7001937710178 -128.404283980349 8.45462171844908 -0.0373896566714404 -0.0315853773960435 -0.0446284658740679 0.99780392740381
1604559085.90427 49.2404837272133 -128.456977186384 8.44053420948037 -0.0383272103908315 -0.0317169722404798 -0.0346889418344793 0.998159173644143
1604559086.10439 49.7660083238392 -128.496744390889 8.45491297542018 -0.0375674731440879 -0.0334396338789798 -0.0260869492028344 0.998393683337839
1604559086.30445 50.3077825683115 -128.533477562616 8.47965424912855 -0.0354204885826159 -0.0351760341118521 -0.0176275796480248 0.998597668757785
1604559086.5046 50.8297902423102 -128.55320320562 8.46613529782626 -0.0353031873903969 -0.0413731172503826 -0.00974886452207906 0.998472287932717
1604559086.70463 51.3821455438903 -128.558759496869 8.46889707813722 -0.0376184468204926 -0.0431437547265802 -0.0030996386944185 0.998355578502404
1604559086.90454 51.9143255116486 -128.564894429053 8.46251176352754 -0.0403183815807652 -0.0481530939067212 0.00169141590246174 0.998024472027697
1604559087.10454 52.4814737714901 -128.580689133154 8.48139092402445 -0.0409654138052742 -0.0499720951188263 0.00557421030488316 0.997894559941417
1604559087.30434 53.0201264530712 -128.596678685729 8.51119930541135 -0.0391267077953914 -0.0490655315011248 0.00953128702103679 0.997983381085742
1604559087.50434 53.5841664975584 -128.602419630106 8.52769693658826 -0.0398426661220145 -0.0497402059801358 0.0134724899175949 0.997876227736067
1604559087.70468 54.1615298700928 -128.599063744356 8.53961481453641 -0.0415292043250887 -0.0497098338592626 0.0169207189388384 0.99775645669492
1604559087.90449 54.7669185832155 -128.583565989844 8.55559198256679 -0.0453684101545329 -0.0480471500365433 0.0196714250056464 0.997620275341106
1604559088.10476 55.3640140532037 -128.581625420354 8.59137678889093 -0.0451955258466143 -0.0486698225023441 0.0200603411903795 0.997590194184147
1604559088.30439 55.9689589752668 -128.590889171481 8.59687621958015 -0.0458611410400751 -0.0477122439574766 0.0194730610137132 0.997617711056596
1604559088.50448 56.5583974149519 -128.601249029612 8.58543684242832 -0.0488585965622433 -0.0496784766218352 0.0189068500776967 0.997390303503418
1604559089.00459 58.051924088714 -128.607608952023 8.6460725660643 -0.047502597841605 -0.050687680665436 0.0171458204534283 0.997436856682184
1604559089.20467 58.6464053648654 -128.612271470972 8.66838481391975 -0.0478528230112598 -0.0508455564258006 0.0163180853097545 0.997425965580116
1604559089.50432 59.5260264141479 -128.617373952468 8.72097125952515 -0.0535728292135079 -0.0496307946539299 0.0167401606813318 0.997189301593455
1604559089.71467 60.1026503721848 -128.641237175583 8.7169709664693 -0.048763002144432 -0.0483623699622615 0.0178032220970187 0.997479972769609
1604559089.90459 60.6951116904542 -128.61958020485 8.72100574491138 -0.0553696777967561 -0.0468426514333442 0.0189166495956496 0.997187106392503
1604559090.1047 61.2729864819656 -128.620672269349 8.73517990941203 -0.05674948971663 -0.0456248366679136 0.019676659531614 0.997151291813637
1604559090.3046 61.8671753636533 -128.623334199942 8.75084797835263 -0.0547139568325497 -0.0439927029575025 0.0200035848748909 0.997331881374687
1604559090.51459 62.4753098391068 -128.624070586049 8.76402770200676 -0.0566386838569039 -0.0423854530524218 0.0196810804375661 0.997300450182045
1604559090.70438 63.1009891625554 -128.625077887887 8.75291475201717 -0.0539810492110252 -0.0361433085125801 0.0185898299662371 0.997714451031791
1604559090.91454 63.7324900755156 -128.620951107157 8.77454923217004 -0.060370969482768 -0.0325673180407138 0.0179503555880135 0.997483082850837
1604559091.10456 64.3528485332706 -128.643362700081 8.78375351972929 -0.0571753703594005 -0.0302297957557736 0.0175328749126215 0.997752341400474
1604559091.30445 64.9568177335644 -128.650351710824 8.77524534240335 -0.0549786157855044 -0.0281450019421338 0.018051855933833 0.997927523004217
1604559091.80465 66.5406669011707 -128.654185249515 8.74896673915588 -0.0596666390812964 -0.0224889420531644 0.0197741512004178 0.997769072787072
1604559092.00477 67.1874406789123 -128.665198215017 8.738141308255 -0.057057313351897 -0.0188526885149813 0.019105028467885 0.998010038534714
1604559092.20441 67.839741521436 -128.672213405018 8.72528858647238 -0.0594597988868726 -0.0164023168295677 0.0184666029623564 0.997925087816709
1604559092.40441 68.4842865803584 -128.699028590014 8.6772850392406 -0.0531820759052613 -0.0191158691254665 0.0174164011426645 0.998249928285108
1604559092.60453 69.1520828602834 -128.6912614235 8.64131473223846 -0.0583765159671806 -0.0201873100398425 0.0171725722552853 0.997942762716894
1604559092.80431 69.8409794457863 -128.693664853805 8.63985817293914 -0.0617960014492956 -0.0202677449161975 0.0158827296103397 0.997756589364869
1604559093.01455 70.517237211994 -128.723197197145 8.62975550771678 -0.0579341136042075 -0.0243981283109054 0.0150563966090108 0.997908650497114
1604559093.20443 71.2242864605201 -128.744915760435 8.64879792816851 -0.055556165244749 -0.0201799558007407 0.013362594679268 0.998162172670662
1604559093.40456 71.9105365109351 -128.753258708227 8.6189701037071 -0.0564679719881302 -0.022620396283079 0.0128027612208035 0.998066017414012
1604559093.60469 72.6089365688727 -128.759058627354 8.59895345878139 -0.0635640855834143 -0.0234245244958014 0.013141951700481 0.997616252765357
1604559093.80469 73.320200226418 -128.79052513707 8.57147705505473 -0.059170317486434 -0.0221103349677066 0.012325952722962 0.997926889859995
1604559094.00466 74.0376944103056 -128.818231725529 8.53993256047361 -0.0578157738715149 -0.022559260815537 0.0126236185604239 0.997992515151058
1604559094.2043 74.7807496778647 -128.833419267266 8.54303898498067 -0.0595710630636544 -0.0188666018938489 0.0118864913285894 0.997974975188426
1604559094.40452 75.5079493120863 -128.845268175482 8.53662927003429 -0.0598820030012678 -0.0158789720416296 0.0113617545456828 0.998014486115858
1604559094.60454 76.251123062715 -128.873896521577 8.50654682765275 -0.0596682338976331 -0.0162099808923051 0.0104825175919642 0.998031590285569
1604559094.80448 76.996892856044 -128.894578476671 8.47045495328907 -0.060199004692112 -0.0167810273235768 0.0101154458510135 0.997994065468968
1604559095.00456 77.7361929434365 -128.92170466312 8.43513684924524 -0.0611736448604673 -0.0171954251074312 0.00956925107903173 0.997933130006037
1604559095.20474 78.4905610796781 -128.955411980416 8.41786335693545 -0.0582371888591974 -0.0189980440404349 0.0103414206499227 0.998068414075587
1604559095.40474 79.2479159046786 -128.973517155902 8.4148004307865 -0.0550191137535525 -0.0170964890167959 0.0116959967243684 0.998270409681513
1604559095.61444 79.9738448027476 -128.96812967134 8.39440115983269 -0.0582842107120573 -0.0179181047379227 0.0128905620216408 0.998055973237493
1604559095.80468 80.686267759757 -128.975306419528 8.38881478592806 -0.061366651709422 -0.0186484590905287 0.0135786589494463 0.997848680438401
1604559096.00471 81.3752998338681 -129.011726319102 8.35523062946871 -0.0545366363909309 -0.0182225917057876 0.0136369740415638 0.998252335525281
1604559096.20467 82.0637928187488 -129.020489698331 8.33373515616827 -0.0558008552905976 -0.0167781461861632 0.0139874306434619 0.998202940360019
1604559096.40469 82.7507819789813 -129.031935591414 8.3092356646414 -0.0583299625458986 -0.015807891060882 0.0140405513341241 0.998073438664628
1604559096.60425 83.4241920155405 -129.052963270479 8.30855880189616 -0.0578946945417703 -0.0153770730094862 0.013140055499179 0.998117773066412
1604559096.80453 84.1039430734873 -129.070546865694 8.29158397061177 -0.058605651421628 -0.0146379003083218 0.0130861322461903 0.998088103645588
1604559097.00463 84.7486234173246 -129.070457517692 8.26257697233187 -0.0624895737776784 -0.0166712759173944 0.0129306793278476 0.997822589071069
1604559097.20475 85.399576501622 -129.092819080801 8.25044675954604 -0.0630196591022026 -0.0166914362738826 0.0126456771869494 0.997792566303358
1604559097.40452 86.0366378450573 -129.133107399773 8.23217455390367 -0.0549905046447482 -0.0142823264012075 0.0121431583971182 0.998310875056276
1604559097.60443 86.6489159911117 -129.146050319291 8.19981823556676 -0.0528055652640409 -0.0173824916311987 0.0119313162648629 0.998382223877221
1604559097.80463 87.2743769321071 -129.147762147514 8.197250377447 -0.0581648897876553 -0.017657848964504 0.0111509940356936 0.998088523778303
1604559098.0043 87.8975128780271 -129.16500844753 8.18222348812154 -0.0580441700255084 -0.0171236653866493 0.0105888790208896 0.998110980828714
1604559098.20463 88.5302833191652 -129.182685594061 8.18475191824191 -0.0591461235096716 -0.0166289917676262 0.0100474957963019 0.99806024895033
1604559098.40436 89.1493840899501 -129.202706756128 8.15367558892828 -0.0603851076461452 -0.0150435949486961 0.00985679653349603 0.998013112432738
1604559098.60475 89.7753168702947 -129.215895839939 8.16131309216149 -0.0603256850402454 -0.0120906170437842 0.00915075991812001 0.998063571270311
1604559098.80431 90.3771077837697 -129.250490802403 8.14276373817615 -0.0549398386525432 -0.0131821700234199 0.00854426414554 0.998366085197468
1604559099.00477 90.9491096445218 -129.269747834197 8.10952507048289 -0.0556450135438545 -0.0136031001045044 0.00842712579454085 0.998322378636327
1604559099.20477 91.5291573027179 -129.288137249438 8.08738144646365 -0.0573993249268935 -0.0147591810162609 0.00838269605187222 0.998206999815453
1604559099.4044 92.0942149853051 -129.300302538781 8.06731027039188 -0.0584211098271872 -0.0156613776213 0.00856860554690525 0.998132393110525
1604559099.60533 92.6661274376993 -129.315597689502 8.05375758569016 -0.0591339254634987 -0.0143462874405675 0.00895035212270061 0.998106835009574
1604559099.80478 93.1944223805041 -129.33600039112 8.07092651206258 -0.0547637050238443 -0.0176347435790985 0.00970064222659905 0.998296473985234
1604559100.00458 93.7066714865316 -129.351157213756 8.0529568642131 -0.0572845473749833 -0.0292116885274478 0.0106334861280932 0.997873783029789
1604559100.20441 94.2346310886778 -129.358796425956 8.04830188262947 -0.0578861936507474 -0.0300115802181818 0.0109017541310277 0.997812429965824
1604559100.40463 94.7449548894506 -129.369691275957 8.03177117745381 -0.0580857701418484 -0.0318308921897717 0.0110439612779713 0.997742886984779
1604559100.6044 95.2841405357415 -129.38118672289 8.00895236222896 -0.0582264429402708 -0.0314945653517946 0.0111494510474577 0.997744187373279
1604559100.80433 95.8549913531364 -129.394118360276 7.97988463793771 -0.0613983294988398 -0.0278320445160005 0.0119939137651517 0.997653130334088
1604559101.00451 96.4472947833275 -129.406127337806 7.98094241389277 -0.0627332737064418 -0.0105397105938297 0.0114474737449726 0.997909017002817
1604559101.20467 97.0372853315965 -129.430160347685 7.96523489639633 -0.0538808470319039 0.00144043151041545 0.0108793416818154 0.99848706521655
1604559101.40468 97.6047537245196 -129.436600833839 7.96831204752432 -0.0562440576355238 -0.000497291289172701 0.0115327209724456 0.998350316787167
1604559101.60466 98.1786086161748 -129.452461098428 7.94974570069421 -0.0585564178525995 -0.00133057014856994 0.0120177702220856 0.998210873868964
1604559101.80477 98.7767998524441 -129.463262545943 7.9261315418114 -0.0573428781856677 -0.00365162637448635 0.0114384389711427 0.998282335844979
1604559102.01437 99.3673901589529 -129.471956704897 7.90316363456567 -0.0604278844501874 -0.00896451219790599 0.0119757910469509 0.998060463464377
1604559102.20467 99.9642584983468 -129.495465451976 7.81956846835119 -0.056481706073037 -0.0221914891985204 0.0124103944828094 0.998079824861224
1604559102.40468 100.611912454886 -129.504193112932 7.82715162134441 -0.0615077944142756 -0.0149754041512285 0.0124282467138006 0.997916863862125
1604559102.60467 101.231496095138 -129.514658659243 7.80331639296121 -0.0628443094897416 -0.0192729313458179 0.012995236920348 0.997752609968764
1604559102.80437 101.882984414462 -129.548028750129 7.80473197567863 -0.0594617874310443 -0.0186336524562108 0.0124293964246218 0.997979254762425
1604559103.00465 102.517102494108 -129.560379345978 7.75820164082501 -0.0614496426066727 -0.0180137777060082 0.0130039049135364 0.997862888223262
1604559103.21442 103.182328940668 -129.566569853514 7.74729952188585 -0.0623765376299916 -0.0169173891272934 0.0121502526602532 0.997835327525891
1604559103.40446 103.832959468579 -129.574185182426 7.72197331817343 -0.0649264472268307 -0.0167807653090089 0.0122115169555032 0.997674215974228
1604559103.60469 104.518967538064 -129.602355956411 7.72073178724075 -0.060837558382298 -0.0148953421654306 0.0120326845313929 0.997963994728679
1604559103.80469 105.196100023782 -129.642781632416 7.68200012090334 -0.0538605122243602 -0.0144137868848895 0.0118769328550972 0.998373790940308
1604559104.00475 105.879315003645 -129.654358431144 7.65990852463915 -0.057353603931004 -0.012593624947544 0.0121663963536658 0.998200352397539
1604559104.20485 106.581728007006 -129.668910922176 7.62920387351792 -0.0585670355308593 -0.011529909156722 0.0116174289343892 0.998149286874924
1604559104.40487 107.283323953121 -129.694824473417 7.601292147483 -0.0593293556117137 -0.00872049679071639 0.0112839489039422 0.998136590350016
1604559104.60435 108.017748007233 -129.726716205265 7.58017629771666 -0.0558545132922935 -0.00612744020735654 0.0106309637252913 0.998363516176176
1604559104.80456 108.752116982351 -129.744735653633 7.54189085509163 -0.0585011846488196 -0.00331980025496165 0.0101571491695095 0.998230145127715
1604559105.00432 109.482189536525 -129.764637424311 7.52245599843771 -0.060399430392449 -0.00228782391350761 0.0099569493135868 0.998122003479722
1604559105.20472 110.233386052553 -129.793354575685 7.49062838945947 -0.0572958371665773 -0.00178633297996105 0.0100233700418698 0.998305328099009
1604559105.40438 110.983213104963 -129.814773020057 7.44427924519406 -0.0551047394405138 -0.00317848783591084 0.0108126627482902 0.99841697262745
1604559105.60437 111.743710885213 -129.827686703539 7.38592101347091 -0.0575220461848906 -0.00165075235549535 0.0118632458486261 0.998272383980093
1604559105.80454 112.519820006593 -129.832768884616 7.35921704042787 -0.0614285539025724 0.00131838622595086 0.0135738936430202 0.998018308466616
1604559106.00473 113.287022787081 -129.852478990446 7.31895212726559 -0.0553459831801006 0.000497337623763651 0.0155171469099734 0.998346529494088
1604559106.20493 114.071229225651 -129.865155046406 7.28056741707951 -0.0528032886311494 0.00448886059773992 0.0169938900820707 0.998450234383341
1604559106.40507 114.832064304033 -129.861414972669 7.22076562277343 -0.0563885673599982 0.00333920644578352 0.0178653283014005 0.998243461894984
1604559106.605 115.583601897902 -129.868659496816 7.17011965765665 -0.0597118321841116 0.000307811978507176 0.0194596557462 0.998025913564994
1604559106.80484 116.357279592838 -129.878337352896 7.13755326631459 -0.0581923794579726 -0.00170453041642233 0.0188301009271301 0.998126329102761
1604559107.00487 117.140834517174 -129.89599131917 7.06092828553277 -0.060291237831646 -0.00481590759404423 0.0192296435213418 0.997983965043936
1604559107.20444 117.927553680737 -129.904099404406 7.0272121002928 -0.0595864217139094 -0.00347044536019751 0.0186649585984397 0.998042601133265
1604559107.4048 118.709867782188 -129.917192313968 6.99293263045756 -0.0598108822084471 -0.00406434479451379 0.017988052349737 0.998039362672386
1604559107.60483 119.532118104493 -129.939695538053 6.96675653202351 -0.0554308373778291 -0.0046505474521592 0.0165285227383904 0.998314881493847
1604559107.90484 120.748243010428 -129.961785611868 6.89072981822212 -0.0571893631128239 -0.013880555799981 0.0157684728065109 0.998142305577107
1604559108.10472 121.482329875501 -129.972979318729 6.87898085717571 -0.0601407661267974 -0.0258649229810008 0.0148929958766825 0.99774360067238
1604559108.31435 122.257799400367 -130.014592656985 6.87367782787536 -0.054060390074854 -0.0371627176312375 0.0146797013516312 0.997737897952885
1604559108.50471 123.011195885257 -130.033250490278 6.86357651760072 -0.053187799351016 -0.0483964273104807 0.0142494473332487 0.997309278546266
1604559108.70463 123.772755902949 -130.038080537542 6.87826580940782 -0.0585260575229005 -0.0454296266344833 0.0140173717269369 0.997153129115356
1604559108.90471 124.524557825646 -130.058786374443 6.90647423198652 -0.0544990371467746 -0.0448985386904115 0.0139645544440983 0.997406119588565
1604559109.10471 125.268112229705 -130.074915904316 6.93451330682835 -0.0537563259078428 -0.0431298798833185 0.0142283570457682 0.997520739003415
1604559109.30448 125.987819944052 -130.090769632369 6.96295352888618 -0.0533149364654276 -0.0409841828978453 0.0140424250290531 0.997637521648613
1604559109.50446 126.682161755798 -130.100608771773 6.95560988700297 -0.0561903618580551 -0.0436954712458598 0.0144554285428999 0.997358706590815
1604559109.70476 127.371097929649 -130.109744733509 6.98474091626181 -0.0580742994247191 -0.0435156495154192 0.0139745495893554 0.99726549923145
1604559109.90454 128.038545550421 -130.122752595382 7.01093107545281 -0.0584224309277888 -0.0435023359127845 0.013624023501861 0.997250596549453
1604559110.11485 128.704829363687 -130.137464779447 7.02796126993211 -0.055958878312065 -0.0423321059482787 0.0130260300558777 0.997450208925249
1604559110.3048 129.371317915152 -130.151130889231 7.0233766614082 -0.0583401928334046 -0.0406296834980837 0.0128302295855722 0.997387104352061
1604559110.50481 130.011285761306 -130.1592624839 7.0373102827435 -0.058406756775447 -0.0408736110752212 0.0123905817037293 0.997378800740064
1604559110.70497 130.646892817007 -130.179062728095 7.05897349309404 -0.0568502446493215 -0.0416368520409113 0.0121793461123422 0.997439765481461
1604559110.9049 131.27988152732 -130.195564628385 7.05963509370967 -0.0551761435253021 -0.0440993536051606 0.0123657279736281 0.997425650847703
1604559111.10473 131.918292816512 -130.206657134584 7.07384641574359 -0.0578859735240829 -0.0478803325346175 0.012991388569273 0.997089720962254
1604559111.30458 132.542907393198 -130.207574212175 7.09368112695177 -0.0608443081970415 -0.0492141893728434 0.0135934790134453 0.996840584573435
1604559111.50472 133.185993001428 -130.224592057214 7.13738145609108 -0.0573627304047969 -0.0492397053630599 0.0140528388729352 0.99703936045468
1604559111.70451 133.822018136667 -130.235078748786 7.14933176570682 -0.0571080166979539 -0.0493026793491217 0.0144457215856081 0.997045255425096
1604559111.90471 134.460639508136 -130.241414343339 7.16750727962956 -0.0565659685974632 -0.0480451056210687 0.0142527534765996 0.997140320135951
1604559112.10476 135.066077536902 -130.255496224838 7.17986682514783 -0.0583393666062198 -0.0475766767990378 0.0139939824969944 0.997064264018433
1604559112.3052 135.675419879495 -130.266746108678 7.19602880584026 -0.0600651337649765 -0.0466439984789947 0.0138998527215143 0.997007177108574
1604559112.50486 136.256507351161 -130.281435334003 7.21472207787022 -0.0605913244113063 -0.0452420887948603 0.0135042305121173 0.997045375379595
1604559112.70509 136.835206724927 -130.287957831813 7.24006763002974 -0.0596218602027429 -0.0444902437023758 0.012855428208866 0.997146222961725
1604559112.90511 137.37482676032 -130.295719630986 7.27146960492369 -0.0595329150390296 -0.0444299482402315 0.0121560247430043 0.997162997101664
1604559113.10523 137.930031589682 -130.320378721933 7.27564709277927 -0.0575790402933354 -0.0443890141171091 0.0111835945881054 0.997290928845088
1604559113.31504 138.468706552578 -130.330853334992 7.2897423112455 -0.0584316774088251 -0.0435163553763697 0.0105184302448102 0.997287034165758
1604559113.5052 139.013477421688 -130.348767249269 7.29695389185243 -0.0569185009735823 -0.0447330184031529 0.00980603689616266 0.997327971608063
1604559113.70471 139.549305198947 -130.360924472376 7.30312437950354 -0.0576596794074373 -0.0449079363275993 0.00928113903474561 0.997282557294394
1604559113.90471 140.082808610312 -130.367722034228 7.33231062513998 -0.0591798563125061 -0.0459040231452182 0.00934296278931669 0.997147568974739
1604559114.10474 140.616522589067 -130.392998396156 7.35539476756094 -0.0564453995680172 -0.0461142824462761 0.00881203137395572 0.997301227275459
1604559114.30454 141.151767944395 -130.409882808793 7.36074678356454 -0.0555138624579675 -0.0466398666660522 0.00880429477978766 0.997329142412775
1604559114.50436 141.69196413244 -130.427645188772 7.38242845871456 -0.0558526082106508 -0.0466132173930538 0.00864930497121466 0.997312831384341
1604559114.70475 142.203760257539 -130.446325138343 7.39460716592546 -0.0563236065426087 -0.0464941623606581 0.00866556507907799 0.997291758811971
1604559114.91472 142.718948032448 -130.461042172787 7.39709605229532 -0.0574339826362736 -0.0453401153780887 0.0088809093351288 0.997279670416187
1604559115.10466 143.228212188046 -130.469185827554 7.40622613535334 -0.0586466897893072 -0.0436082250508478 0.00945410398480121 0.997281057878127
1604559115.5048 144.211606533607 -130.499208350307 7.41905557858772 -0.061809382965028 -0.0378999170893235 0.00965213037991687 0.997321429049449
1604559115.90526 145.11595760796 -130.516147565417 7.44581824873442 -0.0632800425585108 -0.0327895476676299 0.00985260736647066 0.997408345616592
1604559116.30528 145.923663788322 -130.535412288976 7.45581734078726 -0.0635053563204036 -0.0290690788556051 0.00953163597973924 0.997512509339434
1604559116.70511 146.627423373785 -130.532619083513 7.44886028596061 -0.0672829030913979 -0.026997046670469 0.00976844959209649 0.997320784810601
1604559117.10488 147.257526004955 -130.529756844546 7.42014874687494 -0.0704111121524932 -0.0251257464512207 0.0103408138407144 0.997147952773223
1604559117.50496 147.851389611268 -130.521957112986 7.42533149445986 -0.0758180950709659 -0.0224164912784897 0.0103056750615921 0.996816387525855
1604559117.90483 148.366153093495 -130.514731564447 7.42250086959343 -0.0803432455897716 -0.022175864423065 0.0107098199232599 0.996462991627086
1604559118.50479 148.959392379159 -130.516665647289 7.43355493744064 -0.0820646136502261 -0.0193543351600175 0.0111891369202866 0.996376240238562
1604559119.30448 149.506321364527 -130.50721856245 7.41419352879083 -0.0875391320212912 -0.01862604491104 0.0109479183906742 0.995926761312719
1604559120.1046 150.10234948438 -130.506937865735 7.39364270255972 -0.0955379536142779 -0.018769953780455 0.00998248656922944 0.995198743074051
1604559120.70542 150.784339388979 -130.525040383582 7.37893340381307 -0.104863183215001 -0.0195100400923172 -0.00139160332422752 0.994294289726035
1604559121.10457 151.345393788952 -130.570770999517 7.36889244218843 -0.111279860650046 -0.0193166107481846 -0.0161584699737943 0.993469961806101
1604559121.50483 151.960756314291 -130.6765768819 7.37495872767422 -0.113070736345362 -0.0213209754907541 -0.0393226837203993 0.992579543981975
1604559121.905 152.568446326213 -130.83964210728 7.3824410637477 -0.111336719389928 -0.0284021135745027 -0.0693117605460026 0.990955768291402
1604559122.30467 153.177493560121 -131.038829466806 7.41188735579654 -0.112835154245674 -0.0344648049229313 -0.10239736554136 0.987722220423419
1604559122.80469 153.864559429383 -131.327875928127 7.47635700222853 -0.121131660158321 -0.0488940551712925 -0.148590697499894 0.980233286974427
1604559123.20479 154.32104026835 -131.598948301681 7.53266021794127 -0.119624881791135 -0.0591023117593084 -0.185845416519515 0.973477419131975
1604559123.80502 154.871866692634 -132.009795960572 7.59654686423253 -0.117092115446389 -0.0671057626991085 -0.234511554747129 0.962699633220531
1604559124.30493 155.255744545697 -132.347190061591 7.6546969795118 -0.115291109873917 -0.0736793241551286 -0.270496070610799 0.952948683277438
1604559124.90489 155.676393373029 -132.788400689147 7.74251810619609 -0.111985706088666 -0.0800079694675175 -0.312364485155256 0.939939548517456
1604559125.4048 156.033820491694 -133.228119283318 7.82745829069319 -0.108264376655925 -0.083357743814859 -0.350892872737756 0.926393276721742
1604559125.90479 156.404304538239 -133.739322697234 7.95268540214907 -0.105324113549065 -0.0829753353134029 -0.393905394513815 0.909318681765446
1604559126.40468 156.730077006719 -134.311911585219 8.05403164567017 -0.102953000745872 -0.0828891628308662 -0.437104671247267 0.889645756858558
1604559127.00492 157.057724358257 -135.047578582164 8.1884119998942 -0.100049370710853 -0.0820311833405583 -0.491867198243193 0.861003872042688
1604559127.50472 157.278883683877 -135.781312815787 8.30259248655501 -0.0993713376850477 -0.0798781097092192 -0.536901344377849 0.833955497158706
1604559127.80477 157.404417031321 -136.28147705486 8.37412168081952 -0.0966633573924934 -0.0794225940413985 -0.56168570153278 0.817837037304484
1604559128.10468 157.498293336729 -136.818714658054 8.47310792134873 -0.0947227761364171 -0.0806098720435527 -0.583151527229443 0.802785114772378
1604559128.60543 157.661846389212 -137.825964017162 8.62568720882457 -0.0906568348673949 -0.0773886358962874 -0.61186745219877 0.781927463557665
1604559128.90498 157.749201556578 -138.460239820163 8.70167585544377 -0.0890375014777114 -0.0773185129168901 -0.623079143890672 0.77321830768509
1604559129.30509 157.847916106439 -139.338774728623 8.82814528545122 -0.0861618095371166 -0.0778701191910896 -0.634887572506377 0.763825999420951
1604559129.60514 157.929814753738 -140.031310451072 8.94460533314861 -0.0848400745266553 -0.0784261957317605 -0.640562418671741 0.759164857829158
1604559129.90515 158.005963337589 -140.758748749996 9.05535934256099 -0.0856142677710421 -0.0786854987811082 -0.644660943887746 0.75557332990343
1604559130.20464 158.085799862892 -141.533288642738 9.15492701654001 -0.0861471346380156 -0.07800906572552 -0.647084233436145 0.753508627486539
1604559130.50464 158.172158222632 -142.338269344014 9.30005296034474 -0.0895072035881411 -0.0756295021389015 -0.6493413995491 0.751414922492007
1604559130.70469 158.21537621522 -142.906211849791 9.38117026382023 -0.0888377089305018 -0.0768847720671547 -0.651210871205134 0.749747287104403
1604559131.00481 158.286670866055 -143.797057607056 9.45546133698653 -0.087831454689537 -0.0761009446748109 -0.655526537347839 0.746176413872399
1604559131.40474 158.372357214873 -145.035850433628 9.63427445207059 -0.0876571426659351 -0.0736018575304428 -0.662528155568431 0.74024011981708
1604559131.71454 158.437225007043 -146.009033617338 9.83527018427935 -0.090925754858092 -0.0742958857620061 -0.666459890404899 0.736236268424624
1604559132.0049 158.44991365912 -147.039922929086 9.91946805965067 -0.0845634574429211 -0.0773570742481405 -0.670343954873576 0.733146565765345
1604559132.30475 158.500161249233 -148.063159197501 10.0819342486745 -0.0872650462701731 -0.0743465791143827 -0.673167351612478 0.730549871395851
1604559132.60446 158.519177954925 -149.091848426353 10.2274385567418 -0.083332774847233 -0.0740923372778305 -0.676119116239921 0.728305509280218
1604559132.90466 158.543721556909 -150.070210304464 10.3966484607382 -0.0844926211505479 -0.0716181622280215 -0.678345034640333 0.726346921098311
1604559133.30511 158.553683537098 -151.343792187842 10.5543278139931 -0.0849161750287866 -0.0756904205805484 -0.680754758814816 0.723625014632442
1604559133.60502 158.562662048554 -152.297804377763 10.6404694996805 -0.0846391259702604 -0.0714060144012952 -0.68431458911162 0.720729451730195
1604559133.90505 158.555566185285 -153.208810209297 10.7827032040157 -0.0860431941895207 -0.0737862617259561 -0.686532377391496 0.718209893490304
1604559134.20516 158.537333883951 -154.114695681372 10.8874996327465 -0.0851174092820975 -0.0732790104020074 -0.689576515975128 0.715450516728593
1604559134.6049 158.513021904227 -155.252469651695 11.047653050385 -0.0849583211837452 -0.0709287540210524 -0.694410783511423 0.711016778464273
1604559134.9051 158.479845580245 -156.071426582874 11.1614084308888 -0.0826118155458413 -0.0715526661798552 -0.698264869217689 0.707447295783352
1604559135.20497 158.448943120072 -156.829861107731 11.2733299492373 -0.088389210520485 -0.0756610214910455 -0.701576941161123 0.703030975790895
1604559135.50513 158.397505980108 -157.527498201958 11.4050371465713 -0.092510111459323 -0.0815652125104741 -0.702741496451827 0.70067352208468
1604559135.80533 158.365968929746 -158.222420038697 11.4810250616264 -0.0942698689833245 -0.0814567291564268 -0.705315861817362 0.697859246657831
1604559136.1051 158.314018488584 -158.8866478079 11.5730745807508 -0.0924519997413355 -0.0811654538306892 -0.706260945113111 0.697180230827167
1604559136.6059 158.24144595232 -159.960213772757 11.7324993828374 -0.0783658545959001 -0.0678765413518825 -0.708581387548855 0.697971335505191
1604559137.00515 158.186397219962 -160.80283361871 11.8487544215594 -0.0733310886477394 -0.0585739216272366 -0.710517889961123 0.697392267800652
1604559137.60492 158.087498538128 -162.053500473352 12.016116437558 -0.0763638051029411 -0.0634605216786726 -0.712817266045661 0.6942858753321
1604559138.10491 157.988911301277 -163.219489492178 12.1027152691559 -0.0851401803539388 -0.0717647255309769 -0.71399669395074 0.691237799086664
1604559138.40505 157.941154225592 -163.988316880343 12.1953549136113 -0.0813746331235975 -0.071948498704596 -0.713817087029832 0.691857462836385
1604559138.70475 157.880073180039 -164.788384840142 12.3306651378641 -0.084425215750708 -0.072239523830838 -0.712823778307109 0.692485447660901
1604559139.10503 157.793897530145 -165.899763441689 12.4709281317148 -0.0847259157817285 -0.071884020627727 -0.711949287440398 0.69338475530289
1604559139.40477 157.74135584447 -166.781873984706 12.5843586028425 -0.0853592846165517 -0.0726247565344377 -0.71133951272803 0.693855557663058
1604559139.70463 157.676010672585 -167.699834353651 12.7148697176235 -0.0864196962861977 -0.0735334521349397 -0.709505780602205 0.69550414434637
1604559139.90462 157.645325045294 -168.336864166472 12.7823921257634 -0.0880765160040403 -0.073050423164033 -0.708061910836821 0.696817403217124
1604559140.2052 157.586842595006 -169.338094971393 12.9092720206258 -0.088660756360689 -0.0737238669585214 -0.705548423373798 0.699217765790445
1604559140.50526 157.532018145983 -170.391765700168 13.0476960895282 -0.0870111388879352 -0.0722066031870025 -0.704454719180677 0.700684534430218
1604559140.80536 157.48141313033 -171.4753753147 13.2135309017923 -0.0866635812919259 -0.0725752212423597 -0.703947177057973 0.701199424451697
1604559141.10498 157.418635909358 -172.580190038975 13.3462606258208 -0.0854185511337165 -0.0751557800427979 -0.704565080618745 0.700459368572565
1604559141.40529 157.355329883129 -173.73212483128 13.5246609701741 -0.0888599521251498 -0.0703047152868632 -0.705686248225118 0.699405515407696
1604559141.7052 157.266134451308 -174.90718088874 13.6561553487591 -0.0852721551182041 -0.0722522350744776 -0.707925035342439 0.69738828383021
1604559142.00535 157.193917197409 -176.095770807435 13.8202345307669 -0.0868191493772164 -0.0758865910762113 -0.709842914416477 0.694857321648819
1604559142.30506 157.095154407754 -177.317489479114 13.9967187051705 -0.0878173275571212 -0.0722271914090249 -0.711996533458727 0.69291578575224
1604559142.5051 157.033446854023 -178.120007393807 14.097940093717 -0.0891193697063094 -0.0746168344298975 -0.713202096811234 0.691254537104003
1604559142.80495 156.923405327761 -179.38902880972 14.2502816483421 -0.0822474555275805 -0.0717787320748977 -0.715861339806387 0.689656227298473
1604559143.20487 156.768997917436 -181.094559609795 14.4832092568383 -0.0820922599584878 -0.0712363137619008 -0.716448229265622 0.689121312425236
1604559143.50459 156.650962574697 -182.392605532412 14.6665296550987 -0.0836024429424627 -0.0713698171311359 -0.715932362244255 0.689461988385206
1604559143.80484 156.550667877967 -183.721143400042 14.7969103844992 -0.0839700578813157 -0.0723839902676098 -0.716760349240004 0.688450571275596
1604559144.10449 156.427560467126 -185.065890195174 14.9563486410186 -0.0814928145376334 -0.0700685836280431 -0.718485853064126 0.687188033738809
1604559144.40546 156.315427712169 -186.417895069516 15.1599268858133 -0.0868960500902298 -0.0688888014213387 -0.720163297982141 0.684885562526276
1604559144.70498 156.163285552369 -187.776072956042 15.3248639068195 -0.0862916334087254 -0.0706073785064081 -0.723060063774323 0.681727582160776
1604559145.00535 156.013876171076 -189.190589213665 15.5092148705685 -0.0862404557906235 -0.0653587586641133 -0.725018638435098 0.680175558494003
1604559145.30466 155.837497358585 -190.583308676145 15.6979330186285 -0.08518669835958 -0.0670935324589242 -0.726038819076636 0.679050305587576
1604559145.60495 155.667111047178 -191.994622827074 15.8711647824192 -0.0845162349979523 -0.0663291627315107 -0.728961445821089 0.676071489340835
1604559145.90492 155.483243356973 -193.423323366473 16.0525736028515 -0.086102368878433 -0.0646663116278115 -0.731525253432107 0.67325734589759
1604559146.20489 155.288091807174 -194.844461460333 16.206186494797 -0.0814419925774806 -0.067058505644891 -0.733987326716411 0.670919490613724
1604559146.50474 155.082267934863 -196.281181299826 16.3987755148592 -0.0860076482345102 -0.0646679793015078 -0.734875967168118 0.669610371616922
1604559146.80483 154.871890726046 -197.706826568963 16.557415223162 -0.0822302447616875 -0.0667377721129828 -0.735485758525691 0.669212190284753
1604559147.10475 154.671949107922 -199.158365838462 16.7550855334693 -0.0832236866730465 -0.0643853696368022 -0.73600289026542 0.668751140316207
1604559147.40492 154.455658718369 -200.63083736417 16.9038051683462 -0.0840509235112505 -0.0648818717878544 -0.735736383289783 0.668892935583775
1604559147.71481 154.252695196527 -202.093503121017 17.0803728437375 -0.0829106789214262 -0.0646920346729051 -0.737054251937796 0.667601520123407
1604559148.00447 154.025312227656 -203.553048157251 17.2599440519352 -0.0816183913789314 -0.0673351466639445 -0.737261581403212 0.667270392569081
1604559148.20451 153.874659823698 -204.54594272026 17.3743891669863 -0.0824993280089925 -0.0674368517810969 -0.737397422436469 0.667001629146415
1604559148.5045 153.671179647269 -206.029568723396 17.5659800691464 -0.0845900733952758 -0.0632345890817847 -0.737489258571809 0.667049848000765
1604559148.8045 153.442829412068 -207.54108287659 17.7556322895636 -0.0830867322029747 -0.0636026098579363 -0.737293473507461 0.667420135203002
1604559149.00475 153.304876686698 -208.533529824658 17.8646951845566 -0.0848310939689313 -0.0620867007064165 -0.737718069380962 0.66687403398262
1604559149.30476 153.087964117613 -210.044531842088 18.0391631839531 -0.0851050948463361 -0.0600008522738884 -0.737984168497075 0.666735620471327
1604559149.60452 152.863364130455 -211.540584265513 18.2144636436038 -0.0827220684064311 -0.0567437559092119 -0.739151262139271 0.666027489854435
1604559149.80495 152.723474659532 -212.509705607346 18.3010117967134 -0.0851845170870227 -0.0574549580746678 -0.738985792648838 0.665839713523049
1604559150.10492 152.479362207959 -213.967861553259 18.5555343362852 -0.0849642189943228 -0.0629016210635335 -0.740068400141244 0.664171085391892
1604559150.40468 152.23540929823 -215.430332890498 18.6509279363796 -0.0856804829897173 -0.0587627951514049 -0.742184926901779 0.66209313772342
1604559150.60504 152.051400837771 -216.420007466774 18.7786913028012 -0.0790049179263013 -0.0620823504977377 -0.742805776872346 0.661924151655765
1604559150.90471 151.815633456215 -217.882257800933 18.932038906152 -0.0786228861618151 -0.0597985625871764 -0.743186553792217 0.661752461231949
1604559151.10509 151.665628299354 -218.858056963362 19.0504862638155 -0.082206507163872 -0.0584708517160825 -0.742990690187537 0.661655562943559
1604559151.30495 151.484894531499 -219.835250619027 19.1568883815684 -0.0802460049174323 -0.0607938462958936 -0.743359343882242 0.661272691716742
1604559151.50477 151.322386060867 -220.815375810045 19.2336727325344 -0.0824614317288802 -0.0584210177499727 -0.74376482452405 0.660757885131149
1604559151.70459 151.173733010323 -221.769387790905 19.3646845230655 -0.0836105190728346 -0.054294576646449 -0.744630733414661 0.659989735451619
1604559151.90492 151.003380788283 -222.714888047175 19.4886034952556 -0.0794091859432176 -0.0547894626534801 -0.745851480034705 0.659088663003711
1604559152.20481 150.76748242779 -224.084289205817 19.6488290184856 -0.0800125581287321 -0.0562100391099099 -0.746551799517362 0.658102448470105
1604559152.40467 150.601022972353 -224.974172483968 19.7239079581399 -0.0817279130444919 -0.055514686161234 -0.747863117766249 0.656459766424994
1604559152.70503 150.352294312413 -226.300455924969 19.9027168678729 -0.0805097549712551 -0.0583890797047379 -0.750038716113649 0.653873702679875
1604559153.00506 150.097441990497 -227.609176928826 20.0390810814859 -0.0795322157121324 -0.0561460081243041 -0.752655102769617 0.651177816506737
1604559153.30487 149.8365419947 -228.924673639702 20.2204117492489 -0.0829147785272088 -0.0544131914225514 -0.753468849445724 0.649960796522324
1604559153.50458 149.662591776768 -229.784178609477 20.2957739756442 -0.0807946993437909 -0.0564080914595702 -0.754417503501168 0.648956527193386
1604559153.80499 149.399003590498 -231.096035659951 20.4019110772716 -0.0823003688806251 -0.0544127420319927 -0.754786674053808 0.648508272466484
1604559154.10626 149.107859431739 -232.432313067248 20.5625752524293 -0.08011171147667 -0.056158229218973 -0.755296703360731 0.648039548845346
1604559154.40507 148.841643542961 -233.781485610301 20.6834080916901 -0.080835622448064 -0.0559804841901938 -0.756197001267434 0.646914123209105
1604559154.60494 148.655871463101 -234.671767015244 20.7838233622887 -0.0803872664953981 -0.0536800767563052 -0.758169481379032 0.644852986540563
1604559154.90503 148.343699971421 -236.034073905616 20.922634289815 -0.0805176556170888 -0.0551981122581294 -0.762447736032057 0.639643279771357
1604559155.10531 148.113926565732 -236.930236651309 21.0255883886492 -0.0797565961875822 -0.0553174387564978 -0.766319777667342 0.635084927147439
1604559155.4049 147.764007049503 -238.285765219271 21.1488529566312 -0.0816169172024921 -0.0550763314652973 -0.769765022492418 0.630687788597443
1604559155.71465 147.405831284116 -239.642180152075 21.3198443846053 -0.075649184753622 -0.0558675250203067 -0.774556386782556 0.625474559185719
1604559156.00506 147.023140584434 -241.0226640582 21.4536176324769 -0.0790220058484487 -0.0556987955513043 -0.776369178665512 0.622819448302683
1604559156.20475 146.769462548694 -241.928235914374 21.5518224135494 -0.0795254768763754 -0.0564502321995298 -0.778333783025693 0.620230273376847
1604559156.50464 146.3316071096 -243.333389585313 21.661381168204 -0.078618039133079 -0.0562939404455282 -0.781105402266211 0.616866717162245
1604559156.80454 145.919497747899 -244.736640946346 21.8562976329098 -0.0730511812372318 -0.0592033255370699 -0.784270418850745 0.613252314533645
1604559157.10456 145.471764788581 -246.155573056245 21.9784650249118 -0.0766207654567797 -0.0531184510176772 -0.785575677063157 0.611701352024876
1604559157.40461 145.037797623002 -247.578056577045 22.0998446491759 -0.0752504222340606 -0.060017743765905 -0.786530317698305 0.610004347302745
1604559157.70496 144.595146436214 -249.001185625214 22.2718683304279 -0.0790143107974601 -0.0562803494613128 -0.787981726732565 0.608008272385565
1604559158.00498 144.124407750186 -250.447847937654 22.4255840027935 -0.0801692478351334 -0.0546300885195128 -0.789774755802688 0.605676712633648
1604559158.3049 143.634512958183 -251.893072243304 22.5363239526886 -0.0761182406590987 -0.0575535715332369 -0.79179320385261 0.603288589462415
1604559158.60501 143.168062861619 -253.351067630905 22.7563759005804 -0.0791992983031379 -0.0529596263944494 -0.793581345427191 0.600958731786484
1604559158.90482 142.665453039694 -254.808356677749 22.837363609328 -0.0775110406804998 -0.0503510976284732 -0.796456004487437 0.597590694753644
1604559159.20503 142.164394288369 -256.266472811836 23.0310521343747 -0.0811119013189287 -0.0504978225542056 -0.798386584115182 0.59451635106749
1604559159.50469 141.642183226414 -257.713552873123 23.1634928910872 -0.0840425749241701 -0.0502708442777636 -0.800701324866114 0.591005140564248
1604559159.80467 141.096584254178 -259.146090139089 23.3361952422668 -0.0817111533554695 -0.0526268684242879 -0.803310287575674 0.587576617993143
1604559160.10454 140.536174779063 -260.598423440502 23.4920573766451 -0.0808508883098347 -0.0502068903667943 -0.805537074959712 0.584852479591699
1604559160.40487 139.950324116063 -262.02681529615 23.6307420312185 -0.0782289949844227 -0.0524387421524685 -0.807805885074548 0.581876322515464
1604559160.70491 139.396390104387 -263.444830859138 23.7861360101366 -0.0782564110001884 -0.0522134353167738 -0.810423470415495 0.578241722733231
1604559161.20633 138.433923716739 -265.800259491703 24.0316342222694 -0.079772495049388 -0.0493996929921725 -0.81438430844814 0.572690333006695
1604559161.40521 138.050015524161 -266.735506351108 24.1360705633808 -0.0797975900339905 -0.0463685752180881 -0.816438015181695 0.570009883443424
1604559161.70548 137.45026395408 -268.11222301433 24.2641200093455 -0.081258004496587 -0.044104159241928 -0.819527285861137 0.565532481447241
1604559161.90497 137.062037623176 -269.017482913244 24.3532902231008 -0.0831547929818684 -0.0433956631807076 -0.82112470570826 0.562988733898621
1604559162.10495 136.662209597708 -269.921672389856 24.4483716709929 -0.0847309676658579 -0.0403805635457441 -0.823379025272663 0.559675847207269
1604559162.40547 136.029739923915 -271.227696360327 24.6162140835121 -0.0866895723430087 -0.0413935782987516 -0.827068690519764 0.553831085155514
1604559162.7051 135.402118958743 -272.546056633991 24.7346430302811 -0.0895410137639545 -0.0389322504846343 -0.830028751186359 0.549107420210597
1604559162.90508 134.937840862306 -273.407295186687 24.8332432744935 -0.0889880922838066 -0.0397484070844789 -0.831815421567646 0.546428666898229
1604559163.2051 134.304369935569 -274.690660167787 24.9978314166974 -0.0884687379575488 -0.035884674436896 -0.833812726609406 0.543729629033534
1604559163.40456 133.888778581019 -275.541607553843 25.0740601105738 -0.0854857637108224 -0.0387549842342882 -0.834670586690972 0.542692589881902
1604559163.70489 133.260147305596 -276.801846529086 25.215883170902 -0.0906187173884158 -0.0350497481721035 -0.83517939316174 0.541327206456444
1604559163.90481 132.825364863716 -277.644590682529 25.3036651097636 -0.089064784754879 -0.0363028510852929 -0.835878779070221 0.540422273615479
1604559164.2055 132.209477387963 -278.924969164515 25.4566874571452 -0.0873234420842682 -0.027993950827434 -0.837439432400615 0.538782100890667
1604559164.40525 131.782977228643 -279.756206106085 25.5310518762891 -0.0897625552419812 -0.0286511256521273 -0.83801807974706 0.537445341120701
1604559164.60512 131.352779223047 -280.605848917727 25.5938876922104 -0.0887628604494875 -0.0282374612716636 -0.839213769901964 0.535764919337473
1604559164.80551 130.94228527292 -281.416348673219 25.7147313448256 -0.0977548902282577 -0.021776702829083 -0.839759554436594 0.53364187184179
1604559165.10488 130.287867386633 -282.637515877798 25.8047378946921 -0.0961291197748076 -0.0252385051242685 -0.84221159744821 0.529907383713557
1604559165.40467 129.662012730698 -283.825830176228 25.9821812750889 -0.0993591392629871 -0.0203664692081062 -0.843862985057142 0.526885405783235
1604559165.60486 129.208663910211 -284.601460100401 26.0908268411216 -0.0967082400074664 -0.0212001930691555 -0.84438286821662 0.526512715887055
1604559165.90489 128.553676710906 -285.761456708309 26.2157371148065 -0.0941777039476942 -0.0249260574639127 -0.844704096825697 0.526292922757213
1604559166.10476 128.143753110583 -286.533318413543 26.2934990475259 -0.0946087563659508 -0.0226621323457894 -0.844736280102972 0.526266309062458
1604559166.30539 127.726589613382 -287.303532992926 26.37022436654 -0.0951901965032419 -0.0213286224733819 -0.844852389614059 0.526030755865545
1604559166.50509 127.306918468755 -288.071587715736 26.4642554210004 -0.0946305890107708 -0.0216146924586663 -0.844990082678216 0.525898865628035
1604559166.80506 126.669011286317 -289.224627302588 26.6188858904468 -0.0952274306131193 -0.0211150910765369 -0.844803868864922 0.526110551631986
1604559167.00544 126.267559600855 -289.9985406183 26.7005437263286 -0.0990267435536187 -0.0208711338058956 -0.843984730533164 0.526733209947584
1604559167.20469 125.843238870785 -290.765839783211 26.805123996162 -0.0993491542032891 -0.019385342460972 -0.843932538487056 0.526812893292823
1604559167.50464 125.193889330498 -291.926701078054 26.8842470310017 -0.0976299431988688 -0.0205510315186032 -0.843383769223907 0.527967676192569
1604559167.70488 124.786076446613 -292.717849442467 26.9962141023559 -0.0987662119564329 -0.0178207139391618 -0.843262910167486 0.528048598015692
1604559168.00486 124.156199535306 -293.885840466789 27.1151314352882 -0.0999479349900403 -0.016481532929359 -0.842469496687199 0.529135064529976
1604559168.20526 123.731058806761 -294.676431012542 27.2101475227383 -0.100124896645843 -0.0155239532398668 -0.842413231701086 0.529220142287118
1604559168.50521 123.095587067584 -295.881611334081 27.309377898449 -0.0996349201225999 -0.0140243560097244 -0.842755524272289 0.528809347912094
1604559168.70534 122.682417146151 -296.68273832745 27.3972346056411 -0.103849148253095 -0.0109316974439292 -0.842577893527043 0.528354375147619
1604559168.90561 122.251349113971 -297.479226388513 27.5037518245302 -0.102734122603621 -0.0109115641802812 -0.842917561197312 0.52803089194211
1604559169.10551 121.810481454813 -298.284915517124 27.5649512674135 -0.102729749112798 -0.0115926008401244 -0.84327205353335 0.527450901963993
1604559169.40463 121.163751306657 -299.495718863081 27.7331166536148 -0.105023313657256 -0.009587500702406 -0.843351504998595 0.526912158177562
1604559169.60499 120.725052792387 -300.301617351665 27.83243785362 -0.104909640393945 -0.00905977737777056 -0.843297152064548 0.527031119675206
1604559169.80493 120.280601270966 -301.104354589892 27.9239394326273 -0.103613304152112 -0.0102269122522816 -0.842654627038013 0.528292412400456
1604559170.10479 119.626450610718 -302.337709442708 28.0336056265786 -0.104387382720504 -0.00881779862098698 -0.842028546929899 0.52916296819729
1604559170.30511 119.197524418677 -303.153350918192 28.1533265900643 -0.10285370514089 -0.00881335686949232 -0.841779172079001 0.529859665886614
1604559170.50511 118.751743575618 -303.99312174705 28.2313792441591 -0.101402211649191 -0.00792737466963982 -0.841153576147753 0.531145375144457
1604559170.70512 118.335710961635 -304.820873668801 28.3278734823418 -0.101515324759531 -0.00559635057197492 -0.839836494049551 0.533233516352641
1604559170.90515 117.903587954547 -305.638724767752 28.3983563743849 -0.102533520701341 -0.0068505093845507 -0.838031257493138 0.535857778816572
1604559171.20482 117.288225078144 -306.911933941831 28.5422485284811 -0.106504000810446 -0.00438961404809267 -0.835606168415871 0.538887706674798
1604559171.40492 116.863715695908 -307.746720885931 28.6304290619065 -0.105475970951462 -0.0041750478296272 -0.834525144720049 0.540763507790095
1604559171.70493 116.233778746779 -309.030729070647 28.7656374231011 -0.10424004986684 -0.00381290105042442 -0.832902574117924 0.543500483732144
1604559171.90462 115.813420954774 -309.905626360574 28.8765800384718 -0.10644333691471 -0.00160251595725929 -0.83317891661448 0.542660244423884
1604559172.10473 115.383078119788 -310.744783564669 28.9782257918766 -0.107021141347773 -0.00255592267124949 -0.835705161313109 0.538643505408307
1604559172.31493 114.926726698547 -311.592655387541 29.0508791965048 -0.103223344397961 -0.00350909930090109 -0.838302031708985 0.535333850065531
1604559172.60574 114.26788259406 -312.842947469008 29.1812146838326 -0.1037114141857 -0.00409925785247256 -0.83960381470071 0.533190934837301
1604559172.9047 113.590201002259 -314.101191924538 29.3105239530719 -0.102764340671999 -0.00576052997458054 -0.840514785524828 0.531922176539777
1604559173.10508 113.140668555885 -314.936262836316 29.3869404092475 -0.10047870225007 -0.00659018410572703 -0.841169462730687 0.53131397011274
1604559173.30498 112.693336760188 -315.777931425309 29.479450970594 -0.101747017627654 -0.00733062093236012 -0.841084528929518 0.531197347128198
1604559173.50501 112.252397765636 -316.615071764541 29.5817823491921 -0.101613361781959 -0.00809414168948717 -0.841239499912524 0.530966395701843
1604559173.70508 111.794625762227 -317.439495256134 29.6589442794765 -0.101921776016573 -0.0106676616590081 -0.84135922767971 0.530672029191815
1604559173.90467 111.350934412463 -318.294181597997 29.7561347664757 -0.101806244779005 -0.0101025592066754 -0.841291283404662 0.530812964507094
1604559174.20486 110.678900063401 -319.543399200348 29.9092579584174 -0.103048502852464 -0.0117188735309066 -0.841373479264858 0.530409598756263
1604559174.40489 110.229654606206 -320.380930513956 29.995964189568 -0.101882691594445 -0.012505285152225 -0.84169090007588 0.530113161245963
1604559174.60515 109.782513755668 -321.213990479047 30.0769012094495 -0.101148208142535 -0.01082979586584 -0.841767841565406 0.530168516999431
1604559174.81484 109.333313551553 -322.047427140974 30.1779601117045 -0.100651802498142 -0.0093864034274581 -0.841829859521421 0.530192038513139
1604559175.10469 108.67088892049 -323.296829326634 30.2889069946887 -0.0971255696827222 -0.0109433706700771 -0.842005361999182 0.530541079198219
1604559175.4051 108.020819517687 -324.526368114104 30.4394210576468 -0.101710407216783 -0.005551653143109 -0.841840958844689 0.530026388232349
1604559175.70556 107.351773130306 -325.749523730071 30.5462321123853 -0.102094921780331 -0.00987630703724306 -0.84191358111752 0.529774109820258
1604559175.90523 106.922642662486 -326.586930959865 30.6358728668511 -0.102672493124852 -0.00827421973628224 -0.842196264446845 0.529240350497827
1604559176.10544 106.475496827117 -327.387856647572 30.7317964694297 -0.103388750189128 -0.0081718377690252 -0.842545106931825 0.528546809835276
1604559176.40485 105.807987378278 -328.621645313203 30.8675764655864 -0.100739125720213 -0.0096121130955824 -0.84289028374168 0.528483874309173
1604559176.60499 105.364720570745 -329.428291275821 30.9542176634457 -0.101709373410622 -0.0110038201110628 -0.842730820450291 0.528525196718721
1604559176.80501 104.926204316025 -330.267802071241 31.0283862033059 -0.0989842882218921 -0.00970036904081174 -0.842684777097085 0.529141172065181
1604559177.10486 104.263260268391 -331.488393289943 31.2048034029641 -0.0994960593205822 -0.00866888504850604 -0.842304764109361 0.529667885538065
1604559177.40521 103.602056426988 -332.73032945402 31.2708680960898 -0.0976905034930378 -0.0107257585582935 -0.841954783431843 0.53052206955683
1604559177.60523 103.179444508919 -333.561584647241 31.3627374666139 -0.0991086347047017 -0.007419699226988 -0.842063887660283 0.530142278722232
1604559177.90519 102.503355303604 -334.763107743387 31.5619810944145 -0.101632555999836 -0.0124605969546591 -0.84186449345767 0.529886527229872
1604559178.20472 101.850918272998 -336.003332854731 31.6234135245338 -0.0992436520457242 -0.0115888512872209 -0.842505226795471 0.529340475381189
1604559178.40514 101.379497303276 -336.819724242193 31.7402946083821 -0.0971275218223992 -0.012188743360654 -0.842726546919004 0.529367212960812
1604559178.60507 100.935564200844 -337.644416889276 31.8073940571152 -0.0910819054290685 -0.0136929322711908 -0.84327745369847 0.529527833256243
1604559178.90466 100.310388563341 -338.860110238901 31.9715741972588 -0.09841389830063 -0.00825881488726262 -0.842648916377826 0.529329103984664
1604559179.20492 99.6364785654701 -340.051921492921 32.1063765579751 -0.0982028027380048 -0.0172304111783786 -0.842573814601523 0.529271848309414
1604559179.50488 99.028800476503 -341.273853633012 32.1539690905491 -0.101163798587227 0.000354630197495829 -0.843049196176696 0.528236512292224
1604559179.80482 98.3678512884145 -342.414987446016 32.3408569090912 -0.0978340314227395 -0.0117412311796465 -0.843179359633463 0.528525508631384
1604559180.10508 97.7491152528895 -343.581298401877 32.3653231409721 -0.0986776873415212 -0.0123658334306201 -0.843267652565079 0.528213466622991
1604559180.30485 97.346691353807 -344.355360909835 32.5098731059817 -0.103307740905317 -0.00815141634890799 -0.842992078453322 0.527849808890269
1604559180.60465 96.6968151365743 -345.466356298562 32.631135918778 -0.0965683737682888 -0.0168201304100027 -0.843112428680712 0.528727779679535
1604559180.80502 96.3043316811331 -346.199132620704 32.7109097708732 -0.0973662584080983 -0.0131336279314257 -0.842806885289983 0.529172820209772
1604559181.10504 95.7248891249714 -347.283461270527 32.8064867721219 -0.0967104519475445 -0.0115380082699497 -0.842349527286943 0.530057767350623
1604559181.30559 95.3429939356775 -347.995982049901 32.8900156609701 -0.0951352265999033 -0.00981359761414566 -0.842009681563626 0.530916827869276
1604559181.50522 94.9793339290688 -348.708786428199 32.9823259246923 -0.0950636684625862 -0.0102962627162383 -0.841429782616031 0.531839079834543
1604559181.80509 94.4258233374748 -349.743781942988 33.0494798037256 -0.0965022647057325 -0.0126842002326447 -0.839593364847003 0.534424368527493
1604559182.10564 93.9062100003273 -350.784327682634 33.1483849406782 -0.0983208963507358 -0.0128123206747296 -0.836681350788081 0.538640105286589
1604559182.3052 93.5617945634996 -351.474973241323 33.2125736377554 -0.0996055597152311 -0.0121948381049546 -0.834641333384335 0.541575353024699
1604559182.60518 93.081217826393 -352.474354265901 33.3514709991899 -0.103599983539874 -0.017873906264692 -0.830742121060833 0.546639822168791
1604559182.90543 92.6235291284683 -353.424864691854 33.4412399030746 -0.111615712524732 -0.0204796547765174 -0.827288349399698 0.550196786073268
1604559183.20468 92.2045891198673 -354.364754415293 33.5675854838128 -0.105958427314789 -0.0153784486569991 -0.82480452754751 0.555188081946119
1604559183.4047 91.929146782417 -354.979623001231 33.6585592659789 -0.100583052575272 -0.0095724057953291 -0.823639145539692 0.558041196074784
1604559183.80489 91.4327708463234 -356.118806781316 33.7674298687734 -0.0804085667315608 -0.000912683752667375 -0.821862781087686 0.563981558623469
1604559184.10501 91.0938246905331 -356.88922906082 33.8326718245256 -0.0866610906810761 -0.00330366042039724 -0.819268887050098 0.566813401307244
1604559184.40471 90.7782324589511 -357.681377192759 33.8655540227111 -0.0942406876547652 -0.00831664430206038 -0.816545998715935 0.569475335900429
1604559184.70512 90.4320834901376 -358.501850487992 33.8966087928801 -0.102263263721743 -0.0103943259236863 -0.813693506791633 0.572133777963427
1604559184.90503 90.2171163485869 -359.085449283217 33.9847547256154 -0.100894932040224 -0.00689733309750269 -0.812231991359996 0.574501376583308
1604559185.20559 89.8724414250724 -359.895929018906 34.0705790295902 -0.0989744637090321 -0.0104034950258445 -0.810674061133969 0.576977806704308
1604559185.50529 89.5469651823837 -360.744794084959 34.1400800596419 -0.097606106882907 -0.00880039323218511 -0.808174149791828 0.580732420815625
1604559185.8054 89.2421872035538 -361.591997324269 34.2018024268719 -0.0986914482952927 -0.00832121411724143 -0.805171470358312 0.584713313299797
1604559186.10559 88.9527011294625 -362.477548036923 34.3135925526477 -0.100931291073211 -0.00824579299618325 -0.801165879134145 0.589811932306707
1604559186.40544 88.6407652865114 -363.346715446505 34.3749260164133 -0.102512433699917 -0.007403447242969 -0.797733506543192 0.594186538423871
1604559186.70519 88.3332780966945 -364.268438854916 34.4551410382006 -0.101945537463624 -0.00769807587428355 -0.795205282743149 0.597659104604351
1604559187.00624 88.0486785157303 -365.223521478695 34.5916060196136 -0.106711097548108 -0.0046910931081966 -0.793788350918538 0.598741003482772
1604559187.40472 87.625417152448 -366.483182199073 34.7001300653473 -0.106353169854826 -0.00275806997730125 -0.793927236680697 0.598632557725006
1604559187.70499 87.2749825811675 -367.447178682634 34.7405661605276 -0.100349018458881 -0.0087132535429614 -0.793600670628292 0.600043439498642
1604559187.90494 87.0866481147353 -368.101302376251 34.8081242365774 -0.103636361696547 -0.00900106232988951 -0.792076332172394 0.601492784182457
1604559188.20552 86.7910897605762 -369.075726465922 34.9161832526654 -0.10662570592263 -0.00643156646189993 -0.788596829699892 0.605561420482371
1604559188.50567 86.4504400429537 -370.121391805057 35.0019025974756 -0.104180939414748 -0.0117381638300951 -0.786662957425619 0.608415925816327
1604559188.80548 86.1331181229596 -371.175123047922 35.0854816454233 -0.105068005172638 -0.00648776488780405 -0.78496438127067 0.610532180423078
1604559189.20525 85.6913466353965 -372.579756636091 35.2281100933475 -0.101706748033418 -0.00914396985043717 -0.784820772224287 0.611251569081925
1604559189.40537 85.4774601495673 -373.297997125492 35.2852805492023 -0.101937066682207 -0.00997448129871678 -0.78437065058137 0.611777759211306
1604559189.70534 85.1659097433635 -374.392952719975 35.4090295808913 -0.101190249229473 -0.00925188110384938 -0.782969205154127 0.613705271231421
1604559190.00663 84.8282611439048 -375.505066098111 35.4936394924464 -0.0986045109427521 -0.0109305920330284 -0.780678017040778 0.617008513951652
1604559190.30482 84.5183846346549 -376.628880777986 35.5831225885586 -0.0985828947997778 -0.0156814178417863 -0.777768072450335 0.620574194971284
1604559190.60519 84.2319139800113 -377.76876226071 35.6852417830844 -0.0998179425342614 -0.0137598513824682 -0.774012904811606 0.625100846282629
1604559190.80469 84.0357692957515 -378.537676738002 35.7695228468955 -0.0989318587937411 -0.0148208428136007 -0.770900910596704 0.629050567104969
1604559191.10511 83.7324750762624 -379.703270417774 35.8346917553344 -0.0956187474201354 -0.0179419231667321 -0.766967865829278 0.634267636979978
1604559191.40548 83.4719480397981 -380.904562070747 35.9620248077013 -0.093459572147147 -0.0183318304028109 -0.763452977854784 0.638802632252574
1604559191.60533 83.2971201978929 -381.688041136913 36.0123091778012 -0.0941980393597538 -0.0244254691225575 -0.759883613362506 0.642734019624031
1604559191.90533 83.067186858778 -382.879506964094 36.1596590505245 -0.0944055492345708 -0.0226543303427851 -0.754614850110822 0.648945915760829
1604559192.20474 82.8513602260374 -384.069878778336 36.2179917489954 -0.0914593328064843 -0.0247827631899196 -0.748138561341291 0.656741728631163
1604559192.50499 82.6690029456755 -385.228421477455 36.3379551969217 -0.0898937781869736 -0.0255691263791656 -0.741438203934791 0.664480788409588
1604559192.80516 82.5221652426078 -386.391890953169 36.4675742251047 -0.0895118748523022 -0.0238926717827393 -0.734474369066888 0.672282801861913
1604559193.10483 82.394927751873 -387.573247253535 36.4948786800947 -0.0898533341002514 -0.0268503540305158 -0.727525093296112 0.679641578675104
1604559193.40491 82.2930480289828 -388.711082949454 36.6327649163174 -0.0904265751394455 -0.0249364002641555 -0.721414642144876 0.686121071349216
1604559193.70517 82.1886162795736 -389.906934112984 36.6911252763804 -0.0885466893437473 -0.020712578327232 -0.718548668500097 0.68950582586519
1604559194.00486 82.0924622564036 -391.105439303789 36.8208339720661 -0.089185748454985 -0.0244168199318401 -0.719678442573188 0.688122562100947
1604559194.30542 81.9820147347427 -392.314359929274 36.8773206338107 -0.0907122377845417 -0.0209111794063718 -0.721187598645533 0.686456451679089
1604559194.60521 81.8374546486897 -393.565236624676 36.9775517858304 -0.0831073468124788 -0.0231041427887864 -0.722396893390208 0.686077325023909
1604559194.90529 81.7376097051739 -394.810841947916 37.0612042116482 -0.0862680958004077 -0.0223902750167038 -0.720662936156795 0.687532852801607
1604559195.10553 81.6652590742427 -395.636991215341 37.1106759874517 -0.087392051197734 -0.0224143988223081 -0.720230240713152 0.687843459280644
1604559195.40539 81.5720511925157 -396.875362306081 37.2427349240711 -0.0929716537867048 -0.0237083940536862 -0.721229201021953 0.686019404417102
1604559195.70552 81.4145538129576 -398.136251642189 37.2859614433423 -0.0922607575702941 -0.0267950947854431 -0.724441381944683 0.682608716347859
1604559196.00545 81.2742420108927 -399.3775674628 37.4288426280225 -0.0949015279213875 -0.0275714620963594 -0.727580710341829 0.678866573351888
1604559196.30523 81.1230120194469 -400.622757727366 37.5874587697407 -0.0926022469893361 -0.0256054781664246 -0.728803914086169 0.677948403754353
1604559196.60554 80.9669690410998 -401.893612807743 37.5951736542444 -0.0851678704780405 -0.0301084284154401 -0.727400226606203 0.680241741375691
1604559196.90533 80.8524063128374 -403.141826775476 37.7577569064834 -0.0899387146343724 -0.0298587980987029 -0.72556289462256 0.681599564064524
1604559197.10487 80.7544453321664 -403.983437640816 37.8390301619481 -0.08642110060455 -0.03031963876946 -0.725391334538307 0.682216625898197
1604559197.40544 80.6165098149354 -405.225701929759 37.9061946677198 -0.0866704002670825 -0.0290668050908392 -0.723203074842063 0.684558744811825
1604559197.70513 80.505963952148 -406.492496778468 38.0002437154127 -0.0860249888733278 -0.0260291665434075 -0.722390147507171 0.685619908231206
1604559197.90559 80.4140400070069 -407.33793940173 38.0424765695616 -0.0840049415266351 -0.0292145513694178 -0.721667198096745 0.686502829548855
1604559198.20527 80.297466082618 -408.62384376909 38.168656324842 -0.083738179269697 -0.0282059215009294 -0.723861450827643 0.684263796594982
1604559198.50501 80.1511979582772 -409.888105727007 38.2680695668153 -0.0835957777957471 -0.0251944510743798 -0.724586483706642 0.683631050493926
1604559198.70487 80.0713347184919 -410.734114744473 38.3197087109699 -0.0846826374300874 -0.0282158656869507 -0.723690989755343 0.684327456111731
1604559198.90509 79.99149675542 -411.583234620955 38.3929410596594 -0.0851302221601971 -0.0274150169127925 -0.723319471127811 0.684697162846474
1604559199.20528 79.8604142569408 -412.858506068136 38.4549007041536 -0.0850463886728669 -0.0283827530212851 -0.722090955775284 0.685963689047879
1604559199.40525 79.7905574600814 -413.723676356933 38.5585416459639 -0.08485289747638 -0.0245810581881462 -0.721564612348317 0.686687896773226
1604559199.70553 79.6500788271441 -415.001049462977 38.6037035963024 -0.0819698666500288 -0.0287814601332133 -0.720654207543397 0.687829980201485
1604559199.9053 79.5745778196414 -415.866572321151 38.6779610299441 -0.0807179611772473 -0.027351305493923 -0.720284250600017 0.688423645126124
1604559200.10527 79.5055094377851 -416.731901783493 38.7534453614117 -0.08233623909307 -0.0251771932637403 -0.719904579403657 0.688712021983799
1604559200.40557 79.3749856526725 -418.016983118542 38.8470985568447 -0.0771494599586878 -0.0299790644339489 -0.719867093305496 0.689159331722095
1604559200.70548 79.2670991122225 -419.259397323857 38.8826587908312 -0.0805816466953573 -0.0271628606472046 -0.719370433351195 0.68940188340143
1604559200.90549 79.2022128987853 -420.076436005303 38.9686465456843 -0.0809040236232664 -0.0269539257471689 -0.719564469064963 0.689169790187905
1604559201.1049 79.1208339264904 -420.898435354341 39.0394291809681 -0.0803411411162767 -0.0297261486436321 -0.719665918101826 0.689015691732494
1604559201.40518 79.0168254689786 -422.092898194959 39.1390795125625 -0.0838320510797204 -0.031507124195679 -0.719604671472884 0.688584493821265
1604559201.60558 78.9390200506691 -422.869802747573 39.2295057774101 -0.0871229215527201 -0.0354100387697271 -0.720447589792745 0.687103337247222
1604559201.80559 78.8638779350455 -423.624051784225 39.255516109992 -0.0873854146227707 -0.0412663147748524 -0.721387974256771 0.685755256030766
1604559202.11518 78.7485052195694 -424.752854787163 39.4054093455968 -0.0974816773353746 -0.0382441793947986 -0.721883554493658 0.684045933456155
1604559202.30487 78.66969487932 -425.465376691525 39.4670388053505 -0.098699759773831 -0.0417976177047564 -0.72234724342017 0.683173313660653
1604559202.50487 78.5837398152102 -426.187099875064 39.5573716433264 -0.0958673882894044 -0.043887529467695 -0.723392937111214 0.682338616199759
1604559202.80512 78.4880426828425 -427.213884234984 39.6688488195347 -0.100934717861175 -0.0485529665069811 -0.723673875253602 0.680992595003126
1604559203.10494 78.3888253024317 -428.203137628387 39.7695538773723 -0.0997775275991531 -0.0449972513980792 -0.723612147312191 0.681472782006045
1604559203.40519 78.2966501279823 -429.177858311058 39.9041008537658 -0.106642730369236 -0.044880118906718 -0.72245218591427 0.68167143262279
1604559203.61504 78.2118243970436 -429.793824417243 40.0077700794634 -0.100276716213584 -0.0476746849913072 -0.722808169210723 0.682070418005826
1604559203.90507 78.1263167770495 -430.72099361316 40.053105925516 -0.100753730561132 -0.0494779716870502 -0.722428586378925 0.682273811367767
1604559204.20487 78.0342031531658 -431.688152350973 40.175395174652 -0.0924651372003791 -0.0368677536364413 -0.723212213837316 0.683414267410951
1604559204.50487 77.9414334173763 -432.694094480549 40.2875321856945 -0.0774592109944723 -0.0192001534919949 -0.721147349633957 0.688169982528966
1604559204.70499 77.8778023359208 -433.359584855763 40.3549019436963 -0.063934861893678 -0.0150386603696863 -0.72011320595478 0.690741009886087
1604559205.00504 77.7940596729642 -434.376757581441 40.3446165836236 -0.0543763116371274 -0.0105001350833519 -0.717851620980105 0.693989923667634
1604559205.30493 77.7362472376632 -435.435822722292 40.3440397482906 -0.0545953470635154 -0.00467314262536597 -0.715227120310638 0.696740752496342
1604559205.505 77.6895651252872 -436.145902987599 40.3078120843918 -0.0536906176969374 0.00154911692408163 -0.71431089242069 0.697764191383618
1604559205.80506 77.6035740582805 -437.29630827727 40.3587670475291 -0.0460278142705833 -0.00461195551410835 -0.710873940333911 0.701796559648128
1604559206.10486 77.5738885323053 -438.450016522567 40.3073240232774 -0.0543451261370106 0.00199019039544782 -0.707881606742866 0.704234532838657
1604559206.30524 77.5259149751746 -439.207393181676 40.3388298468374 -0.0577258338369716 -0.00774344523896164 -0.70661580703388 0.705196333238848
1604559206.60533 77.4747814615527 -440.369601015394 40.3412321166705 -0.0575338035642384 -0.0150563081183335 -0.704976074458055 0.706733261899416
1604559206.90532 77.4393354023329 -441.516164102643 40.3621404068569 -0.0709411824151058 -0.0124688815978582 -0.704207046048255 0.706331587800826
1604559207.1048 77.3827337444471 -442.284530347799 40.3864665466915 -0.0636115764159303 -0.017309883424632 -0.704860435394394 0.706275938920002
1604559207.40482 77.3409368695644 -443.396733510584 40.4051309294339 -0.0707542941774266 -0.0200632175258054 -0.704765874645515 0.705617714554496
1604559207.80522 77.2498312299399 -444.857239889174 40.4859659546889 -0.0721854986534626 -0.0266399364924194 -0.706278156979819 0.7037405292727
1604559208.00522 77.2224768133338 -445.610730605236 40.510949910618 -0.07565055739032 -0.0238805017496508 -0.706315864210719 0.703437712073346
1604559208.30518 77.188197581365 -446.785481795154 40.6131183682376 -0.0748521919006149 -0.0251089897624298 -0.706582209087017 0.703212819708582
1604559208.60503 77.1255707502781 -447.950681799763 40.6304475416171 -0.0800677467369933 -0.0176692672951654 -0.706383060907173 0.703064665723663
1604559208.90495 77.0780228647559 -449.147128822182 40.737982502875 -0.0753894153210671 -0.0223658708706165 -0.709401402984091 0.700404064324265
1604559209.10491 77.0206763699154 -449.961650855243 40.7634934544765 -0.075999454269862 -0.0211546171048731 -0.709907278817457 0.699863001313702
1604559209.30565 76.9736337812918 -450.758602477788 40.806048997418 -0.0775150959440301 -0.0230621953279371 -0.710158716110989 0.699381257240309
1604559209.70523 76.8920001711735 -452.404626335153 40.9167008988197 -0.0825087946025195 -0.021912003441681 -0.708596804331219 0.700430390410064
1604559209.90552 76.8257882661827 -453.252339895117 40.944563465991 -0.0789703746951344 -0.0234170379591437 -0.708994873871155 0.700386743933775
1604559210.21522 76.753125021772 -454.517832084867 41.0238277814818 -0.0787227255999021 -0.0182927941173435 -0.712850930321787 0.696643134823609
1604559210.50475 76.6360020762828 -455.755353717394 41.0721841039509 -0.0755902779020388 -0.0221079428761073 -0.717412535635156 0.692182492166636
1604559210.80482 76.5169923700211 -456.953019187746 41.1768935656996 -0.0731352137688418 -0.0218315263347366 -0.722664329383797 0.686972264360905
1604559211.00514 76.4218459375507 -457.735132170149 41.2157657253363 -0.0732748286261272 -0.0273023056318084 -0.724958316481691 0.684339698513122
1604559211.30489 76.2939695370352 -458.888337458466 41.291520032804 -0.0755195719779819 -0.0225199672326016 -0.727720714633835 0.68133120199865
1604559211.60522 76.1287916172056 -460.025039619916 41.3114401453098 -0.0710759352281246 -0.0270014917070636 -0.729074889849989 0.680197718216746
1604559211.80502 76.0532465782777 -460.820580074154 41.353780969588 -0.0729256312196175 -0.0211222430045325 -0.729266499974597 0.680004467026856
1604559212.00482 75.9730083059826 -461.597346521033 41.4162127914695 -0.0765661078604351 -0.0200184173096617 -0.728496031017948 0.680463391290536
1604559212.30555 75.8041781468938 -462.771645692656 41.4495047740222 -0.0706971009576471 -0.028519068199136 -0.728940281313692 0.680319519743152
1604559212.60564 75.6956759256123 -463.975794432739 41.5542547292749 -0.0754165806386169 -0.0258260105789921 -0.728054045149439 0.680869050467042
1604559212.80522 75.6130583023054 -464.795160926254 41.612408841992 -0.0772267982609025 -0.0241959017290772 -0.726746506943348 0.682121759376967
1604559213.10555 75.4614121209727 -466.037510096577 41.6533295609196 -0.0721505457612678 -0.0267021950980955 -0.725883828636461 0.683501250070083
1604559213.4154 75.3318198663819 -467.27021905372 41.7086673674233 -0.0747846970233763 -0.0247299452755988 -0.725511391620406 0.683687720766441
1604559213.60569 75.2408723064722 -468.10635353086 41.7603152632575 -0.0735814040195711 -0.0257466944614512 -0.725012337866369 0.684309867419986
1604559213.90541 75.1128792623347 -469.363966398275 41.8224808502638 -0.0721894379018049 -0.0272614608571758 -0.722717920896257 0.686821887116846
1604559214.10559 75.0362769113838 -470.21477615285 41.8755813047104 -0.0730162128040092 -0.0257077413469104 -0.721143264131331 0.688447628582312
1604559214.40558 74.9247445764686 -471.513171945955 41.9499180493904 -0.071227769407657 -0.0254755722464581 -0.71920489361281 0.690667735664053
1604559214.60558 74.8525450761859 -472.391885332729 41.9984480928138 -0.0694702634976054 -0.0254837074208845 -0.718539061120763 0.691538922107318
1604559214.90538 74.7422873149958 -473.717913566211 42.0674843496936 -0.0685749786405351 -0.0270249547833953 -0.717279294462442 0.692876278897515
1604559215.10529 74.6804268366222 -474.605145345234 42.1383294504836 -0.0704363893775791 -0.0244130490246621 -0.716868274262338 0.693211796960285
1604559215.40511 74.5426832877636 -475.957669929385 42.1344039020616 -0.0658582021856836 -0.0265847614615872 -0.717612141996424 0.692812212163011
1604559215.60508 74.4660500931027 -476.875373337191 42.1804807279592 -0.0644968384204983 -0.0249606034505864 -0.717728738043912 0.692879920834076
1604559215.90482 74.3408707347734 -478.238977565352 42.2416274670072 -0.0645702605287381 -0.0291156320970004 -0.717241709078536 0.693215184615097
1604559216.10493 74.2654449675006 -479.175448295305 42.2940102154738 -0.0666088585993043 -0.0300167281876055 -0.716411391328174 0.693842182603681
1604559216.30521 74.2014874661036 -480.108551381869 42.3482978003362 -0.0686320124664356 -0.031963053374624 -0.716153992934434 0.69382380219177
1604559216.60531 74.0723638129593 -481.500135567479 42.4454236589017 -0.0651954930417448 -0.0313353130154463 -0.717206382928529 0.693096421958622
1604559216.80504 74.0102596236274 -482.458355147847 42.4991819811288 -0.0650713920337162 -0.0281113155471532 -0.717036616960236 0.693421919047287
1604559217.00493 73.9395727210252 -483.419517425192 42.5121286676918 -0.0658046400676066 -0.0214766130350374 -0.717947505440498 0.692647012460086
1604559217.30505 73.8036362829841 -484.83888826244 42.6193821086796 -0.0605300048560612 -0.0273593870728086 -0.720021808546372 0.69076492214699
1604559217.50523 73.7270136123444 -485.784375703471 42.6738916321388 -0.06452558267222 -0.0268580223106532 -0.7211565239046 0.68923752353467
1604559217.80534 73.5895910544043 -487.15288252609 42.6226285070374 -0.0609540722091814 -0.0279028883508915 -0.721789057285734 0.688858901869873
1604559218.00494 73.4981600515042 -488.083583208259 42.6624032048781 -0.0613354768666476 -0.028440374065144 -0.721895836125536 0.688691154426416
1604559218.20514 73.3934918744248 -489.009519092948 42.7106344310459 -0.0608288816611322 -0.0294929001277795 -0.72234657182842 0.688219039380369
1604559218.50493 73.3079264098745 -490.379392071946 42.8409327346631 -0.0649883561158239 -0.02649763931862 -0.722481974801308 0.687818424271337
1604559218.80477 73.1537743793849 -491.72659933399 42.8142901561321 -0.0682557873818005 -0.0261567997967975 -0.723647079134295 0.686288477372077
1604559219.00483 73.0814621033867 -492.625861801816 42.8939786724491 -0.0645952212010965 -0.02235214281537 -0.724543363365798 0.685831432432285
1604559219.30484 72.9813857128891 -493.90702764918 43.013463897174 -0.0759843717733822 -0.0179660955357443 -0.723420595540432 0.685978306220635
1604559219.60513 72.8803527723598 -495.165471625183 43.0301114048485 -0.0759556373175544 -0.0167200780404433 -0.723065818916797 0.686386918337017
1604559219.80486 72.8004854140376 -495.977924865994 43.0953446773163 -0.0748679104158146 -0.0156353371441089 -0.722708453730411 0.686908162077696
1604559220.10536 72.6905830309644 -497.185496222902 43.1555378324828 -0.0741149441410927 -0.0154838958882049 -0.721696146197408 0.688056608562766
1604559220.40513 72.6051408464007 -498.322357790497 43.2546075116624 -0.0839774012805134 -0.0144504275931382 -0.719498578690106 0.689246528086623
1604559220.61495 72.5297819469957 -499.051692554434 43.2866512964743 -0.0833095668893748 -0.0197975562490552 -0.718511061640765 0.690224186138918
1604559220.9051 72.4486708883467 -500.134324456196 43.2714962159033 -0.0841543091266829 -0.0226333854844556 -0.717349148452481 0.691242346309471
1604559221.20501 72.3613587492605 -501.256672691389 43.3785279844711 -0.0836130421273892 -0.0193917535092002 -0.718101318519172 0.690625307546044
1604559221.50511 72.2301695693231 -502.321977281231 43.4854759804627 -0.0803924327644677 -0.0220746891765927 -0.720681683406564 0.688235189491389
1604559221.80503 72.1093778259948 -503.393687854944 43.4822161020615 -0.0767178546396043 -0.0231216401454521 -0.725885916889818 0.683132048873063
1604559222.00505 72.0167701614985 -504.094382274684 43.4941009942083 -0.0795937862048859 -0.0216985956166374 -0.730690028603757 0.677706486795631
1604559222.30557 71.8413905297657 -505.172399989949 43.6781605870345 -0.0785386521748938 -0.0191921100317278 -0.740646410661509 0.667012921465023
1604559222.60575 71.6276841611291 -506.210851310222 43.6313241251655 -0.0730427211100566 -0.0164789389876085 -0.753086374566887 0.653646783748214
1604559222.90649 71.3895179966853 -507.262125087829 43.7577601287242 -0.0768426427816911 -0.00786988349042207 -0.764905256381959 0.639494505014251
1604559223.20555 71.1211622561759 -508.267831984215 43.7538219060746 -0.0790499096369187 -0.00654751394680777 -0.77782517910401 0.623455076648932
1604559223.5057 70.7993233927981 -509.285284543647 43.8223741158638 -0.0859130816436393 0.000444941333399335 -0.790246192286899 0.606736928170489
1604559223.80548 70.4434888061318 -510.293184274725 43.8145265998523 -0.08500865273002 0.011005763084469 -0.804766862803631 0.587369303482193
1604559224.10585 70.0064185176767 -511.250828081009 43.9163350262514 -0.088571560576961 0.014584056160754 -0.82256697410947 0.561538918568653
1604559224.40592 69.4941997662423 -512.145131558205 44.0070304318174 -0.0878674895951267 0.0119309399172542 -0.842117107599433 0.53195463531518
1604559224.70534 68.9605921622009 -512.981679985835 43.9916712552615 0.0896172349964771 -0.0241719939785071 0.861966955559989 -0.498394856937081
1604559225.00532 68.3364205938118 -513.754636055429 44.0946190490629 0.0874939959432811 -0.0214635543246025 0.881589319222592 -0.463340467412764
1604559225.31486 67.6445639481457 -514.451214885109 44.1188665581282 0.0837787951311303 -0.0231668137556492 0.901074037487668 -0.42486467397568
1604559225.60519 66.9293046822341 -515.085594359598 44.1595755284711 0.0855603883340744 -0.0317424855142505 0.917561321830042 -0.386979398990444
1604559225.90526 66.1669637684177 -515.67025176087 44.2296222098057 0.0831620707046658 -0.0346475938222882 0.932873583126536 -0.348755633851405
1604559226.20493 65.3217374701778 -516.210371334152 44.275634599001 0.0767688273535629 -0.0399027240377711 0.945354959310178 -0.314353814465129
1604559226.50485 64.4577406325413 -516.697605284322 44.2721270124567 0.0682688221509117 -0.04774203857229 0.954874854318641 -0.285086089217001
1604559226.80511 63.5381674767827 -517.145746567899 44.3760886052354 0.0636758445220864 -0.0480416572908387 0.963549352982809 -0.255362546892762
1604559227.10488 62.6164719802158 -517.493239764531 44.3341854452239 0.0612169645217804 -0.0457224324573374 0.970154783331663 -0.230133958388623
1604559227.40529 61.6860255363964 -517.836259535493 44.3972471270892 0.0608549600403485 -0.0429105927593623 0.974273775230273 -0.212710991173657
1604559227.70488 60.790646315625 -518.13181891099 44.3790503530012 0.0604014498642447 -0.0388252867565706 0.976868429121761 -0.201425753437215
1604559228.00501 59.8862269896481 -518.434878675627 44.4140739050476 0.0593879832172275 -0.03577188525307 0.978789289880535 -0.192782171608241
1604559228.30549 58.9909338915855 -518.710629200446 44.4485669977865 0.0578481816521175 -0.0360955607264369 0.980397757202308 -0.184853823460789
1604559228.70538 57.7954428610583 -519.083953326443 44.4827976678992 0.0498088222801035 -0.0370233580822182 0.982290057647319 -0.176789690951172
1604559229.10537 56.6289641714085 -519.465147553672 44.4871695938363 0.0488157562512004 -0.0370738036117276 0.981570784164792 -0.181000968786075
1604559229.50534 55.4959311646385 -519.903669212925 44.4648863451919 0.0496155871577093 -0.0379401668135009 0.977638297657995 -0.200803874976398
1604559229.80492 54.6298921110048 -520.304406743767 44.4308458786294 0.0510659696765472 -0.0399690248305756 0.97268398941676 -0.222891454585822
1604559230.10495 53.7498107274972 -520.748761630523 44.4467178716353 0.0474786383257233 -0.0393043639738592 0.967892557712384 -0.243690259551598
1604559230.40578 52.8906753724098 -521.236336716373 44.446560891409 0.0446130863885592 -0.0415747802899848 0.962848527289184 -0.263066386419428
1604559230.70552 52.0863589933857 -521.703265237428 44.440259676708 0.0424959533159788 -0.0428741350447077 0.95731357893272 -0.282677579738756
1604559231.0058 51.3831692623258 -522.187444584452 44.395450370011 0.0409709623344951 -0.0396856919304504 0.951439618289969 -0.302504675748369
1604559231.20544 50.9617816992002 -522.51586389984 44.3411046829044 0.0424317378921799 -0.0471480392823211 0.947003928250094 -0.314897078249661
1604559231.80561 49.8452257224777 -523.40192671614 44.3517646585968 0.0422989196330219 -0.0435402850307398 0.936601795934158 -0.345097262855317
1604559232.20567 49.1658955464636 -523.975255124764 44.327240537046 0.0461049247645317 -0.0461169504272991 0.931030935473745 -0.359066790425717
1604559232.50567 48.7008898342647 -524.40014324403 44.3418417337936 0.0518223189956545 -0.0526718025994674 0.927287084456569 -0.366986091650447
1604559233.00545 47.9549278358152 -525.072484364286 44.3147224160974 0.0659361903833041 -0.0474696727009626 0.922616909125651 -0.377063771750656
1604559233.3054 47.4852253138549 -525.526221219466 44.2988125919998 0.0546756487833471 -0.0488000982120278 0.920875859889982 -0.382905699247873
1604559233.70496 46.867371890404 -526.144311645819 44.28826111334 0.0568564804906498 -0.0524372591713182 0.916968550742103 -0.391390280189409
1604559234.10489 46.222282847168 -526.757199203253 44.2969168105591 0.0569948867343435 -0.0539479615785112 0.915224769333869 -0.39522755714326
1604559234.40528 45.7022644269384 -527.222595519169 44.2826916889901 0.0561798442911933 -0.0508599647755327 0.915630973342037 -0.394812626109098
1604559234.80512 45.0137566590639 -527.892008558311 44.2614268353225 0.0554382967765129 -0.0533070943685806 0.916629172683306 -0.392270198621328
1604559235.20551 44.2846733173555 -528.574379090541 44.2365806746701 0.0571765773680259 -0.0550553000118963 0.916856632420277 -0.391246301615781
1604559235.40543 43.9069313284146 -528.927450466972 44.2399481562044 0.057112868994098 -0.0546969578702893 0.916926310207823 -0.391142563068335
1604559235.60562 43.5094070096101 -529.293809797569 44.222623472599 0.0554459571536985 -0.0520387739232214 0.917129109334204 -0.39126961120911
1604559235.90566 42.9165589943356 -529.884624104067 44.2099418593838 0.0597480685779994 -0.0538195650389022 0.916418917297329 -0.392058657269308
1604559236.10515 42.4873945383252 -530.289207661605 44.1908618630962 0.0592717028376446 -0.053211098250365 0.916450923838903 -0.392139195261755
1604559236.30574 42.0468487621846 -530.722731636915 44.1926731039115 0.0594940200876397 -0.0545909666308877 0.916449000877827 -0.391920293843211
1604559236.50532 41.587442209285 -531.14581118739 44.1911003235343 0.0603064931088474 -0.0532891184419199 0.916623710664647 -0.391566558572063
1604559236.70567 41.1216999746976 -531.599988600447 44.1785505986184 0.0594898873086394 -0.0543877247565311 0.916713154574061 -0.391330960869041
1604559236.90559 40.6358492980331 -532.052911875248 44.1749723475137 0.0598666243076859 -0.054428762674811 0.916874894238766 -0.390888635550259
1604559237.10543 40.1297269684076 -532.502718079226 44.1540917849477 0.0615254611506723 -0.0557123915080186 0.917329398209053 -0.389380947459004
1604559237.30543 39.6276497277552 -532.972345659386 44.151097275785 0.0654399496042746 -0.054321453323458 0.917552500519789 -0.388412411612322
1604559237.50571 39.1022920083333 -533.446024148573 44.1471001327683 0.0670257334132972 -0.0501661260920242 0.918230911484111 -0.387095471490417
1604559237.70537 38.5799805992911 -533.924912738498 44.1577837684179 0.0697341273830317 -0.0494668270574852 0.918507970784437 -0.386048302812547
1604559237.90586 38.0305066883327 -534.394944190716 44.1018198657771 0.0710081027834243 -0.0447544804757388 0.919121471140348 -0.384929353395201
1604559238.10553 37.4701171458288 -534.894413108601 44.1404743922887 0.0619351396711868 -0.0467212216073587 0.920536042583428 -0.382876690633248
1604559238.3053 36.9354275438633 -535.364815207326 44.1476387147235 0.0636609548115979 -0.039080360409892 0.921136642720312 -0.382004311102192
1604559238.50503 36.3864138155163 -535.85807370289 44.1189786532894 0.0602904661444318 -0.0409220746313465 0.921563328191501 -0.381328566504737
1604559238.70499 35.8457860877634 -536.345966154489 44.1965273768328 0.0595997423060765 -0.0413916533737405 0.922042015537511 -0.380227725621847
1604559239.00529 35.0428605637191 -537.044088396409 44.1719842062274 0.0607243128270265 -0.0353281267886606 0.922634774751965 -0.379222301173968
1604559239.20529 34.5013306856719 -537.520403136347 44.1677952781196 0.0611649558121684 -0.0343837672114821 0.923124014225686 -0.378045842580892
1604559239.40521 33.9722527924908 -538.005307943014 44.1642364097882 0.0651616259394871 -0.0366306279999882 0.923469625363166 -0.376319027726293
1604559239.60539 33.4377053163319 -538.478901621953 44.1716844106268 0.0639788554728747 -0.0372326301379787 0.923874540043107 -0.375468069968044
1604559239.80513 32.9042716181926 -538.935275959411 44.185224671394 0.0650957063684475 -0.0371716207379831 0.924450047862366 -0.373862178658626
1604559240.00503 32.3659451815457 -539.398300748462 44.1927822264112 0.0625090849207924 -0.0356565495180387 0.925333424924437 -0.372262377223974
1604559240.2053 31.8368392967199 -539.853329984158 44.2212572408029 0.0637894120724937 -0.0350389689165343 0.925561214488039 -0.37153683505157
1604559240.40514 31.3114174604823 -540.305983019995 44.2244843032457 0.062946224154087 -0.0371137631663285 0.926043030057835 -0.370276447981344
1604559240.60543 30.7793234485339 -540.755987918146 44.2243157572188 0.0607413666267188 -0.0360823050855578 0.926840588924742 -0.368747984891671
1604559240.80505 30.2780947433818 -541.163551743863 44.3163791696418 0.0789493308567711 -0.0271673130924418 0.925389538568681 -0.369706832725942
1604559241.1051 29.496838554152 -541.832920652087 44.2729790708677 0.0613586111469795 -0.038274663644793 0.927364846919233 -0.367102998706711
1604559241.3056 28.9997657053056 -542.248573688795 44.2535318902094 0.0642871034526495 -0.0344293585978599 0.927814008220217 -0.365845532631661
1604559241.50569 28.5116289325477 -542.671784068073 44.2658622304547 0.0637730064305398 -0.0346975356501259 0.927782403673537 -0.365990295095885
1604559241.70582 28.0285641638337 -543.092256992707 44.2756223770101 0.0444168685002674 -0.0443116897069743 0.929087162701175 -0.36450056248492
1604559241.90562 27.5687663865507 -543.461375611927 44.2895855290696 0.0721550022097813 -0.0340048320218697 0.927351430093664 -0.365590826141065
1604559242.2051 26.8664928709076 -544.034291030654 44.3346530120567 0.061833062734972 -0.0321102232242189 0.928547711221395 -0.364615899136081
1604559242.50497 26.1885682852242 -544.610882751132 44.3017936375046 0.0675252043430159 -0.0335273186390936 0.9277374876317 -0.365539901688076
1604559242.70542 25.7227812006821 -545.000356031633 44.3209098518444 0.0657452668443745 -0.0324240136831955 0.927524769297003 -0.366502449602694
1604559242.91537 25.247303435938 -545.411566948997 44.3800468568939 0.065820390339782 -0.0331512729205936 0.926875625502882 -0.368062826386887
1604559243.10538 24.7739272447732 -545.810814888489 44.410668730591 0.0628863112959898 -0.0314336782087419 0.926646425432507 -0.369301554233137
1604559243.30561 24.2923392904403 -546.230467243464 44.3940497194155 0.0636296847630005 -0.0287509497107296 0.926110888846946 -0.370733418599957
1604559243.50561 23.8167410870617 -546.646590251619 44.3903830906083 0.0616621622036293 -0.0298939176729411 0.925648663420937 -0.3721272408002
1604559243.70593 23.3316003135218 -547.066211795486 44.3773080342307 0.0606938366343602 -0.0278377517205371 0.925469868758527 -0.372889849411086
1604559243.90551 22.8461580630128 -547.476877201909 44.3599468981932 0.0581577857013726 -0.0264233766882879 0.925129661351103 -0.374238676268361
1604559244.10572 22.3733577881568 -547.891603748799 44.3474048777498 0.0565650554437038 -0.0264247669533383 0.925002779535124 -0.374795923198755
1604559244.30545 21.9022295374762 -548.309443494716 44.3834732409313 0.0551452931672647 -0.0270440845903794 0.924866564175408 -0.375299150812443
1604559244.60577 21.1694069396909 -548.950717204242 44.3980085922921 0.0546455389310039 -0.0295465326604808 0.924368472337765 -0.376409079102284
1604559244.80569 20.6673967382145 -549.377106089286 44.387297922242 0.0507374111414562 -0.0262560626494033 0.92451835978317 -0.376831708735678
1604559245.51502 18.8115543735468 -551.052385642342 44.3394905985751 0.0359187495489675 -0.0355307636480642 0.922494152537958 -0.382690405940231
1604559245.80502 18.0045093850661 -551.789727708146 44.2865271403966 0.0331760721853106 -0.0321383058759195 0.921464670005596 -0.385706286520274
1604559246.00623 17.4634579626733 -552.31411543504 44.263885040512 0.0318148661626032 -0.0365759060560529 0.920271426554706 -0.38826604133532
1604559246.20588 16.9150611392878 -552.824405733794 44.2284459165803 0.031383103025543 -0.034501708858459 0.919585231846202 -0.390112463657215
1604559246.50552 16.0768387251453 -553.617153672833 44.1643115584945 0.0320933292933357 -0.035084644007426 0.918073270604488 -0.393548670142995
1604559246.70558 15.5091312076255 -554.169056101171 44.121142381133 0.0307015018721513 -0.0356589572672401 0.917238393478808 -0.395549726428705
1604559246.90569 14.9400091407553 -554.727190056548 44.0942432817145 0.0325603932789424 -0.0385172373239843 0.916847537516433 -0.396038932642362
1604559247.10565 14.3557977060486 -555.282617904449 44.0481319951035 0.0336859006100264 -0.0396383051909099 0.916971489991392 -0.395546901649665
1604559247.30552 13.760664954362 -555.839249780132 44.0077338121265 0.0323236683671912 -0.03745000365986 0.917514686512035 -0.394613073432553
1604559247.60571 12.8576520030476 -556.697518367075 43.9499577273298 0.0343146141548721 -0.0355779232694981 0.917667127617721 -0.394263568594759
1604559247.80559 12.2425027587391 -557.282304672589 43.9006246145083 0.0346834499196538 -0.0382879511878407 0.91781414936419 -0.393634701623721
1604559248.0054 11.6315407745341 -557.844162602194 43.8506064341573 0.0342574636175422 -0.0372972218938985 0.918512454868376 -0.39213545322651
1604559248.20544 10.9965416494418 -558.412019707534 43.809209889235 0.031978664400168 -0.0324241752678097 0.91904256485647 -0.391518584314237
1604559248.40565 10.3711567869093 -559.014898730331 43.7712354757776 0.0322358111357981 -0.0336487035190638 0.919280787504169 -0.390834301152826
1604559248.60573 9.73767197847756 -559.615238891337 43.728415404499 0.0332244968916948 -0.0338514709679607 0.919353671532319 -0.390562462814395
1604559248.90547 8.77204798111863 -560.505203024999 43.6713358657598 0.0321497861382639 -0.034761862194035 0.91968616309377 -0.389788873112003
1604559249.10512 8.11679564937146 -561.114545038612 43.6345767335987 0.0331786779861185 -0.0336085766581605 0.919980016183336 -0.389109764366579
1604559249.40531 7.15305034589536 -562.016567886439 43.5657089778155 0.033098919480855 -0.0377133813575954 0.920122316795263 -0.388403249897699
1604559249.60557 6.49560927935087 -562.628897667201 43.5428814402051 0.0329250682295276 -0.0370145928127568 0.920585750668127 -0.38738577086386
1604559249.8049 5.85322743537599 -563.211563256218 43.5215108401882 0.0307887750770883 -0.0323501620670396 0.921497495613932 -0.385808092088203
1604559250.00512 5.22217204160829 -563.801527115165 43.4488685843913 0.0377318740527916 -0.0365225264811922 0.921059873063731 -0.385864122420987
1604559250.20535 4.57729246755644 -564.396112369172 43.4172735359505 0.0356275715583579 -0.038074567642832 0.921497316033584 -0.384868419055873
1604559250.40536 3.91887382518535 -564.971086765886 43.3701724368421 0.0337191884349728 -0.0366458939451244 0.921986737797348 -0.38400592458197
1604559250.60514 3.29313972202568 -565.538509886951 43.3465602496889 0.029381285302888 -0.0405117607586528 0.922629553373936 -0.38242678326079
1604559250.90638 2.38241028282724 -566.36329969781 43.293347247787 0.0315218537137709 -0.0399583940776392 0.923419420025872 -0.380402778907129
1604559251.20574 1.48475253089913 -567.153335040705 43.2288502779925 0.030848186871306 -0.0392474389034137 0.924189008297685 -0.37865908789836
1604559251.50561 0.59957531787634 -567.92359933196 43.1577916741945 0.0296424917565268 -0.0386620656462874 0.924849160840648 -0.377201003517721
1604559251.80558 -0.279594348249346 -568.707805463062 43.126263488536 0.0313776855111523 -0.0399692682272558 0.925143974417868 -0.376200113035139
1604559252.10541 -1.19196138293018 -569.482305407458 43.0491734760686 0.0287652296710395 -0.0358265380953419 0.925665678792781 -0.375542370226283
1604559252.30553 -1.77767413170564 -570.009018834267 42.9973391998064 0.0288067841727563 -0.0393285999169723 0.925778967851407 -0.374908966414754
1604559252.60507 -2.67179980259508 -570.7796330497 42.9647020829404 0.0272197552099987 -0.0375739423068538 0.926483664994849 -0.373463923670737
1604559252.90544 -3.54018807133681 -571.510198573032 42.8893447335084 0.0271865215626164 -0.0364026076922924 0.926955485215278 -0.372410085292859
1604559253.10552 -4.0929068778522 -572.00030381215 42.8449276256142 0.0250548446126288 -0.0388121666846309 0.927119480918856 -0.371907701694159
1604559253.40511 -4.88707935180476 -572.689802712607 42.7979107694519 0.0235657149984378 -0.0390688676372046 0.926969448782799 -0.37235187884778
1604559253.605 -5.394163319327 -573.126330072205 42.7630999288667 0.0241438131157923 -0.0388842904708401 0.926667772050841 -0.373084345001421
1604559253.90514 -6.15120297723754 -573.764265545776 42.716777593219 0.0242814571739216 -0.0360230255080342 0.926572336737388 -0.373599327172541
1604559254.10502 -6.62582303189096 -574.177955480381 42.6666053092905 0.0267619674735851 -0.0360710836476427 0.926288940375513 -0.374127615873831
1604559254.30536 -7.11400711728449 -574.607734489513 42.6392853016203 0.0262716797129008 -0.0358234239843628 0.926112417273112 -0.374622839281928
1604559254.5051 -7.59614382937377 -575.035116134474 42.5920344989421 0.025049712523472 -0.0368500706983683 0.92573403511164 -0.375541050256744
1604559254.7051 -8.07392384242275 -575.452100503511 42.5707802551722 0.0251022723624396 -0.0352537451823603 0.925890151597587 -0.375305844009197
1604559255.00545 -8.81051937888804 -576.094173931576 42.5008186495084 0.0248369271898089 -0.0342340007897309 0.925784607040631 -0.37567808241142
1604559255.30533 -9.53151787634444 -576.744829592152 42.4358609798463 0.0264943813194456 -0.0371353792006922 0.925515538377542 -0.375952124068808
1604559255.50515 -10.0311430314324 -577.18042736174 42.406334895619 0.0272037779401108 -0.0366175908589217 0.925600944468894 -0.375741930191142
1604559255.70532 -10.5251201926409 -577.603974000972 42.3886693729816 0.0254611940201921 -0.0357232910728658 0.925773950092325 -0.375523857303957
1604559256.00516 -11.2323358770529 -578.245613865205 42.3047311419267 0.0263111114737724 -0.0408951231255698 0.92512718986383 -0.37653020714441
1604559256.20537 -11.7058052462633 -578.674203955065 42.2839105827207 0.0250579941742618 -0.0427638049253218 0.924474942536169 -0.378007188475323
1604559256.40557 -12.1743578755583 -579.081568573804 42.2674862092278 0.0234169962516815 -0.0395188725918193 0.923363854845621 -0.381168066028958
1604559256.60554 -12.6233005025473 -579.487059222341 42.2345684091529 0.02176146162231 -0.0384781084188792 0.921922640554217 -0.38484349909295
1604559256.90527 -13.2489653290681 -580.111640453772 42.1731183580667 0.0210713620640223 -0.0398085980669893 0.919360631727312 -0.390828993359839
1604559257.10559 -13.6658292072879 -580.516988187146 42.120879706687 0.0227302503584019 -0.0402938405246372 0.917277585644235 -0.395552238028181
1604559257.30512 -14.0660068029031 -580.928334849982 42.0838219231877 0.022370081307379 -0.0423150260166685 0.914699827333576 -0.401289476452394
1604559257.50513 -14.453477799116 -581.340761901915 42.0423018441011 0.0224344587396781 -0.0431516335795048 0.912121559294876 -0.407024437411272
1604559257.70501 -14.8477828585895 -581.745310564895 41.988924718603 0.0222007820008999 -0.0414473320047269 0.90989736280794 -0.412160203201856
1604559257.90501 -15.2337502088895 -582.154257315217 41.967064608351 0.0213553592544339 -0.0396266632963919 0.907494332574006 -0.417645438779317
1604559258.10524 -15.6114826026497 -582.564963186625 41.9187348686455 0.0211626161740007 -0.0383607945633102 0.905022922189794 -0.423100583110197
1604559258.30527 -15.9694713364075 -582.984106595356 41.8771997666884 0.0219232862929551 -0.0377954616305293 0.901917994037497 -0.429691522641104
1604559258.50513 -16.3175020272179 -583.406828562507 41.8516486991427 0.0234431547418903 -0.0364581888988876 0.898276065004438 -0.43728861178643
1604559258.8052 -16.8243593191216 -584.035991230986 41.8122263936944 0.0233702877491831 -0.0327108980352917 0.891481762032864 -0.451269425912088
1604559259.00545 -17.1418210568906 -584.474106401603 41.7890243749144 0.0233415681095666 -0.0317137682186393 0.885802424017314 -0.462388877146295
1604559259.20519 -17.4563900435068 -584.901273290658 41.7537877515593 0.0224626825241898 -0.0281664874210759 0.878789766040106 -0.475847269597454
1604559259.50511 -17.8449428631727 -585.573921578412 41.7182617707531 -0.0217187562138088 0.0266597076956426 -0.865083350323674 0.500448151766871
1604559260.10532 -18.5133602928558 -586.991534932842 41.5579536054102 -0.0193307767368712 0.0223871133349301 -0.833702470359344 0.55142119032914
1604559260.8051 -19.040328478073 -588.747175462882 41.4744323282676 -0.0130059366602795 0.0101413063920166 -0.784578790761756 0.619809745488947
1604559261.10544 -19.1057989489987 -589.542025221641 41.4057051840046 -0.0185220801604989 0.012672937117837 -0.754811585291976 0.655557625171388
1604559261.40511 -19.1409259150979 -590.345717818786 41.4026064628345 -0.0188244060127118 0.00502578525634035 -0.724429478112406 0.689073518909711
1604559261.8052 -19.0658865941694 -591.424456962974 41.3017270104421 -0.020180456540255 -0.000605066382694606 -0.680958593240453 0.732043562474585
1604559262.10512 -18.923111414317 -592.252094993406 41.2673630703008 -0.0201874606505901 -0.00382292451083348 -0.648090806734883 0.761285858207279
1604559262.30537 -18.7758327367149 -592.789421470393 41.2171363706274 -0.0222899673196301 -0.00462582128420346 -0.625361042535332 0.780003413847311
1604559262.60517 -18.5422683477487 -593.654242394478 41.2470493900785 -0.0215863314298015 -0.0086726003061553 -0.591250370369491 0.806152476791625
1604559262.80537 -18.3282206912082 -594.212600493226 41.2057412093343 -0.0205308905825395 -0.0116338625949099 -0.569998363165183 0.821306886469377
1604559263.10523 -17.9371695405015 -595.047285137234 41.1728889334702 -0.0226452222423148 -0.0134240996691507 -0.539404609069383 0.841635108091609
1604559263.40521 -17.5025835695666 -595.910421853656 41.1660760803401 -0.0201627091673034 -0.019467140692431 -0.510883525488814 0.859192946302759
1604559263.70527 -17.0269873569046 -596.715853556735 41.0959027026076 -0.0144875099230893 -0.0194287220415121 -0.483218803917614 0.875164112813415
1604559264.00544 -16.4800271544144 -597.489763980457 41.0945745193741 -0.0182326992195969 -0.0193558886812822 -0.455674859933157 0.889749032186843
1604559264.30562 -15.9188867153775 -598.224317375847 41.0702444052435 -0.0176834413966343 -0.0203885023647425 -0.431640489968333 0.901641886943809
1604559264.60529 -15.3217806491342 -598.924995791065 41.0820574073878 -0.0142700177996194 -0.0220498965705689 -0.408942784312326 0.912181981740545
1604559265.00517 -14.4846049947789 -599.792925779573 41.0351271594262 -0.0149077596664628 -0.0235514934841321 -0.377252335875462 0.925690964054906
1604559265.30599 -13.7939739851488 -600.424889723698 41.0300955480643 -0.0106029983059254 -0.0251987840517054 -0.350766750539578 0.936063718143774
1604559265.60587 -13.0795793821768 -600.98581794129 40.9871417958429 -0.00585310357611954 -0.03353222289596 -0.313979876246814 0.948819249656234
1604559266.00594 -12.0199563227098 -601.642293068675 40.9770056612032 -0.00290656403415159 -0.0397801054864298 -0.263739274131569 0.963769002600497
1604559266.40508 -10.9557545566211 -602.147691385244 40.99194497187 -0.00526042616820028 -0.0462020249189517 -0.210961685276752 0.976387662844584
1604559266.80548 -9.88815411441749 -602.523841377251 41.0111059918651 -0.00476034474598412 -0.053844001572238 -0.158198280595294 0.985926704491404
1604559267.20529 -8.77328804311392 -602.741124469587 41.0706736860583 -0.0112092992677986 -0.0598874574743584 -0.104804010411683 0.992624784824966
1604559267.60526 -7.64425221763243 -602.839912924302 41.1350653813791 -0.0150181973800137 -0.063907395086524 -0.0468502052497658 0.99674237236548
1604559268.00548 -6.53991314321703 -602.792872395701 41.1741766648185 -0.0165552297345164 -0.0704534811127089 0.0196182613420906 0.997184714679007
1604559268.5052 -5.18985068885151 -602.531561001161 41.3100316083177 -0.0178425795467582 -0.0829228923494596 0.102528958307747 0.99110708250312
1604559268.90554 -4.15845295648366 -602.165485893003 41.3841308260236 -0.015094031340909 -0.0933877984072145 0.166738450658013 0.981452585914724
1604559269.40598 -2.97827683822085 -601.608715298639 41.5130968463607 -0.0147333402726131 -0.110570974978628 0.233358940849029 0.96597132095239
1604559269.90592 -1.83276363544926 -600.935597701119 41.6585936478664 -0.00443434778261565 -0.11769073555436 0.284191868331508 0.951506284424156
1604559270.40515 -0.76478269981271 -600.242599246504 41.8523359904547 0.0020019332547346 -0.116079834631357 0.309349947826498 0.943834770515975
1604559270.80562 0.0521724525468838 -599.650253751689 41.9913870160644 0.00511068146413509 -0.115672433391639 0.324134206017159 0.938898708902006
1604559271.30537 1.0400740337566 -598.897386873441 42.1468254044224 0.00498283392803679 -0.120038589521462 0.341997725723052 0.931988982763211
1604559271.9051 2.24541759069254 -597.851709045339 42.4032834407938 0.00894619031894479 -0.132142787941348 0.363758213927562 0.92202939816152
1604559272.4056 3.34215028625872 -596.808955233582 42.6634768855983 0.00355480013039054 -0.137711321079743 0.377052279065775 0.915890023034321
1604559273.00505 4.82420364214474 -595.454098766241 43.0087946840247 0.0059506195839641 -0.138521458293292 0.379586436872716 0.914707894718933
1604559273.50527 6.11210400890863 -594.252257179386 43.3022871090123 0.00566331263914898 -0.131777868666527 0.386362753918124 0.91286710018735
1604559274.00531 7.40361519349755 -592.950078066638 43.6144126019595 0.000312710974697195 -0.142253733686479 0.39120976786103 0.909240724447724
1604559274.60523 9.0744560157585 -591.323993102886 43.9378544934521 -0.00523458391413458 -0.141306623520577 0.394092736595023 0.908127718024015
1604559275.10537 10.4894699144596 -589.945252532129 44.3129803097117 -0.0014159751414018 -0.130893665794248 0.395412479867535 0.909128051505589
1604559275.70544 12.1555073629084 -588.317060119356 44.684191671673 -0.0022075597508133 -0.137199174843558 0.394524414502901 0.9085824120372
1604559276.31558 13.8328433920751 -586.684864317563 45.1081443780005 0.00115202083126637 -0.141195969886923 0.392657346404916 0.908780820247625
1604559277.10546 16.0943492864008 -584.478861759298 45.639429862204 -0.00506138473751096 -0.139543712511413 0.389006828222347 0.910590809463538
1604559277.8051 18.1209974090466 -582.622607975626 46.0416628088 -0.00890119749451539 -0.139723003878543 0.378224094440158 0.915065454082517
1604559278.50537 20.145217149262 -580.779126791914 46.5142619373385 -0.00305198864006703 -0.140551124018212 0.378288488035741 0.914950209968931
1604559279.20527 22.1999211160014 -578.831552737322 46.9805213686639 -0.00458188888176797 -0.136422442708858 0.389411527796425 0.910893289819877
1604559279.81508 23.9955606142061 -577.136066066014 47.287018030313 -0.00678900875352268 -0.138223203976457 0.392131674618661 0.909439940294791
1604559280.50567 26.0709913376276 -575.105557957632 47.8402732355711 -0.00316102436660955 -0.1353541164912 0.394103025813695 0.909039094933948
1604559281.10553 27.8909085771089 -573.358053926424 48.230181511275 -0.000150769727491158 -0.134428998323421 0.39574525601109 0.908468224002892
1604559281.80593 30.0087046252114 -571.295633260565 48.7488506446503 0.00151585784588702 -0.137509368836536 0.393255300988137 0.909086983683024
1604559282.40529 31.8506486681911 -569.539580700524 49.1878336624699 0.00474418752655366 -0.134023942526851 0.391922078466565 0.910171500281524
1604559282.90537 33.4154754319132 -568.057653860635 49.5431897242167 0.00627561742066928 -0.12942433244511 0.392087703784255 0.910756384187516
1604559283.5059 35.2615474329509 -566.239755392132 49.9661059267789 0.00895275868355692 -0.131732060271259 0.395534268535998 0.908910971890172
1604559284.00589 36.8100020111803 -564.705235043842 50.273083539382 0.0011559295624231 -0.128682334905349 0.397797507453887 0.908403359512518
1604559284.60578 38.6109793168531 -562.940344031791 50.6182760913243 0.000366629689478964 -0.131170347200578 0.396438710815839 0.908642148573698
1604559285.00575 39.833293700174 -561.777704312984 50.9311192351927 0.00109253365090019 -0.129117123823132 0.390363072200727 0.911561433238525
1604559285.5052 41.3304918316655 -560.398264607114 51.2811994267122 0.00492811611243421 -0.130462430813547 0.381464078646955 0.915117710745363
1604559285.90553 42.5460240841472 -559.325005709521 51.420583685974 -0.00194250282914365 -0.130794927446956 0.370561998039452 0.919550280977562
1604559286.40522 44.1161051090769 -558.074979262037 51.7713762728866 0.000356215354002529 -0.127075791005342 0.345885852873741 0.929631428703221
1604559286.90521 45.6788355309744 -556.975783214148 52.0778056291072 -0.0116054660407125 -0.11655259450915 0.31278607791587 0.942573962791871
1604559287.50525 47.5547444308679 -555.915659022289 52.3531760018485 -0.0163531212639412 -0.108310933723381 0.268226333388944 0.957108118833823
1604559287.90549 48.7932552187517 -555.307205990958 52.5441644815252 -0.0282215704260876 -0.113622067116267 0.233437983639782 0.965298024768053
1604559288.30527 50.0749658419021 -554.836248070389 52.6540793712827 -0.0341155341719606 -0.107846067627516 0.194625870891502 0.974333683296009
1604559288.80525 51.6385766206323 -554.452858938268 52.8743907008551 -0.0352532250858419 -0.104653560344757 0.137286940945492 0.984356204975639
1604559289.40582 53.5157296776784 -554.238746304896 53.0970276232733 -0.0488066106628442 -0.100793449610795 0.0658055048027929 0.991528229960605
1604559290.20541 55.9110784165613 -554.415569988498 53.3552977271689 -0.0495694290549545 -0.0908888986442139 -0.0286583308048539 0.994213649012066
1604559290.70537 57.4915809426456 -554.791264918178 53.5375920562172 -0.0480803334540687 -0.0855700927105489 -0.0893637371116947 0.991150928596591
1604559291.20548 59.0525831950469 -555.330586553548 53.700710196725 -0.0550137143679907 -0.0799962206649817 -0.148031109175937 0.984205713571558
1604559291.60558 60.2740594791039 -555.898879760112 53.804254279989 -0.0583411830029414 -0.0781693527283837 -0.186039431994488 0.977688697082569
1604559292.00549 61.5536863752737 -556.551658186837 53.9173515572527 -0.0691794907191436 -0.0707035984940732 -0.222707043391104 0.969853995221869
1604559292.40602 62.7699355366076 -557.363864521992 54.0587010180967 -0.0678658542153032 -0.0693301983077329 -0.261270759545602 0.96037760263383
1604559293.00593 64.5716098232425 -558.825243736171 54.2247852136631 -0.0711546270833261 -0.0662452927662982 -0.317461124372718 0.943274623184017
1604559293.40532 65.732104294221 -559.940185535252 54.3155355720948 -0.0726689636977642 -0.0591690009083588 -0.351064580064053 0.931650101524735
1604559293.70514 66.5340716109961 -560.83484875881 54.4620432057636 -0.0676903472273238 -0.0620267314008333 -0.367146866455126 0.925620807856087
1604559294.10543 67.6948213552443 -562.064055790374 54.5873487596518 -0.0737070965441104 -0.0575668901226128 -0.381681761556339 0.919550080189164
1604559294.4052 68.5277993774124 -563.045803553908 54.6616537882156 -0.0639742674242688 -0.0617867594406977 -0.386382634619904 0.918040385347795
1604559294.80546 69.7074508082459 -564.368433637971 54.8163045960224 -0.0735879895746152 -0.0600571918426052 -0.387915591687437 0.916787562756025
1604559295.10556 70.5902631624736 -565.39315019631 54.890917707165 -0.0614196097830462 -0.0592835895587648 -0.389770226887104 0.916947249178218
1604559295.40539 71.5301620947881 -566.443956208879 54.9677198121431 -0.0717717023823838 -0.0565048169586083 -0.388600235457106 0.916867430657394
1604559295.80647 72.7725270155526 -567.872227518765 55.1278680074883 -0.0728836792262829 -0.0592409864860988 -0.391679244573145 0.915295495560425
1604559296.10554 73.7326862042225 -568.985094863896 55.255270268434 -0.068480420806722 -0.063756987848119 -0.393451341035706 0.914571769028474
1604559296.30554 74.3811118046222 -569.737345261965 55.3301484238521 -0.0674421217683559 -0.0612701046762666 -0.393717273247809 0.914704456767678
1604559296.60534 75.3721076842297 -570.870589737674 55.4838766481233 -0.0758115374071682 -0.0550761964991548 -0.393954772082786 0.91434067006141
1604559296.80556 75.999484465991 -571.62912762093 55.5454930028189 -0.0704211039754269 -0.0572637641879944 -0.396228885175047 0.91365442043414
1604559297.00552 76.649458176658 -572.392575379107 55.611201200575 -0.070533745185161 -0.0571382778384144 -0.397919572824299 0.912918518576079
1604559297.20531 77.299687195393 -573.164491100427 55.7200426093464 -0.0707369384846352 -0.0582930543916864 -0.399714241354494 0.912045355561833
1604559297.40532 77.9504107149519 -573.965583171397 55.8021478960004 -0.0660453000085217 -0.060741154585026 -0.399941318791705 0.912137858007009
1604559297.60542 78.6031566346856 -574.745215455862 55.8505009868625 -0.0647851185483344 -0.0613523759575174 -0.39979029558111 0.912253525034688
1604559297.80555 79.2312480419764 -575.524546597496 55.9116143200046 -0.058293957724698 -0.0608181341455777 -0.400653125676368 0.912348640563243
1604559298.10524 80.2199828903712 -576.695675330095 56.0438396086617 -0.0665320058773236 -0.0549777442791571 -0.400749709224365 0.912113266203547
1604559298.30518 80.8406398058293 -577.456634083621 56.1389918391096 -0.0682016083683077 -0.0553572340973131 -0.402797668644795 0.911064298160887
1604559298.50557 81.4844315118098 -578.23737226373 56.1886397845469 -0.0645906790726331 -0.0526319226647768 -0.405875197863929 0.910122655828576
1604559298.80529 82.3897192003211 -579.363125141055 56.2597249773999 -0.0618522281216226 -0.0564520121964828 -0.410331100414623 0.908083619623151
1604559299.00552 82.9815031780647 -580.138218176811 56.3306672142227 -0.0577064999908562 -0.059980850809333 -0.412320740914383 0.907228672390158
1604559299.20537 83.6079926213432 -580.907195692318 56.3887026744053 -0.0650638434798436 -0.0593457523261221 -0.413986529822706 0.906013206900336
1604559299.40562 84.1865509768097 -581.691974678104 56.4871036989852 -0.0604956113459275 -0.0608844875303237 -0.41625082686739 0.905189819495484
1604559299.60554 84.7837800490689 -582.489629226869 56.5655994880857 -0.052123493316075 -0.0639449994262545 -0.417920929785803 0.904729945862231
1604559299.90529 85.6953070878363 -583.637819335139 56.65045662467 -0.0648524607066198 -0.0519779027420328 -0.420429437273264 0.903510677436035
1604559300.10526 86.2640969748431 -584.434579680715 56.7430315841617 -0.0571256938121789 -0.0595595406115589 -0.422133504724778 0.902769417081346
1604559300.30587 86.8521903424222 -585.212032850488 56.7260155272107 -0.0550734648966304 -0.0585284584380709 -0.423995737710589 0.902091429634711
1604559300.50572 87.4637602806934 -585.989621410576 56.8162379827095 -0.0657928215787288 -0.0550954002057392 -0.426345680457491 0.900480517423957
1604559300.80606 88.3285616321176 -587.220374879035 56.9631841212474 -0.0537836538226231 -0.0473214785570704 -0.430947260798757 0.899529018241607
1604559301.00702 88.9249706623907 -588.068636678837 56.9832296670915 -0.043478181753528 -0.0408104928617889 -0.433740732480689 0.899062360668547
1604559301.30569 89.8296847535812 -589.314418095015 57.0050549447812 -0.0455599604344229 -0.0231447757622315 -0.436902094371442 0.898056328575205
1604559301.50598 90.3906980504785 -590.179687673091 57.0308552798567 -0.0365155772185838 -0.0257502336357187 -0.438300824732481 0.897717062958551
1604559301.80594 91.2985056892538 -591.46968644294 56.9496173340417 -0.0281450293397452 -0.0218453851816253 -0.437978112408234 0.898279360511557
1604559302.00615 91.9311246048988 -592.359909873408 56.9520409446533 -0.0320582860690124 -0.0196605795900216 -0.437789749558769 0.898290522651648
1604559302.2059 92.5305917341895 -593.24534193239 56.9464058671061 -0.0258079946725917 -0.0229888353555548 -0.437938579825418 0.898340281385885
1604559302.40592 93.1549714681149 -594.13781713588 56.9228795679387 -0.023452057098726 -0.0246933180433077 -0.437453643535233 0.898595877366238
1604559302.60585 93.7744341923731 -595.020719320451 56.9178778021647 -0.0226222435741724 -0.0260069149963833 -0.435915684960147 0.899327187442794
1604559302.80599 94.3933566344023 -595.907393748558 56.9112916534457 -0.0177258504780392 -0.0297706526844127 -0.43443113976705 0.900038380995098
1604559303.10574 95.3257364137395 -597.202309435282 56.8839426123683 -0.0215887301311848 -0.0315202586722191 -0.431268698507355 0.901414283064303
1604559303.30575 95.9374145773103 -598.056856799128 56.8942709082896 -0.0214628715518064 -0.0341327425892682 -0.429322162741763 0.902250952677148
1604559303.50605 96.5639739141786 -598.935763467143 56.9242286585944 -0.0190984705610218 -0.0349702246747047 -0.428392065359682 0.902714002409011
1604559303.80572 97.5141735149569 -600.187417680124 56.8481646352723 -0.0151137549899302 -0.0337859390940534 -0.42569549584852 0.904109191162174
1604559304.00595 98.1221035336485 -601.026322771121 56.8829246390164 -0.0149841993110991 -0.0333104893046307 -0.424619601967175 0.90463477641451
1604559304.30602 99.0678220540925 -602.287890985274 56.8672803418647 -0.0142661878609365 -0.0365028188368376 -0.422980468061053 0.905290861402972
1604559304.6059 99.9944425691202 -603.52557016982 56.8746202585856 -0.0171074205715473 -0.0403027653577308 -0.422303314348452 0.905396561709962
1604559304.90595 100.914446585274 -604.716865519158 56.8430173278569 -0.0199245155144528 -0.046374334793063 -0.422435820206924 0.904986415677119
1604559305.10573 101.528883927452 -605.503970103419 56.8475205265508 -0.0250232239523146 -0.0521864769569596 -0.421973323039463 0.90475904224765
1604559305.40592 102.423947968243 -606.734576163267 57.0030075800492 -0.0247032632675892 -0.0563862415578621 -0.420987059890824 0.904975268143495
1604559305.70613 103.346153683152 -607.895707974673 56.9881228343125 -0.0264595843788191 -0.0565292119236307 -0.416558638740383 0.906963747392669
1604559306.10593 104.556708849921 -609.4358142487 57.0943597678326 -0.0269289060457869 -0.0559981043680556 -0.411412109751291 0.90932894063499
1604559306.4059 105.469369718391 -610.567950752488 57.1932796522012 -0.0291086185689885 -0.0547345160509493 -0.408618808717813 0.910597326066637
1604559306.80588 106.650004960992 -611.980716596051 57.2842864637286 -0.0339408088138653 -0.0599063553334739 -0.406004747701674 0.911273501716922
1604559307.10618 107.520556113319 -613.071521559049 57.2822179480657 -0.0312308457961588 -0.0574027828763994 -0.403461775967996 0.912659931256792
1604559307.40611 108.460568736352 -614.19534763966 57.3699541122274 -0.0265659196779622 -0.0358795263095406 -0.401800173189684 0.914638470833262
1604559307.60623 109.069951343873 -614.926506960332 57.3688637191223 -0.0226671530346146 -0.0275331403278188 -0.400673652586512 0.915526488136732
1604559307.90624 109.958472161446 -616.022907397763 57.3401857570624 -0.0209536721569019 -0.0309275835114807 -0.398909918530955 0.916228849741651
1604559308.2054 110.900859227744 -617.123054489456 57.3077565401458 -0.0142992627867353 -0.0339075417397059 -0.397351848272594 0.916928196955072
1604559308.50518 111.850086811775 -618.233708296506 57.3252590808124 -0.0208886119038785 -0.0336031424846172 -0.395550370349939 0.917591629878953
1604559308.80547 112.801437784129 -619.3460610299 57.2835974465311 -0.0161936547102105 -0.0346437546150457 -0.394960252718471 0.917901941705028
1604559309.10532 113.747732418602 -620.466540128019 57.3055009462236 -0.0180764550981762 -0.0361678366414936 -0.394310711295679 0.918087246573687
1604559309.40573 114.692504941373 -621.531590514012 57.2756557282336 -0.0219547147794641 -0.0419969069915758 -0.393046972797833 0.918296426801582
1604559309.80618 115.886303109588 -622.948586873245 57.3542795701185 -0.0154556501384601 -0.0614439667419002 -0.39039343916981 0.918465418229225
1604559310.10674 116.838968374356 -623.930837719499 57.3777940790069 -0.0380305063240734 -0.0593222571647176 -0.385619471011131 0.919963137289051
1604559310.30584 117.418687276851 -624.596421416178 57.4499013780277 -0.0334538367211425 -0.062207085013006 -0.38328973764963 0.920923501923639
1604559310.60585 118.296036833706 -625.550123674501 57.5090440843515 -0.0314079252656708 -0.0664903265669041 -0.376144213286636 0.923638516690653
1604559310.90592 119.168594042276 -626.436165634157 57.6254513903637 -0.0348115231723662 -0.067051428088517 -0.369390384676492 0.926198147025928
1604559311.10567 119.74558143512 -627.003783196776 57.6557642568725 -0.0379088340213145 -0.0669179044642755 -0.363299465264011 0.928492548652997
1604559311.40543 120.569726517601 -627.833078434166 57.7454233730895 -0.0351035063191397 -0.0650434882077395 -0.356328038575924 0.931432991368948
1604559311.60581 121.121610605052 -628.357702441936 57.7993034227517 -0.0356301495301068 -0.0682872435480739 -0.352285194384777 0.932717795815191
1604559311.9056 121.954061312539 -629.117382682282 57.8479275201546 -0.0429802194749366 -0.0681580885834015 -0.347313504876765 0.934280742081715
1604559312.20539 122.780704611717 -629.885799036718 57.9457647809661 -0.0440957069246001 -0.0747637787210791 -0.343029522410137 0.935305668098531
1604559312.50532 123.63254747568 -630.659640997397 58.0464534956275 -0.0480376260484649 -0.0733623377436174 -0.339159551738298 0.936632880241291
1604559312.80522 124.528338656251 -631.458860451873 58.1452575029309 -0.0539017439476317 -0.0703875106384103 -0.335333475854861 0.937918791962625
1604559313.10522 125.474181534211 -632.276455435371 58.2532929782801 -0.0487315017518919 -0.0659005119681827 -0.332567508562071 0.939511157734784
1604559313.40614 126.427015035984 -633.108903287915 58.3353891549849 -0.0547753272165042 -0.0636641803377829 -0.329705064877678 0.940340951923423
1604559313.70611 127.397627180962 -633.929133364041 58.4202332323045 -0.0602007826997823 -0.0598790649803605 -0.328222048917926 0.940776620640378
1604559313.90602 128.065995003102 -634.499731270163 58.4562389728566 -0.06655585501919 -0.0578144848098592 -0.326939991658772 0.940924038040796
1604559314.20582 129.080732069572 -635.322956802352 58.5442592099171 -0.0720477383153799 -0.0554732822436883 -0.32722939742411 0.940559811932343
1604559314.40622 129.747317360681 -635.907849736311 58.604781516115 -0.075269979006774 -0.0552097998655441 -0.327532410175638 0.940217436843023
1604559314.70573 130.744087111194 -636.757109301974 58.6859087188198 -0.0803795080765285 -0.0536586948869053 -0.331276003211509 0.938571301948135
1604559315.00586 131.703323708005 -637.640211374273 58.8037189337022 -0.0845238268119893 -0.0520843139192361 -0.337255294412688 0.936163347570941
1604559315.30592 132.648340095525 -638.542745987768 58.896030203754 -0.078970939305451 -0.049922537254961 -0.345743667040351 0.933666240002675
1604559315.50609 133.239302061704 -639.148824672608 58.9388278201633 -0.0724903604251594 -0.0520692494209499 -0.350667512034607 0.932237221373202
1604559315.80588 134.131836740844 -640.03477872347 59.0389874653042 -0.0776618444528049 -0.0478915979269541 -0.358682200329186 0.928989834137707
1604559316.10573 134.985668751326 -640.960299437421 59.1098115869361 -0.0725196924457392 -0.0528979636010527 -0.366194173525421 0.926198967247573
1604559316.40544 135.848334021853 -641.869068903173 59.1906138417859 -0.0727234967726133 -0.0499293210893699 -0.374097907179602 0.923184224170106
1604559316.70556 136.655568185313 -642.787856824604 59.2838966168142 -0.0721548980449673 -0.0530213840118105 -0.384313341342593 0.918850183213609
1604559316.90553 137.168054652713 -643.393188140441 59.3441449613854 -0.0694070789674265 -0.0540036101051305 -0.390344956969035 0.916458990928489
1604559317.10545 137.676728008054 -643.987404535699 59.3820685694571 -0.0710377780656996 -0.052640504585347 -0.39422655670802 0.914750257365707
1604559317.40547 138.434749207617 -644.887153667852 59.4999909584446 -0.0716588822827439 -0.0520550403908397 -0.398243843580438 0.912993493082057
1604559317.70559 139.131850818678 -645.767626151198 59.5447841660401 -0.0684544813199859 -0.0543837379425286 -0.401730880049486 0.911574842264351
1604559318.00549 139.835089407301 -646.617336999826 59.629087779359 -0.0701041088461914 -0.053774325462449 -0.404385131706313 0.910311156198147
1604559318.20599 140.291762816016 -647.194882502514 59.6730717770498 -0.0690175630663676 -0.0530093964886337 -0.406059459669203 0.909693517117411
1604559318.40602 140.768177509726 -647.795886752735 59.723539006342 -0.0676561033340302 -0.0523780261336653 -0.406845393115275 0.909481181861876
1604559318.60581 141.238968496357 -648.37772889723 59.7673289400989 -0.0675863963271133 -0.0514731203271063 -0.407252377809862 0.909355869659133
1604559318.90644 141.966442065944 -649.260345508264 59.8797956288042 -0.0656693868816361 -0.0519295852600338 -0.407124331367317 0.909527695350739
1604559319.10546 142.442508717378 -649.844381010482 59.9271221237612 -0.0670161313603355 -0.0531236632012733 -0.405739837090171 0.909979065222719
1604559319.40594 143.1522289999 -650.71019314176 60.0084622259626 -0.0661392545512487 -0.0526296485336329 -0.404833107139708 0.910475630901916
1604559319.60578 143.625362841333 -651.282267449339 60.050763328128 -0.0684237277523806 -0.0536831384743253 -0.40389358744244 0.910662552291951
1604559319.80577 144.104728065113 -651.862279002124 60.0896554730418 -0.0678887752535565 -0.0539865239118677 -0.402800780721628 0.911168535716929
1604559320.00613 144.580195935715 -652.45059541507 60.1339179704216 -0.0662448791967442 -0.0542382817413456 -0.401427271858409 0.911880458274148
1604559320.20551 145.086737879474 -653.032571986997 60.1788562061291 -0.0661794965414096 -0.0505580662409459 -0.399543702021259 0.912923318987224
1604559320.50546 145.822230881633 -653.918035155902 60.2441903154092 -0.0630476229616238 -0.0462140931230082 -0.394541424464439 0.915547005465737
1604559320.70555 146.33814123803 -654.517924087206 60.2597824776258 -0.0525274586441593 -0.0392806306036798 -0.388987657393349 0.918905055238787
1604559320.90536 146.875079940104 -655.088343157716 60.2721131419496 -0.0547688290164808 -0.030491641623456 -0.381885140182804 0.922081544586394
1604559321.20617 147.691880418506 -655.910788302205 60.3360342023909 -0.0450295306851209 -0.0167304158568806 -0.365035911436616 0.929753310245881
1604559321.40593 148.245186578163 -656.449700259438 60.3287545097257 -0.0400605238596622 -0.0126839306964798 -0.349890001500628 0.935847882500178
1604559321.70593 149.099430650995 -657.169844659637 60.273956390057 -0.0359681598326991 -0.0132378695595725 -0.326862614645174 0.94429438282513
1604559322.00605 150.033403206497 -657.840744342571 60.2424922979885 -0.0396146900182524 -0.00739189496314606 -0.299157313074232 0.953352473253108
1604559322.20593 150.636253145562 -658.258622162314 60.2740066519254 -0.0338005687477825 -0.0169079438487669 -0.282140740499302 0.958628314592073
1604559322.6058 151.899544962451 -659.020568013143 60.195968587517 -0.0331567756168661 -0.0209053851405441 -0.241533097357743 0.969600616740518
1604559323.00589 153.248853486806 -659.638547999778 60.1368767547262 -0.0255240110645341 -0.0191570379330109 -0.191116919491776 0.981048345312699
1604559323.40545 154.648958726298 -660.058067602655 60.1141860674546 -0.0258020410204045 -0.0224065464261206 -0.132652996193517 0.990573260267669
1604559323.7058 155.697280233614 -660.263972956561 60.0820377644205 -0.0213446316606712 -0.025754795879079 -0.0895434572910567 0.995421049830102
1604559324.00556 156.747482541452 -660.36661865124 60.067563941167 -0.0215422364278007 -0.0268398355518082 -0.0467322096100406 0.99831440731976
1604559324.20578 157.453385879561 -660.400936045752 60.0395324192679 -0.0205523603251329 -0.0275998108817148 -0.0185087783592447 0.999236346440625
1604559324.50576 158.497381734384 -660.370471485056 60.0339299774778 -0.0195684505245401 -0.0300477869957827 0.022462452128757 0.999104421211861
1604559324.70607 159.176941084597 -660.307840305362 60.0434799660765 -0.024117756728032 -0.0324467546721029 0.0457963399319686 0.998132374572878
1604559325.00583 160.147604134066 -660.182068047214 59.9871933297723 -0.0212831200801822 -0.0351738953522124 0.0738214459508549 0.996423715094703
1604559325.30583 161.09887283153 -660.027899195956 59.9954933511589 -0.023064272732366 -0.0362096402187107 0.0965309197431104 0.994403682018579
1604559325.50627 161.69424158419 -659.903767066678 60.0120414522156 -0.0236808514580916 -0.0371426205248899 0.109042851395068 0.993060571956412
1604559325.80605 162.570092645728 -659.703634887802 59.9796317266428 -0.0156024441339996 -0.0372921740930459 0.131536695485362 0.990486726427594
1604559326.00628 163.132684238849 -659.536266178561 59.985879551967 -0.0162388219835247 -0.0381641529102956 0.148550252285496 0.988034726433814
1604559326.20631 163.704720368593 -659.368467762335 59.9977306676585 -0.0130129090349154 -0.0410781170277786 0.164486931753446 0.985437619427145
1604559326.40613 164.290565099288 -659.162932636257 59.9831980230655 -0.010783652168763 -0.0412317761665509 0.179928846182264 0.982755953322886
1604559326.60611 164.894734499247 -658.920286920066 59.9801508950366 -0.00985558518016296 -0.0402151318890333 0.196400591877798 0.979649130106261
1604559326.90634 165.845126885062 -658.523234370238 59.9781471455065 -0.00651386719089009 -0.0396046808179827 0.219874953926444 0.974702028020548
1604559327.10577 166.491791956336 -658.236289622718 59.9725782148369 -0.000505600431312606 -0.0352349445567682 0.234745715350439 0.971417877216029
1604559327.30545 167.115793611063 -657.915558402928 59.9787595857188 -0.000904905843610216 -0.0357821543189542 0.249170019994388 0.967798077965494
1604559327.90556 168.950295256428 -656.883075773121 59.9493869837398 0.00511529164471241 -0.0372004233083351 0.283729390839272 0.958168876070939
1604559328.10525 169.541375114358 -656.511145818579 59.9482018732577 0.00636388605252526 -0.0385108459854251 0.292545694504068 0.955454568424334
1604559328.30591 170.135603529531 -656.150336445459 59.9480127414682 0.0117144225899403 -0.0380348725391631 0.300997213947784 0.95279420546621
1604559328.50591 170.736654557995 -655.739352530504 59.9518520872183 0.00818135128167446 -0.03643050962315 0.309095502694642 0.950297771055867
1604559328.70591 171.325963312733 -655.323693750839 59.9299225368411 0.00693353210420614 -0.0364842539186392 0.315761841077381 0.948111430723194
1604559328.90611 171.925040332224 -654.914928751533 59.9306066029581 0.00905513300456707 -0.036396394642117 0.321933427174534 0.946019120045142
1604559329.10539 172.529303114763 -654.489778845393 59.9398466670896 0.0129149931201886 -0.0371072188227359 0.326279830950077 0.944456314066001
1604559329.30587 173.119608344976 -654.050711236439 59.9279577382602 0.0106580792531049 -0.0393219052658076 0.33013136986983 0.943055391660941
1604559329.5061 173.690662004091 -653.607005886293 59.9297886757106 0.0068653176797404 -0.0431256546519285 0.332783989194027 0.941991434069391
1604559329.70615 174.288619146875 -653.178780085069 59.9487723707026 0.0106684776294288 -0.0441783190558005 0.334374764137012 0.941343708120892
1604559329.90615 174.899106610422 -652.736920547982 59.9403322051868 0.0129375860867868 -0.0460346366773371 0.337005444644329 0.940287595032664
1604559330.10625 175.479003202469 -652.295731832879 59.9574109551305 0.011589060900677 -0.0502125823569587 0.337557726080953 0.939893170420736
1604559330.40593 176.38277684407 -651.611352768811 60.0611200842619 0.013486797798719 -0.0557426076513371 0.338526642785421 0.939207421234414
1604559330.60593 176.983755324388 -651.172313244878 60.0721883863078 0.0154674124275053 -0.0564967994047173 0.33786362524064 0.939370556036899
1604559330.80593 177.563486074526 -650.744606918923 60.1096697048237 0.0150594457929841 -0.0561081402022726 0.335991694421947 0.94007163076806
1604559331.00585 178.158296920541 -650.345157911991 60.1172438185824 0.0185619280085783 -0.0553478258930887 0.332372234683562 0.941339880494271
1604559331.2156 178.741308306355 -649.942323835022 60.1292799322676 0.0205609338592809 -0.0519314329962253 0.327470386302083 0.943209160452207
1604559331.40552 179.28279608573 -649.564609690875 60.1633256280745 0.0193819406270872 -0.0513209702886588 0.322072184537443 0.945124333796056
1604559331.70528 180.061551506536 -649.052314139874 60.231752110934 0.0182535661745029 -0.0554780184281336 0.311280159442748 0.948521828494473
1604559331.90558 180.551952041133 -648.750752772274 60.228877407414 0.0189826821202909 -0.0599431613804774 0.30281027518743 0.950974454138568
1604559332.10573 181.02876473684 -648.4677149746 60.2573560975755 0.0172417170337933 -0.0608649229370502 0.29278927499119 0.954082084938045
1604559332.40563 181.746487085552 -648.073593407247 60.2670328611071 0.0116376969068801 -0.0672387823864101 0.274678011609855 0.959111828772825
1604559332.60544 182.210309062075 -647.854532479286 60.3018897298038 0.0113126852925239 -0.068556978913464 0.260610363855136 0.962940393817304
1604559332.90538 182.920645503373 -647.528298613488 60.3632168832617 0.00776791309298488 -0.0702204646896762 0.238936599516192 0.968461691176571
1604559333.40562 183.985629426622 -647.143346464891 60.4134107922506 0.00108239978713041 -0.0863319432982389 0.197910169425394 0.97641035882208
1604559333.80577 184.791928128583 -646.885720951042 60.5276751982472 -0.00907278020904295 -0.101600112618982 0.167597923269877 0.980564142670286
1604559334.10579 185.388312119126 -646.762344766793 60.5779155419972 -0.0112578595437881 -0.111981179278392 0.142671558433733 0.983350549143083
1604559334.60545 186.389135464454 -646.650036837357 60.7241257748235 -0.0137023974912037 -0.120378509951109 0.0926513968479447 0.988300044170326
1604559335.10584 187.39573041858 -646.660888831844 60.8485385536542 -0.0150077625171268 -0.116625076047228 0.0394244952001347 0.992279732675934
1604559335.40585 187.992753093176 -646.695940812976 60.9399770013983 -0.0170026275677085 -0.112919182264032 0.0120117892962357 0.993386070896164
1604559335.90601 188.948235196584 -646.815099305957 61.0705470151402 -0.0150430504570837 -0.107951962652152 -0.0187915715459457 0.993864657401262
1604559336.30584 189.694946591267 -646.922541354414 61.1572889523318 -0.0147963589916988 -0.106869773623001 -0.033463425569858 0.993599576487172
1604559336.80631 190.640259768116 -647.055224080299 61.2634515646582 -0.0154501845949228 -0.104484332572119 -0.0431873668778636 0.993468251825441
1604559337.20572 191.449669136626 -647.185991686895 61.3733317395708 -0.0140015881916542 -0.103015992576936 -0.0496345958195219 0.993341868492078
1604559337.6054 192.312296617745 -647.325685682506 61.4634186278266 -0.0156557142041595 -0.103148069355086 -0.0559409558513828 0.992968269311517
1604559338.00546 193.247110489597 -647.501489003799 61.5523174514358 -0.0115312845017456 -0.104120802568469 -0.0610325107380151 0.992623252086738
1604559338.20585 193.739349923734 -647.588986786891 61.6156871706043 -0.014461965694086 -0.104484305395586 -0.0621633040892143 0.992476501031121
1604559338.40588 194.244014508131 -647.675076243337 61.6970325636773 -0.0143470886966508 -0.106787452045152 -0.0640604200896737 0.992112324139545
1604559338.60585 194.758436464795 -647.773426956983 61.7527004814928 -0.0140016036100719 -0.107893799182566 -0.0650068925871663 0.991935979340632
1604559338.81587 195.301630728286 -647.857923566312 61.8164780763191 -0.0159975650890639 -0.105598217155708 -0.0660019177287539 0.992087113766167
1604559339.00604 195.846728261513 -647.974129449478 61.8911771373871 -0.0141402512811804 -0.106188537097871 -0.0670971323519775 0.991978841867537
1604559339.20604 196.418949897341 -648.09008153661 61.943207032877 -0.0137495975939691 -0.105849086797244 -0.0674612252769502 0.991995918577454
1604559339.40596 197.007709520808 -648.198637714507 62.0240117826217 -0.0146375881376317 -0.105981334152621 -0.0687350813266456 0.991881639319815
1604559339.60582 197.602604348418 -648.295891787602 62.0991796274967 -0.0176668317207834 -0.102009563832787 -0.0701580542191608 0.992149071143936
1604559339.80599 198.202557897394 -648.414913382421 62.1736872246146 -0.0174720696421022 -0.10730851102771 -0.0702554320607364 0.991586498753082
1604559340.10573 199.13000367903 -648.605271701465 62.283465349262 -0.0130734610163162 -0.108091125948959 -0.0706919722394728 0.991538218208978
1604559340.30541 199.770260882669 -648.728865519075 62.3531422797591 -0.0155795700463455 -0.108185550551351 -0.0702569377637654 0.991522630273828
1604559340.50536 200.414175488684 -648.847846983918 62.429219068387 -0.0190092475174875 -0.107790879654044 -0.0699737503778396 0.991525818640284
1604559340.70574 201.087029708641 -648.985348082503 62.5169418877559 -0.0168956070085863 -0.104336449133438 -0.0687934372382897 0.992016081945741
1604559340.9055 201.747150985902 -649.107869518892 62.5882349888127 -0.0169470814415252 -0.107100932527842 -0.0671953452740616 0.991830112597808
1604559341.10581 202.413431621178 -649.228713342065 62.6855950373862 -0.0197622474795068 -0.10472016601206 -0.0671022141754014 0.992038524079445
1604559341.30585 203.100176185732 -649.359268436001 62.7708030380789 -0.0205604414421231 -0.105168060867146 -0.0668217823789553 0.991993849084181
1604559341.50587 203.798511460643 -649.4954396734 62.8594457077145 -0.0178327690415961 -0.106215860423132 -0.0672519966439582 0.991905919072108
1604559341.70584 204.507403035037 -649.62804511234 62.9509839018567 -0.0153801695732253 -0.105096771009972 -0.0677824561051569 0.992030068975497
1604559341.90555 205.221471292029 -649.74893982057 63.0028649509141 -0.0210661340623368 -0.106852787035067 -0.0694465842172795 0.99162284757818
1604559342.10575 205.936677480553 -649.892051793219 63.109278304408 -0.0221487744511652 -0.105198177897596 -0.0707020842310662 0.991687445943892
1604559342.30546 206.649334543237 -650.037216421363 63.2084621538794 -0.0226645191434964 -0.106823073961574 -0.0715329209320297 0.991442480260114
1604559342.50581 207.343740438034 -650.178736807448 63.290369786929 -0.0211836999540709 -0.105023907101733 -0.0731068066035869 0.991552633308776
1604559342.70558 208.020506516076 -650.315270505165 63.3901813406492 -0.0191616365537248 -0.103274001711496 -0.0744648836134207 0.991676506408978
1604559342.90545 208.693115836032 -650.455285296216 63.4646517749618 -0.0159768347824981 -0.102400488228215 -0.075149891507049 0.991771835941833
1604559343.10553 209.367083974276 -650.581156851166 63.5338062134116 -0.0164486564715244 -0.101891981820737 -0.0744727430375243 0.991867569933301
1604559343.30553 210.013323095191 -650.706079328246 63.6028884133047 -0.0178845431286115 -0.101173013228653 -0.0728743131371358 0.992035029117473
1604559343.50535 210.678160247571 -650.829530261471 63.6783759628071 -0.0248731002698117 -0.103776049856189 -0.0715857918923077 0.991709299521974
1604559343.7053 211.3336610306 -650.975122991764 63.781225869031 -0.0215722155488649 -0.103145724339523 -0.0718217506024816 0.991835286328926
1604559343.90561 211.98769768185 -651.120061236167 63.849151865855 -0.0175433195891474 -0.103073164458689 -0.0709316267921298 0.99198631997971
1604559344.10557 212.642462344738 -651.236997436281 63.9151001663676 -0.0131204799278992 -0.105685173438914 -0.0711205457582113 0.991766285519276
1604559344.30566 213.305283065418 -651.344947450478 63.9826052398717 -0.0170095052935434 -0.10290740120679 -0.0719290501418166 0.991941003917183
1604559344.50577 213.944487784803 -651.475437156924 64.0637326605581 -0.0203421302798194 -0.104685259936628 -0.0729782077125118 0.991615538042214
1604559344.70577 214.563563727171 -651.625032248252 64.1362919679952 -0.0146531402831985 -0.105252021899193 -0.0740240259945752 0.991578408872202
1604559344.90571 215.198814635248 -651.773192291477 64.2383202124298 -0.0125331999588438 -0.100467890342297 -0.0748519767180561 0.992041482746744
1604559345.10557 215.815491767738 -651.892508840635 64.3205853279502 -0.0161549077967125 -0.100164366691907 -0.0783666941020513 0.991748345022468
1604559345.30574 216.419534934203 -652.024650857594 64.4150192489095 -0.0183232584616355 -0.102235187940068 -0.0832693486407647 0.991099611604782
1604559345.50546 216.990909517509 -652.154125201022 64.4690441594664 -0.0193973774896069 -0.106836596294373 -0.0894047686210411 0.990058821882103
1604559345.70572 217.571993453101 -652.304168720251 64.5120531793062 -0.0210924293361668 -0.110800718470781 -0.096316625617869 0.98893954205535
1604559345.90582 218.140494945012 -652.4540620509 64.5713234348039 -0.0240642196695776 -0.112933894041068 -0.104396655775754 0.987809793012427
1604559346.10564 218.696772569766 -652.617404809168 64.6346095600166 -0.0264998084809377 -0.11355158716469 -0.112981415820562 0.986731471516965
1604559346.30581 219.215294972381 -652.787326631615 64.7122872870136 -0.0263358349685245 -0.112354123367051 -0.121938541109665 0.98580625223772
1604559346.50619 219.755535464438 -652.959789859651 64.803915880268 -0.0284083290898602 -0.109395108616726 -0.131417342606774 0.98486301540429
1604559346.70589 220.267377165277 -653.137241119569 64.8862451404125 -0.0361576063593886 -0.108869082662933 -0.141863710743525 0.983216577319854
1604559346.90589 220.746897222924 -653.32763580536 64.9877631975046 -0.0377325887415167 -0.106629795262728 -0.15432051924644 0.981525096902062
1604559347.10572 221.22325324828 -653.540788515261 65.0447277014317 -0.0376223566626828 -0.108644761623851 -0.165583320050233 0.979470794956126
1604559347.40565 221.912505803049 -653.852515619026 65.1377191750721 -0.0376716326920107 -0.106500935578725 -0.181584791018226 0.976865068718317
1604559347.61557 222.375512936346 -654.07355062032 65.2091121132715 -0.0399231021555656 -0.105071209569082 -0.192147261499936 0.974908004240421
1604559348.00541 223.260472018099 -654.504901922527 65.3325781058929 -0.0463752660748225 -0.0999918838969722 -0.207613510215898 0.971981269483655
1604559348.40541 224.084328415249 -655.000763748713 65.4633304738687 -0.0406831698223538 -0.0989634460290174 -0.221118204092854 0.969359508057778
1604559348.60583 224.521288266898 -655.243346077902 65.4859464383846 -0.0399189232191125 -0.0984092689712198 -0.226354951633768 0.968238364877395
1604559348.80559 224.967145835884 -655.479880159026 65.5598954719086 -0.0437359341975469 -0.0962666873693816 -0.231688071708087 0.967026644095695
1604559349.00574 225.405724898316 -655.729566838168 65.6173403300357 -0.0469281615476763 -0.0961978375110668 -0.236397811079828 0.965743132840517
1604559349.2156 225.855649910441 -655.998157351841 65.6828666899405 -0.0508253209761676 -0.0935483977823861 -0.240789128538504 0.964720726219607
1604559349.40561 226.317856136264 -656.290128081142 65.7812774987838 -0.0505018099841502 -0.092503254800124 -0.24524844618712 0.963714643804125
1604559349.60557 226.762137791648 -656.613385529515 65.8486270209355 -0.0450361952138149 -0.0953755209354467 -0.24857359157418 0.962853270596755
1604559349.80585 227.267028373916 -656.913304120699 65.8815277935841 -0.0459658497601296 -0.0940729584844032 -0.252176867119535 0.962000128288764
1604559350.00569 227.762295393963 -657.209405528233 65.9560269002399 -0.0498011689139958 -0.0888107944409961 -0.256145518495035 0.961260609679013
1604559350.20591 228.240500664359 -657.521132646936 66.0078117889313 -0.0493088839160154 -0.0874954460211583 -0.259031311793403 0.960633103949216
1604559350.40564 228.740135138491 -657.843584240239 66.0616856781815 -0.0505183978163354 -0.0861343749601807 -0.260929007681212 0.960179573768775
1604559350.6055 229.247836387571 -658.189895440557 66.1232012814468 -0.0496590448377795 -0.0825638029407191 -0.262264461373234 0.960174228986788
1604559350.80584 229.754428757496 -658.529634652895 66.180503528645 -0.0493409371515042 -0.0818644588196642 -0.262815217285544 0.960099913481054
1604559351.00588 230.283443274672 -658.874427810998 66.2024403804619 -0.0490872144809234 -0.078619797434351 -0.262332107895073 0.960516131042687
1604559351.20591 230.81281225991 -659.228376116582 66.2792094508861 -0.0456057723869561 -0.0718943666124163 -0.262733864731176 0.961104692475179
1604559351.4059 231.308830743654 -659.56591915359 66.3259401669277 -0.0401027966508958 -0.0701765261307986 -0.262245914775026 0.96161016064973
1604559351.60622 231.817139579142 -659.879041706286 66.3667175417834 -0.0414668875785272 -0.0686259411640753 -0.262010235907439 0.961728451130371
1604559351.80616 232.299448184045 -660.191976169777 66.4299594479545 -0.0440083721456657 -0.0663265352180496 -0.262467060975023 0.961652273854844
1604559352.00625 232.754595222491 -660.505271491057 66.4574073302695 -0.0437067223287227 -0.0661364671353351 -0.263161628059402 0.9614892862925
1604559352.20621 233.189597700019 -660.82131320416 66.5053367052972 -0.0398044457699314 -0.0699127064850686 -0.264400348383208 0.961051650715881
1604559352.40618 233.639311141558 -661.123442486649 66.5112521756979 -0.0366760985481533 -0.0686063754241761 -0.2655447065752 0.960954753282554
1604559352.60619 234.093559347943 -661.398466297475 66.5428798391755 -0.0410958097595903 -0.0652088168917156 -0.26638852737981 0.960778901256789
1604559352.80605 234.538107947851 -661.679283825004 66.5867348702623 -0.0460279503260982 -0.0651849462635798 -0.267452079097735 0.960261285252973
1604559353.00606 234.97323935915 -661.988945357418 66.6189967561886 -0.0442362761409089 -0.0654936465974431 -0.268696976888469 0.959976910524181
1604559353.20586 235.416238841035 -662.305812631004 66.676178777568 -0.0430286203374626 -0.0673595651465785 -0.269565786761061 0.95965906103314
1604559353.40569 235.872226363031 -662.629247111895 66.6821306558411 -0.0400985530142319 -0.0678806092075302 -0.269640147012151 0.959728357431958
1604559353.60576 236.361299268004 -662.954255269879 66.6977649820818 -0.0409623515812705 -0.0640059308391488 -0.269559945791048 0.959980605114225
1604559353.80571 236.875249594304 -663.29092651141 66.7549786679912 -0.0455703159514875 -0.0613961691579793 -0.269333730205909 0.960006874189022
1604559354.00585 237.378823794383 -663.645237810956 66.7968622150103 -0.0408334367835249 -0.0559130867363413 -0.269395771272812 0.960537493069577
1604559354.20556 237.922531048075 -664.0049068746 66.7879882819883 -0.0348871898693848 -0.0461565139708892 -0.267280362217164 0.961880277463954
1604559354.40589 238.464540264885 -664.380232203653 66.8076260800464 -0.0292672596785664 -0.0356493921764542 -0.266230879076504 0.962805103525375
1604559354.60586 239.020847013953 -664.748438329487 66.8071876069975 -0.0246260594518007 -0.028440983864419 -0.263392051393185 0.963955027423785
1604559354.81543 239.590447475591 -665.111798841742 66.7925682662107 -0.0211092417691761 -0.0213559858515295 -0.260026853630206 0.965134372598663
1604559355.00571 240.166999155269 -665.48390230038 66.7897299835004 -0.0202534356187426 -0.0179985784352939 -0.257206164453596 0.965976624192851
1604559355.20571 240.747037659295 -665.839159665869 66.7996066130372 -0.0255250049790946 -0.0172964759677192 -0.254615406092468 0.966550723459604
1604559355.40577 241.349268372758 -666.222164540369 66.7736805462814 -0.0257304950500093 -0.0193466204291807 -0.252900766745797 0.96695648923922
1604559355.60572 241.972951211224 -666.615443288149 66.7541955766419 -0.024499877776477 -0.0191149101290388 -0.251503446539896 0.967357427520071
1604559355.80571 242.607228900654 -666.99836442365 66.709332894838 -0.0244726976685152 -0.0191360053377218 -0.250485992044266 0.967621655482214
1604559356.00568 243.269411116422 -667.384711549025 66.6672341146663 -0.0293160100178124 -0.0160141821598731 -0.249079083608097 0.967906879630131
1604559356.20583 243.925615576841 -667.778725187634 66.661062493488 -0.0297217262436696 -0.0153517576607399 -0.248378952606351 0.968085140071882
1604559356.40564 244.588144781212 -668.190813194244 66.6125661924161 -0.0281350622948779 -0.0166288418836982 -0.247307283063364 0.968385774178394
1604559356.6158 245.289511283527 -668.598618016759 66.5655886687266 -0.0314980566837626 -0.0141818449353463 -0.245792083102127 0.968706869792763
1604559356.80547 245.986905065939 -669.001921634971 66.5373249601393 -0.0356550484692301 -0.0131553570947668 -0.244765491902151 0.968837193790713
1604559357.00585 246.679754486995 -669.441575264367 66.5227740599429 -0.0338578273606965 -0.01128673018718 -0.243570235721776 0.969226391261883
1604559357.20553 247.383505347942 -669.872747451374 66.480059871012 -0.0327231346298927 -0.0100734549077738 -0.242673341864358 0.96950367256375
1604559357.40557 248.111100761366 -670.295724492665 66.4457209650073 -0.0338762895908761 -0.0110771662715103 -0.241713955637013 0.969692764251263
1604559357.6059 248.833378180019 -670.72817543383 66.4252730593617 -0.0347660854404795 -0.0115342208704003 -0.241271539313336 0.969766118901579
1604559357.80547 249.555625410064 -671.169687912925 66.3976053399123 -0.0333185544971104 -0.0124034854056805 -0.24102896018698 0.969866520623945
1604559358.00565 250.290673912207 -671.621227636894 66.3465449694173 -0.0310080241101606 -0.0129147468077048 -0.241213676476022 0.969890547451926
1604559358.20582 251.036299511324 -672.06132874105 66.3232447039483 -0.0317734332318107 -0.0114672980071352 -0.241017966905731 0.969932621188558
1604559358.40561 251.782253152491 -672.493417147661 66.2790314304749 -0.0341958170334063 -0.0107774262525484 -0.240413046350193 0.970008278482926
1604559358.60565 252.503197495251 -672.923644026765 66.2482849105051 -0.0355593187005969 -0.00897941287623056 -0.241114682575199 0.969803389788161
1604559358.80572 253.188367679714 -673.34067542702 66.1880249289968 -0.0329485082990549 -0.009200914464729 -0.241862156122146 0.969707397316235
1604559359.00592 253.839400188933 -673.741494939045 66.1511236040112 -0.0307635929935561 -0.00643392396140334 -0.242738731847761 0.96958244313185
1604559359.20544 254.465078977252 -674.101354549769 66.0947466542457 -0.0326994574992273 -0.00754007096771591 -0.243629708575763 0.969287603298601
1604559359.40545 255.055898583236 -674.463114838067 66.1022061191984 -0.0354759365814965 -0.00873085188370134 -0.245607017627035 0.968680764256937
1604559359.60545 255.59922019691 -674.800318146828 66.064962103753 -0.0361282667977767 -0.00996790777976543 -0.247548769434785 0.968150296133822
1604559359.80572 256.118812445009 -675.131682999477 66.050845694336 -0.0374154324385327 -0.0139674131064391 -0.249877511366077 0.967453474902048
1604559360.00557 256.626253236616 -675.465880589635 66.0358464592027 -0.0354295083641018 -0.0134869693649547 -0.25223019311088 0.966924392741064
1604559360.20588 257.116202559772 -675.781667858417 66.0256863309993 -0.0374020210844251 -0.0122252582739685 -0.254095081662159 0.966378456586257
1604559360.4055 257.586883162348 -676.081661186676 66.0097106387444 -0.0371755337048825 -0.0127034074295296 -0.256295400171375 0.965799808958581
1604559360.60547 258.057892361529 -676.37661818845 65.9939184743872 -0.0394365622485989 -0.0118124364918643 -0.257622470097465 0.965368264862182
1604559360.8056 258.51036505277 -676.671337519302 65.9857602867388 -0.0397262073455355 -0.0123192196802272 -0.259267253323818 0.964909610601083
1604559361.00551 258.961891445243 -676.97409064087 65.9623608637761 -0.0388068707849079 -0.0131306567154462 -0.260647418919773 0.964564427938624
1604559361.20551 259.428381039849 -677.28173223669 65.9487517783538 -0.0395617824573519 -0.0129687918382061 -0.261505802676287 0.964303578223002
1604559361.40613 259.898199752425 -677.596216696429 65.9406081202834 -0.0404010206741872 -0.0133002157602771 -0.262447207701951 0.964008467265025
1604559361.60586 260.36602552264 -677.902850758013 65.9223961759301 -0.041843815013877 -0.0136154928018266 -0.263133534653599 0.963755392431892
1604559361.80568 260.840688896804 -678.216921353197 65.9137401649267 -0.0420583246688921 -0.0126927176228394 -0.264323536431286 0.963432955806397
1604559362.00589 261.301040572875 -678.537131216124 65.8903994069725 -0.0410423641354483 -0.0132547293056605 -0.265437623584697 0.96316286498334
1604559362.20631 261.767565296126 -678.845050338931 65.8705935133091 -0.0426236131355646 -0.0108202270212507 -0.26605164820989 0.962955175891007
1604559362.40605 262.230918450955 -679.148952142312 65.8635617986222 -0.0447725152370551 -0.0103453579940673 -0.26729856466187 0.962517466219199
1604559362.60605 262.664269230407 -679.443872871884 65.8469091098536 -0.0455553432797291 -0.011213911828476 -0.268233935041244 0.962210743534107
1604559362.80617 263.089255536491 -679.738103336296 65.8414965117021 -0.0462181214154002 -0.0118277122535702 -0.269649644588005 0.961775992447951
1604559363.00634 263.494225893349 -680.041870094966 65.8311233468 -0.0439701778463255 -0.012957477485513 -0.27105686989472 0.961471216688389
1604559363.20543 263.915171776286 -680.325745672281 65.8082275382315 -0.0437663419305705 -0.0140943361533193 -0.272395909149838 0.961086013674555
1604559363.60558 264.732454621017 -680.887069754213 65.7890787029769 -0.0454076900246619 -0.0124230689343592 -0.275151071509534 0.960247726835128
1604559364.00581 265.514688389865 -681.450178179412 65.7746633743882 -0.044817438236738 -0.0110624504199607 -0.277901317138577 0.95949980581199
1604559364.40579 266.27724038713 -682.006573538857 65.7330689717113 -0.0462256287132611 -0.0125466056619884 -0.280902638372206 0.958540286942578
1604559364.8059 267.058976725433 -682.598241305297 65.7205967848347 -0.044876030780751 -0.0106016245234627 -0.2890195601401 0.956212027363833
1604559365.20579 267.832565761114 -683.23662055628 65.6992818388474 -0.0448022410376787 -0.00296624026545236 -0.304846645129826 0.951342463873961
1604559365.40592 268.206306465347 -683.570210338708 65.6513628776411 -0.0393703645936572 0.00650377754341379 -0.315595825688657 0.948054297009049
1604559365.60576 268.605513232421 -683.91467615146 65.6011208666815 -0.0437717684490433 0.0159963298922792 -0.325558737935957 0.944372626599462
1604559365.80597 268.991266888342 -684.280564155142 65.5788783778594 -0.047494846421795 0.024345095261878 -0.339522702707396 0.939082472547712
1604559366.00579 269.340673288536 -684.685986494679 65.5593672178815 -0.0404673617526191 0.0293753887850115 -0.356466414511075 0.932969010467191
1604559366.20567 269.696272401764 -685.095184117372 65.5057142982421 -0.0427363587163164 0.0392620465941108 -0.375060810295725 0.925181865322287
1604559366.40576 270.031005367422 -685.513944879067 65.4634446714276 -0.0526106358909766 0.0451859383830224 -0.396131833763435 0.915570817710357
1604559366.60567 270.309390094989 -685.947651931114 65.3987188855116 -0.0535413392590991 0.0463273063434884 -0.419595106651187 0.904945883548667
1604559366.80562 270.573939323982 -686.399098844253 65.3202570835233 -0.0574716533205709 0.0487903999669422 -0.44308407076549 0.893304546148484
1604559367.00627 270.852112753737 -686.918768011397 65.2660622629105 -0.0596818279528989 0.0527380300887294 -0.46712349387298 0.88059776349163
1604559367.2063 271.091131868458 -687.409404757193 65.2267764200651 -0.0667564839447957 0.0547380503467631 -0.489609295470802 0.867657798607348
1604559367.40638 271.301874024972 -687.93777126207 65.1709235890455 -0.0666468843993317 0.0589075893498384 -0.513264871188985 0.853608376669423
1604559367.60628 271.490090811433 -688.489867135745 65.1554664929337 -0.0725333604643364 0.0574313655050219 -0.536108739013116 0.839063745987005
1604559367.806 271.641076281851 -689.062195650589 65.1027363675958 -0.0744717152722145 0.0612195604244797 -0.558702848116613 0.823745868913607
1604559368.00615 271.771444870266 -689.63843509609 65.0838692454461 -0.0807733252929789 0.064387244758181 -0.580071039705003 0.807989815238485
1604559368.20602 271.850367794205 -690.217639962406 65.0123543964071 -0.0800641214074628 0.0643596480842702 -0.60224357082348 0.791675598691475
1604559368.40599 271.923544244407 -690.786828388496 64.9895765484468 -0.0857206820072633 0.0684793277475452 -0.622316652488066 0.77503840574742
1604559368.60629 271.944392311732 -691.355585889344 64.9526495628409 -0.0864757064094348 0.0681797262207032 -0.642943060983675 0.757956263557734
1604559368.80603 271.93231978838 -691.898848449252 64.9219306338566 -0.0881121767150435 0.0696261076024013 -0.66211677202843 0.740938478993585
1604559369.00611 271.882393685684 -692.431856478502 64.940846717436 -0.0870927138441325 0.071354983037787 -0.680887795225991 0.723681653700873
1604559369.20575 271.816245332598 -692.934295786274 64.925095208983 -0.0890969352470173 0.0692536052959363 -0.699204027249018 0.705959915690585
1604559369.6057 271.611584281402 -693.877482070372 64.9248155411264 -0.0913581025815113 0.0679945657767121 -0.73295562805666 0.670676138995275
1604559370.00596 271.318771483805 -694.675193515906 64.9458294583597 -0.0886989453167278 0.0598451136822763 -0.765760297303627 0.634162618372856
1604559370.40594 271.006612983666 -695.387716621795 64.9408395001359 -0.0884466084715494 0.057223185835186 -0.794268645197838 0.598364457256898
1604559370.80603 270.623185110946 -695.987977254892 64.9812545730732 -0.0839498205169983 0.0472216995268427 -0.81925622644949 0.565280261598352
1604559371.20606 270.258561861371 -696.540950054122 64.9824936352316 -0.0831333354366895 0.0432002321114454 -0.839918534821502 0.534564723254341
1604559371.60604 269.893950508237 -697.022228247434 64.982036667879 -0.081197808978068 0.0411410423908634 -0.857250951997024 0.506789044621478
1604559372.00602 269.525533686041 -697.443608095229 64.9916676039203 0.0783441134484533 -0.0372289150244243 0.873265263030087 -0.479462186370389
1604559372.40605 269.148209111957 -697.803398539568 65.0253519945017 0.077484844126941 -0.0372445583660041 0.889194591538694 -0.449379483489267
1604559373.00635 268.556737062091 -698.249629827303 65.0560999514818 0.0736701344237633 -0.033217853733546 0.912678013121267 -0.400609697651389
1604559373.60638 267.957749969575 -698.614629405692 65.0807268830979 0.0728844377148406 -0.0353072839665389 0.935795992182676 -0.343113852026901
1604559374.11614 267.417570303521 -698.832517662679 65.0941028520947 0.0700983538141751 -0.0339314159370735 0.952951081536304 -0.292948998980773
1604559374.5062 266.939740625759 -698.987352564605 65.1375078687721 0.0686099354670061 -0.0372104063046611 0.966228958984134 -0.245580254170182
1604559375.0064 266.284776058032 -699.089297158711 65.1495333184127 0.0654621522757787 -0.0355653210402904 0.98100874794075 -0.179085596915124
1604559375.40561 265.713112813901 -699.121002041541 65.1824968824937 0.0641825866359519 -0.0358828849995503 0.989892571239961 -0.12126710823948
1604559375.9056 264.973503035255 -699.056004461157 65.229882567755 0.0613181583678506 -0.0397372773849713 0.996299725138677 -0.0452536178553881
1604559376.30617 264.352138021816 -698.913967846369 65.2565876506493 0.0589140406140672 -0.0431753686859174 0.997129349954927 0.0199520128263851
1604559376.70591 263.718405131101 -698.6750771783 65.2846772890074 0.0556183379435797 -0.0462943313984433 0.99342220863235 0.0887454267035132
1604559377.10595 263.080825853473 -698.324330708153 65.3080884877433 0.0527422989957638 -0.0456746240082298 0.985033938611548 0.157607799305014
1604559377.50558 262.446167557954 -697.906952202597 65.3516315522706 0.0490426453193465 -0.0457755035259631 0.973578755310563 0.218274665101015
1604559377.90607 261.815854604931 -697.412278975832 65.3685540402068 0.0462480045448082 -0.0449798911397374 0.961709587181711 0.266369295136402
1604559378.20601 261.350205812271 -697.016517329604 65.3860026924204 0.0435651579556521 -0.0458494071754772 0.954057615671424 0.292871942755385
1604559378.7061 260.585406193042 -696.32382169866 65.4252609472608 0.0414208340754426 -0.0457178277651078 0.945128637160925 0.320820906343814
1604559379.10589 259.992373276243 -695.768061527748 65.4386583327808 0.0429142864312813 -0.0456872299952319 0.940216022728275 0.334760917134125
1604559379.40549 259.53667372468 -695.334655337929 65.4693742923258 0.042564821641717 -0.0444478258164725 0.937871658059421 0.341481155772423
1604559379.80591 258.906933454311 -694.743537292983 65.488958170759 0.0434933794250202 -0.0445606928790459 0.937371207696306 0.342721300152616
1604559380.20633 258.241403983569 -694.166168059559 65.5235335810025 0.0438294352698234 -0.045867141481694 0.940087766358522 0.334977876104188
1604559380.50644 257.716750317223 -693.718844358732 65.5634017509391 0.0439902253488706 -0.0450415544134054 0.94282495631992 0.327287671918941
1604559381.00614 256.79394177016 -692.98259204997 65.6047218347228 0.0449108901371432 -0.0458422680103434 0.947679435850568 0.312706228394488
1604559381.50617 255.847191169557 -692.29028850991 65.6607375802513 0.045017369719937 -0.0484479134636227 0.952323742265347 0.297835065132105
1604559381.90607 255.06965815829 -691.712210089671 65.6861772805081 0.0474642351364197 -0.0464657125753832 0.955666114111218 0.28686296776918
1604559382.20603 254.436897255914 -691.280285459394 65.7365778282117 0.0475826328053285 -0.0492628640983358 0.957610002448537 0.279807338157265
1604559382.50639 253.816700795865 -690.858658997603 65.7517802434402 0.0458968755450273 -0.0481607086215108 0.959266277203835 0.274558249520524
1604559382.70603 253.388140896019 -690.5666860044 65.7613059941729 0.0438790426059759 -0.0499143243044475 0.959776060369821 0.272787653295011
1604559382.9062 252.962002948443 -690.266331387142 65.8207178117273 0.0434286315621494 -0.0482077222056969 0.959912086210162 0.272688019956933
1604559383.20639 252.332971599906 -689.822932712255 65.8313128161079 0.0441381593421618 -0.0459556370433759 0.960156238533163 0.272102737802602
1604559383.40639 251.887809870233 -689.526047064278 65.8486745904433 0.0418307099360051 -0.0479022715569101 0.96020156455811 0.271971541720996
1604559383.60629 251.456902246694 -689.222548207114 65.8797646987404 0.0429613957906837 -0.0466318060677946 0.96021419129692 0.271971505798998
1604559383.90623 250.82128584348 -688.77861999737 65.9184942615637 0.0445669138604886 -0.0460000523800771 0.96026848989985 0.271628814147992
1604559384.20644 250.190206895993 -688.345769083799 65.9323641115366 0.043917179748633 -0.0460411096464339 0.960399997080959 0.271262498610378
1604559384.4063 249.774333937095 -688.064092479951 65.9500696186657 0.0436231386659345 -0.0475808683326956 0.960465201511418 0.270812997153517
1604559384.70624 249.170394210475 -687.65621355242 65.982824176555 0.0428866415294241 -0.0467540941151528 0.960639224144192 0.270457153163754
1604559385.00619 248.572044501468 -687.246998860403 66.0134078170007 0.0411694167001142 -0.0464860645084915 0.960671086373094 0.270656957682274
1604559385.40635 247.810800856581 -686.718668502859 66.0623376408664 0.0398038004907958 -0.0454245185747366 0.96040416567042 0.271985494358884
1604559385.70691 247.25061754999 -686.337704063227 66.0462911097645 0.0391777337228283 -0.0480746902389963 0.959396155761894 0.27515985471734
1604559386.00608 246.72371279681 -685.940029591699 66.0867841490912 0.0381836423158586 -0.0485465899247561 0.957494407572734 0.281761774435623
1604559386.50621 245.859733670506 -685.254550957566 66.0898197047291 0.0359231050353718 -0.0489333937633763 0.952237011506938 0.299265312750663
1604559386.9063 245.208835729241 -684.647866903111 66.126486713414 0.0349344559701191 -0.0487714622702782 0.943729884921564 0.325230429941637
1604559387.20638 244.74888793181 -684.173574000638 66.1499922081156 0.0300372913830722 -0.0518916538595048 0.934494442476098 0.350891941154795
1604559387.71603 244.123773204172 -683.336909737037 66.1868604810396 0.0315498702897164 -0.0478568129792165 0.915050664598507 0.399245053011312
1604559388.20636 243.591887889676 -682.450560691489 66.2160507140753 0.0316487396601777 -0.0488574600497938 0.892973943730036 0.446328177123774
1604559388.70596 243.199687981008 -681.580544849284 66.2417552804428 0.0294090836990634 -0.0450709403114838 0.868354123459065 0.493016056946484
1604559389.10605 243.003599897845 -680.969529428274 66.2519720306616 0.0292579221135008 -0.04541643948666 0.848375397713972 0.526631280472035
1604559389.60645 242.845066211834 -680.307080215565 66.2666148005992 0.0266458578032821 -0.0468774512992279 0.825351905202484 0.562038019532705
1604559390.20599 242.738292087535 -679.657938735698 66.2907938875585 0.0269430042835039 -0.04651479012792 0.801091402453715 0.596123320911265
1604559390.90561 242.694091934505 -679.033736675254 66.2946783555243 0.0275911164108757 -0.0465157552973787 0.776588391503784 0.627682630782373
1604559391.80575 242.700159369012 -678.365325879385 66.3126218699332 0.0266676692922251 -0.0498083281478189 0.748639180487066 0.660565926536703
1604559400.10581 242.751748067749 -677.82530825959 66.293895709779 0.0252865339897663 -0.0482258353817356 0.723201820429056 0.688486736930071
1604559401.20638 242.82740641425 -677.319032368081 66.3270631306991 0.0235191052651488 -0.0508797652534529 0.700333559282799 0.711611556200128
1604559401.90653 242.970585980342 -676.679797204018 66.3460274821071 0.0200873528277624 -0.0499659840250263 0.671947464906962 0.738638276223139
1604559402.50605 243.125630153727 -676.033898114414 66.3709046476106 0.0168074371251593 -0.0513177110607901 0.64833885776774 0.759434479133775
1604559403.00603 243.31599086439 -675.420812093614 66.3806954569754 0.0176303989145656 -0.0495550534013953 0.632540229843942 0.772739492549379
1604559403.80609 243.648925594078 -674.261509622399 66.4016654216593 0.0162443939015102 -0.0515380945799041 0.622417507423584 0.780817770626706
1604559404.50648 243.926762034404 -673.048736602565 66.461646408328 0.0137327781711686 -0.0519862904930971 0.633998042828949 0.771463102224293
1604559404.80627 244.036592468023 -672.504016673814 66.4981103071768 0.0163899391760586 -0.0491198260720015 0.645370299505767 0.762112714167857
1604559405.10649 244.112436239295 -671.963810934743 66.5064795582081 0.0165400585662232 -0.0482715563296172 0.662082883801882 0.747691472660165
1604559405.40611 244.131867195666 -671.425115080724 66.5196163400232 0.0210825927797488 -0.0472914398917076 0.681716862037618 0.72978158650944
1604559405.70588 244.120608027264 -670.904352668216 66.5345702369296 0.0205412923273027 -0.0496429829055443 0.703583569279951 0.708578711645395
1604559406.20629 243.997663569847 -670.052188658593 66.5491727812242 0.0213735794980084 -0.051076951696429 0.741543224688966 0.668616452850759
1604559406.70609 243.803104832038 -669.268565521101 66.6013540035122 0.0263729585634012 -0.0529655840384125 0.780112835947503 0.622834710941857
1604559407.40622 243.37746457051 -668.237762514274 66.6289045907925 0.0333445157017771 -0.0516429036514667 0.829009772912608 0.555845257414728
1604559407.706 243.120689118371 -667.782780606939 66.6411657300931 0.035435003999377 -0.0522476761420141 0.849139527710293 0.524382115741245
1604559408.2058 242.591865344931 -667.046325996609 66.6826117747006 0.0378434362715815 -0.0543751888833519 0.879515174110483 0.471236959155863
1604559408.50596 242.240940398862 -666.598756578561 66.7161877994069 0.0403532909992595 -0.0528321341820412 0.896000273816926 0.439048843323033
1604559409.20574 241.196786068834 -665.539169766722 66.7621161544772 0.0404958432111626 -0.0539156533555588 0.927031595428104 0.368870722725298
1604559409.60607 240.478351879726 -664.9473962258 66.7799682638495 0.0379310271947558 -0.052526972323986 0.94109945287773 0.331864391201683
1604559409.80612 240.074047454476 -664.621042855252 66.7935706276374 0.0320386740405543 -0.0509038151017736 0.946951364728538 0.315698333560008
1604559410.50576 238.453246283118 -663.491297057161 66.8000237432792 0.00386081089452997 -0.0363319626468896 0.961317477181245 0.27300877402631
1604559410.80601 237.694914132997 -663.031614990892 66.7626662494085 -0.00509262515374748 -0.0387000740781023 0.965262228699791 0.258350922740574
1604559411.50567 235.844527254186 -661.889417892056 66.6501725024051 -0.00436141468562424 -0.0347636052252855 0.968416176280159 0.246865508592426
1604559411.80568 235.004329167554 -661.381432202219 66.57489689899 -0.00664192417322739 -0.03756740012277 0.968341154808299 0.246698162124937
1604559412.10588 234.094868527803 -660.850083276126 66.522984663439 -0.0130136676916835 -0.041998626720254 0.96759564944566 0.248647177704984
1604559412.70575 232.350136823792 -659.702002027895 66.3691278770059 -0.0146682019777411 -0.0356846415780409 0.966433308634596 0.254004153839607
1604559413.4062 230.224537646599 -658.317101678323 66.1758173968103 -0.0228344096036024 -0.0266749918247082 0.965286727062508 0.25882150047119
1604559413.80587 228.981303975149 -657.517183752649 66.0357825243444 -0.0281090207863653 -0.0296571795737721 0.964486498254642 0.260952350697707
1604559414.10612 228.065074029235 -656.922191846651 65.8964129490633 -0.0343805225286353 -0.0372858826724689 0.963925387389767 0.26129598192372
1604559414.30589 227.439457788727 -656.526407934259 65.8363357777836 -0.0365732495147816 -0.0379749648019714 0.963798217780437 0.261368121375717
1604559414.60587 226.518517022108 -655.890371975488 65.7210628890432 -0.035948802182862 -0.0303127581968574 0.96354238413779 0.263391143135414
1604559414.9059 225.586798339749 -655.308143818916 65.5799778568428 -0.0402602634681124 -0.0408110917374399 0.963682776316675 0.260823834430947
1604559415.6072 223.426788823711 -653.92679709926 65.2834433490474 -0.0452447207556844 -0.0341573067026352 0.966577204998496 0.2500293991111
1604559415.90613 222.448577269719 -653.397994672607 65.1650260272604 -0.0460757343451404 -0.0370729935226076 0.970569851713352 0.233445460013579
1604559416.30617 221.149601590078 -652.778893071761 64.9722689915445 -0.0448740458913402 -0.03771553039604 0.977864292609061 0.200861355199224
1604559416.60618 220.14840079841 -652.395137815724 64.8166750071931 -0.0478893321179926 -0.0473236661418486 0.982300756606612 0.174792179637033
1604559416.80628 219.45302977809 -652.164428963239 64.6932157014908 -0.0486534036519013 -0.0513340055353329 0.984982678856675 0.157501709645042
1604559417.1061 218.420510116972 -651.856064897788 64.6112431464461 -0.0465335116754261 -0.04959537886843 0.988080531281063 0.138100667592095
1604559417.40616 217.442929913693 -651.568507925777 64.4504916846528 -0.0407907968140121 -0.0543454857449302 0.990667637675185 0.118153758880085
1604559417.60595 216.747366790549 -651.404658259917 64.3721101883433 -0.0371724185426192 -0.0552700367727868 0.99203783160121 0.106884867997281
1604559417.90605 215.675580966184 -651.148700034507 64.2201173299025 -0.0356150541414695 -0.0519268823875867 0.993861575016104 0.0909633800521643
1604559418.20636 214.554133297327 -650.891864422297 64.0849235832291 -0.044541378589865 -0.0452479278107285 0.994648272683941 0.0815076945386252
1604559418.50655 213.426795955589 -650.684958502509 63.9517399552294 -0.0386062597809941 -0.0524181137414704 0.995288624006832 0.0718502121089123
1604559418.70624 212.686043722715 -650.544978608435 63.8596539936769 -0.0398700515882715 -0.0503434345400497 0.995628290186186 0.0678249612310453
1604559419.0161 211.503894367871 -650.305076404657 63.7182554142439 -0.0339841945262663 -0.0366054507619788 0.996840757043854 0.0617545188075203
1604559419.3062 210.324678547814 -650.134585167197 63.5626073146025 -0.0373874171280059 -0.05098909213027 0.996225007115214 0.059481330873805
1604559419.6061 209.09974795245 -649.895030111039 63.4509072975588 -0.0351823775527785 -0.0399451389935431 0.996796310702251 0.0596967432185451
1604559419.90611 207.842590558788 -649.6788754137 63.2721197209666 -0.0381834987522902 -0.0514173641801071 0.996248572030801 0.058198434776155
1604559420.20637 206.59440200779 -649.454841393664 63.1554489818026 -0.0408629120439808 -0.0409333772725079 0.996516369388545 0.0600816659641342
1604559420.40702 205.743154597775 -649.311328345095 63.0073250880005 -0.0386495192794159 -0.048505890917894 0.996319547636623 0.0591671547641709
1604559420.70642 204.463355735894 -649.09621469324 62.8700983353005 -0.0378275944592455 -0.0471250573392257 0.996389086603198 0.0596413461136404
1604559421.00615 203.177983425607 -648.848589997233 62.71385855525 -0.0360304056940241 -0.0459421304170504 0.99637279827424 0.0619061982149369
1604559421.40623 201.459233115285 -648.541523638078 62.4812262967233 -0.0399411408488278 -0.0527486364047996 0.995807395930498 0.063165788487503
1604559421.70589 200.159026222573 -648.294132369296 62.3812449922275 -0.0403887359942479 -0.0464048669048954 0.99592615680697 0.0659274489118543
1604559422.10594 198.44352385273 -647.963474153894 62.1454682949202 -0.0395314906870906 -0.0523178403656322 0.995571572356754 0.0673598481191333
1604559422.40596 197.182822690658 -647.733133331498 61.9585677520544 -0.0411258129468829 -0.0544301992898872 0.995316014678615 0.0684985535540685
1604559422.70613 195.929685549687 -647.478715776822 61.8149033949283 -0.0432166108586413 -0.0567331400374314 0.995024534271331 0.0695690417176139
1604559423.00596 194.715286587773 -647.237875633554 61.6582881053725 -0.0418620278651446 -0.0547331421838745 0.995031054163776 0.0718683172157349
1604559423.40575 193.14914145948 -646.9053144986 61.5107247665885 -0.03527062293981 -0.0522223413266604 0.995332960182451 0.073082888546089
1604559423.70588 191.990345560102 -646.672954955102 61.2898354131199 -0.039988318995078 -0.0533461560373976 0.995383849807424 0.069037044566908
1604559424.10624 190.460910077677 -646.397576946217 61.170379663535 -0.0417972603483637 -0.0530955930858176 0.995802485084334 0.0617353846841602
1604559424.40632 189.407969349618 -646.222400031306 61.0099809345965 -0.0400064158898614 -0.0468882599198559 0.99675671573423 0.0517399981450215
1604559424.80633 187.934852331281 -646.109430846967 60.785818203805 -0.0487617874483069 -0.0438167238264807 0.997566833904267 0.0237232942943391
1604559425.2059 186.500138960555 -646.09021897428 60.6553457924665 -0.0444414282927833 -0.0408297583130812 0.998121456234259 -0.0105569357388921
1604559425.60592 185.215940074042 -646.216446841192 60.4308649943356 -0.0208880262685161 -0.043674854075874 0.997107087898262 -0.0585973782954902
1604559426.00611 183.98516710233 -646.501213558038 60.3465465128915 0.00328804199794287 -0.049699631361029 0.992058748178156 -0.115492751225297
1604559426.40595 182.747359907031 -646.93451840965 60.2689214289019 0.0129031857003895 -0.0462021032382054 0.983285332702151 -0.175638344184773
1604559426.80604 181.590493104494 -647.528228791502 60.2026677709018 0.0205352896754336 -0.0566907269260612 0.970931950349841 -0.23163680870793
1604559427.20617 180.439734721947 -648.225816987494 60.0949025731238 0.0221229683989834 -0.0513884945722313 0.958968122586946 -0.277938728422084
1604559427.50575 179.629463866707 -648.778052956407 60.0257463541629 0.0289648576374498 -0.0570590480223314 0.9499163516128 -0.305882701373345
1604559427.80613 178.806880762511 -649.385599122934 59.9834995212628 0.0281759500401509 -0.0530336295993985 0.942424345913282 -0.328983133611394
1604559428.20613 177.713984863212 -650.244689226446 59.9260466934078 0.0279515259067517 -0.0505493162728554 0.934965036377786 -0.350005513635022
1604559428.50625 176.877224381805 -650.923135568649 59.9095609628642 0.028847188200025 -0.0454414043779568 0.931334245323379 -0.360165853446775
1604559428.80617 176.053597829604 -651.631188785319 59.8324898598846 0.0340705359389733 -0.0431759735778348 0.92904462937385 -0.365856680297138
1604559429.20599 174.83454148544 -652.666128892008 59.783037658147 0.0398272524068998 -0.042974696306419 0.927852122013272 -0.368316989994429
1604559429.70586 173.249361178009 -654.008290854382 59.7538967432126 0.044044161554509 -0.0412786509837077 0.928931594670978 -0.365297518781553
1604559430.30606 171.229403911558 -655.681327932116 59.7325211214115 0.0472638870397371 -0.0437323704844549 0.929594632302215 -0.362915175142368
1604559430.80594 169.483316845789 -657.116043607895 59.738114295129 0.0457830825800458 -0.0453420044415749 0.931598806188954 -0.357731290621892
1604559431.3058 167.741754779363 -658.475784062185 59.7194838784062 0.0476961099324044 -0.0489282615932901 0.935866107239723 -0.34566708786742
1604559431.70622 166.325191952388 -659.463525270826 59.741423857367 0.045929567813795 -0.0476432618324343 0.943152033716405 -0.325706671253466
1604559432.10593 164.917886771321 -660.345907261734 59.7243578907798 0.0463349640748247 -0.0503787686568032 0.951523529312783 -0.299863342102622
1604559432.40611 163.819075449333 -660.926986243112 59.7369345765227 0.0435881826876206 -0.0485693558140165 0.959066378846977 -0.275559011776334
1604559432.8159 162.309774963872 -661.605824406182 59.718646109355 0.0424873211704919 -0.0495659251396821 0.969523993209894 -0.236138250173798
1604559433.30603 160.303053001689 -662.24073016071 59.722999086997 0.0390348462025739 -0.0526975367287589 0.983642080460255 -0.16777219064101
1604559433.80596 158.297103980962 -662.516160980289 59.7734536070759 0.0422782615837192 -0.056411286834912 0.993385507594041 -0.0906396635983252
1604559434.20658 156.681990664297 -662.518084898601 59.7674218604476 0.037526681647158 -0.0604126344226964 0.996867409410908 -0.034603898928402
1604559434.70667 154.75210314795 -662.322042956171 59.7921681282746 0.0352712319054683 -0.0568766115950071 0.99733314577239 0.0291133577089785
1604559435.20666 152.875855236453 -661.875185366592 59.8699158602951 0.0331258897137835 -0.0599229650785429 0.993315697133126 0.0929292177724456
1604559435.60617 151.422287711745 -661.324799693987 59.8973708896133 0.03203514656784 -0.0592771351490217 0.986740099016934 0.14766159834213
1604559436.10602 149.724940396819 -660.430443744564 59.9478480804146 0.0282470453646009 -0.0622899700779622 0.974336664632367 0.21445309046253
1604559436.50587 148.450565364804 -659.567932547103 59.9579981015643 0.0268971790934312 -0.0644959680868175 0.961888177872561 0.264363282485226
1604559437.10635 146.672132074254 -658.097461683281 60.10011094471 0.0186275088597722 -0.0584132002105809 0.94613724640274 0.317907572926908
1604559437.60577 145.169886203283 -656.698696259286 60.1053926012123 -0.0026463683243812 -0.0537094268421916 0.938401712885307 0.34133637288882
1604559437.90585 144.243989120462 -655.803073853988 60.0526685739979 -0.0142247648520081 -0.0499776835038519 0.936044870513404 0.348022826265806
1604559438.30667 142.977739034846 -654.511795364215 59.9314694135491 -0.0169027471636767 -0.0442922016498177 0.930918602027966 0.362136789638433
1604559438.70632 141.667413044003 -653.095121325143 59.8359969887364 -0.0261960353095439 -0.0451261920424462 0.924884850013222 0.376650247234525
1604559439.10649 140.383689303815 -651.603636668694 59.7415201396698 -0.022796249174694 -0.0405540906674937 0.919630738521749 0.390019232243283
1604559439.50664 139.076513852852 -650.050031071643 59.5629344310792 -0.0243228903642429 -0.0408679889202841 0.917880964846642 0.393995861473364
1604559439.80619 138.066969037415 -648.859858836205 59.4511815364186 -0.026689155746727 -0.0455219089210454 0.916846552621437 0.395737089138606
1604559440.31671 136.431936267343 -646.890347098802 59.3000232354979 -0.0252270583397334 -0.0439365841197541 0.915401833095803 0.399340276040692
1604559440.70671 135.174655364387 -645.343164829852 59.1623844358301 -0.029035469982338 -0.0386984327999552 0.914335465046673 0.402057247341241
1604559441.10627 133.913545102042 -643.802614674191 59.0031285508727 -0.0255870563181356 -0.042101907562022 0.913950310270314 0.402824480742429
1604559441.51595 132.662985441731 -642.254063307146 58.9177973830954 -0.0254863099632174 -0.0409471480360972 0.913687685005167 0.403545032607351
1604559441.9059 131.366970369704 -640.703871075506 58.7598437271094 -0.0304670678893509 -0.0486675228740034 0.91311316305423 0.403642888514877
1604559442.2059 130.433092470045 -639.5464878356 58.6253414752626 -0.0311882184175156 -0.0402242823294325 0.913981194329009 0.402551460754947
1604559442.70622 128.800793590974 -637.608955066035 58.5349771604141 -0.0274700889480283 -0.0379308734615767 0.916935824813628 0.39627684290781
1604559443.21667 127.177236478182 -635.701496481999 58.3617853548395 -0.0251631025864729 -0.0436019526802692 0.918867383071785 0.391341820302277
1604559443.5065 126.181729974332 -634.583991829469 58.2229646662712 -0.0231643210301667 -0.0454574136674161 0.919492817741174 0.389781985084325
1604559444.00651 124.504050888781 -632.673166977023 58.0534695366697 -0.028881756061192 -0.0503962596473023 0.920551797677966 0.386277683761628
1604559444.40654 123.139805141566 -631.116024472013 57.9110453676683 -0.0334883461375893 -0.0440364981465758 0.920079869672639 0.387804526697582
1604559444.90678 121.509879639499 -629.207490706777 57.7111368433029 -0.0240784496752297 -0.0465889745919167 0.919181239511974 0.390327483834974
1604559445.20615 120.510929697679 -628.057254277906 57.5977764060098 -0.0255888956055982 -0.0494749715373502 0.91917371843187 0.389893717514393
1604559445.70592 118.825289094805 -626.147186041051 57.4536210916546 -0.0267777209576139 -0.0532436195359065 0.919692106725432 0.388090839193568
1604559446.2066 117.160132561028 -624.216220675502 57.3363587206515 -0.0245906116165692 -0.0572776516767156 0.919180837133397 0.3888716511723
1604559446.60668 115.831764701605 -622.739519163558 57.2456892170733 -0.0151729036127462 -0.0706639491701632 0.918138237438847 0.389613354797192
1604559447.10585 114.237620781655 -620.85756268417 57.2270641221933 0.00133387289546655 -0.0670687072438517 0.916841165120178 0.393576278798421
1604559447.70613 112.435502003449 -618.667788796751 57.2402486459965 0.00398966895662384 -0.0665277661784699 0.912856938417701 0.402803114252585
1604559448.20631 111.037941210908 -616.924645269621 57.2816897487677 0.00746616722164574 -0.0662164441092906 0.911817335194584 0.405152793542372
1604559448.80637 109.29211249598 -614.817384116752 57.293639905674 0.0109230228602554 -0.0645837939567905 0.914324357540329 0.399650585309473
1604559449.30662 107.743227009322 -612.957742713631 57.2596792442214 -0.0199890818073568 -0.0551171512095065 0.913961723087586 0.40154265649096
1604559449.70669 106.553079881682 -611.483802883015 57.1852540232189 -0.0150323070740604 -0.0530375555346882 0.912863790866163 0.4045253351428
1604559450.10603 105.314688609917 -609.987207431938 57.0880507692352 -0.014999862117579 -0.0612807031479706 0.912449072238436 0.404297378335997
1604559450.50583 104.096724703596 -608.463184299243 57.0450051430491 -0.0169461962626421 -0.054146674772908 0.911973774920815 0.406306285823815
1604559450.80611 103.167239068628 -607.333674437721 56.9448245799072 -0.0178820431025241 -0.0625928490362449 0.911888719072566 0.405242312465271
1604559451.40665 101.320255450355 -605.110968478355 56.837873578803 -0.00893252607795639 -0.063423595750346 0.913824850621982 0.401025934155978
1604559451.80644 100.094502034174 -603.658330919589 56.8058895541919 -0.000387164157591928 -0.0708437596727745 0.915277156456736 0.396546010808093
1604559452.20666 98.8818813728705 -602.213467241537 56.7859012978307 0.00192305555219856 -0.0743673429342782 0.916301101048667 0.393520129573112
1604559452.50648 97.9548271297352 -601.170531346572 56.8834707879601 0.00229067418377444 -0.076912317040771 0.916693159496328 0.392113375992001
1604559452.8064 97.0958931098956 -600.133469711459 56.8120257652413 0.00232879982422434 -0.0713187685120192 0.91714968630578 0.392102872800643
1604559453.21651 95.9422518292076 -598.797672371116 56.8417013234952 0.0006481072963006 -0.0734628027283096 0.916274270107585 0.393756598053984
1604559453.50674 95.1243218977429 -597.809170153206 56.8452698670377 0.0043098152198083 -0.0717323936706861 0.916283345409836 0.394031369456295
1604559453.90675 94.0370788171181 -596.549451961393 56.8438441264585 0.00728886114176578 -0.0739780909691185 0.916550606661143 0.392949233348166
1604559454.10584 93.4997674917076 -595.923705040119 56.8252210684634 0.00958915477230487 -0.0730458945065378 0.917070915316045 0.391858752215494
1604559454.50643 92.429507213852 -594.704572844029 56.8554677707012 0.00693634549106454 -0.0758291088646523 0.917882910922309 0.38947759267615
1604559454.80665 91.6348255630747 -593.802172892161 56.9351567719254 0.00941637246206695 -0.0725637012765306 0.918460961743748 0.388684065713343
1604559455.20666 90.6088348945576 -592.670376699052 56.9167154414132 0.00824083070639445 -0.0761391965205033 0.918887857829276 0.38701423255018
1604559455.50671 89.8589549918383 -591.786377090525 56.9437506547048 0.0107968720555758 -0.0726561378836766 0.919596462745334 0.385936340460332
1604559455.80691 89.0854568071648 -590.911822672967 56.9086561704884 0.00272825643976672 -0.0742787186830354 0.919987319611098 0.384835757593278
1604559456.20662 88.069025341691 -589.752810925862 56.9082861987274 -0.00663464218142349 -0.0678811377441567 0.920106187280766 0.385684763491293
1604559456.50663 87.28472847943 -588.860775754524 56.8736111202251 -0.0191097468137769 -0.0605946947936599 0.920277659039591 0.386072701459436
1604559456.80665 86.5028734638319 -587.960203264913 56.7939984214835 -0.0290142818622074 -0.0573321159523818 0.919805257839968 0.387078141437091
1604559457.10662 85.7032353604796 -587.03102057784 56.7654270915781 -0.0283320755039342 -0.0517421546449151 0.919066787786446 0.38966175398446
1604559457.506 84.6226942110209 -585.762784337658 56.6251645651351 -0.0300245839611961 -0.0566822087334966 0.917434516737957 0.392682516887169
1604559457.80586 83.8122640001885 -584.787175219824 56.5152045359017 -0.0265977062835576 -0.0522820521346637 0.916652612237589 0.395356974800049
1604559458.20661 82.6959918780295 -583.456924686555 56.422735973019 -0.0318945936813548 -0.0533505068349598 0.916342561176266 0.395541108977659
1604559458.50641 81.8908404008816 -582.488977081524 56.276161059402 -0.0291981430854666 -0.0518063229139362 0.91645341011336 0.395697764004411
1604559459.00665 80.5055618872156 -580.870999096601 56.1687330386296 -0.0280294266220869 -0.0548013448665861 0.916659587064443 0.394900449843876
1604559459.50667 79.0803293917058 -579.197604210561 56.0130483430364 -0.0326584899158668 -0.0559378542039764 0.916268754003001 0.395292233595929
1604559459.91641 77.9500659146306 -577.830585270625 55.8823952475885 -0.030411124590763 -0.0580520592211082 0.915772940828471 0.3963143231927
1604559460.3069 76.7965475100603 -576.467540109507 55.7762510771472 -0.03241355863794 -0.0587940446853941 0.915178529854108 0.397417765103713
1604559460.60654 75.971846314394 -575.442067792576 55.6901496074641 -0.0267253945114565 -0.0498803069008353 0.915427422439817 0.398485059339593
1604559460.90675 75.0994287569306 -574.420013055084 55.5487792493598 -0.0335523414680807 -0.0608204971987684 0.914784344519048 0.397925508764341
1604559461.60654 73.1498559070432 -572.050958548594 55.3730325564299 -0.0361818785581786 -0.0520479468711985 0.913889479551283 0.400983668066392
1604559461.90653 72.3395340412334 -571.059791468461 55.2489979781998 -0.0327610045759448 -0.0539732216664854 0.913759451855824 0.401319414016143
1604559462.40644 71.0021288015272 -569.426200962468 55.0276541944319 -0.0321823551580116 -0.0521982352071757 0.913844720778764 0.401406859137362
1604559462.70673 70.1517053425108 -568.414555828176 55.0315610634617 -0.0334064274994259 -0.0526864852142462 0.913909782159149 0.401094820399506
1604559463.3069 68.5781188644617 -566.526348058734 54.7468602507392 -0.0305425268647633 -0.0547444361149967 0.915843391623355 0.396612005349051
1604559463.60682 67.7634489653444 -565.543440042297 54.7042392639778 -0.0296501263655009 -0.0492511183261629 0.91732892341146 0.393957921132327
1604559464.00698 66.6753423396303 -564.305606470328 54.5721578104032 -0.0340765312762817 -0.0501993878539554 0.918829318404438 0.389963453564178
1604559464.40772 65.5957386342393 -563.113092310007 54.4608180716822 -0.0342450166978765 -0.0493547926486055 0.922235177760193 0.381934104493956
1604559465.00643 63.9405684387915 -561.418660972797 54.2829101029906 -0.0341693150274323 -0.0494076496450861 0.930295030239197 0.361859777786031
1604559465.60663 62.2268895080805 -559.929089663883 54.070731892613 -0.032720773227647 -0.0476032848760607 0.945346281383828 0.320910714283835
1604559466.20681 60.4178570335986 -558.708362023064 53.8128263320321 -0.0353928062901363 -0.0521194579497997 0.961578716896745 0.267202699419631
1604559467.20648 57.1439188343832 -557.275971061723 53.4480734056324 -0.0354054075094723 -0.0573711037217753 0.986186900909383 0.151295770104718
1604559467.70653 55.3891694429926 -556.909277201811 53.2488830259747 -0.0338830498810102 -0.0605957218209772 0.993885624603085 0.0858572223816496
1604559468.10661 53.9733552340981 -556.771891237895 53.0959750906982 -0.036365658558123 -0.0567650345697436 0.997208885603787 0.0320890666860854
1604559468.40668 52.9336653032565 -556.789443410746 52.9390640234642 -0.0391807842138699 -0.0538283282435341 0.997706111169596 -0.0122430781151642
1604559468.90658 51.2246037598662 -557.052029378242 52.6734603565088 -0.0339967568069167 -0.0509368313958402 0.993690976653538 -0.0939569191241427
1604559469.30636 49.8872730142704 -557.480890341141 52.4995454639554 -0.0366408981493102 -0.0476581577564557 0.984687072218262 -0.163638364659084
1604559469.70602 48.6633675749472 -558.085125342681 52.2524867844703 -0.0361947505947845 -0.0520707574573561 0.971047283263538 -0.230316629694212
1604559470.20639 47.1554230539287 -559.055145139035 52.0245864915734 -0.0353675532608869 -0.0507233636100012 0.951712724437806 -0.300697799632113
1604559470.606 46.007548515788 -559.975378912114 51.794711902136 -0.0321457993412697 -0.0574002827793465 0.936780331608842 -0.343677851239196
1604559471.00606 44.8694297822167 -560.962088561649 51.522159359208 -0.028722813452426 -0.0582148729065006 0.927340016360412 -0.368546499937971
1604559471.70643 42.8075880815284 -562.87882108729 51.0621413163148 -0.0312067348917805 -0.0567877473923112 0.917143774725853 -0.393253846675547
1604559472.30633 40.9806446694373 -564.738147659945 50.6771331733753 -0.0298849090409504 -0.0542126546202701 0.908702835354967 -0.412828096558944
1604559472.90622 39.0550193606075 -566.751528443078 50.2661968694841 -0.028058738137487 -0.0553038826465001 0.906441540190208 -0.417753422482638
1604559473.50611 37.0530691804121 -568.891153930626 49.7866293981106 -0.0300562805506367 -0.0606120742382272 0.905165200117497 -0.41964122408583
1604559474.20607 34.5787144694433 -571.473095705037 49.2190287834148 -0.0269008385584997 -0.0663128294599155 0.905515130512157 -0.418235940525705
1604559474.90707 32.0157929522166 -574.091902779424 48.5490826250515 -0.0294886924639582 -0.0681936918487619 0.909337558576933 -0.409371764988922
1604559475.80657 28.5684744440121 -577.521881391232 47.7871989752342 -0.0365129060808557 -0.0600654147246013 0.911326969387005 -0.40563790319864
1604559476.90658 24.2588848764229 -581.748480217524 46.8278023878107 -0.0309539807704783 -0.0732688262936313 0.9135696334522 -0.3988283528061
1604559478.0069 19.9312181978957 -585.801084251493 45.8357462851223 -0.040775208709394 -0.0605851643327641 0.914802563287498 -0.397244371162262
1604559479.2063 15.4523263077047 -590.100708869081 44.7981116275675 -0.0376636154727413 -0.0677932417776533 0.914623240712409 -0.396799516113022
1604559480.20632 11.7928167822681 -593.576808614028 43.9422539498064 -0.0383934158576313 -0.065108015624452 0.915373921463625 -0.395445920227449
1604559481.00594 8.91216753122891 -596.241714523764 43.2782819300864 -0.0406031785559827 -0.0600177012052502 0.916784707923098 -0.392753175355145
1604559481.70683 6.41407784138302 -598.577069804596 42.6995246505576 -0.0387451899017046 -0.0618420449005881 0.918963783306733 -0.387530562294859
1604559482.20696 4.61338648904795 -600.131224190049 42.3191646264414 -0.0324932618431223 -0.0610497124249165 0.923464071711031 -0.377400621099797
1604559482.70662 2.81424067534489 -601.539597399054 42.0040007675801 -0.026021326423278 -0.0563412787810593 0.932350051759886 -0.356190864368848
1604559483.50647 0.0450471406688388 -603.450401315648 41.5680364122637 -0.0177959934948477 -0.0514620774356728 0.947475625018896 -0.315158527088494
1604559484.10633 -1.87331278647152 -604.585187888448 41.3483162127829 -0.0145471929915623 -0.0493401298859947 0.954917917138826 -0.292379380747249
1604559484.50617 -3.05533274832771 -605.261222482819 41.252013770336 -0.0043366819119853 -0.0465248772448262 0.957593999426926 -0.284306808305555
1604559485.40602 -5.69122844268427 -606.76292040143 40.9775374152615 0.00737118686723173 -0.0452015635334907 0.957523812986285 -0.284693926564129
1604559486.10685 -7.76564002590584 -607.969178669101 40.8235769915702 0.00812848136643205 -0.0421681932642957 0.957652664154943 -0.284705367185869
1604559486.60656 -9.24018871139374 -608.812764540286 40.7503933489797 0.0100917697927347 -0.0385649043770797 0.957961726423724 -0.284113067351918
1604559487.00676 -10.4263424368637 -609.476869511305 40.6604266477544 0.0138616741521677 -0.0352205720627351 0.958223310455569 -0.283505648255628
1604559487.40707 -11.6236887096714 -610.174488420568 40.5977492008449 0.0187901717724254 -0.0389246109380451 0.958198343073784 -0.282821037829117
1604559487.70647 -12.543188663091 -610.697080371059 40.5201288984087 0.0187698876468558 -0.0377199950655946 0.958919827160837 -0.280531029242411
1604559488.20635 -14.1188898480784 -611.588109340791 40.4562620263505 0.0208966492505475 -0.0407891532469512 0.960242688165008 -0.275378929573659
1604559488.50634 -15.1120241456371 -612.131581118859 40.4062268040591 0.0199909274893405 -0.0421850092947625 0.961571486347134 -0.270556952328118
1604559489.10608 -17.1030004121332 -613.188673980292 40.2979820637894 0.0245167194119767 -0.0448016848206116 0.963623723224479 -0.262337682282781
1604559489.50619 -18.4969191956041 -613.857791745115 40.2437923034159 0.0227997489162412 -0.043008507424118 0.966321588617967 -0.252691565172551
1604559489.9066 -19.9253635163771 -614.524507548748 40.1737360067272 0.0210066619891542 -0.0548394812805404 0.970293980193043 -0.234693296551258
1604559490.30606 -21.3659341051169 -615.070600887646 40.1301268249778 0.02006246826073 -0.0557675058148253 0.976911078747216 -0.205261362373515
1604559491.0062 -23.9017495808983 -615.706240057322 40.0593805247042 0.0239386356665086 -0.0602155097467364 0.988490766741043 -0.136700541974315
1604559491.50675 -25.7082689455309 -615.928494308895 39.990534144845 0.0183191869266814 -0.0636676783880215 0.993626377642956 -0.0912000864646644
1604559491.80696 -26.7925883180699 -615.974752460815 39.9904142345592 0.0159617350417093 -0.0612789791167041 0.995901020136754 -0.0645853530101461
1604559492.20705 -28.1538893016695 -615.986432740654 39.9457260292479 0.0196822554045736 -0.0637353993265378 0.997326551559278 -0.029835503175826
1604559492.50704 -29.1406098585065 -615.907982303081 39.9209324028189 0.0215175012068361 -0.0659315475290222 0.997587956341034 -0.00288054605272522
1604559493.00676 -30.7400093724127 -615.669247889027 39.8985090275541 0.0201142764662108 -0.0693670528350302 0.996254293601373 0.047550082482076
1604559493.50634 -32.1978974249311 -615.274120513845 39.8826733609159 0.0200307989138459 -0.0710742895734964 0.99233878780276 0.0990502028198087
1604559493.9062 -33.2662800183308 -614.855895457002 39.8665001731563 0.0197577773196429 -0.0725332324927456 0.986893781489753 0.142790841710511
1604559494.20628 -34.0444033106032 -614.495429400574 39.9273360884654 0.0185839571961422 -0.0720803660386885 0.981845532641614 0.174466063744114
1604559494.5063 -34.7699427518881 -614.08433318179 39.8895415375647 0.0161251693286132 -0.0684582837432821 0.975944669420647 0.206362410652889
1604559495.00606 -35.9543378692345 -613.293203549322 39.953202760349 0.0145872914831716 -0.0776340107554198 0.963204029591 0.256901087348558
1604559495.50662 -37.0005726743326 -612.378950388597 39.8955639797724 0.0159304274650668 -0.0746525431973621 0.947118748413793 0.31167177555569
1604559496.0065 -37.9750056209215 -611.341739586092 39.9987747364074 0.0167117463435393 -0.0785077992891474 0.926330981240241 0.368059989919329
1604559496.30661 -38.4781951503591 -610.654849488305 39.9818922915619 0.014250529852327 -0.078339429597613 0.912060600571882 0.40225031641219
1604559496.80647 -39.2077518373453 -609.43144635799 40.0501191829202 0.0148089105680017 -0.0759311571960975 0.884306800631845 0.460452644569364
1604559497.40631 -39.8714592570085 -607.825623219519 40.1170839590021 0.0135327790551395 -0.0765367744009419 0.847256983935123 0.525466068579601
1604559497.9061 -40.2821553087883 -606.37550164423 40.2001226827223 0.00817237674168429 -0.079764916308462 0.814811791169355 0.574153738432559
1604559498.30696 -40.4901889623934 -605.195820875016 40.2576788208611 0.0140837401911786 -0.0797594364736801 0.790155369116304 0.607531540919733
1604559498.7072 -40.644523890221 -603.959809119532 40.298192385493 0.0149971487888717 -0.0793805084341018 0.769883702101531 0.63305047638193
1604559499.00688 -40.7310711279722 -603.002696850255 40.374024206028 0.0146141988656621 -0.076454483979262 0.758147300642527 0.647420889066325
1604559499.40698 -40.8008425977855 -601.716436551263 40.4542921156416 0.0124557923273737 -0.0736889200538446 0.743888930673384 0.664111477931533
1604559499.80651 -40.8183174301292 -600.418079754955 40.5047867258671 0.0129430490536647 -0.0704692992561142 0.731681854210864 0.67787035601367
1604559500.10636 -40.8078252239042 -599.431364839611 40.5475826755075 0.0135490284570826 -0.0709976626575312 0.724954353971336 0.68499411704265
1604559500.70691 -40.8036438696494 -597.448637799109 40.6756043730268 0.015145961635934 -0.069603846097815 0.72250309964365 0.687688283642984
1604559501.30644 -40.804833646022 -595.464478162171 40.7596294903451 0.0149985365243295 -0.0682911375309204 0.724526012208546 0.685691929418775
1604559501.70631 -40.8438945644151 -594.121980079992 40.8233538527219 0.0149270036471444 -0.0717320225565408 0.729852433116865 0.679666923849806
1604559502.1063 -40.9021865514691 -592.759987888482 40.867611792167 0.0152640086720315 -0.0715486102785022 0.737948260487084 0.670880146710693
1604559502.50656 -41.0484246216889 -591.381911787979 40.9788684268868 0.0109545414217632 -0.0749339231429315 0.749540469579744 0.657612339944154
1604559503.00631 -41.2415181066714 -589.662996027383 41.0432220774135 0.0103142618368419 -0.0747510642844159 0.761637520704648 0.643594733855075
1604559503.50659 -41.5161230526671 -587.988837700017 41.1154746671545 0.00868594622139063 -0.0759462499506372 0.771867460217386 0.631171407237555
1604559503.80659 -41.6887031954165 -586.988444859992 41.1457490958407 0.0138316201468427 -0.072198923423216 0.778102287758753 0.623821153476888
1604559504.2068 -41.9753594087567 -585.660902343413 41.193952234641 0.0110912283772056 -0.0792012935341155 0.788939682899004 0.609244053317574
1604559504.60695 -42.3190892118271 -584.338761783895 41.2863534730235 0.01229230665949 -0.0757524798029349 0.801787949029902 0.592660565409171
1604559505.00663 -42.7335105332861 -583.057552745701 41.3477354995668 0.00899519122224379 -0.0780294276120893 0.815686520683165 0.573136977464548
1604559505.50632 -43.2859334063536 -581.573137891763 41.4058252871304 0.0109913751004339 -0.0793001258132587 0.831746944105319 0.549352073529231
1604559506.0063 -43.9265796263418 -580.108945143955 41.4585219427346 0.0110371178538678 -0.0785128002774782 0.847108021781938 0.525473045602494
1604559506.50679 -44.6849133558458 -578.648865728454 41.511365589681 0.00970229633572297 -0.0799893434859695 0.861833767733087 0.500749565321317
1604559506.8067 -45.1672872731953 -577.792139364033 41.5539204437299 0.0113152224233949 -0.0801378101494926 0.87007461773649 0.48623045636473
1604559507.20658 -45.8969872106107 -576.614324903946 41.5676885337671 0.013576608865562 -0.0832003222520527 0.879233487239866 0.468872964655557
1604559507.5063 -46.4862117848533 -575.724663728291 41.5990256689871 0.0110807478964396 -0.0858133367783779 0.882357839806526 0.462555867748942
1604559507.90655 -47.2506124095465 -574.486496073979 41.6455855910876 0.0116305475755791 -0.0755830332740058 0.883712018662756 0.461741273350335
1604559508.30652 -48.0492385386032 -573.23274316453 41.6847953123664 0.00501971464975511 -0.0804583179502229 0.883622691948811 0.461207328444152
1604559508.60654 -48.6400413637137 -572.244079503876 41.6796445771033 0.00818320907385101 -0.0766692602332482 0.884500548736696 0.460123503973687
1604559508.90613 -49.2632282468585 -571.273584266848 41.7305116151153 0.00705167937223264 -0.076543053533124 0.885038332234288 0.459128070640216
1604559509.20608 -49.8963144331262 -570.272256643448 41.7113008009972 -0.00025894795743913 -0.0789178905544425 0.88610893388762 0.456708722032914
1604559509.50646 -50.5793111649553 -569.242423701986 41.7489314923846 0.000424357080242408 -0.0735513469066746 0.887546675301702 0.454808661362312
1604559509.80631 -51.2442280021909 -568.19869271028 41.7451030510299 -0.00293362296042631 -0.0754467232276297 0.888322289872865 0.452970964991764
1604559510.10658 -51.9430597680124 -567.131777319312 41.6928039365478 -0.00310207226652817 -0.0693738287559356 0.889001173849215 0.452608618926013
1604559510.50715 -52.8980061439014 -565.665432333988 41.7054894239088 -0.00371852928119828 -0.0707864464296975 0.889405449570058 0.451589855750685
1604559510.70687 -53.3820640040043 -564.932186771925 41.7088732583163 -0.00390429415598969 -0.0699107303644417 0.88967599425105 0.45119161286582
1604559511.0067 -54.1330086947011 -563.80154562014 41.6867049796107 -0.00746130668161302 -0.0701437237698084 0.890680647193328 0.449123782084162
1604559511.20652 -54.6383004051753 -563.036668054884 41.6567359438043 -0.00770658345098219 -0.0677206802645725 0.891418320466701 0.448026668818211
1604559511.50641 -55.426289655056 -561.873006903767 41.6293130037388 -0.0112589485799664 -0.0673011982339073 0.892611286789597 0.445633117585501
1604559511.70658 -55.9639644493472 -561.08592585036 41.5940642811461 -0.0130297247921189 -0.0693121174779316 0.893522629502883 0.44344488632616
1604559511.90657 -56.5172902925314 -560.268249731681 41.5499029163687 -0.0145183049933447 -0.0682590032650554 0.893838561872336 0.442924996589011
1604559512.10658 -57.0859470169673 -559.435661047273 41.5260822628895 -0.0155444860975788 -0.068269648373932 0.893968233634387 0.442626729101933
1604559512.41623 -57.967787914111 -558.130146579302 41.4928803600343 -0.0122961559589892 -0.0639649736930933 0.893662847459455 0.443986488262575
1604559512.60653 -58.5596158404428 -557.274926200839 41.4546003307786 -0.0158875078506615 -0.0681707600759532 0.893252962264096 0.444071480700326
1604559512.80626 -59.1297279306536 -556.408686821935 41.4230078956611 -0.0125544722626022 -0.062356378531395 0.892776840434221 0.445986076539331
1604559513.0065 -59.7082852748146 -555.535301916787 41.3784669099506 -0.0152044698941626 -0.0590829809570063 0.892231643762384 0.447437950251815
1604559513.20775 -60.2748949671145 -554.682807692332 41.3570753903106 -0.0165946583493479 -0.0633277455481674 0.891447882995377 0.448369140174829
1604559513.40614 -60.8302830605625 -553.831085199694 41.322496361884 -0.0153584596595215 -0.0634222245456273 0.890951361037294 0.449385593245227
1604559513.60661 -61.3950513662166 -552.978635152259 41.2863733172403 -0.0185703021648676 -0.062674733326542 0.890482488528531 0.450297634131012
1604559513.80622 -61.9384464227086 -552.134306951395 41.2434478585502 -0.0183682196080202 -0.0644356372806326 0.889945775114561 0.45111769474541
1604559514.00652 -62.4981116337062 -551.275940032123 41.2007067895305 -0.020556341805932 -0.0637072198627418 0.889636563474902 0.451736219355371
1604559514.20655 -63.0515671804514 -550.438378524124 41.1547275948229 -0.0192240715697241 -0.0681666648121503 0.888921440469599 0.452551006577294
1604559514.41631 -63.6118953940736 -549.590297702067 41.1460526266145 -0.0177322402965909 -0.0697964137084575 0.888371265142331 0.453442966156622
1604559514.60651 -64.1506766592684 -548.746767779557 41.1219953346793 -0.0142506673615558 -0.0736711959246473 0.887853782097028 0.453966006422051
1604559514.80634 -64.7042745351694 -547.890634892968 41.0904691557236 -0.0151962585559307 -0.0731863088067474 0.887513904221468 0.45467780652096
1604559515.00629 -65.2606328510327 -547.01303464486 41.0903498418051 -0.0134401408312978 -0.0689555928204099 0.887064789250932 0.456268066496463
1604559515.20713 -65.8220634834787 -546.131191551802 41.049657908346 -0.0137754838229632 -0.0747741172563529 0.887248080523212 0.454983418425169
1604559515.40682 -66.3823318896802 -545.270712816523 41.0065343438858 -0.0116413253743578 -0.0743969962927735 0.887197688176933 0.455203063016548
1604559515.60716 -66.9224552673159 -544.387029958084 41.0011336208431 -0.00380559827651123 -0.0702537540521155 0.886967160857866 0.456441872556714
1604559515.80683 -67.4783244314831 -543.535196656634 41.0097543293014 -0.00553367290189823 -0.0701114338544022 0.886670468990244 0.457022149055947
1604559516.00687 -68.0237350943211 -542.668721897426 40.983355680755 -0.00422847936481687 -0.071472691592872 0.886627794401845 0.456908008807955
1604559516.40769 -69.0892505226693 -540.9683588527 40.9743191947688 -0.00273545711807067 -0.0701225028276087 0.886122566429684 0.458107137180396
1604559516.70664 -69.8811065289417 -539.724102013586 40.9626502382859 -0.00087886752083513 -0.0721816948934469 0.88595306811492 0.458122463553088
1604559517.10628 -70.915200297863 -538.068991450212 40.9797096328933 0.00337599750449121 -0.0720966804579165 0.885243120969676 0.459494600712201
1604559517.4065 -71.6882593937428 -536.840287614594 40.9940943373054 0.00782353561614374 -0.0728598469573304 0.884755425823662 0.460258700588493
1604559517.60648 -72.1989833013999 -536.020778582555 41.0065605781456 0.00966899397581572 -0.0740429650790965 0.884569707311277 0.460391770978839
1604559517.80625 -72.7253981106455 -535.195652213144 41.0313904251319 0.00826903929757208 -0.0742442269476058 0.883904417003327 0.461662646697842
1604559518.00624 -73.2255308418656 -534.368214427289 41.0694234877965 0.0109843716241928 -0.0726296122634421 0.883646027537774 0.462356984395386
1604559518.20708 -73.7316835073212 -533.540896108015 41.0937842821417 0.00964890401237276 -0.0717674514367915 0.883275859122605 0.46322790099135
1604559518.40693 -74.2380445829325 -532.720662401225 41.1039542110935 0.0119429805705655 -0.0709026624632784 0.883001751463654 0.46382980130952
1604559518.60694 -74.7418480115268 -531.893513933219 41.1170524706666 0.0131042086397966 -0.0702059457999891 0.882620648094579 0.464629095566948
1604559518.80694 -75.2393999010802 -531.057749070663 41.1343301596424 0.0119756652655282 -0.0685382953912749 0.882405277669314 0.465317108483716
1604559519.01691 -75.7392120492701 -530.219214273848 41.1544611295093 0.0139636348386051 -0.0657824042039404 0.882031279264578 0.466367360133763
1604559519.20699 -76.2299934797562 -529.404070335048 41.1812848579162 0.0145942951308205 -0.0659368508073768 0.881516910575861 0.467297843590177
1604559519.40658 -76.7213219640539 -528.580211201019 41.2159892801361 0.0168441526909896 -0.0667860275880239 0.880977061372047 0.468118914780642
1604559519.61675 -77.2089341521132 -527.747500779922 41.2280623867925 0.0170422564938662 -0.0642027165863419 0.880461969672534 0.469440403711582
1604559519.8069 -77.6941966760204 -526.901190894714 41.240824216279 0.0188263528912489 -0.0596600282667485 0.880113830341275 0.470622879921956
1604559520.10647 -78.4420240900068 -525.658019143457 41.2726645474954 0.0163307866621515 -0.060143043339176 0.879489967733055 0.471819368404698
1604559520.50662 -79.3939156741232 -523.975898548956 41.3052525439704 0.0183788653132058 -0.0504539243773064 0.878376039332538 0.47494436763816
1604559520.70676 -79.8689064645896 -523.14810880468 41.32369226043 0.0213540981406342 -0.0524263456650061 0.877614680902947 0.476012555124791
1604559521.20677 -81.0311469044893 -521.045958068316 41.3697447008427 0.0229309086716355 -0.046747201340619 0.875750647753917 0.479947575838139
1604559521.90716 -82.6345394387805 -518.155539723717 41.4182931290205 0.0268702753766272 -0.046655801171602 0.873375560381933 0.484062346238339
1604559522.10697 -83.0782554706603 -517.325002196631 41.4688091115514 0.0280516526643352 -0.0429356314885982 0.872457557492011 0.485991200235713
1604559522.40705 -83.7447666787342 -516.08596875519 41.4730208781351 0.0269956298580624 -0.0421714164030305 0.870722571008711 0.489218777177563
1604559522.60674 -84.1812143305351 -515.265498700268 41.5081369637856 0.0282402919370465 -0.0400187679401165 0.869996194881895 0.4906196133614
1604559522.90721 -84.8260389917042 -514.039361117585 41.5173885730012 0.0282205311234542 -0.0424910300608043 0.868120938493243 0.4937247716462
1604559523.30666 -85.6738640624198 -512.397848872499 41.549995609203 0.0247383675663028 -0.0404495371264893 0.865581260974956 0.498518734618282
1604559523.50639 -86.0862974972028 -511.579702799483 41.5801501205179 0.0233755930373818 -0.0382498759928073 0.864376223335211 0.500843561573316
1604559524.0062 -87.1094998039182 -509.524982469379 41.6436513462014 0.028597433492664 -0.0406553828821348 0.861777644371977 0.504845142891388
1604559524.20645 -87.5073063408836 -508.684111679539 41.6577968765646 0.0302096452378773 -0.0394893792268231 0.86074447758756 0.506603306903341
1604559524.50659 -88.1105138023412 -507.431808702852 41.6722362101338 0.0294948380158709 -0.0396744566148696 0.859246645360934 0.509167157678804
1604559524.80624 -88.708711337274 -506.164334566192 41.7625144284432 0.0328868123693221 -0.0392057611960554 0.85629249136502 0.513949934422712
1604559525.30705 -89.6403407529054 -504.061821750612 41.7313586670384 0.0353298042909712 -0.0343558280426141 0.852544470291661 0.520326251676176
1604559525.50713 -89.988582363373 -503.184046085518 41.7541919138762 0.0363719297290275 -0.028649282601567 0.850465268352251 0.52398962648199
1604559526.10682 -91.0692709219154 -500.569810071552 41.7914453342285 0.032907731788556 -0.0325207906855376 0.844079671511375 0.534218108550215
1604559526.30682 -91.4153439398109 -499.697518923414 41.7921353741228 0.0355146334907328 -0.0331512704749812 0.841012845501793 0.538829377238186
1604559526.70677 -92.0985252370652 -497.916354769874 41.8417280337326 0.0339851618491661 -0.0296227817049795 0.835280398051047 0.547972769587895
1604559526.90677 -92.4129430280776 -497.02278088318 41.8728262616131 0.0356086480617223 -0.0295005668976497 0.833004469698675 0.551330476391395
1604559527.20711 -92.8797788483038 -495.668072859539 41.8976587260214 0.04295323943436 -0.0259241359747098 0.831939936098256 0.552592889133483
1604559527.50702 -93.3722450510921 -494.297439422215 41.9727726125113 0.0421185869718954 -0.0270366045465227 0.82971019441798 0.55594607645433
1604559527.80667 -93.8311990357309 -492.909817884348 41.9899672257898 0.0394783927084356 -0.0256873068773006 0.827421385870046 0.559602956549947
1604559528.00711 -94.1299094493747 -491.981729065652 42.0170177787997 0.0401605279137332 -0.0269270514064099 0.823858685551926 0.564729078533149
1604559528.40616 -94.7049312102238 -490.100239896028 42.0204030823436 0.0409179653257202 -0.0269410772323231 0.816979094823973 0.574582506774934
1604559528.70632 -95.1073022225703 -488.65658267754 42.0962094794631 0.0347143146710273 -0.0313298781345626 0.812619379238732 0.580915742236903
1604559529.00633 -95.5080878671394 -487.225139755842 42.108912826828 0.0399927751552145 -0.0246834562637655 0.807659547209914 0.587773222189422
1604559529.20658 -95.772170259024 -486.249442622529 42.1165960969188 0.0372338006638246 -0.032894714165733 0.804119738359912 0.59238756591278
1604559529.50635 -96.1099565866141 -484.699873190642 42.1528680099947 0.033449252506898 -0.0347421432235153 0.79794636927236 0.600795907739081
1604559529.71666 -96.3048267766567 -483.716172463372 42.2014754971076 0.0380059955419835 -0.0354072202756213 0.79317347978881 0.606776486043194
1604559530.00624 -96.6143889143565 -482.179551250304 42.2158150382831 0.0338347127530226 -0.0336595812342859 0.785968079571969 0.616422276283071
1604559530.20665 -96.7921722799997 -481.145128350177 42.2487073101424 0.0352486488165306 -0.0318441720319139 0.781016366569084 0.622701306097422
1604559530.40664 -96.9571982435682 -480.14518304688 42.2566153152463 0.0342190699493055 -0.0376761217875272 0.776365634171305 0.62822445604787
1604559530.70629 -97.1493693307807 -478.593633463022 42.2667025481389 0.0305530895006178 -0.0347281598801202 0.768553604678 0.638111134810983
1604559530.90651 -97.2821167807436 -477.597108018178 42.2746705380098 0.0218796067630018 -0.0300637440676836 0.764243531921301 0.643855013195505
1604559531.20651 -97.4404956015518 -476.211928278377 42.3241337043719 0.0257593548095769 -0.0356867916962373 0.75986087427227 0.648594141423128
1604559531.40653 -97.5255179811561 -475.256142284437 42.3633723094935 0.0279199815953066 -0.0337253575721868 0.757254148773863 0.651651155948578
1604559531.70636 -97.6478377991141 -473.895283333323 42.4036491303681 0.0182412979481052 -0.0327284317491208 0.753104641479453 0.656832934456331
1604559531.90658 -97.7191188820572 -473.03488231101 42.3975845357811 0.0237813674037632 -0.0463834513965929 0.750543038050053 0.65876260521947
1604559532.20679 -97.801875862765 -471.773228150625 42.457192026352 0.0307974714590215 -0.0508381798305236 0.745965737817251 0.66332655097321
1604559532.40674 -97.8544839711675 -470.905955035054 42.42484583502 0.0222471612978883 -0.0469576394474264 0.743950543779708 0.666211402125172
1604559532.60676 -97.9191928685845 -470.049541020083 42.4361496175165 0.00607524528416924 -0.0334211413546168 0.742974111654514 0.668457618788564
1604559532.80681 -97.9480217591749 -469.246828033507 42.4872376733449 0.00405783497919015 -0.0222803689797393 0.74201651087317 0.66999896770444
1604559533.00714 -97.9905858367438 -468.448953339496 42.4671901601199 0.0071226866350663 -0.0274511084084193 0.740966937692888 0.670942397846694
1604559533.20705 -98.0452028406426 -467.671237776499 42.4532103549615 0.00987292808935098 -0.0383559658339686 0.739296845535777 0.672213894052136
1604559533.50686 -98.081189029478 -466.483623174432 42.4881094208837 0.0212077687252624 -0.0508593688679363 0.736455262126929 0.674238238332422
1604559533.70734 -98.1128140940553 -465.709276355005 42.4812334982295 0.016837024978944 -0.044769793571348 0.735973188099095 0.675318922119536
1604559533.90686 -98.1686380105448 -464.914789531039 42.5194311363476 0.0149180374373867 -0.0493235104558789 0.734968187122746 0.676140819203241
1604559534.10635 -98.1918658252744 -464.134550317448 42.5429264934802 0.00950197475703562 -0.0516485373634333 0.734317111633587 0.676772133458552
1604559534.30644 -98.1992632641075 -463.36490581846 42.5426210524332 0.0128890523037169 -0.0484277626684968 0.733471178190849 0.677870677118404
1604559534.60643 -98.253551345279 -462.199150037867 42.5731286356289 0.0108001907880787 -0.055203725324723 0.732042285981442 0.678932983529507
1604559534.80657 -98.270792093309 -461.418733303611 42.6006671431255 0.0104672928951575 -0.0549089654696369 0.731514221932644 0.679531003266797
1604559535.00638 -98.2951168413479 -460.60250551387 42.5943101498447 0.0104440553812247 -0.0549054696858658 0.730917116412966 0.680173860156594
1604559535.20676 -98.3196951208172 -459.78669301808 42.6273209739107 0.00773752191569759 -0.0555221239022275 0.730707425185566 0.680385246232361
1604559535.40696 -98.3324729821959 -458.973688449854 42.6404069456732 0.00655795177090212 -0.0549322087116081 0.730008078325979 0.681195751082937
1604559535.60696 -98.3485564303916 -458.112615193732 42.6443487532491 0.00918612145490698 -0.0567994175322089 0.730264433711314 0.680737319527078
1604559535.80667 -98.3897969448789 -457.244436798076 42.6249061068096 0.00375267258526131 -0.0554756384635378 0.730794994327052 0.680328631803818
1604559536.00697 -98.4284343317815 -456.387839129478 42.6351939901993 -0.000587753779203335 -0.0557931852216003 0.731158665930067 0.679921892766874
1604559536.2072 -98.4394595520005 -455.503002110585 42.6546860296814 8.8797849530971e-05 -0.055265160278133 0.731615554587925 0.679473645154378
1604559536.40711 -98.4555188017971 -454.608000001965 42.6697648892544 0.000286649627772358 -0.0533469569404476 0.731603481365218 0.679639879694738
1604559536.60705 -98.4968119252385 -453.672194012153 42.657153079522 -0.000429320870812877 -0.0673530477307501 0.731572104485401 0.678428801410855
1604559536.80718 -98.5281670413114 -452.748412074779 42.683265532922 -0.00500083046340454 -0.0678926973805353 0.731165417064742 0.678795039924139
1604559537.00706 -98.536778310715 -451.802306546112 42.6905082699311 -0.00175581655935414 -0.0653108414678022 0.731470971774629 0.678735315528857
1604559537.20689 -98.5689197127198 -450.859032888661 42.6918709993479 -0.00225948641613874 -0.0650000890295704 0.730854857246988 0.679427009167114
1604559537.40721 -98.5893625379334 -449.901387970205 42.6777059129256 -0.00539251087943685 -0.0673179711544716 0.730208165958659 0.679878846525874
1604559537.60709 -98.6121657198276 -448.915892603397 42.6965373850151 -0.00691096963251153 -0.0659208384725128 0.729444674354024 0.680820937259108
1604559537.80721 -98.6240665835643 -447.932929512095 42.7034356008072 -0.00780943921953044 -0.0651566956855178 0.728796592293607 0.68157842155371
1604559538.0072 -98.6502152623796 -446.915442537955 42.7226425118115 -0.00873277210040299 -0.0633237310465377 0.728135728976842 0.682445751664666
1604559538.3069 -98.6788164794947 -445.345628975911 42.7205644715658 -0.0103535050127772 -0.0665247069922173 0.726979420467934 0.683350708282106
1604559538.50686 -98.6796345545063 -444.299039685239 42.7217999529289 -0.00950420829459416 -0.0640657675440173 0.725978325475563 0.684661024444496
1604559538.7069 -98.6876352718936 -443.234336700237 42.7088197137305 -0.00941687015438978 -0.0643063537244474 0.725655972466422 0.684981331899617
1604559538.90732 -98.7067419001975 -442.146180401194 42.7398803253304 -0.0136578881332035 -0.0653713742823216 0.72464789865754 0.685875694632339
1604559539.10646 -98.6872356914705 -441.037322078477 42.7329769779683 -0.0116728098324593 -0.0664978665267332 0.723760801154453 0.686740185201268
1604559539.30658 -98.6914994463021 -439.914568443099 42.7530937885469 -0.0130771407925564 -0.0656773617606868 0.723340522427671 0.687236466694625
1604559539.50628 -98.704008672544 -438.813236951796 42.7700649640151 -0.0121982551499262 -0.0696355628650108 0.722682887318542 0.687554750789133
1604559539.70679 -98.6920379872428 -437.685360884758 42.7479829629603 -0.0115807318211749 -0.066399815213601 0.722383603847815 0.6881997385076
1604559539.9062 -98.6962399554397 -436.550285923975 42.7448498015711 -0.012429895002703 -0.0694709302796302 0.722352393206542 0.687914462404364
1604559540.10649 -98.6936358746688 -435.412454204211 42.7740205233632 -0.015850774572668 -0.0674754419048647 0.722364505066987 0.688030042588634
1604559540.30699 -98.6876542489443 -434.290457698409 42.7498398627845 -0.0135411091599937 -0.0673204765525096 0.722052538635502 0.688421907880253
1604559540.507 -98.704677114427 -433.151783287491 42.7650346623738 -0.0143283441565956 -0.0674868747425374 0.722566400765354 0.687850286600374
1604559540.70681 -98.6934795816513 -431.970521258321 42.7687490530726 -0.0148673735220916 -0.0683318640848768 0.721905775813783 0.68844881320396
1604559540.90712 -98.683070976845 -430.813904781761 42.7452759371835 -0.0134097857669072 -0.0662512577585988 0.722079326679179 0.688500104919116
1604559541.20687 -98.6768906064256 -429.022818499982 42.7814932054733 -0.0167138058028488 -0.0679410918554825 0.722203952400163 0.688132333109449
1604559541.40701 -98.6765364491468 -427.861403985735 42.7593186174857 -0.0132068497339006 -0.0681660935447487 0.722201492773801 0.688188903315252
1604559541.60698 -98.6771479477173 -426.674188943077 42.7553953454452 -0.014999241633146 -0.0688950125494222 0.722206910011698 0.688073890746918
1604559541.80718 -98.6619541258936 -425.480461223118 42.7657127350359 -0.0148375058007074 -0.0680970839184646 0.72234323507163 0.688013725393373
1604559542.01677 -98.6753741567194 -424.307489561382 42.7684555171692 -0.0153000363545553 -0.0690026384351749 0.723043419394699 0.687177384993537
1604559542.20728 -98.6698441133658 -423.095838487131 42.7723949671458 -0.0170522836838148 -0.0703667076402153 0.722489277797287 0.687580533134117
1604559542.40729 -98.6517634519238 -421.892846809829 42.7450242439377 -0.0142214122237298 -0.0680745657899135 0.722674688655367 0.687680812080537
1604559542.60692 -98.6649404390159 -420.698136266038 42.7618964496206 -0.0172361954967704 -0.0703481388988603 0.722834310537231 0.687215113649597
1604559542.80692 -98.6559149212524 -419.454791520863 42.7851874055899 -0.0181412896748262 -0.0699785023048488 0.722052381594107 0.688051059920979
1604559543.00716 -98.6426602280477 -418.31995400918 42.7745633747034 -0.0156978312837479 -0.0656222511385069 0.722088234430948 0.688502636120515
1604559543.20734 -98.6438914755368 -417.049726377835 42.7898245704045 -0.019931093557506 -0.0700809870327978 0.721868472934917 0.688184070252081
1604559543.4071 -98.6397406743595 -415.847083272034 42.7843275123651 -0.0134213829234732 -0.0684037436522442 0.722288041873377 0.688070329909306
1604559543.60727 -98.6484378770273 -414.652813778512 42.7799285271373 -0.0135318963535435 -0.0684715445691296 0.723057006401389 0.687253301817646
1604559543.80704 -98.6484016487 -413.403728851097 42.7711725979156 -0.0183132609779122 -0.0691945495653087 0.723000877644973 0.687129150675044
1604559544.00673 -98.6498481374643 -412.188706840711 42.7823898229002 -0.0175708535913589 -0.0639213326818231 0.724235122581476 0.686359101019026
1604559544.20682 -98.6655809238471 -410.963887420713 42.7925343224969 -0.0185120871638289 -0.0667583036738161 0.724467380507345 0.685818960149294
1604559544.40682 -98.6750682415589 -409.803562246242 42.773503967989 -0.0195228594588662 -0.0694940716447248 0.725284816847868 0.684654194768967
1604559544.6069 -98.6693179059036 -408.559510592451 42.7468723057625 -0.0212738026168541 -0.0688893012056561 0.726011165966176 0.68389288371356
1604559544.80718 -98.6850158931773 -407.405848948066 42.7186269325536 -0.0220669395401471 -0.0675894982687467 0.727517804570681 0.68239472003802
1604559545.00719 -98.7163930070582 -406.219271558775 42.7512639736474 -0.0207279216503118 -0.0688085487069679 0.72870704602703 0.681044622590517
1604559545.20723 -98.7245372055959 -405.055422435899 42.7445545726496 -0.0194271397791544 -0.0696835439816564 0.729865606144891 0.679752151085165
1604559545.50706 -98.7860444637107 -403.273706958177 42.730523300268 -0.0213951005167824 -0.0683750750646649 0.732441442652491 0.677049947839091
1604559545.70703 -98.8213445347307 -402.111171874935 42.7127192373306 -0.021117028812794 -0.0683534540469431 0.735197962204642 0.674066638236988
1604559545.90703 -98.8818903744541 -400.948267842197 42.7148489028242 -0.020536944131507 -0.070603946492855 0.738470027385357 0.670265123155639
1604559546.1169 -98.9478480200746 -399.778652767995 42.7323483358126 -0.0213561600314783 -0.0707386415871552 0.741483982389297 0.66688939328439
1604559546.30705 -99.0267940211729 -398.605290048826 42.7148149799141 -0.0213597185472955 -0.0704748041086294 0.744800034863191 0.663211860929236
1604559546.50695 -99.0994532925116 -397.436118994871 42.6935176109498 -0.0218488421703491 -0.0698158025862841 0.747715260277595 0.659977477913494
1604559546.7069 -99.1972188601017 -396.274881796463 42.6610478050548 -0.0210301465658239 -0.0701789258715456 0.750242509845495 0.657091186761524
1604559546.90702 -99.2965002196403 -395.095888118918 42.6607751691908 -0.0209439100459599 -0.0706846134757436 0.751270529965034 0.655864032293148
1604559547.10657 -99.3876269628715 -393.937326203848 42.6538148118968 -0.0209696114179641 -0.0704687918660033 0.751966565598884 0.655088321519584
1604559547.30652 -99.4814368128872 -392.77481137844 42.6310789562041 -0.0202037375240654 -0.071032644193751 0.752678023988794 0.654233876112532
1604559547.5063 -99.5825401845505 -391.605460617102 42.6165196542591 -0.0213046205360626 -0.0711836365261414 0.753100359166608 0.653696299559555
1604559547.70665 -99.6805384554825 -390.443825623332 42.6129283921015 -0.0208236269207808 -0.0710977793706521 0.753222272558523 0.653580668664703
1604559547.9066 -99.7792028574749 -389.304856445052 42.6034633214831 -0.020520771369486 -0.0707506070887874 0.753325574188791 0.653508859015773
1604559548.10658 -99.8744550025577 -388.184698113461 42.5942433122119 -0.01931349925818 -0.06985805505028 0.753361501719415 0.65360025139076
1604559548.30632 -99.9729206186128 -387.088650568231 42.6044609163125 -0.0184735208955944 -0.069397686003575 0.753375349452876 0.653657611475477
1604559548.50634 -100.051302256102 -385.994476474082 42.6009587574657 -0.0158076515313205 -0.0695935183265893 0.752516940656022 0.654694672641906
1604559548.70633 -100.135434214172 -384.890345734602 42.635370183073 -0.00941401332952632 -0.0624613796471344 0.751965311934409 0.656169278504407
1604559548.90653 -100.230937371896 -383.762372763916 42.6349641332582 -0.011773701251471 -0.0618190700981642 0.750913760870994 0.657395091452331
1604559549.10643 -100.298695478593 -382.674389261235 42.6287797091825 -0.0108620110858161 -0.0616886311812573 0.750349782467702 0.658066663377523
1604559549.30711 -100.375365893419 -381.568773396666 42.6095249118821 -0.0118331879609767 -0.0609671238395736 0.750137078228502 0.658359589692605
1604559549.50692 -100.458701310454 -380.455592612278 42.6010106564612 -0.0107261799124521 -0.0611144631156733 0.74980952689634 0.658737918172361
1604559549.7069 -100.538197641043 -379.342997579397 42.589172017598 -0.0108885029891324 -0.0602420417213863 0.750256837067749 0.658306171431646
1604559549.9071 -100.622452263862 -378.226317187896 42.5608463344658 -0.00976803693106813 -0.0609440012506337 0.750808935357305 0.657629346025332
1604559550.1065 -100.694457736796 -377.114913693432 42.5390809451455 -0.00380272931995029 -0.049897398266226 0.751415058603339 0.657929478439841
1604559550.30733 -100.803730388893 -376.016210744572 42.5614041166877 -0.00518198870518982 -0.050604353069983 0.751807512307174 0.65741753162045
1604559550.50723 -100.869535725271 -374.898328144181 42.5899173731927 -0.00582812357128751 -0.0500918365815823 0.751962471205471 0.657274130619853
1604559550.70708 -100.946343838603 -373.831803719086 42.5695548447351 -0.00632770250281044 -0.0491796176931755 0.752269527616966 0.656986973389531
1604559550.90699 -101.022989477262 -372.778889827654 42.5890711352033 -0.00584651562311719 -0.0486162220048783 0.75200117372834 0.657340487056929
1604559551.10707 -101.103087155382 -371.767657111677 42.5794390889227 -0.00397337298860388 -0.0494864009628851 0.751927161061728 0.657374210693183
1604559551.30652 -101.187684640739 -370.766884472964 42.5837666122799 -0.00387753907805476 -0.0477250363447345 0.751468444504137 0.658029226183097
1604559551.50633 -101.257703370238 -369.786833771369 42.5587635959133 0.00100566528799542 -0.0484423486833409 0.750978248511245 0.65854688348997
1604559551.70667 -101.329572198223 -368.804350856653 42.5441480232674 0.0025810705378503 -0.0467515786190414 0.750216423356987 0.659532369256397
1604559551.90631 -101.396137563171 -367.843916700218 42.5249138541254 0.00463529193246357 -0.0462703487548434 0.749517680261011 0.660349010653426
1604559552.10659 -101.457330284874 -366.878806521469 42.5312445659182 0.00215541492883421 -0.0437654144507795 0.748785517101677 0.661362375754178
1604559552.31713 -101.519921890383 -365.941520051713 42.5131697996004 0.00112263513263587 -0.0439372984470223 0.748406143027656 0.661782818282557
1604559552.80682 -101.668472146771 -363.597290924909 42.4804308547666 0.00284060624907504 -0.0443244431879671 0.747329212099106 0.662967814781037
1604559553.30701 -101.807762929497 -361.249583788053 42.4392450643939 0.00291750059368901 -0.0396267659221845 0.745338705048934 0.665500880817458
1604559553.60699 -101.895450929197 -359.828922793306 42.441505466106 0.00212629128784755 -0.0399063151947193 0.74345726791303 0.667588387915961
1604559553.807 -101.92637839823 -358.883058594983 42.3947898020253 0.00176639880967058 -0.0394190912985395 0.742177953481711 0.669040283123626
1604559554.10734 -102.02482353261 -357.426812616018 42.4221185003994 -0.00145894851133938 -0.0387951282244205 0.741251072687531 0.670104213339147
1604559554.30696 -102.06415401009 -356.440539936841 42.4025773481024 -0.00454945447487912 -0.0353255779927613 0.740543191739233 0.671064219856884
1604559554.70696 -102.153131567244 -354.446205761235 42.3320291892903 -0.00816928395700105 -0.0333479463631862 0.738446363161298 0.673437559100203
1604559555.00741 -102.186451837273 -352.955812080963 42.2431697248607 -0.00782728131180293 -0.0348836461300798 0.738005185724443 0.673847320053859
1604559555.20737 -102.246578641489 -351.93673090495 42.2095010156252 -0.00989238015981836 -0.0339145644072356 0.737538571899853 0.67438030672297
1604559555.70683 -102.344187891782 -349.416046165092 42.0828302983635 -0.0166341374851498 -0.0282198116945295 0.735916203823203 0.676279741415116
1604559556.0069 -102.405751675912 -347.877637842227 42.0287644763227 -0.0273966499974568 -0.0341244249575889 0.735425184228263 0.67619135279376
1604559556.30672 -102.455011741494 -346.352363698141 41.9525034748343 -0.0283833904974835 -0.0325472712256109 0.734477895817322 0.677257173336239
1604559556.60665 -102.528114691212 -344.821117283874 41.8321243617352 -0.0342668562358592 -0.0362713808961858 0.733010767686592 0.67838439247016
1604559556.90677 -102.54831707407 -343.281284243114 41.7525561095911 -0.0327854336090461 -0.0371115722983045 0.732495292887953 0.678968697689081
1604559557.20686 -102.583870216485 -341.717247015075 41.6395234386723 -0.0367551963869521 -0.0418320950884122 0.730708808196136 0.680414409741338
1604559557.50715 -102.619605398708 -340.177430731427 41.5396263675471 -0.036591386990961 -0.0391494733731231 0.729267163527655 0.682127402567155
1604559557.80746 -102.660647998485 -338.564179861785 41.4668683056824 -0.0418308339947471 -0.0450111318849219 0.72914127012344 0.681598993203862
1604559558.00737 -102.677117484748 -337.502096333813 41.4109492810926 -0.0423078011816754 -0.0469480175820121 0.728251576708034 0.682389606182973
1604559558.30674 -102.689027220415 -335.905182296755 41.2855076849785 -0.0428687029852608 -0.0489354258506198 0.727291680897578 0.683238179040338
1604559558.50679 -102.710713397592 -334.825057734533 41.2219856547796 -0.0453219699538134 -0.0497738030900575 0.727135595731973 0.683185416256061
1604559558.81664 -102.715246761777 -333.20386251631 41.1432323279246 -0.0439295677608204 -0.0472056104059479 0.726496585961989 0.68413780337599
1604559559.00658 -102.735473668627 -332.110606520661 41.0656982638582 -0.0461197403934883 -0.0525945847172213 0.726567625540825 0.683524882297951
1604559559.30655 -102.721273283754 -330.469372718887 40.9343473105575 -0.0462865580191098 -0.0450971389767323 0.7254201135614 0.685265978612263
1604559559.50661 -102.726753835037 -329.365454586112 40.8697891203109 -0.0473416160324483 -0.0433822442940552 0.724924089183596 0.685829291582666
1604559559.7064 -102.740006445972 -328.270883287966 40.8146181674937 -0.0473783399497474 -0.0491906845739436 0.725255690216607 0.685083756385441
1604559559.90676 -102.724536397759 -327.198615724583 40.7679385553514 -0.0447413047427841 -0.0470940039963332 0.72508955617718 0.685584061921138
1604559560.20668 -102.727439110972 -325.558613622749 40.648450823465 -0.0463068669991372 -0.0443530430639075 0.724459789889903 0.686328270197558
1604559560.40658 -102.725276799036 -324.46863769642 40.6033171624278 -0.0446842894462085 -0.0450384803017892 0.724871905772722 0.685955953243512
1604559560.60686 -102.716097641272 -323.393217778843 40.5162359508988 -0.0426246932522057 -0.0421850260564206 0.724689860822272 0.686460606825454
1604559560.80673 -102.725961979594 -322.301669921001 40.451055497889 -0.0423209774428561 -0.0420918338700021 0.724919502191241 0.686242615794549
1604559561.00663 -102.726740296091 -321.212661914613 40.3768014316745 -0.0439335518203787 -0.0405243169719258 0.724876770633542 0.68628076627157
1604559561.20731 -102.718722796523 -320.128395022687 40.2857977268824 -0.043452494038683 -0.042023711986886 0.725133565658161 0.685949852648532
1604559561.40732 -102.723598933545 -319.048641125346 40.1980757651976 -0.0445172163537452 -0.0397173830905298 0.724461191285814 0.686729007141313
1604559561.70696 -102.742937275414 -317.43793918657 40.1574620064524 -0.0478435063461427 -0.0419093565414818 0.725253155556902 0.685538084346553
1604559561.90693 -102.736855997213 -316.39789141542 40.0720014656788 -0.0444337321824353 -0.0407004486090461 0.725064724060082 0.686039549042939
1604559562.11709 -102.732148271324 -315.356668354227 39.9944763137301 -0.0443359310238612 -0.0401872802583727 0.72479681666595 0.686359149626919
1604559562.30734 -102.723490107152 -314.341210719191 39.9171872726216 -0.0430993733003739 -0.0390167776052456 0.725012641285161 0.686277498584307
1604559562.6071 -102.747183348487 -312.805703263159 39.870908655393 -0.0453285636398891 -0.0417601313584726 0.72561727117859 0.685332757508791
1604559562.80716 -102.740461647213 -311.808968937466 39.7902546852885 -0.0436533707871393 -0.0412496957229298 0.725510105274578 0.685585831946779
1604559563.00715 -102.743913067149 -310.804096353225 39.7579675993883 -0.0450502495233251 -0.0412916005021437 0.725228302369229 0.68579106744584
1604559563.20746 -102.740678115774 -309.831508910743 39.6660955229926 -0.0461520362316545 -0.0418727548613217 0.72483029878304 0.686103272050268
1604559563.40693 -102.742020537239 -308.867140256663 39.5898981823546 -0.0481887099772465 -0.0413854585180644 0.724721027550919 0.686108245307923
1604559563.60717 -102.73200503168 -307.906076099572 39.5351644530371 -0.0446881143688764 -0.0394165740183296 0.724278884376401 0.686927509838766
1604559563.80725 -102.733634190567 -306.963483971208 39.4915552817214 -0.0449434778833562 -0.0365972260081042 0.724371187997629 0.68696951085413
1604559564.10666 -102.727233886183 -305.584716496734 39.3604760024289 -0.048967056239356 -0.0406857575491167 0.723610706655391 0.687265917785534
1604559564.30636 -102.728180218744 -304.662907393921 39.3410137084256 -0.0516222470743037 -0.0379726188524559 0.723170334286735 0.687690258351896
1604559564.60684 -102.716645805999 -303.294997366498 39.2111739794665 -0.046930726515717 -0.0360065895792414 0.723449170378678 0.687838883964829
1604559564.80651 -102.739814948776 -302.388381133448 39.143366810708 -0.0517369718516886 -0.0370720793841442 0.723043514787385 0.687864101692811
1604559565.10674 -102.697995008644 -301.10603926757 38.9914496446643 -0.048379080882814 -0.0376618279391258 0.722398320399657 0.688753742590901
1604559565.30674 -102.712470160718 -300.241733373964 38.9359282295674 -0.049271060832097 -0.0379407786882942 0.722546206447129 0.688520035602355
1604559565.50643 -102.701158060861 -299.387500641476 38.902240813882 -0.0474463570445834 -0.0376357730644086 0.722599108598241 0.688609410364155
1604559565.80686 -102.69889225117 -298.078346684148 38.811077820424 -0.0521869032864397 -0.0380278673456456 0.722619240787314 0.688223685493662
1604559566.0065 -102.698344164011 -297.24393112781 38.7569902432734 -0.0520225062823845 -0.038341605177483 0.723468729903579 0.687325670264261
1604559566.20741 -102.672655038056 -296.422745550779 38.7128771315142 -0.0466258770250087 -0.0357714105667778 0.723257241362462 0.688073685439629
1604559566.50706 -102.687700925909 -295.196202229175 38.5897370910035 -0.04970873463171 -0.038927542222669 0.723035877856844 0.687919186743327
1604559566.70711 -102.687800473738 -294.38752904871 38.5505251712176 -0.0499595650233089 -0.0398265450313812 0.722833090956273 0.688062650339448
1604559566.90733 -102.669500681895 -293.589563707241 38.4972563938307 -0.0474457911463297 -0.0374020871698441 0.723018265745027 0.68818207487328
1604559567.10721 -102.669281027111 -292.775564363732 38.4264150858665 -0.0482730513836833 -0.0381844939429032 0.722447496477755 0.688680819948877
1604559567.30687 -102.666615942261 -291.950957514164 38.3792892074063 -0.0486531455726171 -0.0373566324697077 0.722009065769404 0.689159098019612
1604559567.50685 -102.652067477281 -291.123446399937 38.3062960096 -0.0489644177687208 -0.0357075989664324 0.721934590371411 0.68930247380514
1604559567.80694 -102.636317213204 -289.872761044337 38.211866084308 -0.0485594820626992 -0.0360641852822471 0.721323621711282 0.689951870787412
1604559568.00701 -102.621866146873 -289.033057426113 38.1437815815484 -0.0478427154027101 -0.0340267888585282 0.721012386032432 0.690430584063809
1604559568.30709 -102.629329181087 -287.731578558097 38.0633157727793 -0.0504693377030612 -0.0390539650442286 0.721050076311123 0.689937983602775
1604559568.50698 -102.604956186979 -286.868436307474 37.9955055684599 -0.0482521719856761 -0.0353024570169562 0.720712741416762 0.690650858818525
1604559568.70704 -102.589157378013 -285.991430181263 37.8933689741405 -0.0486472711971149 -0.0341131833803229 0.720437816079229 0.69096967146737
1604559568.90737 -102.585890403295 -285.106910871324 37.8090920416317 -0.050424120718513 -0.0353175705615469 0.719873096716271 0.691370235028614
1604559569.20668 -102.577623798566 -283.767164906537 37.7443127089923 -0.0486818897311958 -0.0370711043634868 0.720349650152235 0.690906787026313
1604559569.40651 -102.569134924422 -282.850954786189 37.6795268119845 -0.0491030915670142 -0.0373074719224457 0.719846757077081 0.691388230492049
1604559569.70655 -102.538035821777 -281.474985917016 37.5603118037581 -0.0496862605954389 -0.0367225775028812 0.71901472722973 0.692243129136248
1604559569.90673 -102.527025432866 -280.543054762292 37.4616531360442 -0.0503406851640151 -0.0379513063573605 0.718897355649133 0.692251475840732
1604559570.2065 -102.514909257138 -279.15223109547 37.4238177484977 -0.0496986059605073 -0.0360971909833292 0.718927534752877 0.69236568455033
1604559570.40691 -102.471810975081 -278.204047188165 37.3354798703361 -0.0485660800667774 -0.036730447034845 0.718583784317493 0.692769481893883
1604559570.60666 -102.47387813052 -277.24562239676 37.2627415914285 -0.0485073002538393 -0.0384376024606411 0.718653741743482 0.692608397304894
1604559570.80666 -102.443777811484 -276.29155453446 37.1777683521813 -0.048773717216576 -0.0375249004849508 0.718765269849208 0.69252400190251
1604559571.00639 -102.413601823097 -275.308933049075 37.0801495281249 -0.0494853905144546 -0.0359153331020569 0.719256237804491 0.692048950113451
1604559571.20658 -102.422513858292 -274.321838283069 36.9864848634586 -0.0522923107223209 -0.0344103040077416 0.720248391707557 0.690886169683612
1604559571.50646 -102.420968152294 -272.821671228767 36.9598598625463 -0.0524374887217652 -0.0352739423298111 0.721629374255908 0.689388935928112
1604559571.70683 -102.398840633222 -271.845916728801 36.8494526447419 -0.0497156830388309 -0.0339408225538291 0.722130035749288 0.689133211282901
1604559571.90662 -102.399326068331 -270.83579626447 36.7306197308125 -0.0500680406321519 -0.0406615947072523 0.723310295171146 0.687504213021673
1604559572.10644 -102.39428586482 -269.835976581771 36.6524681869105 -0.0494289857848547 -0.0378033148949062 0.723645185650796 0.687361135089599
1604559572.3064 -102.38757237928 -268.841147641619 36.5454554638616 -0.0481673766728238 -0.0369807293217351 0.724339847156429 0.686763507551684
1604559572.60657 -102.385009177844 -267.317006837215 36.4516078324837 -0.0496020325745087 -0.0363122941180949 0.724441315647303 0.686590005639147
1604559572.80661 -102.386253690251 -266.299105083038 36.3538326699309 -0.0494806835088205 -0.037024478290723 0.724572108906787 0.686422689719076
1604559573.00658 -102.380704552702 -265.279433249118 36.2759488037544 -0.0490148042004228 -0.0365670961669281 0.724958591498162 0.686072472163192
1604559573.20652 -102.369793648053 -264.250253392878 36.1754984350579 -0.0485099844577908 -0.0341275205266367 0.725230523840216 0.68594663133589
1604559573.50676 -102.379338414296 -262.675965795505 36.0672330298996 -0.0504011426680119 -0.0331540969088146 0.72517437125604 0.685917387116938
1604559573.70685 -102.37548789073 -261.630364945795 35.9710679543676 -0.0486393336049167 -0.0294579067101161 0.725305904159543 0.686074188663322
1604559574.00657 -102.387885047803 -260.04838460033 35.8845514807365 -0.050357204352527 -0.0316688083448049 0.726277755858218 0.684822502472991
1604559574.20728 -102.387357601118 -259.003204930729 35.7616245320905 -0.0490917441304699 -0.0326992374056075 0.726323160864136 0.68481780534946
1604559574.40713 -102.395359372091 -257.960841370857 35.6777218089441 -0.0472242255807293 -0.0312851297372438 0.726483748959431 0.684844855185081
1604559574.60744 -102.395068734221 -256.884384782601 35.5712438333326 -0.0475982949831497 -0.0275722672524983 0.726341515482163 0.685129312816441
1604559574.80815 -102.408246734139 -255.845418961898 35.4638134625833 -0.0471499888453095 -0.0304862104972884 0.72667985075024 0.6846779272293
1604559575.10646 -102.423812730402 -254.266949502186 35.3916401683279 -0.045632114010754 -0.0331176672407804 0.727710519681375 0.683562966984389
1604559575.30639 -102.433338238268 -253.18989425884 35.3072399250438 -0.0473783614799205 -0.0289572219018017 0.72710927440095 0.684272513873919
1604559575.50647 -102.434912644628 -252.129845870172 35.2096969850095 -0.0448352586918234 -0.0284820611002222 0.727297659516131 0.684263608732686
1604559575.70658 -102.436451962529 -251.051527619814 35.090369566475 -0.0463511387162982 -0.0272145074695034 0.726987933221995 0.68454326924783
1604559576.00661 -102.441267251854 -249.455390475079 34.9837182754315 -0.0455718114960756 -0.0275781346440318 0.725757011913332 0.685885862330719
1604559576.20658 -102.437827071962 -248.404843677259 34.8791202975601 -0.0449153727302768 -0.024613522987773 0.724802722500877 0.687050068942539
1604559576.40662 -102.440405433884 -247.329084373072 34.8051880189539 -0.0477506544004412 -0.0261228961366299 0.724095701454737 0.687548459700505
1604559576.60647 -102.423320792387 -246.286248663099 34.7054943751738 -0.0460145138156536 -0.0246408554412686 0.723457273932528 0.688393103942468
1604559576.90674 -102.427107304135 -244.698731284782 34.5936439330298 -0.0498037331216416 -0.0286512201425512 0.723112341126802 0.688336573096045
1604559577.10655 -102.419381758512 -243.672484720575 34.5099545081844 -0.0471052977353858 -0.027582497098481 0.722664991927338 0.689039626017063
1604559577.30699 -102.403608751418 -242.651270895059 34.4088938117639 -0.046588343242036 -0.0246729017309172 0.721953482616529 0.689930390062653
1604559577.60704 -102.399993322457 -241.08159661051 34.2639813124265 -0.0522254941521574 -0.0280681399214827 0.721882892260937 0.689470642698364
1604559577.9071 -102.370776464286 -239.571294107923 34.072087355666 -0.0473012281308435 -0.0249073830120726 0.721815178257327 0.690018162461067
1604559578.20751 -102.37492864067 -238.010206186257 34.0096019106504 -0.0471703906029072 -0.0291342621100797 0.721587750807843 0.690099461603723
1604559578.50737 -102.35316768425 -236.512420137098 33.869417961719 -0.0464141577622257 -0.0299604927234253 0.721333596397799 0.690381008967374
1604559578.70738 -102.347582287547 -235.5160412444 33.7706978681757 -0.0482277397566125 -0.0317223983280402 0.721234205915342 0.69028182272167
1604559579.00698 -102.308046942818 -233.976670293263 33.6577226170837 -0.0461197396020742 -0.0273791310602235 0.720724660213644 0.691143485074809
1604559579.20698 -102.296836973087 -232.958021460662 33.6045706006523 -0.0453790224691497 -0.0265840454805821 0.720110839820454 0.691863000325001
1604559579.50738 -102.263366084782 -231.459374262124 33.4109859899441 -0.0447464547285042 -0.0258475799415398 0.719986675641615 0.692061300969019
1604559579.70706 -102.239721792857 -230.423737780794 33.3604647518263 -0.0430959575255308 -0.0228317916051309 0.719871765832204 0.692391571651968
1604559579.90735 -102.215462972965 -229.391794732295 33.2588891992961 -0.0393024496577641 -0.0197694339059929 0.719704506092977 0.692885207551293
1604559580.20703 -102.190456792014 -227.844630147529 33.1615174243515 -0.0423530754158824 -0.0212786602280987 0.719198919010588 0.693185653714584
1604559580.40696 -102.151933633666 -226.823511066787 33.052634215474 -0.0385684028083884 -0.0197294175886683 0.718038437303164 0.694653892914775
1604559580.60713 -102.12039858964 -225.802667467882 32.9582645174644 -0.0379190362752694 -0.0200131063454619 0.71724583866673 0.69549984124917
1604559580.80745 -102.083848585916 -224.783480544946 32.8681330026405 -0.0362644108975422 -0.0183486762568634 0.716022086409502 0.69689352870841
1604559581.50687 -101.919578247564 -221.228233530581 32.5511534475895 -0.0276153898514852 -0.00658482359561897 0.711275676454529 0.702339620429971
1604559581.80655 -101.83509738114 -219.667741654483 32.4466285982554 -0.0268776979483103 -0.0118561585297778 0.709660443006916 0.703931158913387
1604559582.10671 -101.738117108104 -218.163680812917 32.2749354561767 -0.022522713953292 -0.00676255088973043 0.70733757828762 0.706484639326183
1604559582.80706 -101.48313261802 -214.571155933878 31.9804609586708 -0.0215982982527531 -0.00201096354631073 0.699707531250974 0.714100021179714
1604559583.40692 -101.185087983631 -211.497400357209 31.7410703664224 -0.0140856804611397 0.000916452346921628 0.690275248150945 0.723409175716754
1604559583.71678 -101.019014659123 -209.962682778726 31.5739976197133 -0.0185026636233128 -0.00268816567283443 0.686630038118959 0.72676654845756
1604559584.20691 -100.655185022891 -207.377938392682 31.4420340090206 -0.0145197220143171 0.000370983697805769 0.680373906077361 0.732721221183581
1604559585.30758 -99.7613799715413 -201.821932488626 30.9443916585418 -0.00350807190138231 0.00718577515565596 0.664711115335083 0.747057689349984
1604559585.60721 -99.5044928506339 -200.334829863401 30.8325464802004 -0.00407056589798834 0.00788491580106466 0.660220125315492 0.75101973657453
1604559585.90733 -99.2045486634812 -198.863012628471 30.7572468012382 -0.00295468200665536 0.00833949137190925 0.655730247633797 0.754943418459964
1604559586.40749 -98.6855737981383 -196.550445696939 30.4915570758296 -0.00206824528138859 0.00894787384889056 0.645197935300987 0.763960262185399
1604559586.70737 -98.3657393221077 -195.199601868182 30.4756351715503 -0.00396323168539035 0.0116643935811568 0.638814586118458 0.769262087509384
1604559587.2065 -97.7587901718622 -192.992507042256 30.2457195311802 -0.00335452301348671 0.00744730204747117 0.626165138912899 0.779647679197313
1604559587.5067 -97.3662120953459 -191.674425869607 30.138195673426 -0.000999730432841586 0.00546856988452613 0.617658004928576 0.786427163970148
1604559588.1069 -96.4755951549075 -189.009476261833 29.9386579756453 -0.00163976098392277 0.00582792387115649 0.605856024416741 0.795551270607501
1604559588.40757 -96.0377647148841 -187.706447608801 29.8459072745032 -0.00590243153727697 0.00460644053817428 0.600951961067316 0.799250075068412
1604559588.60721 -95.7613033304247 -186.909062777252 29.8174468854713 0.00565408396323326 -0.00617901102758292 0.59692681853271 0.802251970688558
1604559589.20746 -94.784226194806 -184.386539243952 29.559919086417 -0.00895471968663841 0.00123069865346657 0.586576693455061 0.809843244752641
1604559589.50742 -94.3116134387773 -183.155699519269 29.5148571405698 -0.0176395882469616 0.0165869928273708 0.580316529490744 0.814030983559742
1604559590.00758 -93.4803104384414 -181.211925463734 29.3232726113293 -0.00701179740322786 -0.0074808947028675 0.569654142862795 0.821820557318247
1604559590.20719 -93.1103969498703 -180.408720332475 29.2619084543523 -0.0127727227579943 -0.0023167311169243 0.564216125645582 0.82552507767588
1604559590.70726 -92.2093549373054 -178.469058488943 29.1180896121353 -0.0167951415701678 -0.00521663047310444 0.552370451998685 0.833413219084575
1604559590.9073 -91.8297012180263 -177.729269008413 29.0572626535294 -0.0153739049579517 -0.00648464843474476 0.548419418293827 0.83603692144503
1604559591.20675 -91.2585468621623 -176.592088245751 28.936468549409 -0.0181561572327576 -0.00842930687409303 0.543974283012208 0.838863087852551
1604559591.50647 -90.6676182140129 -175.461838274915 28.8374413727017 -0.0196942771026411 -0.00834952129864425 0.539981257833381 0.841405171205982
1604559591.80669 -90.0574734866665 -174.289592062762 28.8115451764087 -0.0220320730990431 -0.0112779454628533 0.536417367435502 0.843589831384104
1604559592.10652 -89.4335068282128 -173.157138445262 28.6739257910352 -0.0242456274341847 -0.00862642859681926 0.531951779795947 0.846383505422874
1604559592.40798 -88.8023899852288 -171.990879061804 28.5714862740987 -0.0251548440808726 -0.0115093897823516 0.528242417467378 0.848642867261798
1604559592.70667 -88.1417085074577 -170.819230879443 28.4918509587103 -0.0258822390737235 -0.0126341790890488 0.525662837154756 0.85020530982445
1604559593.30683 -86.8367130025217 -168.503158363959 28.3139091476655 -0.0303500519205797 -0.0164015156429275 0.521850594746925 0.852339029609294
1604559593.60661 -86.1798338493062 -167.365916195812 28.2342996971898 -0.034706460430117 -0.0154585454476689 0.520030729789511 0.853302135853206
1604559593.90665 -85.5365754057996 -166.275149067942 28.1126868240373 -0.0339916938669137 -0.0153759002451688 0.517693010420493 0.854752650420854
1604559594.60733 -84.0919307907493 -163.791072140469 27.9434090815593 -0.0401599901776034 -0.0177350234216214 0.513279920741877 0.857097641518387
1604559594.90862 -83.4751790251096 -162.777026133217 27.8786664586684 -0.0437720773266457 -0.0227582041043565 0.514046010040079 0.856342670287035
1604559595.70831 -81.970452661376 -160.075240415285 27.661287473903 -0.0507820880001773 -0.0225063298484954 0.526262720169061 0.848505859741318
1604559596.0073 -81.4460448780703 -159.074835647686 27.5836100645375 -0.0532672920607047 -0.0234245578933727 0.533703443441178 0.843667304180415
1604559596.30655 -80.9747198186273 -158.109000241918 27.4999690661935 -0.0564104423405495 -0.026034897130138 0.541242918549329 0.838567915703058
1604559596.90687 -80.1076656306131 -156.260899491525 27.3266581367092 -0.0607477988602097 -0.0262713885279386 0.557087644444447 0.827812101557951
1604559597.50656 -79.4175804534596 -154.627918556234 27.2146923879725 -0.0542635147162094 -0.0278533256275443 0.574706363083895 0.816083488040906
1604559597.80692 -79.1216387589673 -153.819755995732 27.1541147311763 -0.0511069383752485 -0.0298393814500564 0.585112333327708 0.80878999100656
1604559598.00689 -78.9265553383338 -153.261693346266 27.1169755104376 -0.0488772718080652 -0.0315085916445921 0.59247279330622 0.803488774125127
1604559598.60688 -78.3884883769246 -151.517763482083 26.9738842326464 -0.0372759241713394 -0.029940175248973 0.616865338026709 0.785615202325176
1604559599.20683 -77.9615540760427 -149.751622749773 26.8560369466962 -0.0254134449331601 -0.026872538929759 0.644440812864709 0.763759165039851
1604559599.60758 -77.7751716993029 -148.60010200754 26.8176924735972 -0.0213044470738796 -0.0282242517085102 0.663499842790536 0.7473402643825
1604559599.80658 -77.6932271604257 -148.04095418513 26.7835815711315 -0.0182591979725201 -0.0289820812369717 0.672981870214295 0.738865375436854
1604559600.50675 -77.5661341420787 -146.096939286937 26.7053083506326 -0.0140123140260762 -0.0309693797713761 0.70573148958209 0.707663491487625
1604559600.90658 -77.5791860404897 -144.993723297464 26.6524118501898 -0.00793519978024552 -0.0257766061507551 0.72470175621429 0.688534649614469
1604559601.50717 -77.7120269215117 -143.300591375968 26.5812154182358 -0.00823173578779905 -0.025588650286738 0.749122143646598 0.661886299450856
1604559601.90717 -77.862792593433 -142.160340317835 26.5479352100772 -0.00914733163383774 -0.0254917197793018 0.763393992159024 0.645365099212982
1604559602.10686 -77.9355499638749 -141.625713204546 26.5298147354624 -0.00911214712118648 -0.0252837637363806 0.768868715977241 0.638841606079061
1604559602.80662 -78.217294768347 -139.946875274215 26.4472711335467 -0.00900350394102783 -0.0249999169207132 0.780751890613056 0.62427592166836
1604559603.50738 -78.5039042893331 -138.442732524383 26.3709107249251 -0.00844794610423717 -0.0230171123909119 0.785231368244508 0.618716852096872
1604559603.80714 -78.622040163312 -137.834272413909 26.342648127974 -0.0090034147040934 -0.0200066588144479 0.784385599408879 0.619885395510107
1604559604.20754 -78.7420238568262 -137.081575652461 26.2941297393728 -0.00777756514885224 -0.0162780170901413 0.783083998972085 0.621654233633019
1604559604.9072 -78.9279102620724 -135.939798984662 26.2333313884435 -0.0062706292350974 -0.0190014562891908 0.779160517594083 0.626504997338734
1604559605.60705 -79.0669870870919 -134.793522958298 26.191978544642 -0.00079596316373777 -0.0234302739540047 0.771861011132157 0.635358928637291
1604559606.00689 -79.1510073983625 -134.059370018669 26.1432502399589 0.000860402748477862 -0.0239660542374402 0.766278626164667 0.642060709773296
1604559606.30714 -79.2072177319777 -133.466161253777 26.1425478803581 0.000166222275948242 -0.0251445294753947 0.760389170474334 0.648980765842078
1604559606.90752 -79.27213119343 -132.301060069837 26.0931738534464 -0.000820563364614672 -0.0260513210735109 0.747837452615285 0.663370032343918
1604559607.70707 -79.2318155426616 -130.63178727116 26.0339501666175 0.000403619401084705 -0.023718057322645 0.721923370357256 0.691566293409561
1604559608.10726 -79.1457524731635 -129.744725693339 25.9862738623396 -0.000805528391995415 -0.022199766781913 0.70416520117951 0.709688587287874
1604559608.40747 -79.0502048900943 -129.035841474845 25.9793569218942 -0.00163554584734079 -0.0229226380204764 0.687452388969456 0.725865752433707
1604559608.7071 -78.8933130354853 -128.282978036683 25.9447546177731 -0.00265066167600577 -0.0236156677978599 0.66721172721241 0.744488942360713
1604559609.40746 -78.2601340527728 -126.336210204223 25.8902485861698 -0.00575848550755843 -0.0278913467430462 0.605184768205808 0.795575457736852
1604559609.90728 -77.5467018210532 -124.941134844908 25.8081596563428 -0.0097176389639076 -0.0311943997654798 0.550127328954438 0.834441369332617
1604559610.20711 -77.0204529310079 -124.152386840931 25.7764104813502 -0.0112998642240171 -0.0281320903635312 0.515339880338958 0.856449476789218
1604559610.50738 -76.452326276728 -123.407074153409 25.7709639732101 -0.0122615102734556 -0.028290410748681 0.484443389827963 0.874279080201212
1604559611.20753 -75.0522065783575 -121.816142409967 25.7157630741447 -0.0113978295710941 -0.0308815030943437 0.43316155102101 0.900714989863483
1604559611.60755 -74.2375696619116 -120.967072788715 25.6896008193785 -0.0111924738640192 -0.031620798085441 0.420053235560405 0.906879337592647
1604559611.80751 -73.8220382925408 -120.556343054503 25.7013886920408 -0.00920772612488707 -0.030654698958513 0.418150759912943 0.907813554203505
1604559612.40714 -72.7316862301961 -119.295113972049 25.6574302068905 -0.00949652664932648 -0.0340927389525094 0.430384772539015 0.901951466930929
1604559612.80752 -72.0560398317288 -118.46524289552 25.6496664713982 -0.00714833369268788 -0.0363310605547246 0.448863397855814 0.892832910140369
1604559613.51699 -71.0844256971343 -116.922074187023 25.5982730112801 -0.0105012855789729 -0.0381860830487965 0.495943230219523 0.867451357980379
1604559613.90707 -70.6490117078635 -116.010729817479 25.5960546971144 -0.0153236988353181 -0.0408361576174632 0.527516640420406 0.848424296307346
1604559614.30654 -70.2289385087113 -115.03990167611 25.6112000400991 -0.0168058613759179 -0.0388680228928954 0.558305135839432 0.828554292195222
1604559614.70669 -69.8939362071642 -114.005796901093 25.5553087474703 -0.0191695345669497 -0.0380286587441187 0.590970394765879 0.805568335132949
1604559615.20704 -69.5759707150667 -112.634854291696 25.4946976603795 -0.0210150887982448 -0.0379215739353359 0.631428690843124 0.774220981796029
1604559615.60661 -69.4143069980491 -111.480438419542 25.4639165018207 -0.0212125474470553 -0.0367441540114367 0.664848298083323 0.745772509222819
1604559616.00683 -69.3369536855791 -110.30266692802 25.3983491707185 -0.021546749900167 -0.0326058036949771 0.696807338234845 0.716192804010355
1604559616.30729 -69.367699322966 -109.398813685654 25.3617818773581 -0.0243082420580006 -0.0327196782805951 0.720622911546411 0.692127987712994
1604559616.60736 -69.4436304544309 -108.472597341034 25.346782153467 -0.0229744963048228 -0.0299287003826536 0.742489981127786 0.668793744990042
1604559617.00746 -69.6563806258094 -107.192308240699 25.2319145414552 -0.0248732227968014 -0.0277749347597965 0.768272758960925 0.63903587037455
1604559617.30769 -69.8539607641307 -106.186150852321 25.1578847324824 -0.0255958672308215 -0.0277740418914837 0.783406011947855 0.62036156765363
1604559618.00725 -70.5267105560361 -103.64058667672 24.9441551189225 -0.0217216531144694 -0.0237809075247464 0.809562559279621 0.586149384402905
1604559618.407 -71.0309254479387 -102.053846273538 24.84516645387 -0.0298232955010579 -0.0269640303478358 0.815555656878965 0.577280246193802
1604559619.30718 -72.1675668697436 -98.2714267834305 24.5008583105562 -0.0312639565907123 -0.027652010789322 0.817303857638457 0.57469325348998
1604559619.80762 -72.8785948855612 -95.9698663579554 24.350602047595 -0.0311229523913303 -0.029087708196388 0.816584221659579 0.575652217925848
1604559620.10746 -73.2451323618636 -94.5855874598147 24.1558681198987 -0.032121395994731 -0.0273436297432396 0.814887952210346 0.578081453753918
1604559620.50757 -73.8248607324647 -92.6612160267296 24.0311107488039 -0.0361957698227667 -0.0279857332146835 0.814309948728777 0.578624206531933
1604559620.80728 -74.2370247522886 -91.2414916582021 23.8539537057923 -0.036493244518875 -0.0226813015498148 0.813205011023446 0.580389017565674
1604559621.20687 -74.7725776586017 -89.3044409769649 23.684489970237 -0.0341355127337163 -0.0258389176439708 0.811180852220136 0.583226150045425
1604559621.60683 -75.2981113940175 -87.3412578267611 23.5226261200873 -0.0357010573249738 -0.0288649464421192 0.809726925964998 0.585008166387485
1604559622.00665 -75.8229573693602 -85.3689656902523 23.3866877996797 -0.0334104319630723 -0.0265052420129349 0.809921092125108 0.584986358569796
1604559622.60679 -76.6494594141945 -82.4245994129283 23.0891711318573 -0.0370009254403184 -0.0209871314201053 0.810699075698829 0.583915645014226
1604559623.00677 -77.2083133177566 -80.4785972816976 22.928958491669 -0.0348483355130557 -0.0211097896225528 0.812310941912109 0.581799711192713
1604559623.30662 -77.6474186350754 -79.0246658245815 22.7857218145932 -0.0362970466662411 -0.0243210738996734 0.813790451671293 0.579513684511684
1604559624.40676 -79.1921908252625 -73.7236759564667 22.2637052417529 -0.0415149393157719 -0.0286385449810806 0.814086497423604 0.578549495088832
1604559625.00716 -80.0125490931722 -70.8370414135584 22.0037358799411 -0.0408899189277259 -0.0257518899194595 0.813542168711286 0.579494602584181
1604559625.30688 -80.414842837963 -69.435867345992 21.8657201352358 -0.0387831223541447 -0.02423284574134 0.813171446444817 0.580224816165754
1604559626.40674 -81.9176517587954 -64.2360489726392 21.38431931506 -0.0424192326088041 -0.0273983758838017 0.812158300853785 0.581247651228031
1604559627.00663 -82.6938057457011 -61.4586002119204 21.0979589386882 -0.0409690161276994 -0.0243431092548351 0.813242625214671 0.579970158959309
1604559627.50754 -83.345911312921 -59.1742890412673 20.8397421258729 -0.0406267987814919 -0.0186847319922814 0.815407916400452 0.577157061710778
1604559627.70754 -83.6223412174668 -58.2897779925839 20.7863462945851 -0.0382383823002908 -0.0183972451018206 0.816565823630685 0.57569056199495
1604559628.41671 -84.4722787633866 -55.3279678259472 20.4856776288829 -0.0377275921591371 -0.0188409554502545 0.812987237088835 0.580752442541792
1604559628.70678 -84.7864626226001 -54.1578595867067 20.3184171217842 -0.0350504915550505 -0.0180584572038793 0.812272056436452 0.581944551909942
1604559630.00683 -86.1694723442449 -49.2455592943542 19.8600053730524 -0.0309892081949347 -0.0208855684651149 0.811384799597237 0.583316525557001
1604559630.50699 -86.6706388811602 -47.4966809906791 19.7136459988549 -0.0298817437696551 -0.0271647125545361 0.81234967758114 0.581770711805718
1604559630.90699 -87.1197966757063 -45.9511724878613 19.5836134937713 -0.0654718468028453 -0.00465009393282672 0.812762246219381 0.578886297145706
1604559631.70724 -88.0300953476995 -42.9891537584178 19.126374868014 -0.0281094977875738 -0.0356284228384268 0.819401825231588 0.571420266027832
1604559632.20732 -88.6927617707945 -40.8453494499896 18.9786643915848 -0.0394185772827542 -0.0177560573544193 0.81911186450713 0.572002317841355
1604559632.40786 -88.9422595324221 -39.9771166217674 18.8963020104539 -0.0403595059502138 -0.0143040576647537 0.81851966678425 0.572880493036007
1604559633.00755 -89.7486641291384 -37.3073377130028 18.5889832100974 -0.0371681458729913 -0.0169736408095428 0.818746071977287 0.572700003554912
1604559633.40743 -90.3196166868233 -35.4660986092114 18.3562916626593 -0.0383235305698411 -0.0142725319150605 0.819536705725189 0.571565560374749
1604559633.70764 -90.7659729459499 -34.0683491884511 18.257954804431 -0.0400686225924637 -0.0179086412944375 0.819675431025057 0.571144442172396
1604559634.40664 -91.7961333504932 -30.7625284991863 17.8840295024225 -0.0420470602358541 -0.0112666222043631 0.818156340709871 0.573345716043871
1604559634.90688 -92.5330157568777 -28.3616700241058 17.5981475274439 -0.0419579638865847 -0.0217201670615833 0.818975847007478 0.571879642606461
1604559635.50705 -93.4088195454736 -25.4372193993992 17.2938758335164 -0.043564072651361 -0.0175944767200857 0.816822212507312 0.574973111647521
1604559636.10711 -94.2532382712148 -22.4916689160277 16.9695370847764 -0.0452086420819907 -0.0199936584789103 0.813231578916032 0.579836900650061
1604559636.40837 -94.66670571955 -21.0080451976478 16.7639264576768 -0.0400910217770988 -0.010518868562527 0.813103368140359 0.580641865607224
1604559636.60727 -94.9582924758242 -20.0267762571525 16.6531926453836 -0.0438976969591595 -0.0110363421918719 0.813801611910727 0.579377362177889
1604559637.40706 -96.0985093301858 -16.0367696838635 16.1932561083355 -0.0382659058382133 -0.012000933709753 0.814639142650967 0.578579955841346
1604559637.80667 -96.6668780329981 -14.0569416486464 16.0165474023828 -0.0331634744618945 -0.0103289714765662 0.813442519897872 0.580607236548126
1604559638.10764 -97.0826615772328 -12.5695262401264 15.8058033919902 -0.0369345492704038 -0.0107099230078127 0.813155898918982 0.580774156340157
1604559638.80696 -98.0418219962967 -9.11443863253305 15.4650175924171 -0.0369469531346161 -0.00520602764269231 0.811661708214788 0.582934894604968
1604559639.80746 -99.2982522531084 -4.19639172009725 14.9028684173417 -0.030599389312051 -0.0010201069478813 0.80279399460976 0.595469931208998
1604559640.20741 -99.720369186614 -2.24244058236144 14.6517082931296 -0.0290097845989264 0.000841249708821752 0.79929218398973 0.60024139253252
1604559640.50763 -100.048095480361 -0.767080976291811 14.5304413310973 -0.0286192530856847 0.0085417370626552 0.797517153549999 0.602556525874775
1604559641.00741 -100.560430158535 1.65326927687484 14.205862243778 -0.026756184440213 0.0134901694297094 0.794605534757649 0.606386152592117
1604559641.40727 -100.926863816103 3.62706543005458 13.9684124947315 -0.0218256105571058 0.0189371466789403 0.789892343604158 0.612564374343627
1604559641.80678 -101.282838696607 5.59287720802903 13.7540919974536 -0.0207153342529896 0.0186438519311718 0.784231989987907 0.619841485858734
1604559642.10672 -101.514898329467 7.06446043868206 13.5872733883218 -0.0137862482745823 0.0220488024194865 0.778562023310473 0.627028679989266
1604559642.70704 -101.909012536468 10.0138357302633 13.2433432659211 -0.0123029129429482 0.0300794946869658 0.768058447636519 0.639554597627658
1604559643.40699 -102.244569847764 13.5192266917226 12.836780053454 -0.00675570535725707 0.0316295738880159 0.753283402564667 0.656900331801855
1604559644.00725 -102.370060451633 16.5506400960297 12.5129583557751 -0.00467968557137965 0.0341435925307754 0.738410480333376 0.673470324636416
1604559644.40697 -102.388303754924 18.6185197460206 12.2891983685705 -0.00741157957619074 0.0341063140110327 0.729127355763587 0.683487473850082
1604559645.2075 -102.281433639912 22.662316096956 11.7419295132109 0.0040317859478896 0.0491372201603717 0.715294298695192 0.697082021394279
1604559645.90772 -102.115968989165 26.0945531757361 11.3170857931548 0.005442155243258 0.0472760122067922 0.700828570582436 0.711740596194646
1604559646.30715 -101.925289560299 28.0638682158395 11.0455990131157 -0.00147422874941514 0.0411003892179232 0.691895737080922 0.720825133902097
1604559647.10718 -101.419309217977 31.9588356421062 10.5389109218579 -0.000635509130131574 0.0472050489846573 0.672549155348323 0.738545132756799
1604559647.50733 -101.093024469951 33.9676583699029 10.2837964899883 -0.00557223844904052 0.0407119245580867 0.66199330657738 0.748382490043822
1604559648.2069 -100.368997667281 37.4660868657138 9.7985108273595 -0.00446511142754352 0.0490709154156054 0.644542690553796 0.762978917201444
1604559648.60716 -99.9118005795347 39.4633293784863 9.50143561498537 -0.00349752745422989 0.047468024269519 0.6393652532694 0.767428580967253
1604559649.10692 -99.2666745701297 41.996819288124 9.15664808165662 -0.00778892966822164 0.0451553992965408 0.63244756459143 0.773246662153392
1604559649.40778 -98.8901195093596 43.5077941133875 8.93935793353755 -0.00854252779265816 0.0463045625742612 0.629489873734542 0.775580693138624
1604559649.90728 -98.2245324003331 46.0402019006858 8.56131645635261 -0.0097369329397976 0.0424366748533545 0.630266991586296 0.775156655187244
1604559650.40724 -97.5803662931077 48.6001729254678 8.22136569882823 -0.0125166810844544 0.041286063276933 0.631003290633821 0.774579654317755
1604559651.3072 -96.4449076497608 53.2130349168049 7.5439849545839 -0.0117367898703845 0.0404612082574411 0.632356673894957 0.773530978933871
1604559652.1069 -95.4293417647272 57.3241304746596 6.96517847713747 -0.022200270334385 0.028514542548142 0.63071024602296 0.775176531134688
1604559652.50728 -94.8784494656016 59.3934851141718 6.69680624770464 -0.0242505637431123 0.0253411487547634 0.628549583331936 0.776978222108689
1604559653.40728 -93.5991269325012 64.0147687326156 6.05547665097543 -0.0223674469291855 0.0298434024952588 0.623109100803967 0.781245234955483
1604559654.10699 -92.5744716432331 67.5422305793261 5.650909651751 -0.0188772929835199 0.0278075635973835 0.618273972024618 0.785243709133218
1604559654.60718 -91.8236464923729 69.9657786254769 5.37560897661959 -0.0181632140903966 0.0191096679771085 0.615048785370864 0.788048164681282
1604559655.00697 -91.1976358516183 71.8564302196935 5.1674265778237 -0.0139606963989207 0.0236954673028734 0.609433410048978 0.792360109105342
1604559655.40752 -90.5688023893907 73.6979607239497 4.89305373536915 -0.00834671594515102 0.0263789213287293 0.604111278293298 0.796419517767679
1604559655.80735 -89.9293793304613 75.5065812772175 4.70519341161481 -0.00775529808830164 0.0296499621299924 0.597313151883631 0.801422319182648
1604559656.30755 -89.0889523830595 77.7510368659766 4.35148611754635 -0.0123395425505052 0.0304661061042369 0.590002222216378 0.806732254126625
1604559657.10788 -87.6112368333909 81.3474578984763 3.882437602176 -0.00726195450814844 0.0332482534428826 0.575581146249637 0.817036205894007
1604559657.50786 -86.8037644897206 83.1435890317554 3.65510900124495 -0.00180341489900919 0.033492832906995 0.567797486058918 0.822484645852881
1604559657.80747 -86.1950017555411 84.5000893327283 3.52167681760565 -0.00397708621912881 0.0332658239386956 0.562423099258732 0.826170578732436
1604559658.20742 -85.3481477852087 86.2226140964555 3.28491103161673 0.00348108043777435 0.0340807842484078 0.554133063009847 0.831722868931307
1604559658.60741 -84.487277513517 87.9383947336092 3.05413773040787 0.0028726358867884 0.036234753318908 0.545915906618477 0.837051141517593
1604559659.00758 -83.5973289948658 89.6023165915778 2.82624803400251 0.00639900183349702 0.0349269969833149 0.535549523473401 0.843756994379706
1604559659.40698 -82.6665511389994 91.2410062280345 2.61213572625513 0.00653214029575836 0.0322274908462376 0.522638945819346 0.851919745216505
1604559659.70699 -81.9217868128237 92.4311529779177 2.43396053337834 0.0023849354232232 0.0327761764907928 0.512696265717772 0.857940891586783
1604559660.00712 -81.1613441933658 93.613873150216 2.31392111900974 0.00604880246688465 0.0352228240507336 0.500383903568213 0.865065727967791
1604559660.30714 -80.3855827535358 94.7414025375781 2.07766222400178 0.000498284328905199 0.0358198824941515 0.489980551053318 0.870996984679235
1604559660.70688 -79.3141480636154 96.2165645663833 1.8288939112956 0.000152068664810966 0.0404695755324123 0.475207285574567 0.878942675075115
1604559661.10738 -78.195770039853 97.62903776421 1.6436437080996 0.00574059853434291 0.0421831572709479 0.46103633347906 0.886359478983164
1604559661.50746 -77.0897684627358 98.9940699134417 1.4514794344162 0.00267345745796112 0.0365103631489431 0.452542246693047 0.890991223843401
1604559661.90732 -75.9552799551735 100.310718689606 1.24849466223186 0.00626843910777189 0.039234229574587 0.444843843277974 0.894726403432089
1604559662.20761 -75.1564403727781 101.237691666323 1.07156643195261 0.0051535476407678 0.0389010873985316 0.437542811586021 0.898340934375878
1604559662.60775 -74.0924689458734 102.389157317937 0.924621218419589 0.00480943833370489 0.0403382042829725 0.426428272424184 0.903608669201146
1604559662.90756 -73.371773206805 103.169620318549 0.735363129616707 0.0105175345280176 0.0235381308369271 0.419171103982263 0.907541141464367
1604559663.80709 -71.0783231518413 105.415005222187 0.417061800241473 0.00567717532059217 0.0651146111375993 0.396453736122042 0.915725009056569
1604559664.20714 -70.1090707621124 106.327701719627 0.206427875710188 -0.00179966707424955 0.0544306128097791 0.387736109703357 0.920160191933818
1604559664.50739 -69.3787074326332 106.950432567007 0.0520044169283268 0.00643105927362052 0.0430416081746266 0.380339144273219 0.923822600273384
1604559664.80696 -68.5733121511137 107.613840077055 -0.0842674910902488 0.0141517530242848 0.0374675140577981 0.371549080715564 0.927549025063413
1604559665.20692 -67.5217973179136 108.499010408429 -0.250478098027373 0.00995080911934772 0.0338441133376294 0.362702628919057 0.931237005474688
1604559665.50717 -66.6574029276454 109.171088718355 -0.387328630037932 0.0143137281773378 0.0352031765552614 0.354747348871074 0.934189580339574
1604559666.00711 -65.1238701654707 110.36725675125 -0.659509508951342 0.00837704293483359 0.0368484561114875 0.343404339188661 0.938427128902541
1604559666.30757 -64.1132105143549 111.085862565365 -0.781141638287931 0.0145557010904736 0.0372734458977371 0.334137743514549 0.941674460817367
1604559666.6075 -63.1228845877208 111.795772649329 -0.978927766845836 0.0100451453359071 0.032122286083382 0.328451711707089 0.943920932530178
1604559666.90753 -62.0693280271592 112.497130283419 -1.10111003455736 0.014896349876071 0.0361852947893272 0.320793025480474 0.946340614157748
1604559667.7073 -59.3115664542162 114.26916504519 -1.52184119916383 0.0175457409421557 0.0358558438808408 0.300786674502858 0.952855645875017
1604559668.2077 -57.5546100021568 115.304491235001 -1.75754752509326 0.0150993964571629 0.0372234931511878 0.286052540270137 0.957371591384064
1604559668.60747 -56.1181012251152 116.098502870587 -1.95200440277371 0.013145852057217 0.0374577269508759 0.273594390839513 0.961025605572775
1604559669.00776 -54.6857306589742 116.85193975246 -2.18359495431039 0.0119328241314032 0.0361615340476291 0.261214231924141 0.964529458442744
1604559669.30777 -53.604112406546 117.386579160752 -2.33483530250647 0.0100963541273827 0.0335695980366728 0.252339350325712 0.967003618399739
1604559669.70756 -52.1631231599241 118.067022678896 -2.5351034975704 0.00484362563335781 0.0291615541346337 0.239620689940585 0.970416440505608
1604559670.20731 -50.2423301916989 118.867831027284 -2.77898018049807 0.00778357256139864 0.03553706856928 0.221540343521061 0.97447237464602
1604559670.60693 -48.6611664619638 119.473839656616 -2.99825990767446 0.00339542976513897 0.032320861415329 0.209114007118191 0.977351096076049
1604559670.90728 -47.4624887138254 119.902544558737 -3.19776012213329 0.00489058163960894 0.0329064570538837 0.199393169907673 0.979354691156149
1604559671.50767 -44.9626494364651 120.724312646688 -3.53422450689136 0.00363078546739549 0.0314882615639647 0.177573711953818 0.983596911139676
1604559672.00768 -42.8498387288846 121.316696078551 -3.78620560710268 -0.00129588628050095 0.0313049626063616 0.158592424999253 0.986846879068794
1604559672.30701 -41.5759488889097 121.616797797309 -3.94054737510102 0.000989950325701444 0.0303292011090968 0.146667289996128 0.988720317179549
1604559673.10726 -38.1376652967063 122.364841049986 -4.36137445401221 -0.000280983136865791 0.0337565551805081 0.127970192019643 0.991203332311427
1604559673.70758 -35.5823379332291 122.861429748615 -4.68968653322308 -0.00311752776278229 0.0301550425061175 0.114808699009785 0.992924930225736
1604559674.10707 -33.8656466423364 123.149004604503 -4.90902674158535 -0.0104820241595266 0.0282816007227571 0.106246440468684 0.993882272765649
1604559674.40708 -32.5902264956705 123.338965125611 -5.05513308992623 -0.00480292435197445 0.0223874490647427 0.0991485087278449 0.994809181330313
1604559674.80764 -30.9030858689293 123.56844740086 -5.25925994528226 -0.0124939749690111 0.0213728746262977 0.0923999467561505 0.995414160367002
1604559675.20749 -29.1616267646305 123.780586698238 -5.45645957491862 -0.0145881978885943 0.0226747515351428 0.0851734770894599 0.996001264520118
1604559675.60758 -27.3569799505514 123.96081509022 -5.60733409340059 -0.0138235703170153 0.0221381761075516 0.0772054268199793 0.996673533375832
1604559676.10718 -25.0431717941782 124.179094066781 -5.81395782586376 -0.0234005187118119 0.0228770231229149 0.0681777275107615 0.997136327193288
1604559676.50724 -23.1553840818841 124.311588094587 -6.05838849422294 -0.0219989231944636 0.0228609337139936 0.059546895630302 0.997721199688972
1604559676.90721 -21.23691692134 124.409078558001 -6.26960529734383 -0.01723066216732 0.0211453721547608 0.0524852109631972 0.998249107261239
1604559677.20729 -19.7739626780414 124.479479156187 -6.42337572625027 -0.0264361474041856 0.0210232897497546 0.0514377290587813 0.998104859935968
1604559677.60686 -17.8248036427028 124.547300573003 -6.60804517997427 -0.0239935021888038 0.0185320196621939 0.0489607111862225 0.998340485435753
1604559678.00742 -15.8502526077268 124.651789898476 -6.73491819424876 -0.0244084323935909 0.0138074691785015 0.0487159725645958 0.998418918210216
1604559678.30734 -14.3961497071109 124.711499152873 -6.97414572994363 -0.0198685560880009 0.0162522227163941 0.0487907537138336 0.998479127517341
1604559678.70733 -12.4311866320643 124.781472576323 -7.1436511943304 -0.0155401578303415 0.0162124908760115 0.0463103988579572 0.998674624485783
1604559679.40726 -8.99292668993985 124.889918127313 -7.4505217578675 -0.0148536300082836 0.0168019828434851 0.0405628598327821 0.998925281214912
1604559679.90747 -6.5490711542815 124.927706195439 -7.6808753175447 -0.0159665308973998 0.0151787613576385 0.0348991720750529 0.999147998488325
1604559680.30713 -4.57905559431582 124.960308014857 -7.78924476299224 -0.0190219111694292 0.0109281872727842 0.0295266784055685 0.999323229431162
1604559681.30698 0.246023568935931 124.937382160368 -8.22447384166865 -0.0129053971065172 0.0100027863230276 0.0254008008324244 0.999543993183077
1604559681.9069 3.15001052160506 124.936297147161 -8.53022198954868 -0.0100299129097804 0.0142469543936141 0.0245709283247261 0.999546244362305
1604559682.2071 4.60148404536805 124.902699055527 -8.61372190890228 -0.0120015218319333 0.0136996770748396 0.0240824675640147 0.99954405459579
1604559682.5074 6.04479640176249 124.904000697979 -8.77289209765798 -0.00386075551473156 0.0157914226245643 0.0224399889167546 0.99961601249468
1604559683.5071 10.7777520086387 124.826487070846 -9.13807135864062 0.00374857153119713 0.0117118779466768 0.0203673303039021 0.999716935928731
1604559683.90705 12.5543796623778 124.788753723039 -9.31197426413227 -0.000224129620534024 0.0148256524028032 0.0173071698355083 0.999740272105225
1604559684.30787 14.2790011943257 124.735598132453 -9.47795306364657 0.00219511112523514 0.0117319343024842 0.0121805295956212 0.999854578377996
1604559685.30759 18.430915096955 124.477049648166 -9.80570472885042 0.000284472554725404 0.00768219626307476 -0.0203639267537806 0.99976307864569
1604559685.80753 20.4352786678093 124.181364456895 -9.93615290448794 -0.00317142614603336 0.00971508297764239 -0.0473110889720834 0.998827923157544
1604559686.30754 22.3983884795473 123.76794282317 -10.0715881167261 0.00113128631681625 0.0102025544343813 -0.0723189203192686 0.997328733085605
1604559687.40753 26.8122602314859 122.502261969777 -10.4871506951872 0.0100766266676764 0.00291760925358694 -0.125874405550079 0.991990717284521
1604559688.20756 30.0885519470852 121.188688077066 -10.7722828813514 0.0123769180882533 0.00354179801099455 -0.172379247725755 0.984946527746044
1604559688.80756 32.5249336594506 120.0062635945 -10.9773060876596 0.0038148447248355 0.00480641920117964 -0.205958756450819 0.978541432917084
1604559689.90759 36.8666190482305 117.276337654236 -11.3241625332659 0.00490619050646068 -0.000338051276660699 -0.272432354151959 0.962162370614893
1604559690.60748 39.3898860294863 115.204295928221 -11.5296327286295 0.000776843610574567 0.00244066338366859 -0.324084387811041 0.946024708585032
1604559691.10748 41.06331015308 113.549463708736 -11.7065337918786 -0.00305992979156798 0.00183007828045847 -0.360937715959105 0.932583107739671
1604559691.50752 42.3222248192554 112.155922240487 -11.8499612844424 -0.00165434970073389 0.00219038628587703 -0.384562786385136 0.923094756058492
1604559691.90762 43.5273846508682 110.661906621597 -11.9756347788364 -0.000942020329181598 0.00301403013746026 -0.407459138373629 0.913217979879858
1604559692.31694 44.6486271156809 109.136080235384 -12.1098917685748 -0.0065293081921326 0.00393706327766949 -0.427689203264687 0.903893695673389
1604559692.70721 45.7136817847258 107.544420791169 -12.2471752236562 -0.00384815782940909 0.00180940311770114 -0.444528178362895 0.895754774691737
1604559693.10696 46.7316833909986 105.918818748864 -12.3275789488021 -0.000723133578977953 0.00264528868428615 -0.460031811734692 0.887898198960726
1604559693.40702 47.480397856605 104.689052259344 -12.4349415903014 -0.00237338659793943 0.00876977995638018 -0.467657756639901 0.88386293091752
1604559693.9071 48.6262298530316 102.671471406035 -12.5748283856278 0.00147366622128757 0.00229588566400087 -0.479476011929389 0.877550745655871
1604559694.30745 49.5201005301138 101.035541679154 -12.6789337183896 -0.00193527390499141 -0.00156299428522473 -0.487005430480436 0.873395398686267
1604559695.30774 51.8048373381648 96.8928336122877 -12.9990620269938 -0.00211111206213721 0.00311197981350261 -0.486156633408077 0.873863597239767
1604559695.90793 53.2118903262639 94.3775835935459 -13.201056634794 -0.00729484919394181 0.00841419814647042 -0.48662982924643 0.873537289262674
1604559696.31832 54.1698064837087 92.7027063637843 -13.3140108757013 -0.0186287136922313 0.00970096344523453 -0.4861159704056 0.873641874941345
1604559697.10719 56.0545514153043 89.3330682280425 -13.6086450163567 -0.0229505380045293 0.0166498509489195 -0.484880731212168 0.87412054761791
1604559697.70768 57.4517905183618 86.8137081365108 -13.8133553616261 -0.0203902951263694 0.0138044738214418 -0.483779825790339 0.874843273121216
1604559698.10706 58.4358277888753 85.1131402789235 -13.9250567607655 -0.0228154015211212 0.0155417237216297 -0.481941960418273 0.875768153717285
1604559698.40754 59.1410977878214 83.8749270956268 -14.0465501703773 -0.0225811230161036 0.0177185098852075 -0.481754045825559 0.875836278434209
1604559698.70756 59.8239493183032 82.6770271245788 -14.0433214148307 -0.0371855627819776 0.000843990476615333 -0.480811619829332 0.876034649907044
1604559699.0077 60.5188387217868 81.4656191776274 -14.17331438497 -0.0361969654825934 0.00306506565948977 -0.480699043472861 0.876132875006201
1604559699.20726 61.0316396874305 80.5946835469417 -14.2001563340716 -0.0330796168106941 0.0185594236661627 -0.478538366035621 0.877247011380942
1604559699.51727 61.6792949621758 79.3746104379264 -14.2949074295557 -0.0110832692615686 0.0323479580741984 -0.480936890854601 0.876088167803912
1604559699.70821 62.1584813709234 78.6046076134707 -14.3612356135594 -0.0286531331626849 0.0323428280467465 -0.479745835638619 0.876342896714125
1604559700.00726 62.8034895883668 77.4386646884594 -14.5326605738733 -0.0330945366872021 0.0115518467523198 -0.481107703948126 0.875960434996829
1604559700.20746 63.27578988363 76.6110893356632 -14.5558508333102 -0.0251905935240842 0.0210762512849285 -0.482319373786619 0.875379487593673
1604559700.51735 63.9525503093803 75.4304385234301 -14.6007356364611 -0.0343971181839012 0.0212064926095855 -0.48236909586419 0.875035529728368
1604559700.70743 64.3841339964713 74.6485639385557 -14.6640309887338 -0.0347432647818427 0.0215385412228003 -0.483153559626467 0.874580833665229
1604559701.00711 65.0392780573599 73.4574104079862 -14.7563804846212 -0.0337745473518437 0.0176594328782279 -0.484817629208462 0.873784464722442
1604559701.20726 65.4717145516986 72.669058653228 -14.8078049232319 -0.0350468867005866 0.0147366093224564 -0.485361024096328 0.873486819801213
1604559701.50753 66.1247856993567 71.4675696382461 -14.9075637987292 -0.035062674790084 0.016496693056204 -0.486694581891998 0.87271235347722
1604559701.80721 66.7797018746978 70.2453159472395 -14.9726329809416 -0.0340998798149794 0.0182091156426252 -0.487483581135327 0.872275979508547
1604559702.10749 67.4284311531357 69.0235826861135 -15.0695765984651 -0.0273602955655461 0.0155272713332335 -0.489724044014614 0.871309749047652
1604559702.40705 68.079800149826 67.8025353420398 -15.1358750417547 -0.0311670576359704 0.0171384779608351 -0.490456374877688 0.870739588759658
1604559702.70709 68.732826041251 66.5625541265945 -15.2251583162371 -0.0277570701332487 0.0157381949933546 -0.491603547853367 0.870234339711983
1604559702.90745 69.1829172477748 65.7413980027654 -15.2926231382676 -0.0287123814235682 0.01518516619074 -0.490276855835384 0.870961316312566
1604559703.10714 69.6235554536784 64.9324056981243 -15.3560246905418 -0.0265063326036982 0.0138903434247139 -0.487690298263011 0.872503665133609
1604559703.30723 70.0814626963204 64.1192927464034 -15.4121736455975 -0.029382311203239 0.0135840656926714 -0.484630235384838 0.87411995052078
1604559703.60745 70.7896713715426 62.8826224977495 -15.4924904070942 -0.027315407566899 0.0150073979857415 -0.480310454563928 0.876544644471544
1604559703.80747 71.2717813687126 62.0714862355892 -15.5429386681068 -0.0282681871436168 0.0155919918156872 -0.476990636954398 0.878315280320609
1604559704.00711 71.7659109033516 61.2542308290083 -15.5984282923538 -0.028013730107796 0.015987048113421 -0.474100031314041 0.879879994957319
1604559704.20728 72.2567385312753 60.4354170812869 -15.6635954093565 -0.0286937465479213 0.0163472061038116 -0.47167782536753 0.88115235164993
1604559704.4082 72.7625850908615 59.6245539035367 -15.7016103521889 -0.0342200142362639 0.0183499226969182 -0.469025799338426 0.882330476928932
1604559704.60724 73.2556358949147 58.8145694318864 -15.768332038632 -0.0340542025989052 0.0185271562605474 -0.467813687696887 0.882976448932637
1604559704.90714 73.9974454809083 57.6038461203882 -15.8905875113602 -0.0367056612874583 0.0183186871604948 -0.466003282909372 0.883831466088334
1604559705.10711 74.4945365978531 56.7811039370435 -15.9567200264518 -0.0371391722007567 0.0197348448245451 -0.465967817267989 0.883801567694072
1604559705.30733 75.011466563886 55.9411250714518 -15.9754301075978 -0.0359590431763119 0.0200249338561254 -0.466654712896869 0.883481368320262
1604559705.50713 75.4956398756248 55.1170034549328 -16.0412946993906 -0.0328473448686472 0.0164082074249061 -0.467818049841486 0.883061772984592
1604559705.8071 76.2623387105375 53.8696671818718 -16.1456769650253 -0.0385696217350876 0.0206395343934746 -0.467717515723649 0.882794834253424
1604559706.10706 77.0123932613202 52.6096067707585 -16.2080294485591 -0.0305071653645331 0.0182704064349575 -0.470017874445891 0.88194030569619
1604559706.3078 77.516442806927 51.7646437796048 -16.2899240478552 -0.0306520336605275 0.0185577419438904 -0.470999274793577 0.881405551486001
1604559706.50782 78.0412665280858 50.9084526865444 -16.3349395503882 -0.0371237450177384 0.0202546521733092 -0.471046472464831 0.88109409111606
1604559706.70766 78.5348307114381 50.0617889240442 -16.3964021036843 -0.0371797421470651 0.0202559984865525 -0.471991145191738 0.880586009518538
1604559707.4078 80.2790822188465 47.0775589318595 -16.6241697542778 -0.0338229108845008 0.0213080224334186 -0.475265011096326 0.87893409770408
1604559707.70798 81.0432900751157 45.7768987420262 -16.7109285220706 -0.0416561419606527 0.0253504133409627 -0.475560640790148 0.878330347484169
1604559707.90794 81.5229884180038 44.9074144981947 -16.7927778801227 -0.0399317240508138 0.0229083849097089 -0.476849902282658 0.877778351298423
1604559708.10742 82.0144534414354 44.0479490383661 -16.8363054892715 -0.038825059845465 0.0210472099172873 -0.479103050239289 0.876646962541993
1604559708.3073 82.5057114614995 43.1813904747209 -16.9122228356389 -0.0389597835507906 0.0210599451641477 -0.480852039973094 0.875682550716338
1604559708.60696 83.2358781362017 41.8625700355605 -16.9968487587713 -0.0395914177330278 0.0212259606289269 -0.482569289682156 0.874705012500173
1604559708.90704 83.9431417943476 40.5720380558963 -17.112951842592 -0.0399413264540392 0.0222202498307576 -0.485173665019537 0.873222460607869
1604559709.10705 84.4216949892207 39.7045146236148 -17.1556224639753 -0.0404579751550859 0.0200578427812667 -0.485600662242261 0.873013649388823
1604559709.40792 85.1528150868686 38.3921731213786 -17.2369092713308 -0.0403169808280995 0.0231178092504125 -0.484021369206753 0.873821161396076
1604559709.6079 85.625997334728 37.5418144423045 -17.3097117346954 -0.0412971195826505 0.0229946319967894 -0.48166943818084 0.875077337802815
1604559709.90784 86.3782921949372 36.238341063582 -17.3564166595887 -0.0363674609484634 0.022863925726294 -0.478444147910123 0.877066614354406
1604559710.2076 87.1734709767921 34.920930283145 -17.4483201744749 -0.0396403425283384 0.0279020813381683 -0.474042596607624 0.879166499420182
1604559710.40774 87.6901731628337 34.0764795999248 -17.4775998852726 -0.0391336538337072 0.0273138130519737 -0.471893594639395 0.880362963835085
1604559710.70761 88.4160618670834 32.8198354641014 -17.6894657283247 -0.0387725287960184 0.0282875433896243 -0.469596021991518 0.881575908262858
1604559711.00804 89.237383185622 31.5497127848558 -17.6779667895588 -0.0459827669621697 0.021302546214368 -0.469243313407367 0.881613577192277
1604559711.4076 90.250583488256 29.842383833634 -17.8531936967682 -0.0471919717828845 0.0237711979495839 -0.468544334133979 0.881858296382266
1604559711.70718 91.0135575807937 28.5827028863905 -17.9491751448064 -0.0490591090897653 0.0298874551863083 -0.466259243721742 0.882780981604064
1604559712.00747 91.822010026194 27.3058281343231 -18.004849318315 -0.047404655206833 0.0314163659669467 -0.464108524995088 0.883950840059014
1604559712.20779 92.3437315095726 26.4674631854773 -18.0678201245788 -0.0506963607518475 0.0317946762352636 -0.461301474115317 0.885223094789471
1604559712.50806 93.1355967006105 25.2212274439862 -18.1965668116428 -0.0534930072183 0.0333620783483565 -0.457971060611544 0.886728807217493
1604559712.80797 93.9571931211044 23.9876781289628 -18.2381793385938 -0.0557917940002356 0.0272403278531457 -0.453438672093321 0.88912238241478
1604559713.10754 94.7843842452351 22.7543634532236 -18.3958567229767 -0.0593131877182154 0.0327786913003476 -0.448563847293973 0.891177859947255
1604559713.40729 95.6293317856575 21.5235502049706 -18.4538016042687 -0.0573507913602654 0.0337012568633333 -0.443493076380953 0.893805909142662
1604559713.70717 96.4649078067934 20.3167712997985 -18.5672902260559 -0.0575506577315075 0.0343555009869339 -0.438771022995536 0.896095759796942
1604559714.1073 97.636349473577 18.6886160148985 -18.6958493452641 -0.0534472950543917 0.0314905126083388 -0.430678147434198 0.900371072163961
1604559714.40714 98.5524983607017 17.4944794669387 -18.7611489595078 -0.0611073311289707 0.0347241832715166 -0.422411041482492 0.903675294125106
1604559714.70738 99.4390393431346 16.3099674005953 -18.8951802836826 -0.0496135287722203 0.0263665574275133 -0.416540816964062 0.907379220731388
1604559715.10721 100.697304625968 14.7706778247019 -19.0104151553503 -0.0518449948949462 0.0324157148422079 -0.405134058991422 0.912210344263178
1604559715.40725 101.685217206645 13.6255357985136 -19.0925306187976 -0.0535613784969603 0.0312324714797225 -0.39488481865325 0.916636073616985
1604559715.80726 103.026428211314 12.1292788674699 -19.2534108914685 -0.0564208193163854 0.0360071772329412 -0.383793003015963 0.920990285058085
1604559716.20733 104.40256562764 10.6495119680705 -19.4245006660252 -0.0573156759589993 0.0378054733580939 -0.372188055856081 0.925614234198893
1604559716.70742 106.188090156691 8.8220578926256 -19.6768374184882 -0.0514361792227139 0.0387067459244312 -0.359353007504361 0.930978798515026
1604559717.20724 108.005559084153 7.07691623802849 -19.8786678210999 -0.0560438669456868 0.034877650797662 -0.3476173375753 0.935310013348339
1604559717.50735 109.118276777629 6.03780496317115 -19.9865297840329 -0.0582319909272435 0.0366925370508719 -0.344899256561628 0.936112811460593
1604559717.80737 110.204026275913 5.01519877032445 -20.1050187740398 -0.0555700089543916 0.0396156600318711 -0.343819571429973 0.936552548385171
1604559718.20803 111.669621359765 3.64493807160246 -20.2801297214665 -0.0561069221050846 0.0409451081102626 -0.33974916481302 0.937947768493848
1604559718.50768 112.74959545393 2.6432131030655 -20.3973530749193 -0.0548655612157752 0.0386904472609475 -0.334955468087222 0.939839163836928
1604559718.808 113.844360389175 1.66329442486135 -20.5757119447803 -0.0542783043951244 0.0364294555696061 -0.330195455469044 0.941646282648895
1604559719.20771 115.303714597536 0.368738836378945 -20.7736691918718 -0.0472298311468672 0.0345987714218719 -0.323078179759559 0.944559557587125
1604559719.61776 116.851484979636 -0.891078129179804 -20.9344215599258 -0.0542316822670251 0.0382136835377945 -0.314374910685504 0.946977853257637
1604559719.90781 118.008169604514 -1.8528976542288 -21.05514486949 -0.0480736055264934 0.03744703051142 -0.309370274208221 0.948987187370773
1604559720.30815 119.595451550902 -3.09948727945108 -21.2323295163676 -0.0527829937240878 0.0371592541789814 -0.300675371174462 0.951539524439991
1604559720.60792 120.792678854706 -4.03479056195157 -21.4041045731663 -0.0519890145546021 0.0392864012256335 -0.295934813315705 0.952982847333665
1604559721.0081 122.370092053112 -5.2604617019889 -21.5830093633801 -0.0433166654238736 0.0413132506290033 -0.295567220699717 0.953444754491243
1604559721.40806 123.889730436214 -6.44146602086565 -21.807664662542 -0.0451099449185158 0.0368852611840677 -0.293923813552496 0.954051027043936
1604559721.80792 125.400840484315 -7.60651364032432 -22.0216730956728 -0.0397599171681865 0.0421469923094896 -0.294568271302803 0.953872273193702
1604559722.20788 126.902726578943 -8.75504763165452 -22.1539821474351 -0.0446381086423915 0.0394014798998393 -0.294402586989837 0.953824973153998
1604559722.60766 128.412381908457 -9.92182877127626 -22.3789515727893 -0.045986333313293 0.0365150633528802 -0.296402125885777 0.953256359573397
1604559723.00781 129.96167599322 -11.1402114185049 -22.5666301609024 -0.0382635780291972 0.0420069443358986 -0.297588160177241 0.953001889896494
1604559723.5081 131.910420890136 -12.6365818632172 -22.8340341258364 -0.0437157471104945 0.039832598609657 -0.295070279901789 0.953643448811584
1604559723.90792 133.489891206772 -13.8492100431828 -23.0361701025748 -0.039973621157041 0.046841376465317 -0.29351000230711 0.953970583198511
1604559724.20794 134.682390422657 -14.7594245943496 -23.2102892387125 -0.0400877802955604 0.0447931781488542 -0.29166584387937 0.954629549394127
1604559724.60773 136.279401099531 -15.9628975775052 -23.456696121392 -0.0428630321258389 0.0452657596202525 -0.290348873601889 0.954888110241768
1604559724.90793 137.485749176376 -16.8849885023795 -23.6415507512019 -0.0396466361520173 0.0452340543052407 -0.290192993236126 0.955075940043303
1604559725.30775 139.067674092498 -18.0986087445454 -23.8775720083686 -0.0362637698992543 0.0426604213058428 -0.290914116620372 0.955109420013064
1604559725.60782 140.267741877134 -18.9996439366932 -24.0316358355113 -0.0363509406267953 0.0434017134266568 -0.290968779731106 0.955056055741739
1604559726.00797 141.839778153843 -20.2211238568375 -24.2765476722932 -0.0321063357997042 0.0406810948064587 -0.291202285704324 0.955256751102782
1604559726.40782 143.416746348266 -21.3961347914519 -24.4655523333167 -0.0335963353523238 0.0432415868100975 -0.291792228222769 0.954912952561557
1604559726.81779 144.98770929796 -22.5830677943013 -24.7000308529052 -0.0351734369055202 0.0456196736783642 -0.291936946088559 0.954701259147708
1604559727.10795 146.163613056503 -23.4717184881036 -24.8360304597374 -0.0360187031269584 0.0430825198670521 -0.293516763025675 0.954303127590959
1604559727.40785 147.317223413741 -24.3793061418917 -25.0252343753318 -0.0339601286453912 0.040949160079072 -0.294846185956915 0.954062682729949
1604559727.70815 148.498037247109 -25.2798783984416 -25.1685660790054 -0.0398885606969823 0.04576049344039 -0.293945620404751 0.953892474134523
1604559728.0082 149.667588311323 -26.1617141062066 -25.3656559334999 -0.0321229375579887 0.0401335288218812 -0.295289021154285 0.954024009515847
1604559728.30796 150.837979648519 -27.0759025056492 -25.5071208642544 -0.0392266360251599 0.0471901513743138 -0.293435056519782 0.95400745712214
1604559728.6081 151.997458223933 -27.9392693998969 -25.6718666541935 -0.0350454288288165 0.0408914200517197 -0.293536703956197 0.954429627115006
1604559728.90788 153.129717259664 -28.8644949845258 -25.8568900350513 -0.0340790559058036 0.0425679138188723 -0.293326922925697 0.954455817179937
1604559729.21757 154.341888961773 -29.7282185935154 -25.9928114732455 -0.0365925323390617 0.0434518002956479 -0.292707006544399 0.954513245559169
1604559729.4074 155.109520274642 -30.3276623413982 -26.0971316550249 -0.0321797967442232 0.0400747940752203 -0.293527166158614 0.954568108773922
1604559729.70744 156.293319336021 -31.2479309184249 -26.2942086538834 -0.0351456205910027 0.0434693217549297 -0.292921760029477 0.954500940764687
1604559730.0072 157.493685071171 -32.1535101132535 -26.4445829662883 -0.0337284587771028 0.0368099004408065 -0.294089204717605 0.95447313318219
1604559730.30764 158.740382261813 -33.0960958343123 -26.6354616312744 -0.0405208798870474 0.0426500151420892 -0.292659698039044 0.954405226120045
1604559730.5075 159.5746384839 -33.7165701067639 -26.7349193216605 -0.0412938967126612 0.0474873801644955 -0.29262154623657 0.95415532985857
1604559730.81717 160.786848343112 -34.647334112082 -26.9321432838133 -0.0352722271672691 0.0395346450535703 -0.29420588072811 0.95427238332467
1604559731.1075 162.000108801459 -35.5696273428116 -27.0655614532867 -0.0437749622918095 0.0419179589342964 -0.292988297646601 0.954193111920894
1604559731.40807 163.156583551138 -36.4755255473995 -27.2544187882554 -0.0357358766260038 0.0397979578850674 -0.293207349361224 0.954551475799244
1604559731.70841 164.291374005828 -37.3260848944486 -27.3721906948687 -0.0354545254540762 0.0437314946014322 -0.291898976810931 0.954790825438474
1604559732.00796 165.360582067166 -38.1718673369382 -27.5601378141896 -0.0343262557535413 0.0393378203502792 -0.292147145144687 0.954947270607043
1604559732.20716 166.097239840476 -38.7303418458617 -27.6679606645748 -0.0323206950048015 0.0371791663617144 -0.292368794709326 0.955035899923804
1604559732.51734 167.255769771285 -39.5973157434595 -27.7910246604297 -0.0314890731090987 0.0404806985159702 -0.29237998774614 0.954926014981243
1604559732.70737 168.003232092368 -40.182082862999 -27.8918976843644 -0.0288336410060045 0.0394583987311554 -0.292432242855572 0.955036669062696
1604559733.00756 169.111314310726 -41.0302583044811 -28.0811244353182 -0.0316488142261014 0.0424781168153952 -0.291416101788493 0.955128587033337
1604559733.20749 169.864889460708 -41.587721014487 -28.1726459973204 -0.0334896260608241 0.0428345887227011 -0.290031763208696 0.955471202750411
1604559733.50741 170.9575288171 -42.3942707843753 -28.3317962937265 -0.0302757506662331 0.0424413962355675 -0.289373122640119 0.955795638565419
1604559733.80773 171.993968585786 -43.1655789643227 -28.4520481758749 -0.0334370941086905 0.0345827630719742 -0.287914189693717 0.956447286895041
1604559734.00722 172.643646698808 -43.6467639714221 -28.530761820174 -0.034578218990428 0.0327502533456756 -0.287792194088864 0.956507930285349
1604559734.30822 173.61177793834 -44.3486537568142 -28.6508409959897 -0.0364539038694918 0.0313274880428975 -0.286464520714165 0.956884412955713
1604559734.50774 174.270504240616 -44.8363481082906 -28.6963839356572 -0.0272001696526901 0.0443353278500973 -0.28587246619104 0.956854985120076
1604559734.90811 175.529868935374 -45.7309091286826 -28.8849254756247 -0.0248039325120164 0.0643779313998313 -0.282978726204974 0.956641671367095
1604559735.10743 176.098109883738 -46.1590532362579 -28.9610381918197 -0.02343842393341 0.0569000093966895 -0.282886826845059 0.957177137426353
1604559735.40802 176.913635617571 -46.7404612827616 -29.1248029473776 -0.0307687475704546 0.0519992382621023 -0.281183199535481 0.957750161415855
1604559735.70817 177.731907631082 -47.3345795023134 -29.2435230268338 -0.0320721006756186 0.0365815830412218 -0.281019803940976 0.958468068290972
1604559736.00793 178.543812031343 -47.9274056918641 -29.3552606930539 -0.0338585434511214 0.0378359994490247 -0.279407352162652 0.958829269337622
1604559736.20789 179.092939982956 -48.3073390714976 -29.401023910923 -0.0353036872721595 0.0399207310421565 -0.278410957620322 0.958982441744886
1604559736.5077 179.903919512955 -48.9060370029046 -29.5451256692324 -0.0310586695737681 0.036307114195474 -0.278272323522007 0.959313122220669
1604559736.70783 180.46382010848 -49.2960517291237 -29.6084738291177 -0.0315522819485901 0.0365777684886094 -0.277198718855235 0.959597514909895
1604559736.90773 181.06203866996 -49.7010740670001 -29.6655035804843 -0.0328584466331175 0.0364431477085006 -0.276472815807064 0.959768202010084
1604559737.10729 181.649897453867 -50.0900881435129 -29.7353413464968 -0.0367287984911948 0.0366969852203246 -0.275110945181232 0.960009528326996
1604559737.30715 182.248081358841 -50.5369073012318 -29.8294947274095 -0.0308821550219429 0.036762167800761 -0.276251140373267 0.959885484296048
1604559737.6073 183.21865436003 -51.1907899897944 -29.9477529134475 -0.0317849104165496 0.0375375546320914 -0.275622408332612 0.960006739292483
1604559737.90767 184.162824388183 -51.871391573752 -30.1225862239243 -0.0371315472850696 0.0419340117956699 -0.275708113750025 0.959608161107095
1604559738.10763 184.782186054513 -52.3056732270191 -30.2032992946378 -0.037753013936107 0.0411889459284774 -0.275312230911073 0.959729834996708
1604559738.30955 185.435713778343 -52.7319971158462 -30.2715169920525 -0.0383873209630425 0.0425673082525201 -0.27449796514806 0.959877755230837
1604559738.50797 186.07189884617 -53.1803437899878 -30.3356177594277 -0.0379550643375367 0.043776856059792 -0.274141819057578 0.959942322750933
1604559738.80784 187.04097418063 -53.8180621613845 -30.4952866001579 -0.0371168857716283 0.0455541838481484 -0.272293305847915 0.960418402944758
1604559739.00783 187.694746988313 -54.2474253777467 -30.5679769241842 -0.0400243702874534 0.04682416161619 -0.269190159351786 0.96111508456594
1604559739.2077 188.298590554008 -54.6524095698934 -30.6329609806964 -0.0381435080755836 0.047635598499465 -0.266049789711703 0.962025691934287
1604559739.40744 188.919772112609 -55.0497062098383 -30.7294887506345 -0.0385593650973609 0.0490883648302389 -0.260152408402788 0.963547732187571
1604559739.70774 189.837645037174 -55.588810597376 -30.87330759183 -0.0424173335922052 0.0484037476549579 -0.243607239251079 0.967736203729276
1604559739.90726 190.488702687364 -55.9230235319699 -30.9509786297765 -0.0393462692179145 0.04640292599493 -0.22815997228283 0.97172098186961
1604559740.20722 191.450884673343 -56.3605815329749 -31.1327525543356 -0.0503453009820404 0.0453832181208741 -0.197007126484061 0.978056187699109
1604559740.50729 192.461119996267 -56.7143501554689 -31.2408239243755 -0.0501508023930399 0.0456055835563564 -0.165597924830425 0.983860942948583
1604559740.70752 193.130135574616 -56.9205483397651 -31.3379858087506 -0.0483462730310274 0.045400804023522 -0.143743960111787 0.987390033780678
1604559741.0076 194.142820433268 -57.1439025198716 -31.4673955952683 -0.0560824706823314 0.0412352183822894 -0.105649371657994 0.991964023296914
1604559741.30768 195.140924070842 -57.254533263606 -31.5680758683836 -0.0582666630138826 0.0392767531348632 -0.0610761377902937 0.995656586397655
1604559741.60754 196.155098975513 -57.2497717188073 -31.6928606501302 -0.0594846539049419 0.0281992213199703 -0.00642899947625451 0.99781012614249
1604559742.00768 197.437851060748 -57.0424171559028 -31.8464158184349 -0.0590680390857981 0.0291515761089732 0.0734364337772539 0.995122224936716
1604559742.20818 198.041568317247 -56.8571152590648 -31.9439423065964 -0.0693416213416463 0.0261378307568215 0.114717007019199 0.990630385993483
1604559742.50782 198.926045756829 -56.5004992315187 -32.0465690076333 -0.062037694345052 0.0252877176008119 0.17437930051488 0.982396923534898
1604559742.9078 200.056306460309 -55.8813027491944 -32.2883566582311 -0.0700051012353318 0.0289243555125966 0.243922320066875 0.966832234274595
1604559743.20782 200.836048456809 -55.2793738707587 -32.3435370210636 -0.0677898267687207 0.0293134292692159 0.291096070753407 0.95383873890877
1604559743.60949 201.762190816762 -54.4430912039581 -32.5049591797105 -0.0706152703511182 0.0186121215250993 0.355287914740659 0.931899978626895
1604559743.90791 202.329786402852 -53.8132355226124 -32.7772617127079 -0.0707360136184609 0.0177473651935216 0.40196223049759 0.9127473980568
1604559744.30781 202.974475744122 -52.7906910551068 -32.9205183812481 -0.0728298453502018 0.00666891440679452 0.464790610767269 0.882395051748076
1604559744.70768 203.494551781159 -51.7074142189251 -33.1134758834417 -0.0705977197292701 0.0104459267795085 0.530490738646938 0.844681253960671
1604559745.00809 203.752570253567 -50.8186357109081 -33.1546204395741 -0.0795281925721248 0.00112959474838776 0.577398205119809 0.812579413550662
1604559745.40776 204.001409627862 -49.6965895465049 -33.3020028730236 -0.070372584520451 0.00268182503508189 0.633595272503049 0.77045281349618
1604559745.90789 203.997576070198 -48.2488227237537 -33.5578452570568 -0.077182766654703 -0.0052943286129238 0.69865248001142 0.711266126558798
1604559746.40804 203.85000868919 -46.6725679416669 -33.7868245374322 -0.0701938969491289 -0.00929364248198818 0.750615480445027 0.656934430180664
1604559747.10757 203.27196348487 -44.4427190290405 -34.1257735433014 -0.0738584034390566 -0.0198238968693047 0.799548629362474 0.595712966653352
1604559747.80722 202.453207311531 -42.1594004912107 -34.4895067128135 -0.0696894324230182 -0.0247044596995992 0.83146903683986 0.550629016177048
1604559748.40806 201.60801040645 -40.1942900943662 -34.7691941921256 -0.0677699279983049 -0.0274476191608234 0.847352477846002 0.525973044318573
1604559749.00816 200.730757871537 -38.262464286145 -35.068003704385 -0.0467341397716485 -0.0347515065260667 0.855144478864605 0.515107923877468
1604559749.60727 199.808771848111 -36.173399924522 -35.3653289423702 -0.0840352699509278 -0.00192020387215109 0.852581827321886 0.515789311581616
1604559750.20821 198.939196636978 -34.2145263003085 -35.6601659218745 -0.0530893035851232 -0.0177573147134491 0.855181759154899 0.515296383092049
1604559750.80806 198.019455332167 -32.1258684545004 -35.919997856993 -0.0462041279180638 -0.0114810452995452 0.856992636005199 0.513124727522481
1604559751.50778 196.916393315183 -29.6540133803097 -36.2830972826528 -0.0492242082575985 -0.00711633678819476 0.852334116831019 0.520627398777683
1604559752.10732 196.024974448144 -27.4645127139513 -36.5716176416057 -0.0429345630198054 -0.00695891761709858 0.845335786869571 0.532461833563213
1604559752.80752 194.980386159577 -24.684255182796 -37.0072051705679 -0.040449727939737 -0.0026592656751242 0.836005034715394 0.547222376869023
1604559753.40761 194.106149124819 -22.0587329542416 -37.3068304071999 -0.0392567716111746 0.0031721792111619 0.828717293463217 0.55827993934649
1604559754.00742 193.238521676491 -19.3491282560153 -37.680880251597 -0.0414746171329891 0.0059351998078824 0.822932133874443 0.56659273960559
1604559754.50741 192.539363414455 -17.0359252495192 -37.9985722562163 -0.0396251797161578 0.00862529054359097 0.817622649762046 0.574324518100691
1604559755.10738 191.779595864271 -14.2305438948523 -38.3932026867548 -0.0390214843993778 0.0110937755944658 0.808274595889374 0.587406528341486
1604559755.61753 191.25182155748 -11.9139809877208 -38.6596470355582 -0.0368931702352703 0.0108822065396801 0.800598187898477 0.597965729038457
1604559756.20725 190.683617412131 -9.18334498956667 -39.0656815676233 -0.0335877915744632 0.0167784026638944 0.791580520726877 0.609910341498621
1604559756.80752 190.176500953669 -6.43624952057898 -39.4161116232521 -0.0306984549856094 0.0202854596845574 0.785834582351865 0.617341165132176
1604559757.21796 189.816617102294 -4.56673892663041 -39.6546735209228 -0.0379958113973855 0.0136601356877935 0.785041007181476 0.618126472538379
1604559757.70793 189.406198353551 -2.22907425623524 -39.9847837247327 -0.0357166930841911 0.0179072969210628 0.781570870149522 0.622535638727478
1604559758.10819 189.121160511471 -0.3319804793879 -40.2566490561291 -0.0327755933748156 0.0161633453378795 0.777725740822586 0.627540579411704
1604559758.40819 188.909483305161 1.13201062557052 -40.4309197999895 -0.0321947971022448 0.0140541174294114 0.770711780615955 0.636214844248867
1604559758.70801 188.762447615407 2.55726732424818 -40.603525284679 -0.0315995668268796 0.0113331436471743 0.764512202764126 0.643734509760173
1604559758.90798 188.664582072914 3.51828402280568 -40.7322522791207 -0.0316920655715609 0.0111155679974768 0.761191653240384 0.64765679504277
1604559759.30824 188.481579882555 5.49676559093099 -40.9351981163349 -0.0361959569091072 0.0169486459161355 0.756004242399608 0.653345376947629
1604559759.70845 188.348038576624 7.41924388472547 -41.188155792408 -0.0304869042521739 0.0165299595434769 0.750123715034756 0.66038755382659
1604559760.00807 188.249072753676 8.89802225513602 -41.3491643155725 -0.0278100357606106 0.0233994381559641 0.745426356989053 0.665596435169997
1604559760.30819 188.197909198951 10.3395548932186 -41.5417873957442 -0.0313745185071095 0.0154152292394393 0.743965666123545 0.667302853227298
1604559760.5078 188.149792568995 11.3194375420812 -41.6763487611578 -0.0333000870173575 0.0155437260137564 0.741819009629914 0.669592453465493
1604559760.80825 188.080409743018 12.7792507367457 -41.8585480473541 -0.0309149091975999 0.0188088549142803 0.737889892753089 0.673950296044859
1604559761.1079 188.060227815995 14.2391341970742 -42.0418587561672 -0.0314796761689946 0.0175026238219669 0.73250996440115 0.679802795081536
1604559761.30809 188.065024534171 15.217884265317 -42.172335992503 -0.0301010539670716 0.0179794225506166 0.728820665707867 0.683806335267493
1604559761.50822 188.069941565117 16.1800182302212 -42.2827105996607 -0.033592621286257 0.0170842371149737 0.725707917218911 0.686969929125801
1604559761.7082 188.07625900929 17.1686840638809 -42.399594684883 -0.0330572447185199 0.0161510814995765 0.721844412427845 0.69107670007367
1604559761.90822 188.102750269799 18.136595343277 -42.4868395006975 -0.038047988045814 0.0136976005035786 0.718579008923613 0.694268632649112
1604559762.10753 188.127087210502 19.1000491765541 -42.6286369524048 -0.036806496092863 0.0111809397487907 0.715097475890239 0.697965520930016
1604559762.30824 188.17152107911 20.0643667749051 -42.7536539053486 -0.0349914445428859 0.0132045255050049 0.710621940634224 0.70257931709113
1604559762.50816 188.232354413106 21.0229792418731 -42.8708363393955 -0.0361154877818212 0.0134513404394397 0.707544325213908 0.705617290633003
1604559763.10774 188.426031260047 23.8826319652013 -43.2159795237559 -0.031945563885629 0.0136455275406761 0.699537721497025 0.713750836587193
1604559763.30773 188.507078275176 24.8133948808069 -43.315228467727 -0.0320000159924056 0.0143969661900144 0.69554344583256 0.717626672651163
1604559763.5073 188.607278950596 25.7719436772186 -43.4395981911152 -0.0303212178136017 0.0160988375348226 0.691612736137969 0.721452198272401
1604559763.70761 188.71989493136 26.7166085444779 -43.5575730852923 -0.0296830654291623 0.0155317326557355 0.687931260858929 0.725002249127879
1604559763.90765 188.831400317674 27.6379069414825 -43.6250994837747 -0.0316499755527849 0.0175385071360175 0.684182296280025 0.728412839859334
1604559764.10749 188.96634566998 28.5841992262038 -43.7599763149132 -0.035142309949622 0.0131773891884554 0.68116548063823 0.73116684994088
1604559764.30819 189.100570858836 29.4951643101179 -43.8777719300809 -0.0306129120634594 0.0170861706781942 0.677983583059558 0.734240541980811
1604559764.50808 189.234270450137 30.4242667972779 -44.0012369180477 -0.0320320350910528 0.0131094845732659 0.675241739705903 0.736784013874551
1604559764.70811 189.384611367383 31.3255268734982 -44.0936357794882 -0.0311446613002682 0.0166098372992639 0.672305057900476 0.739432236583462
1604559764.90783 189.529377852526 32.2206024704201 -44.1989839514979 -0.0299388647979831 0.0172997276115262 0.66879807404146 0.742639562612718
1604559765.11781 189.682299346318 33.1354984609447 -44.3034482102114 -0.0299474142942539 0.0143983413799399 0.665580926778862 0.745585588682337
1604559765.30766 189.853150246908 34.0332817753239 -44.4111310568264 -0.0227296511484913 0.0164399830878577 0.661416877950296 0.749493698090399
1604559765.50756 190.016851952357 34.937545115013 -44.5084482281533 -0.0257776823685933 0.0169316069648328 0.657906443244725 0.752467902115677
1604559765.70777 190.207083887674 35.8541332481924 -44.6056780580095 -0.024858818938858 0.0170299284973951 0.653970882499819 0.755919377644698
1604559765.90757 190.411576806738 36.7907129833125 -44.6965823537742 -0.0239453472205901 0.0199292811349019 0.651685238791744 0.757849453150742
1604559766.1081 190.609681778235 37.7393113931659 -44.8283822804683 -0.0236224983052068 0.0179452403886235 0.649683828287459 0.759625479550921
1604559766.30834 190.825925476049 38.6810248037439 -44.9347181172845 -0.0239351812221178 0.0183080485912268 0.647305766056935 0.761634536825957
1604559766.50831 191.051650785121 39.6428734057335 -45.0550325607626 -0.0227139832071413 0.0178203624862208 0.644625397039413 0.763953275494977
1604559766.70835 191.264443546793 40.5673760107273 -45.1538552076287 -0.0237680374003375 0.0184752389568429 0.642351544089734 0.765818672891409
1604559766.90797 191.493538544611 41.4973718390445 -45.246319488282 -0.0200544768391209 0.0232867048930088 0.639357983524834 0.768294810757559
1604559767.10791 191.733475649886 42.4380699725787 -45.3461046593399 -0.0194025906376878 0.0255634838471406 0.638093668703884 0.769289618888856
1604559767.3181 191.945981657366 43.3527003091122 -45.4640490133136 -0.0205198678587967 0.0248436449088532 0.637597997573713 0.769695083666702
1604559768.00801 192.767931161901 46.5168687216552 -45.8491767041253 -0.0184249634525819 0.0221077358927622 0.632044541869049 0.774397485680972
1604559768.40825 193.263968138928 48.2884438948019 -46.0510737750873 -0.0196494089792281 0.0237731915852923 0.624848983364987 0.780136195850672
1604559768.60836 193.526280262951 49.1510777715548 -46.1369649091913 -0.0144890926249372 0.0252565896149141 0.620392231866458 0.783751012449544
1604559769.40749 194.680444474333 52.5668631365168 -46.5503166789502 -0.0123505437134894 0.0242396628702446 0.599524551575283 0.799893877256461
1604559769.80748 195.334457083783 54.2209691524807 -46.7305651932483 -0.0098460867103127 0.0237407523432244 0.586431824531632 0.809590727732953
1604559770.10789 195.847260876617 55.417817741743 -46.8673778996106 -0.0097271410267705 0.0234587567764004 0.574882247269565 0.817841959813903
1604559770.70812 197.000994003306 57.7261753634319 -47.1523294360854 -0.00600043544300207 0.0237352006770171 0.546796191815797 0.836907736634725
1604559771.50821 198.717282888151 60.5935819297559 -47.481510404475 -0.00658634849634872 0.0248294289753945 0.509939867680821 0.859826407375295
1604559771.90817 199.631481363711 61.9487927145352 -47.6445985947445 -0.00757482398970514 0.025508708237076 0.491426569884193 0.870512409019801
1604559772.10817 200.0993023471 62.5832862956326 -47.7445075364606 -0.00685478783439092 0.0221533498981209 0.482031038793256 0.875847200493289
1604559772.60814 201.373901622545 64.1508932763473 -47.9522402302362 -0.0026475609122514 0.0235371430881839 0.456505312998637 0.889405358945222
1604559773.00803 202.435171803977 65.368400535548 -48.1264986704319 -0.00316398570839018 0.0224247845622673 0.438494725115193 0.898448381532253
1604559773.30744 203.280330327696 66.2388509075498 -48.2574501802151 0.00112162725116629 0.0232294475181895 0.42310277350629 0.905783184747649
1604559773.90782 205.021073002401 67.8867889758768 -48.495179555007 0.00183069480471456 0.0248797729167887 0.391282340510056 0.919932484186265
1604559774.40812 206.569550150075 69.1723267258108 -48.6647314052381 0.00108488137662864 0.0221488731995999 0.367736885934365 0.929665441528124
