1744315621.62014 0 0 0 0 0 0 1
1744315622.11902 0.346319824457169 -0.212626412510872 0.00493501545861363 -0.0263873985951545 -0.00940952574242215 -0.0443571615585988 0.998622855856578
1744315622.91682 0.900919497013092 -0.599649310112 -0.00133460119832307 0.0079468624178229 -0.0258804377368262 -0.153649357920023 0.987754486262162
1744315624.51587 2.06884860992432 -1.34249043464661 -0.027450343593955 -0.0113993802239144 0.010969905055486 -0.0820194878500916 0.996505152483615
1744315624.91843 2.34400415420532 -1.54382288455963 0.000151368556544185 -0.0108550961029523 0.0249548818554774 -0.065944495087203 0.997452126333825
1744315625.21887 2.5633704662323 -1.69926607608795 -0.0126581350341439 0.0036146818548507 0.0167147900152623 -0.102379040143819 0.994598452647632
1744315625.61817 2.82246923446655 -1.90642547607422 0.0144190946593881 0.0200381087258681 0.0127834333026353 -0.143005810728877 0.989436403276868
1744315625.91744 3.03685903549194 -2.07630252838135 -0.00512431655079126 -0.00793418437274467 0.0130420567595141 -0.14572771619258 0.989206948119106
1744315626.21758 3.26086211204529 -2.25879263877869 0.00264359312132001 0.0143454152137523 0.0259977181313213 -0.0803495971115875 0.996324379887552
1744315626.51935 3.49528241157532 -2.40429997444153 -0.020074300467968 0.0204862548569064 0.0363321452726986 -0.0871801004902761 0.995319003465887
1744315626.81802 3.70422339439392 -2.54797697067261 0.024588730186224 0.0185832707120627 0.0268816546000474 -0.097991430834894 0.994650550785821
1744315627.11754 3.88134503364563 -2.70979595184326 0.0193897187709808 0.0147774243293788 0.0169775359607063 -0.128369406899144 0.991470971019956
1744315627.4168 4.07782936096191 -2.88596963882446 0.035601120442152 -0.00134505578007614 -0.00789747892457686 -0.106623112328404 0.994267233981382
1744315627.81849 4.337721824646 -3.08315896987915 0.0540663823485374 -0.0142558599366346 0.00377352871721763 -0.0825272631551343 0.996479694612294
1744315628.11869 4.54961824417114 -3.24571871757507 0.0521344617009163 0.0119801561030673 0.000346501200156484 -0.0814952705301651 0.996601663995139
1744315628.41874 4.72287702560425 -3.42340731620789 0.0678242221474648 0.0394312241363332 0.00963223991776829 -0.122993091771917 0.991577076123516
1744315628.81662 4.97116041183472 -3.66294026374817 0.0520668961107731 0.0122164547375759 0.0064887690488412 -0.126996158114786 0.991806750296629
1744315629.21906 5.25624418258667 -3.88957023620605 0.0544664934277534 0.0198391928789292 0.0433355512232949 -0.0876488075039856 0.995010614500778
1744315629.51878 5.46371221542358 -4.04817581176758 0.0500859618186951 0.0308726457842041 0.0313943277656779 -0.110004443908888 0.99295533547422
1744315629.91687 5.76024627685547 -4.22122526168823 0.0696945935487747 0.0156261408898059 0.0532223520500451 -0.176754042965363 0.982690802469705
1744315630.31665 6.10191774368286 -4.37270498275757 0.0699685364961624 -0.00386155393462411 0.0265914513309716 -0.0753693676822462 0.996793580202291
1744315630.71931 6.41389894485474 -4.51809453964233 0.0779671221971512 0.00165216630252301 0.0244321312999825 -0.0200837637889033 0.999498366051051
1744315631.11811 6.74499988555908 -4.67693758010864 0.0870083123445511 0.0282318916822151 0.0234325211815338 -0.0335742855493863 0.998762556663479
1744315631.41749 6.9689679145813 -4.79416131973267 0.0734580531716347 0.016595398116875 0.0261990067617053 -0.0579347118478934 0.997838551053798
1744315631.71675 7.2048978805542 -4.9180736541748 0.0708852186799049 -0.00385110231091711 0.0218760874016193 -0.0150049071216804 0.999640664725709
1744315632.11923 7.50251913070679 -5.07802200317383 0.0700040459632874 0.000775344037286623 0.0407042536431448 0.000351454211247647 0.999170875804992
1744315632.41883 7.72815418243408 -5.21584177017212 0.0764778479933739 0.00624292571149497 0.0272120456821621 -0.0347079622027112 0.99900745132761
1744315632.71807 7.92727470397949 -5.36739873886108 0.0908480510115623 0.0175106425363914 0.0419407875795888 -0.080636144625426 0.995706864451137
1744315633.11657 8.18088054656982 -5.5913200378418 0.0664254054427147 -0.00437748805212782 0.015437257066788 -0.0877484557812051 0.996013422199029
1744315633.52003 8.4508056640625 -5.80350685119629 0.0613185353577137 -0.0022128921171792 0.0114838146395375 -0.109252286549206 0.99394525150713
1744315633.91762 8.74464893341064 -6.01642751693726 0.0883138179779053 0.0216719388627113 0.000428644774468336 -0.1386610565397 0.990102648581894
1744315634.21687 8.93966674804688 -6.1704158782959 0.0918187648057938 0.0246797416418167 0.00209163656391232 -0.156551008692438 0.987359264445499
1744315634.5173 9.16885280609131 -6.33852195739746 0.0816794261336327 -0.00361192292878984 -0.0025991388820294 -0.149164967626224 0.98880231134585
1744315634.8183 9.38645553588867 -6.49402523040771 0.105303034186363 -0.000509042748770983 0.0155027037829542 -0.116275254792449 0.993095902807905
1744315635.41819 9.84175777435303 -6.84719944000244 0.145275339484215 0.0521716778359919 0.0335615464640218 -0.147160350403086 0.98716542175056
1744315635.71898 10.0311985015869 -7.02224826812744 0.146618962287903 0.0781886626471176 0.0406512579975543 -0.173855161780448 0.98082026435987
1744315636.11731 10.2753677368164 -7.21026659011841 0.198588937520981 0.0184611746057053 0.00544225983285738 -0.180783115483652 0.983334649036692
1744315636.51866 10.5768871307373 -7.40016508102417 0.219207808375359 0.0257896356091562 0.0321381546145825 -0.135613544670555 0.989904540960897
1744315636.91961 10.8762073516846 -7.58842611312866 0.299500048160553 0.0149999475008715 0.0218178703036862 -0.156663811387595 0.987297033476701
1744315637.21792 11.0531368255615 -7.76781034469604 0.295998901128769 0.0334744323613733 0.036025471561741 -0.1583731667746 0.986153927043148
1744315637.6169 11.2747220993042 -8.08283138275146 0.326663255691528 0.0539616254593274 0.0410442349397759 -0.120862675021007 0.990351315212315
1744315637.91907 11.4127788543701 -8.28476333618164 0.337795585393906 0.0485926504787233 0.0539911848770177 -0.164851012964554 0.983640101764659
1744315638.31825 11.6503849029541 -8.54210567474365 0.411971151828766 0.0319443485550086 0.0349519045162782 -0.231859732256911 0.971596103081849
1744315638.71836 11.8197202682495 -8.81753826141357 0.421930193901062 0.0625296903118412 0.0568593292385499 -0.268057141114275 0.959688711825709
1744315639.01732 11.9703531265259 -9.03015804290771 0.453675985336304 0.0275908294386364 0.0403122019632104 -0.269531438100345 0.96175177482515
1744315639.41864 12.1705703735352 -9.28342151641846 0.482495725154877 0.018468418040448 0.0441152781861622 -0.25107954898076 0.966784267481251
1744315639.91856 12.4700498580933 -9.5983829498291 0.555060088634491 0.0453699663680346 0.024826725939085 -0.267603136686074 0.962140198238637
1744315640.31735 12.707633972168 -9.80542278289795 0.544366538524628 0.0204394921265211 0.0363438730405014 -0.293783821244566 0.954961997374223
1744315640.71884 12.9616823196411 -10.0623302459717 0.58536571264267 0.0233022095394176 0.0416998830507351 -0.261072763018055 0.964136473324319
1744315641.11817 13.2166423797607 -10.2534484863281 0.579105019569397 0.0246496146700836 0.041595794461762 -0.272624835947809 0.960904722230119
1744315641.51748 13.430290222168 -10.4568977355957 0.677884221076965 0.0236564539714936 -1.99230488002414e-05 -0.366678332693654 0.930046973072634
1744315641.81648 13.5617351531982 -10.6342849731445 0.682588577270508 0.0520144627369582 0.005498481009588 -0.386703325248953 0.920719718814675
1744315642.21844 13.7749586105347 -10.9608783721924 0.663316488265991 0.0417761849399763 0.00663504758029087 -0.439049979759222 0.89746634576952
1744315642.61808 13.9525089263916 -11.1882181167603 0.720020174980164 0.0246063789483735 0.0286265449704426 -0.474839412536675 0.879262520149659
1744315643.01833 14.1961221694946 -11.4007234573364 0.71796190738678 0.0196673564868813 0.0401008185346366 -0.483759637314255 0.874060485748698
1744315643.51835 14.3894844055176 -11.6985092163086 0.714115262031555 0.0360492610403536 0.0485960162991609 -0.51969418905923 0.852207033435166
1744315644.01879 14.4853973388672 -12.1084938049316 0.686920762062073 0.0300978809697329 0.039103028639303 -0.50783651523053 0.86003903662036
1744315644.41818 14.5808887481689 -12.4214305877686 0.672960996627808 0.0417353820050306 0.042816480038627 -0.526611073897899 0.84800099279075
1744315644.81786 14.6279935836792 -12.732195854187 0.675863802433014 0.0516393341591938 0.0598778392434428 -0.602724473510313 0.794022186444968
1744315645.21649 14.6281814575195 -13.0315704345703 0.650578439235687 0.039835755766277 0.0208124160285616 -0.580031916449917 0.813352894997626
1744315645.51859 14.6222248077393 -13.2650232315063 0.690492630004883 0.0304277011353337 0.00817322482947101 -0.570803749125153 0.820481830014642
1744315646.01809 14.6657638549805 -13.6816167831421 0.711139798164368 0.0439488808633945 0.0110155039740004 -0.561662787829538 0.826124728664265
1744315646.5173 14.65989112854 -14.0611190795898 0.715653896331787 0.0204180878613283 0.0192138735488324 -0.596739305887364 0.801945216059304
1744315647.11939 14.6242065429688 -14.582462310791 0.679755628108978 0.0189538442691367 0.0310008444475334 -0.601496634277254 0.798048556407501
1744315647.61779 14.6649475097656 -15.0080766677856 0.680606305599213 0.019901064418096 0.0507513805238561 -0.649231436145939 0.75863481816341
1744315648.01724 14.6440916061401 -15.3344373703003 0.65466320514679 0.0224700504175521 0.0226998366303614 -0.648220462937086 0.760782521934368
1744315648.51938 14.6507844924927 -15.7550115585327 0.642265737056732 0.008463221567412 0.018565339887134 -0.662978793635912 0.748360087942059
1744315649.01849 14.7194328308105 -16.1658515930176 0.63883912563324 0.00108011712568961 0.0381241224890367 -0.702593789468731 0.71056833002281
1744315649.51782 14.7589282989502 -16.6158580780029 0.581534385681152 -0.00787264550320736 0.0408288664314539 -0.693651234140729 0.719109859822369
1744315650.01858 14.8312845230103 -17.0663986206055 0.564166307449341 0.00478099305551664 0.0340769297278768 -0.682175422274164 0.730378393855397
1744315650.51836 14.8253898620605 -17.4946117401123 0.565313398838043 0.0470676553254491 0.0236278372612357 -0.686431807286017 0.725284589023215
1744315651.0187 14.6978979110718 -17.923131942749 0.539548456668854 0.0437302880170994 -0.00114104357770782 -0.671525646968593 0.739688897708292
1744315651.618 14.6604709625244 -18.4150810241699 0.541355729103088 0.0132498691300308 0.0210448156619216 -0.716979258825492 0.696650772708852
1744315652.11775 14.5842990875244 -18.8446311950684 0.501974582672119 0.00492923536089503 0.0258227872229209 -0.711825217026966 0.701864478872745
1744315652.51945 14.5348176956177 -19.2163028717041 0.497315227985382 0.0262457804208211 0.0263582297934851 -0.682433697768978 0.730000445809189
1744315652.91924 14.5263719558716 -19.5851249694824 0.481166213750839 0.0478336202118748 0.013628605758434 -0.700839079719856 0.711583298159768
1744315653.4166 14.5645809173584 -19.9811134338379 0.464863777160645 -0.00956409625333412 0.0253265991434807 -0.736441941750814 0.675958843324779
1744315653.91907 14.5872440338135 -20.4417743682861 0.470965027809143 -0.00398831768883509 0.0188860641772373 -0.687024027489757 0.726378273046255
1744315654.31926 14.608980178833 -20.8021068572998 0.473122239112854 0.0115862214610992 0.0044620989132167 -0.726030265616215 0.687550654537388
1744315654.81752 14.5824356079102 -21.241943359375 0.439071863889694 0.0212423677986439 0.00454326584097527 -0.756814072323088 0.653269148574728
1744315655.31973 14.5504264831543 -21.6619625091553 0.446457773447037 0.00998559458619238 -0.00818141821769715 -0.74186710357936 0.67042266736998
1744315655.81613 14.5253105163574 -22.1042747497559 0.440267562866211 0.0256967977560987 0.00272806463889518 -0.777324813261915 0.62856850615962
1744315656.41664 14.3857574462891 -22.6483612060547 0.390197783708572 0.0451067725037674 0.00270131480311701 -0.729315039941167 0.682684154267727
1744315656.91928 14.3211879730225 -23.0828056335449 0.377789497375488 0.0427449012165337 0.0119722171765634 -0.724106309599386 0.688258375782107
1744315657.31741 14.2639303207397 -23.3996086120605 0.381481289863586 0.0239623687255375 0.0117758274130901 -0.742904326412809 0.668864931485371
1744315657.81796 14.1355323791504 -23.8678531646729 0.345341354608536 0.0374459651509367 0.0153922589068936 -0.709505866315535 0.703535573886282
1744315658.41905 14.0452566146851 -24.3795127868652 0.34961262345314 0.0403854637941847 0.000326430554288697 -0.748607749198497 0.661781947167783
1744315658.91689 13.9746208190918 -24.8138675689697 0.316632002592087 0.0231106577958627 0.0128528691898017 -0.739678259957883 0.672440906694047
1744315659.41905 13.9236068725586 -25.2359809875488 0.298012316226959 0.0224715532391276 0.0386701120993071 -0.721264963764532 0.691213790206038
1744315660.01668 13.8646907806396 -25.751070022583 0.288328915834427 0.0522142835054972 0.0313946641683275 -0.744113094149696 0.665269679735017
1744315660.51735 13.8030548095703 -26.1852512359619 0.297996282577515 0.0164016272730362 0.0206258220955705 -0.711339023540621 0.702354864490845
1744315661.01775 13.7402048110962 -26.611946105957 0.267358064651489 0.0273591234279003 0.0197646181040693 -0.721505113703317 0.691586009933993
1744315661.51723 13.6721248626709 -27.0279560089111 0.260309517383575 0.00679999136607131 0.0251170110052636 -0.740700924773918 0.671330794701573
1744315661.91817 13.5990867614746 -27.3881187438965 0.255627393722534 -0.00682416811098321 0.0172005819967895 -0.720054171011443 0.693671075883656
1744315662.41928 13.5636720657349 -27.8412322998047 0.249090403318405 0.0188916820846391 0.00105666515748013 -0.726062376988818 0.687368469256559
1744315662.91715 13.4809598922729 -28.2570362091064 0.218901753425598 0.02498479337156 0.00147107504078622 -0.747355465840777 0.663952862571072
1744315663.41863 13.3849515914917 -28.6745853424072 0.225181147456169 0.0164433453122158 -0.00416224585141991 -0.734805884035362 0.678065339691851
1744315663.71886 13.3449106216431 -28.9415626525879 0.214806914329529 0.0218410862448025 -0.00563225442557343 -0.738347356119598 0.674043341613083
1744315664.31686 13.2438888549805 -29.4466590881348 0.196972787380219 -0.0104197735353 0.00964169959002356 -0.729973833925457 0.683327643032725
1744315664.81958 13.1577138900757 -29.8814487457275 0.18472246825695 -0.0391899858239656 0.0317910489456677 -0.724765955045978 0.687144660624197
1744315665.31838 13.0449638366699 -30.3411731719971 0.183912828564644 -0.000352947186713897 0.0294627631870748 -0.744554562726389 0.666911031650385
1744315665.61662 12.9814424514771 -30.5988368988037 0.15798057615757 -0.0075473859435437 0.0117675513730162 -0.727509962041607 0.685954675492719
1744315666.11913 12.8966464996338 -31.0266609191895 0.156132876873016 -0.0185390984352179 0.0105755623605905 -0.719685410009827 0.693972167978626
1744315666.41916 12.8285207748413 -31.3138866424561 0.13483515381813 0.017937686750265 0.00645747454202796 -0.72629349870169 0.687120290895449
1744315667.01675 12.7250852584839 -31.7968902587891 0.116785854101181 -0.0111817273227207 0.0171623700661382 -0.740974842705693 0.67122030996169
1744315667.51913 12.6409301757812 -32.2154808044434 0.0992688238620758 -0.014573359977297 0.0341383729498039 -0.735483311485763 0.67652530418104
1744315667.81859 12.5868444442749 -32.4861335754395 0.10261332988739 0.00232776007311257 0.0102129504792522 -0.738257595140232 0.67443754373056
1744315668.31828 12.4763813018799 -32.915397644043 0.0721710845828056 0.00967991404796798 0.0124462045300898 -0.745131325578482 0.666731354368814
1744315668.71885 12.3772134780884 -33.2653121948242 0.0765033364295959 -0.00206766314003845 0.0063748488913825 -0.746299697041501 0.665576327904256
1744315669.21917 12.2935466766357 -33.7163505554199 0.0455681718885899 -0.00774513138318829 0.0289689562706937 -0.75881735423873 0.650612815289229
1744315669.61691 12.1615228652954 -34.0758666992188 0.000149074068758637 0.0222394188661833 0.0473082535401309 -0.738166178597969 0.672590536782632
1744315670.01882 12.0154628753662 -34.3832130432129 0.00726010883226991 0.0093371542834739 0.0463779355597227 -0.732672114579751 0.678935547132672
1744315670.51896 11.8885154724121 -34.7938079833984 0.00818999949842691 0.00488403040708057 0.0395923037278129 -0.76392765797005 0.644067643280503
1744315670.81749 11.8167343139648 -35.0474395751953 -0.00690538063645363 0.00462866367901183 0.0212409785211708 -0.763193956440938 0.645803670751443
1744315671.31848 11.6801042556763 -35.4924278259277 -0.0111207664012909 0.003161492666717 -0.0059328879377042 -0.707878897143624 0.706301828387527
1744315671.81858 11.5647754669189 -35.9610748291016 -0.0330952368676662 0.0159474151451922 0.00472959062709069 -0.744251468996954 0.667692340691851
1744315672.31674 11.4489345550537 -36.4016494750977 -0.0712485462427139 -0.00727726799934792 0.0155801296065079 -0.719691754097126 0.694080744594253
1744315672.81871 11.3433637619019 -36.8343925476074 -0.0922625958919525 -0.00251289186715119 0.0255504593690823 -0.702638618732 0.711083561100157
1744315673.31791 11.2351245880127 -37.2486877441406 -0.105369664728642 0.0132182321127898 0.025763340676932 -0.757113969649503 0.65264076303779
1744315673.81762 11.119704246521 -37.6817207336426 -0.10327285528183 -0.00831864716910216 -0.000756717097497405 -0.735510949341502 0.677461342725378
1744315674.31898 11.0309553146362 -38.1194686889648 -0.123751692473888 0.00184804855189556 -0.024782321162432 -0.81520654185397 0.578636946100786
1744315674.91661 10.9076719284058 -38.6125450134277 -0.133889749646187 -0.00187860372515675 -0.0526126635736147 -0.856468788277738 0.513507150082447
1744315675.91818 10.776650428772 -39.5360221862793 -0.173743933439255 0.0113031534249222 0.0223735184844128 -0.811224084923591 0.584197867535617
1744315676.71819 10.6387233734131 -40.2347946166992 -0.215456292033195 0.000122228745694779 0.0386550887713979 -0.761636078773313 0.646851028199709
1744315677.71764 10.454083442688 -41.0696983337402 -0.252006411552429 -0.0124471680297086 0.0165606481379488 -0.767754463647126 0.640409163341067
1744315678.81715 10.1829814910889 -41.9768676757812 -0.294677257537842 0.0191183204466376 0.0270244160087041 -0.79770676355127 0.602136272074061
1744315679.91874 9.92047023773193 -42.8801765441895 -0.29866749048233 0.0405575052631311 0.00986988812798464 -0.816807543705998 0.575398219166645
1744315681.11918 9.77869892120361 -43.888256072998 -0.335890293121338 0.0249686596493563 0.0088309978303102 -0.789259759584624 0.61348806949529
1744315682.31927 9.50251960754395 -44.816577911377 -0.385745018720627 0.0133104989980227 0.00370715635388297 -0.787545234748403 0.616101932177846
1744315683.3182 9.26232719421387 -45.623851776123 -0.404442369937897 -0.0264107164849886 0.0231229621295146 -0.780153009734463 0.624603141266008
1744315684.31661 9.11947917938232 -46.4623603820801 -0.451001197099686 0.0128940549839433 0.0212236332584576 -0.776521044981817 0.629601753045311
1744315685.11799 8.98961925506592 -47.1435966491699 -0.497947037220001 0.0240144518105861 0.0546578368365698 -0.757917889206014 0.649612423063232
1744315685.91756 8.76626968383789 -47.7894058227539 -0.497449576854706 -0.00346579976390362 0.0392118612917811 -0.777455098154694 0.627705335742261
1744315686.71979 8.60105133056641 -48.4468421936035 -0.497269511222839 -0.000706202022042499 0.022262753102904 -0.790203931298827 0.612439072939392
1744315687.41737 8.45632171630859 -49.0124473571777 -0.520204842090607 -0.0277537525300252 0.0235744905116852 -0.753185415301737 0.656799591043088
1744315688.21832 8.25747966766357 -49.716609954834 -0.562683165073395 0.0184886690407265 0.017514432052129 -0.785239976947162 0.618667594424514
1744315688.91967 8.11087512969971 -50.2772598266602 -0.575327396392822 -0.0187763957177303 0.0271185634143495 -0.765945746094734 0.642058521103469
1744315689.61762 7.94385290145874 -50.8698883056641 -0.605817854404449 0.0127616050913358 0.028400281424479 -0.777865963352253 0.627658432994072
1744315690.4189 7.70380973815918 -51.5088500976562 -0.628364443778992 0.00803829728731975 0.00109950255030566 -0.768745928349983 0.639502833860949
1744315690.81796 7.6437668800354 -51.8403930664062 -0.611313760280609 -0.00037922899140788 0.0135862479672156 -0.79429513846424 0.607380031828195
1744315691.31759 7.53696060180664 -52.2749557495117 -0.646043479442596 -0.0132252459885621 0.0141536393008986 -0.756973569131914 0.653158313886284
1744315691.8187 7.431396484375 -52.7232818603516 -0.686679720878601 0.0346657890205623 0.0163214362468184 -0.744732879221869 0.666261834713897
1744315692.41664 7.33307838439941 -53.2149658203125 -0.690839827060699 0.0314639976724442 0.0145764789273871 -0.770549352766317 0.636436358219703
1744315693.21907 7.19861364364624 -53.8880157470703 -0.710931360721588 0.0214618487909725 0.00147894629838374 -0.746529920995222 0.665003969028146
1744315694.21877 6.9880428314209 -54.7370834350586 -0.719696462154388 -0.00910858873173294 0.0340634363055563 -0.7304469373018 0.682058639491351
1744315694.71934 6.88462591171265 -55.1322326660156 -0.724528193473816 -0.0172784472351156 0.00927625129904491 -0.774561480581506 0.632194526409684
1744315695.11609 6.80684947967529 -55.4925575256348 -0.774611949920654 0.00476023238848572 0.0139865751249936 -0.741111749094332 0.671219108233832
1744315695.61941 6.70606231689453 -55.9118461608887 -0.780110239982605 0.00251737507977556 0.0269139636043933 -0.72573414206241 0.687444002396374
1744315696.41706 6.56330490112305 -56.6079368591309 -0.811756134033203 0.0174129371244637 0.027625370230978 -0.746319372573016 0.664786448916132
1744315697.51737 6.31952524185181 -57.4979629516602 -0.827731788158417 0.0201049687984109 0.0225011699990886 -0.779383978321929 0.625819544208529
1744315698.21938 6.1227650642395 -58.1037635803223 -0.875934839248657 0.0277718800652881 0.0247046586614012 -0.756289260125485 0.653180646939964
1744315698.51907 6.05000495910645 -58.3709297180176 -0.901550054550171 0.0345033718411138 0.0163716374397991 -0.770473797434997 0.636326656902906
1744315699.41833 5.82304716110229 -59.176872253418 -0.903376698493958 0.0434153802220269 0.0344878455274241 -0.76249016025556 0.644619615575343
1744315700.31854 5.68722629547119 -59.9355659484863 -0.922727525234222 0.0144842594861755 0.0337118722523924 -0.787337098054765 0.61542993908574
1744315701.41774 5.42990493774414 -60.8491706848145 -0.89813619852066 -0.0246855987451127 0.00115247344757822 -0.797366705147319 0.602988914112072
1744315701.91675 5.26796913146973 -61.2568168640137 -0.929522454738617 -0.0423322835346309 -0.0108076423655931 -0.787764333093465 0.614425364176195
1744315702.41948 5.12540817260742 -61.6971206665039 -0.964012324810028 -0.0152435218138654 0.0122204932116026 -0.792487412082993 0.60957525891261
1744315703.01746 4.88498878479004 -62.179874420166 -0.976231753826141 0.00460762136487473 -0.000312628019177614 -0.831896757839826 0.554911214866545
1744315704.01869 4.44416856765747 -62.9307327270508 -0.999462962150574 0.0024794522360761 0.0288466177335863 -0.864236633253693 0.502251696566834
1744315705.21978 3.80379867553711 -63.7569580078125 -1.05969548225403 0.0266672677644902 -0.00846980654346553 -0.878865006480339 0.47624932502987
1744315706.4188 3.13335752487183 -64.5431518554688 -1.11527979373932 -0.00437875350107609 0.0284672827384975 -0.903883047555222 0.426808946337291
1744315707.62089 2.27192997932434 -65.2310104370117 -1.14634931087494 0.0300558559622418 0.00911114489810628 -0.935648073890097 0.351534229324507
1744315708.31524 1.87920153141022 -65.6561813354492 -1.17902100086212 -0.000837979230717829 0.107549247512746 -0.972968267114188 0.204365379502166
1744315709.31559 1.19668960571289 -66.0710678100586 -1.19938099384308 0.0139928128611814 -0.0146051953406255 0.999762425631232 0.00812291531714355
1744315710.11674 0.549913227558136 -66.3264999389648 -1.24528849124908 -0.0456453954733998 0.0369881063707771 0.993524728093804 0.0972470694947351
1744315711.01776 -0.25987982749939 -66.5791549682617 -1.33076858520508 -0.0423867452358797 -0.00499726396159194 0.987788721333054 0.149839357941823
1744315711.9181 -1.06110394001007 -66.5904769897461 -1.36019718647003 -0.0301764128043899 -0.00121763468343874 0.982074116763572 0.186060018969919
1744315712.91869 -1.89868783950806 -66.4463272094727 -1.3858779668808 -0.0219478003167813 -0.0223790185167236 0.986631231608231 0.159925877851924
1744315713.71839 -2.61086869239807 -66.3854675292969 -1.44328773021698 -0.0384378415063708 -0.0102234431128493 0.984188044774182 0.172603319999422
1744315714.61841 -3.41306328773499 -66.2402038574219 -1.44669842720032 -0.029642924226683 0.0309721527745381 0.9860568170858 0.160791717057886
1744315715.31835 -4.06812810897827 -66.0740280151367 -1.47181618213654 -0.0440488975231638 0.00176050783138026 0.990286376404596 0.131869207727297
1744315715.71896 -4.44892597198486 -65.992057800293 -1.51804101467133 -0.0340660167918061 0.0073292271988924 0.98888467898771 0.144543697863243
1744315716.11825 -4.82709264755249 -65.9215240478516 -1.50915253162384 -0.0572195437110923 -0.00752607529265076 0.981655984103264 0.181716292286728
1744315716.61782 -5.28003406524658 -65.7789764404297 -1.50985264778137 -0.0749038032385569 0.00342653352508353 0.98888744752386 0.128371707389696
1744315717.01915 -5.63559913635254 -65.6728820800781 -1.55532944202423 -0.0738596926298964 0.0115465698960683 0.984122277259913 0.160980638366902
1744315717.51628 -6.10152864456177 -65.5693817138672 -1.53244066238403 -0.0738611364089737 -0.0120630056719808 0.971574905764938 0.224591226254242
1744315718.01805 -6.52523040771484 -65.4020233154297 -1.50525617599487 -0.084703091307152 0.00199729818905963 0.982093602357694 0.168266316685915
1744315718.31999 -6.76995515823364 -65.309326171875 -1.52846932411194 -0.0626030266260206 0.0032931781781237 0.972708206845922 0.223402686575924
1744315718.71643 -7.16092586517334 -65.2551422119141 -1.51196944713593 -0.076945192485598 -0.0377893472888454 0.964183639529943 0.251000621209651
1744315719.21725 -7.59266805648804 -65.1314697265625 -1.49787676334381 -0.0589689276353062 -0.0316993945241486 0.983176120901073 0.169948607673797
1744315719.71857 -8.00782108306885 -65.0966949462891 -1.5169163942337 -0.0383407672578816 -0.0242939510765543 0.989908038501 0.134245539286303
1744315720.21705 -8.47157192230225 -65.0646591186523 -1.50976371765137 -0.0496055217863208 -0.0194086159606014 0.989618461023551 0.133483704758965
1744315720.81885 -8.97049236297607 -64.9957275390625 -1.49358534812927 -0.0548361538417107 -0.0260704972645617 0.992859157739375 0.102684070319036
1744315721.6166 -9.6970386505127 -64.989387512207 -1.51389145851135 -0.0550723914457504 -0.023403150983958 0.989886396355464 0.128624439881626
1744315722.31866 -10.3196706771851 -64.9611663818359 -1.52902054786682 -0.0983797289399693 -0.0311041327387295 0.986569738694791 0.12662587631271
1744315723.11743 -11.0757684707642 -65.0274200439453 -1.53450405597687 -0.0876778704041008 -0.020461400105218 0.982567069236188 0.162652625554413
1744315723.91923 -11.8055973052979 -65.0492477416992 -1.5358293056488 -0.0781504526268779 -0.0308372915323375 0.984690512881433 0.15272904781496
1744315724.8184 -12.5945177078247 -64.9301910400391 -1.49123358726501 -0.0391263292883305 -0.0141831045011307 0.986935083379664 0.155650605837264
1744315725.51802 -13.2423505783081 -64.8867874145508 -1.49672698974609 -0.0441805077768583 -0.00425426648499782 0.970659267484355 0.236327252757671
1744315726.01706 -13.7058019638062 -64.8183288574219 -1.50445508956909 -0.0504524069102413 -0.0022010189517316 0.979519330893929 0.194914315938178
1744315726.41926 -14.0426473617554 -64.7712631225586 -1.52367544174194 -0.0593138006520547 -0.00452138317744458 0.977401603876808 0.202848551598019
1744315726.91808 -14.5107402801514 -64.7333526611328 -1.50332856178284 -0.0341887828952806 -0.00283677492662252 0.974796705825558 0.220441516379729
1744315727.31754 -14.8738012313843 -64.677375793457 -1.52164471149445 -0.033734438776781 -0.0239977108457728 0.984327599381695 0.171421336507589
1744315727.71949 -15.2262887954712 -64.6402893066406 -1.51384425163269 -0.0464900139789437 -0.0414599988457056 0.983241112704787 0.171337857413372
1744315728.01836 -15.5150327682495 -64.6194305419922 -1.52115535736084 -0.0288331682976183 -0.0206928062459715 0.977888774748719 0.20609221333189
1744315728.4168 -15.879448890686 -64.5813293457031 -1.52625560760498 -0.0535486546365046 -0.00289283863879321 0.979285919993909 0.195251786094041
1744315728.8171 -16.2421398162842 -64.5150604248047 -1.49840319156647 -0.0547103363342534 0.0120727380358725 0.986199597266156 0.155792754794896
1744315729.21937 -16.5930652618408 -64.4477996826172 -1.5217912197113 -0.0432859456088953 0.00671948884117842 0.984632578871315 0.169055789630764
1744315729.61824 -16.9635677337646 -64.3691482543945 -1.48125064373016 -0.0308524614374228 -0.00949027671794339 0.977537652736203 0.208274332921903
1744315729.91732 -17.2310485839844 -64.2895736694336 -1.49978744983673 -0.0266209942969579 -0.0197754194544807 0.982757493387505 0.181900974815281
1744315730.41956 -17.665454864502 -64.1199111938477 -1.49565291404724 -0.047203648969575 -0.0176692618661437 0.984666676095413 0.167006436092366
1744315730.8189 -18.024923324585 -63.9939727783203 -1.49462115764618 -0.0354232169125544 -0.0035997736538356 0.974923202793604 0.219674727694991
1744315731.31807 -18.448766708374 -63.8475112915039 -1.52828764915466 -0.048635906234448 -0.0112429021871694 0.977699636734242 0.203989132320559
1744315731.71949 -18.7636699676514 -63.7464637756348 -1.49957060813904 -0.0422123453666742 -0.0120837066162522 0.986011847671696 0.160787867030147
1744315732.11883 -19.1269073486328 -63.6529693603516 -1.49687969684601 -0.0216851090247398 -0.016890369941121 0.978212139556128 0.205780177555712
1744315732.61698 -19.5725193023682 -63.5144195556641 -1.5331255197525 -0.0498771291491375 -0.0356541319278431 0.972950800634399 0.222728072791005
1744315733.12037 -19.9626693725586 -63.3646202087402 -1.49390649795532 -0.0309814400945863 -0.04092180789727 0.977996525424428 0.20220868494165
1744315733.61822 -20.4182033538818 -63.2349014282227 -1.46612823009491 -0.0216542141190101 -0.0366579930254823 0.97140349326595 0.233586257791294
1744315734.21714 -20.9285011291504 -63.0477676391602 -1.45701837539673 -0.0144081275675141 0.00536658018894424 0.991587874033481 0.128518845881979
1744315734.71879 -21.3683815002441 -62.9417037963867 -1.4858729839325 -0.0265743722374935 -0.0108046485352742 0.984619182537247 0.172343052340082
1744315735.21808 -21.801944732666 -62.8166847229004 -1.48162293434143 -0.0354466963056687 -0.0214902714975781 0.980862636893143 0.190237187476592
1744315735.71981 -22.204683303833 -62.6575241088867 -1.45754587650299 -0.0397766553223909 -0.0233306820712458 0.983878100505665 0.172792882697227
1744315736.21907 -22.6540412902832 -62.5162315368652 -1.45799601078033 -0.0445253981796067 -0.0147338131548704 0.973490836336136 0.223866020727656
1744315736.71759 -23.0506076812744 -62.3552627563477 -1.47442436218262 -0.0496598937924349 -0.012035353035362 0.97856353411735 0.199505526042764
1744315737.31838 -23.4864749908447 -62.1991958618164 -1.463911652565 -0.0461913397102511 -0.00836197906716141 0.984543950917525 0.168729505877195
1744315737.91566 -24.0053596496582 -62.0794715881348 -1.4509961605072 -0.0636181473093052 -0.0212595932476603 0.967753349361337 0.242804892512051
1744315738.41782 -24.3807945251465 -61.9342727661133 -1.42674779891968 -0.0425180995982231 0.000877462721708792 0.977565601570764 0.206293324883085
1744315738.9188 -24.8097152709961 -61.8195953369141 -1.45420563220978 -0.0265153718014068 0.00484776746006587 0.9793841289397 0.200200305169379
1744315739.41735 -25.2199039459229 -61.6698951721191 -1.45361733436584 -0.0330519519542699 -0.00781868519868983 0.973168635116321 0.227572503303042
1744315739.81856 -25.5165138244629 -61.5258827209473 -1.42285621166229 -0.0297010900001299 -0.000448230656416115 0.983316541139723 0.179460926842293
1744315740.41951 -26.0258464813232 -61.3818969726562 -1.42069983482361 -0.0175527575002607 -0.00796450878485552 0.971218052853167 0.237410954077642
1744315740.91787 -26.4327087402344 -61.2908096313477 -1.45173311233521 -0.053430019083097 -0.0281917649173281 0.971929153436165 0.227385527579231
1744315741.3195 -26.728343963623 -61.2267532348633 -1.43038654327393 -0.0527381131042071 -0.0171964000344571 0.986024520562556 0.157094303211303
1744315741.81848 -27.1562595367432 -61.1595802307129 -1.42414605617523 -0.0422302863317111 -0.00817277956330441 0.979034062661323 0.199103271543731
1744315742.21692 -27.4691314697266 -61.1197547912598 -1.44380056858063 -0.0507796286988418 -0.025251716304987 0.97829015896814 0.199329237692196
1744315742.71968 -27.8521671295166 -61.0584449768066 -1.43122589588165 -0.0560336295928336 -0.0449557122305512 0.986403264190248 0.14781006964115
1744315743.11952 -28.2009983062744 -61.023021697998 -1.43504357337952 -0.0486030107349581 -0.0350914689886482 0.985510279188777 0.158668918711183
1744315743.61696 -28.5964221954346 -60.9343910217285 -1.43730163574219 -0.0572502584646736 -0.0130022695353899 0.981781502595752 0.180716435482454
1744315744.11854 -28.9743690490723 -60.8188209533691 -1.41614067554474 -0.0564589006838211 -0.0193285053991368 0.986934953283622 0.149660279966544
1744315744.61914 -29.3862438201904 -60.6588592529297 -1.42650902271271 -0.05437412218534 -0.0052340769201891 0.974417728083252 0.218004932220447
1744315745.11733 -29.7666912078857 -60.5443153381348 -1.41987991333008 -0.0458112570096157 -0.0108231284810448 0.973672701066496 0.223037350726187
1744315745.51903 -30.0651416778564 -60.4629707336426 -1.40275979042053 -0.0436596938664113 -0.00182833241334364 0.987761526999356 0.149725262103556
1744315746.11855 -30.5877780914307 -60.4198875427246 -1.39877045154572 -0.0322749173330579 -0.0315851868278489 0.974165641018217 0.221273607878933
1744315746.61706 -30.9878940582275 -60.3682556152344 -1.42179560661316 -0.0540354123967426 -0.0463333378123071 0.983282399472885 0.167598087402958
1744315747.11943 -31.3706512451172 -60.2941246032715 -1.42192256450653 -0.0621135421709432 -0.0479294502901502 0.985804223092943 0.148440929012119
1744315747.71737 -31.8827724456787 -60.2199058532715 -1.41255104541779 -0.0652687760513993 -0.0384199251756616 0.97425602464624 0.212341928649888
1744315748.21739 -32.2924575805664 -60.1185874938965 -1.40759813785553 -0.063932671147759 0.00456284001042857 0.986358886513607 0.151617746476425
1744315748.91887 -32.8602867126465 -60.034008026123 -1.40328288078308 -0.0448964894029105 -0.0177962532428541 0.97011279634694 0.237799833838737
1744315749.5171 -33.3381156921387 -59.9230003356934 -1.38880276679993 -0.0419519396527842 -0.024377359763641 0.979468691715296 0.1956702865533
1744315750.21877 -33.901008605957 -59.7730979919434 -1.41667056083679 -0.0470121101191877 -0.0130907545091148 0.971085050711107 0.233692785369876
1744315750.91716 -34.4530029296875 -59.6666831970215 -1.40310657024384 -0.0524454970443365 -0.0306340451720574 0.974236161577298 0.217197897299448
1744315751.71792 -35.0907440185547 -59.5342864990234 -1.39339089393616 -0.0311482171628398 -0.0190309920057771 0.971273318717555 0.235150484282382
1744315752.21618 -35.4820556640625 -59.4191741943359 -1.40822458267212 -0.0468692089292444 -0.0320737033148963 0.969333438326754 0.239096717149459
1744315753.01846 -36.1157684326172 -59.219123840332 -1.39792084693909 -0.0266633395804192 -0.00805126772658304 0.974514133440992 0.222590312309783
1744315753.61754 -36.5959129333496 -59.100959777832 -1.39760601520538 -0.040852588975677 -0.0109554992300027 0.972938462981961 0.227160274389925
1744315754.21918 -37.0596313476562 -58.9707565307617 -1.41225731372833 -0.0460551326237193 0.0281230738095183 0.979020798735445 0.196484841964788
1744315754.81637 -37.5619277954102 -58.9054756164551 -1.38029539585114 -0.035623033068666 -0.000327681707132332 0.96873066968495 0.245543848938304
1744315755.31773 -37.9689407348633 -58.829948425293 -1.36215615272522 -0.0370650139430768 -0.0259994154702076 0.981469367003037 0.186193707657547
1744315756.01816 -38.575626373291 -58.7889022827148 -1.36661863327026 -0.0278132043946701 -0.0572093854153268 0.963488247476497 0.260084426401062
1744315756.51712 -38.9841575622559 -58.7230796813965 -1.35562455654144 -0.0410868293061094 -0.0312802885442093 0.973518707786408 0.222698768734908
1744315757.11854 -39.4624862670898 -58.6301193237305 -1.37287271022797 -0.0385660268776725 -0.00533702683206986 0.97717365675442 0.208844014184415
1744315757.91692 -40.1236457824707 -58.4224548339844 -1.34369540214539 -0.0272652010892069 -0.0173603172898197 0.956881860530529 0.288673402274605
1744315758.91813 -40.8668441772461 -58.0120239257812 -1.33203673362732 -0.0486001088467623 -0.0374740506455761 0.885612928979483 0.460351458097698
1744315759.62026 -41.2292022705078 -57.568920135498 -1.31309056282043 -0.0420682783329851 0.00288754272818951 0.870222060087894 0.490851798602667
1744315760.51641 -41.4304389953613 -56.8725929260254 -1.3307421207428 -0.0472783901170286 0.0347304723942359 0.613454434963264 0.787548223500706
1744315761.21893 -41.2117118835449 -56.3646621704102 -1.31221544742584 -0.0357925934534631 0.053665658560441 0.423285120078865 0.903697180733109
1744315762.11839 -40.6531028747559 -55.9396362304688 -1.30194711685181 -0.026728626912006 0.0687481817717771 0.0115765607992036 0.997208730029243
1744315763.21846 -39.7298126220703 -55.8346862792969 -1.2624249458313 -0.0285718072795933 0.0597732719463717 -0.176380224081 0.982090028634208
1744315764.31951 -38.8576240539551 -55.9778900146484 -1.26813197135925 0.000896914883178786 0.0419903275495505 -0.213850231135476 0.975963158412897
1744315765.31642 -38.0000877380371 -56.1622352600098 -1.25415766239166 -0.0236429445324488 0.0356736415374035 -0.263014409926412 0.963842218749707
1744315766.41735 -37.1021728515625 -56.4158668518066 -1.27074372768402 0.00630632872000106 -0.009087454600305 -0.325268705557704 0.945556935129651
1744315767.41716 -36.1308326721191 -56.5447731018066 -1.30148351192474 -0.0262344725308241 0.0600804517422565 -0.301383266084995 0.951246665536031
1744315768.51923 -35.128849029541 -56.5720138549805 -1.32841897010803 -0.0250246027611258 0.0694082768977982 -0.228536721394323 0.970735405416461
1744315769.61955 -34.1314506530762 -56.6135444641113 -1.31481897830963 -0.0257228541794743 0.0786775362841959 -0.253975792291712 0.963662013875668
1744315770.31667 -33.4802017211914 -56.5516777038574 -1.31533885002136 -0.0290716436344686 0.0795520612365544 -0.262228545021833 0.961281696104289
1744315771.51761 -32.406436920166 -56.4739456176758 -1.27684307098389 -0.0162936667830677 0.0652331794446275 -0.251810067943292 0.965438158767667
1744315772.31895 -31.7265033721924 -56.4059143066406 -1.27874171733856 0.0200025648914289 0.0547724355150321 -0.120564205105938 0.99099149852695
1744315773.21533 -30.9122428894043 -56.2277603149414 -1.21817433834076 -0.0212075035670283 0.0200840617670571 -0.130792912263542 0.990979357180064
1744315774.01921 -30.2296504974365 -56.0686111450195 -1.18922650814056 -0.029503249358968 7.2044827965391e-05 -0.174963300439874 0.984132814505233
1744315774.8193 -29.5200004577637 -55.9304695129395 -1.20046806335449 -0.00564419891652528 0.0317026234071301 -0.0643884278518658 0.997405242139052
1744315775.41774 -29.0003623962402 -55.6616668701172 -1.1885005235672 -0.0151422242246962 0.0286836818497683 -0.0982169910676371 0.994636306449091
1744315775.91546 -28.5766506195068 -55.4575538635254 -1.19292747974396 -0.0333636134917253 0.0257569923538791 -0.0212168475516841 0.998886025540264
1744315776.41913 -28.2059650421143 -55.260570526123 -1.20148050785065 -0.0059254739843312 0.0322107315156587 0.0409952190729539 0.998622425918048
1744315777.01747 -27.7238426208496 -54.9866180419922 -1.18196749687195 -0.0237262609462933 0.0232123835732849 0.0451379696286521 0.99842917299534
1744315777.71944 -27.1672706604004 -54.682071685791 -1.17612707614899 -0.0186467602914396 0.0297111931400382 0.143095460161303 0.989087070289595
1744315778.11886 -26.8501224517822 -54.4664649963379 -1.1372857093811 -0.0199273373899152 0.0267936630040975 0.10430709161091 0.993984422155119
1744315778.51674 -26.5142021179199 -54.297679901123 -1.15433037281036 -0.0363244743359566 0.034978037312034 0.129272977998079 0.990325990080803
1744315779.01853 -26.142915725708 -54.0965156555176 -1.14568567276001 -0.0110059483450278 0.0512895249003982 0.188684840121934 0.980635653463955
1744315779.51715 -25.7770385742188 -53.8315124511719 -1.08988845348358 0.0175728752784492 0.0125179337954818 0.17363427677488 0.98457383334964
1744315780.01681 -25.4102306365967 -53.5684623718262 -1.10268867015839 0.00844084603572075 0.0334567141018565 0.276285749864953 0.960455925496464
1744315780.61978 -25.0716438293457 -53.1825828552246 -1.09132897853851 -0.0180320265949158 -0.0335939578653853 0.303642949366333 0.952022715754164
1744315781.21718 -24.6678352355957 -52.8440284729004 -1.09408688545227 -0.0237127653375345 -0.0120878614326017 0.373981689750211 0.927054089089526
1744315781.7184 -24.3384342193604 -52.558952331543 -1.10316288471222 -0.0351506049123423 0.0132368566553331 0.400092963892579 0.915704559802906
1744315782.31695 -23.9817752838135 -52.179759979248 -1.08952736854553 -0.0381737778274569 0.0140522953580591 0.382845423227664 0.922916397944679
1744315782.81919 -23.660062789917 -51.9189033508301 -1.0803530216217 -0.0466032828383585 0.0291136787724649 0.426394536820748 0.902866671611286
1744315783.21916 -23.4756126403809 -51.612434387207 -1.11625874042511 -0.0401845345693854 0.0111200914072109 0.425003132990843 0.904231100823515
1744315783.71857 -23.2309513092041 -51.2072296142578 -1.10302484035492 -0.0602844115178724 0.0195531219484198 0.405852941227798 0.91173836995421
1744315784.2196 -23.0251770019531 -50.8241882324219 -1.06943464279175 -0.0339662951056568 0.0174023700841653 0.495489599917803 0.867775031148941
1744315784.61813 -22.900634765625 -50.4264259338379 -1.0366199016571 -0.021747672706709 0.0183588399778355 0.484103133476339 0.874547967743851
1744315785.21639 -22.6726512908936 -49.9403762817383 -0.98607736825943 -0.0211894212661638 0.0172006991845545 0.501543869238943 0.864701619983909
1744315785.5185 -22.5660972595215 -49.7171592712402 -0.955282986164093 -0.041966988857538 0.0171754129695744 0.505519953946275 0.861622512007266
1744315785.91912 -22.4216461181641 -49.3827323913574 -0.947143495082855 -0.0233223343212442 0.0169342175839123 0.497044630810383 0.867246179570253
1744315786.31859 -22.2924518585205 -49.0864715576172 -0.914506494998932 -0.0475873314680485 0.0288697217317887 0.475420909690257 0.877995981585433
1744315786.7179 -22.1398735046387 -48.8347282409668 -0.865117609500885 -0.0191939285207736 0.024767244107713 0.553758999169023 0.832087223532828
1744315787.01994 -22.0656242370605 -48.6476554870605 -0.874138295650482 -0.02014965015399 0.0308722232055602 0.576049642206796 0.816582945662252
1744315787.41857 -22.0037097930908 -48.3805847167969 -0.837231636047363 0.00617802235661275 0.0408456898312955 0.603457839271284 0.796324116100975
1744315787.91723 -21.9906749725342 -48.121768951416 -0.807661414146423 -0.0469388023433079 0.0351263285686396 0.643424980422987 0.76326088884702
1744315789.01667 -21.9153842926025 -47.9006042480469 -0.8868208527565 -0.0403872086629745 0.0600712715756394 0.482526588675585 0.872885105227946
1744315789.41497 -21.7082614898682 -47.8905754089355 -0.916644275188446 -0.024705823864793 0.0445331102038097 0.351255746025494 0.934893483369528
1744315790.11809 -21.4342994689941 -47.8528938293457 -1.00839817523956 0.017186737656152 0.01814897098643 0.387540374628718 0.921513802899069
1744315791.01904 -21.429126739502 -48.0195083618164 -1.01269817352295 -0.00186059947386087 0.0166377890625442 0.523463130240453 0.851883837987067
1744315792.7194 -21.5141448974609 -48.2543144226074 -0.931342959403992 -0.0414901174141086 0.0150546346737596 0.593587380086876 0.80355830549712
1744315793.51932 -21.6822681427002 -48.4067230224609 -1.03051972389221 -0.0542480432301914 0.0222361010260122 0.607482203196277 0.792166698628927
1744315794.7187 -21.8866291046143 -48.5555801391602 -1.00869917869568 -0.0304556421356334 0.0189184347366802 0.654961941253864 0.754810838686217
1744315796.11904 -22.0150852203369 -48.3422088623047 -1.02584207057953 -0.0215449442416694 0.0275710231822883 0.626772744332202 0.778416071918216
1744315797.11926 -21.9250831604004 -48.0949974060059 -0.985737025737762 -0.0343781568451447 0.0176594166109772 0.575727523394943 0.816727681753481
1744315798.01885 -21.7760581970215 -47.8735046386719 -0.995193123817444 -0.0344910413256155 0.0130575257333927 0.516606781969121 0.855428139538036
1744315799.21794 -21.3386764526367 -47.8145866394043 -0.991444110870361 -0.00707845870593569 -0.00269997800224567 0.405353904445986 0.914128447042061
1744315801.81949 -21.2283592224121 -47.5755043029785 -1.00645267963409 -0.0083270411263653 0.0412198543343331 0.515183332476215 0.856047731106997
1744315806.01962 -21.1080894470215 -47.3001441955566 -0.998366475105286 -0.0256436495774516 0.0200541345897535 0.457369855547694 0.888680510734025
1744315806.51863 -21.0725402832031 -47.0774536132812 -0.988015174865723 -0.0640246928261992 0.0260626652977793 0.439317185298561 0.895668458129143
1744315808.31818 -20.9702606201172 -46.8235969543457 -1.0041835308075 -0.0687378625999265 0.0278438625503013 0.495281083549134 0.865561363417909
1744315809.11875 -20.8793849945068 -46.5783958435059 -1.02539956569672 -0.0754118550958949 0.0563842235177978 0.568994414759197 0.816932816957508
1744315809.51845 -20.8436183929443 -46.3449821472168 -1.08177220821381 -0.0493428095027384 0.036738762879642 0.522538919817403 0.85039321947468
1744315810.2182 -20.726203918457 -45.9794845581055 -1.11671304702759 -0.0481042989013834 0.042850415858571 0.532948355381381 0.843691809124774
1744315810.71975 -20.5742855072021 -45.7362442016602 -1.102010846138 -0.0470467739439153 0.0649665037468305 0.572734049799527 0.815807368594214
1744315811.11925 -20.4753875732422 -45.4660453796387 -1.08523166179657 -0.0636392429754782 0.0427992199221038 0.480262213552824 0.87376568927883
1744315811.61661 -20.2250938415527 -45.1707496643066 -1.0999219417572 -0.0661047827108449 0.0593913414431309 0.301641316093282 0.949270953252995
1744315811.91634 -20.0246982574463 -45.0539283752441 -1.0758945941925 -0.0333548022936811 0.075881887090178 0.260876825429077 0.961806986005836
1744315812.41996 -19.6590309143066 -44.9003868103027 -1.1065274477005 -0.0295928557166905 0.0997665111451911 0.0988236420206801 0.989648823533993
1744315812.91757 -19.2439765930176 -44.7817192077637 -1.06317543983459 -0.0214316585582011 0.0832695305401741 -0.0785005765395214 0.993199138530651
1744315813.21755 -18.956563949585 -44.7730484008789 -1.08568143844604 -0.0391235820859904 0.0916657521622914 -0.136187604334671 0.985656974627008
1744315813.51783 -18.6948490142822 -44.7970924377441 -1.06282997131348 -0.0107913147978394 0.100239178342361 -0.097393427520971 0.990126342910792
1744315814.0199 -18.2378997802734 -44.808292388916 -1.08387053012848 -0.00788658607354251 0.100531554130355 -0.188451936556054 0.976891537476148
1744315814.51721 -17.8179588317871 -44.8443222045898 -1.07497918605804 -0.0161431145472306 0.0888090798323336 -0.224769409244416 0.970222170360977
1744315814.81727 -17.5746459960938 -44.9056091308594 -1.03691017627716 0.00723644964387816 0.0797793183675929 -0.164634169445798 0.98309637595113
1744315815.21901 -17.2513008117676 -44.9431457519531 -1.0593147277832 -0.0197602909955554 0.0710166281708486 -0.177187895547631 0.981412563142747
1744315815.51859 -16.9912490844727 -44.9622116088867 -1.03126859664917 -0.0119301606390101 0.0491260214303596 -0.219112902291234 0.974388957929565
1744315815.91811 -16.6392440795898 -44.9763946533203 -1.05662512779236 -0.0110853869381042 0.0628169297156765 -0.195693879109874 0.97858829607576
1744315816.32014 -16.2980403900146 -45.0666847229004 -1.03407859802246 0.0124203806285779 0.0729396291597099 -0.171847452252024 0.982341080174078
1744315816.71861 -15.9387283325195 -45.1038398742676 -1.06246256828308 0.0201005580230958 0.0773901077462239 -0.211756758750381 0.974046104614007
1744315817.11714 -15.5850915908813 -45.1226654052734 -1.06815910339355 0.000236243993783542 0.0908631299003893 -0.239703205332044 0.966584817368359
1744315817.51745 -15.261643409729 -45.1828918457031 -1.01478600502014 -0.00238758090748426 0.0635017127444962 -0.179271245556618 0.981745207501674
1744315817.91925 -14.9484691619873 -45.2228088378906 -1.04587757587433 -0.0196071876587836 0.0698232629746255 -0.190558385360241 0.978993244056662
1744315818.31887 -14.5996417999268 -45.2596435546875 -1.04217052459717 -0.0393668959428197 0.0563351214205644 -0.266858320757353 0.961282080474261
1744315818.71708 -14.29665184021 -45.2861862182617 -1.0755295753479 -0.042391934420566 0.075796168803507 -0.231025476821032 0.969064029747471
1744315819.11932 -13.9924488067627 -45.3363990783691 -1.08586025238037 -0.0247322832434019 0.0978305479690477 -0.164845022213174 0.981144034635681
1744315819.61928 -13.5761137008667 -45.3368072509766 -1.07286989688873 -0.0251494595685706 0.078668266644108 -0.186420497393992 0.978992444637852
1744315820.01729 -13.2766265869141 -45.3175621032715 -1.06981897354126 -0.0320209860089065 0.0756416115191218 -0.152860252988615 0.9848282825539
1744315820.41873 -12.9666223526001 -45.3075370788574 -1.0185261964798 -0.00165489663990342 0.0620124946444852 -0.0417064916763903 0.997202226420061
1744315820.81995 -12.6572666168213 -45.2274284362793 -1.05657291412354 0.00945541510969979 0.0721051612153985 0.0128059725188518 0.997269997502708
1744315821.1182 -12.4107809066772 -45.1411972045898 -1.01955449581146 -0.0162136739054774 0.0646826537331662 -0.0233759029041303 0.997500294861078
1744315821.51563 -12.1174459457397 -45.0569686889648 -1.02346956729889 -0.0260004010085489 0.0571469730026796 0.0486571657915767 0.99684034972565
1744315821.91858 -11.8495664596558 -44.9741401672363 -1.00445508956909 -0.0195984564333811 0.0630174582354434 0.175905873153644 0.982192356034717
1744315822.31976 -11.6018562316895 -44.8168792724609 -0.998585164546967 -0.00634657685984903 0.0417461344025226 0.203942777011919 0.978071738130325
1744315822.71715 -11.4022798538208 -44.5922317504883 -1.00396311283112 -0.042345363157752 0.0485409954259265 0.246628219883007 0.966966991752788
1744315823.11765 -11.2107696533203 -44.3924713134766 -0.971036076545715 -0.029357042200835 0.0435592884756724 0.361217630066486 0.931000846503301
1744315823.51917 -11.0852384567261 -44.165657043457 -0.994779527187347 -0.0398570374040036 0.0616603299333145 0.426165833932747 0.901660746772475
1744315823.91888 -10.9756536483765 -43.8868370056152 -0.964160323143005 -0.0235988160772854 0.0446764580706715 0.409736082083483 0.910803740117973
1744315824.31699 -10.879376411438 -43.604923248291 -1.00642585754395 -0.051594881980242 0.051445826982977 0.461863511958369 0.883953274421767
1744315824.71892 -10.7680368423462 -43.3523178100586 -0.969202041625977 -0.0463483244963533 0.0496680314190098 0.530818510800782 0.844758325240172
1744315825.11912 -10.7058687210083 -43.0522689819336 -0.998194515705109 -0.066558148448831 0.0568491192497131 0.529795785310737 0.843596240142507
1744315825.51812 -10.6509838104248 -42.724910736084 -0.961071074008942 -0.08010112086244 0.0334266209614835 0.482150351639115 0.871778360514848
1744315825.91757 -10.5703973770142 -42.4233055114746 -0.952472388744354 -0.0775471309271329 0.0200484119867297 0.51961121430961 0.850640164596919
1744315826.32077 -10.4868192672729 -42.1386604309082 -0.955626547336578 -0.0866732410761747 0.0279597159777579 0.529038111239107 0.843697031179056
1744315826.71878 -10.4398183822632 -41.8006057739258 -0.940795660018921 -0.0650417278323516 0.0274444604325687 0.523722760207604 0.848958683136392
1744315827.11733 -10.3628520965576 -41.4941596984863 -0.923039078712463 -0.0703577502429504 0.0243136525731943 0.490540693459475 0.868232953382673
1744315827.5179 -10.2711324691772 -41.1867866516113 -0.897015273571014 -0.0487622217777887 0.0477652054008817 0.562932201118154 0.823679590511126
1744315827.91941 -10.1939249038696 -40.8657608032227 -0.931283414363861 -0.0424869725462879 0.0571037078333913 0.541707202287803 0.837548404992243
1744315828.31811 -10.133526802063 -40.5282783508301 -0.889040112495422 -0.0468476620105431 0.0319204652771524 0.492008802947188 0.868742607613504
1744315828.71789 -10.0206527709961 -40.2131156921387 -0.875099658966064 -0.0344994782278875 0.0219727960258966 0.502433129472738 0.863648037481148
1744315829.1196 -9.92726421356201 -39.9075393676758 -0.892272233963013 -0.0369249658885812 0.0434793935519464 0.538976924169327 0.840386794543711
1744315829.51899 -9.86622428894043 -39.5481910705566 -0.863756895065308 -0.0384479595754467 0.0235677819199182 0.503073468833924 0.863066277301612
1744315829.91764 -9.77651596069336 -39.2316436767578 -0.894195318222046 -0.0769494439742156 0.0211347300315577 0.469769942655764 0.879174787647913
1744315830.31906 -9.66782760620117 -38.9340629577637 -0.86174875497818 -0.0643504285748653 0.0281114301647112 0.507315801087393 0.858894317016583
1744315830.71968 -9.62095546722412 -38.6138572692871 -0.896561682224274 -0.0696467350662188 0.0464438718291722 0.520267072419447 0.849890859122646
1744315831.11859 -9.58178615570068 -38.2765769958496 -0.861691176891327 -0.0801873463766727 0.0268316146061228 0.459634048684674 0.884073862993602
1744315831.51694 -9.517897605896 -37.9689331054688 -0.839559137821198 -0.0699645249513784 0.0214549215677441 0.50207964997665 0.861719604435326
1744315831.91832 -9.45536136627197 -37.6688117980957 -0.833709478378296 -0.0749613905749874 0.0346248805339317 0.538511580112946 0.838562571103274
1744315832.31982 -9.38715362548828 -37.3395004272461 -0.816583037376404 -0.0305641070819327 0.0235149632796622 0.530282451913978 0.846943565447155
1744315832.71633 -9.30767154693604 -37.0142555236816 -0.8220534324646 -0.0346334940701329 0.0307670201918536 0.546786922141019 0.835989218430811
1744315833.11769 -9.20440864562988 -36.7249794006348 -0.768798470497131 -0.00194753029344866 0.0122545915327104 0.638036850025815 0.769905844971487
1744315833.5198 -9.15286350250244 -36.437801361084 -0.787353694438934 -0.0141606993116969 0.000385616207382312 0.630400983702893 0.776140403304434
1744315833.91739 -9.08359050750732 -36.1283149719238 -0.746782422065735 -0.000944483662807821 -0.0127567923521552 0.573134137687757 0.819361722572153
1744315834.31711 -8.98482418060303 -35.8585052490234 -0.771478950977325 -0.0103096751523601 0.0110304770234846 0.571284838759373 0.820612985626333
1744315834.71945 -8.88306140899658 -35.5770797729492 -0.760577857494354 -0.0210706002525073 0.0362488672752735 0.589957834839504 0.806344716940431
1744315835.12 -8.79947853088379 -35.2569732666016 -0.755196630954742 -0.0138950570841822 0.0180465218829989 0.551291592139257 0.83400169716441
1744315835.5169 -8.71917915344238 -34.9328536987305 -0.751733601093292 -0.0402656761399868 0.0175535477083596 0.52427768263716 0.85041369919378
1744315835.91724 -8.59747314453125 -34.6337089538574 -0.739073216915131 -0.0449649417120366 0.037150309699147 0.574477085469318 0.816439885586666
1744315836.319 -8.50392055511475 -34.3171005249023 -0.77094691991806 -0.0790066429981751 0.0629874947324401 0.552461285127286 0.827391717570944
1744315836.71882 -8.41770553588867 -33.9987144470215 -0.736731767654419 -0.0670327803714591 0.0455618653652325 0.460113966303363 0.884152623019747
1744315837.11688 -8.33611679077148 -33.725456237793 -0.74162095785141 -0.0584562000578878 0.0467439359824844 0.488645066647143 0.869266285993576
1744315837.52003 -8.24297714233398 -33.4388465881348 -0.70129269361496 -0.0720176339551414 0.0229423886745757 0.544027285830235 0.835656280700143
1744315837.91959 -8.14294147491455 -33.1971588134766 -0.678287744522095 -0.0284594326710023 -0.010050316803018 0.519204422108789 0.854116982553843
1744315838.31549 -8.03361701965332 -32.9286689758301 -0.681384146213531 -0.0236828732809626 0.00662782929474269 0.49713178188527 0.867326458048856
1744315838.71631 -7.92234992980957 -32.6490287780762 -0.654122948646545 -0.0174013979518635 -0.0147064600690982 0.610747103856361 0.791497875242015
1744315839.11787 -7.88397598266602 -32.3662261962891 -0.651799917221069 -0.0531403561064851 -0.0445905224135887 0.722903029649451 0.687458360620776
1744315839.51881 -7.9028148651123 -32.0287780761719 -0.593496799468994 -0.0325456373919164 -0.0160771924632682 0.831077266364088 0.554971064743062
1744315839.91952 -8.02237224578857 -31.7328262329102 -0.596031904220581 -0.0159549360178295 0.00415138270461351 0.902820317247476 0.429701851058934
1744315840.31887 -8.23391056060791 -31.4910354614258 -0.54081130027771 -0.00323798713102204 -0.0136056026601081 0.962773946708795 0.269945791881196
1744315840.61939 -8.4444637298584 -31.3663425445557 -0.587787866592407 -0.00538794638518311 -0.00195893506069274 0.980116696512421 0.198339087990133
1744315841.01905 -8.73207664489746 -31.2254810333252 -0.573595285415649 -0.00972092590828295 0.00269698589003931 0.978831017296387 0.204421303794675
1744315841.41704 -9.07376384735107 -31.103931427002 -0.610685169696808 -0.0146118830333033 -0.00849968434278849 0.989043200095465 0.146655366711266
1744315841.8191 -9.43567657470703 -31.036470413208 -0.578966379165649 -0.0268805841069571 -0.0141656574313347 0.995185590890152 0.0931794399651859
1744315842.22005 -9.77349472045898 -31.0199890136719 -0.588727056980133 -0.0227788272879216 -0.0267396106316315 0.994546116914641 0.098204580242803
1744315842.61851 -10.0982618331909 -30.9357967376709 -0.621075868606567 -0.0322862319127074 -0.0257301976430445 0.992377135984268 0.116117079423272
1744315842.81725 -10.291296005249 -30.8680248260498 -0.633054494857788 -0.0303615954245117 -0.0150869363856757 0.99543243601907 0.0892458581386972
1744315843.21919 -10.6537427902222 -30.7852096557617 -0.63861471414566 -0.0631333957478655 -0.0118741178547765 0.995376958275536 0.0713995140085482
1744315843.61948 -10.9969081878662 -30.7481441497803 -0.594698548316956 -0.0566151412379281 -0.047871308584092 0.991289441769723 0.108849925277541
1744315844.01834 -11.3394651412964 -30.6654586791992 -0.646717965602875 -0.0627422713683992 -0.0611195224077208 0.989637778664687 0.113775561540303
1744315844.21847 -11.5337200164795 -30.6003150939941 -0.629340946674347 -0.0698864714408056 -0.0485703115313511 0.990435643151063 0.1086003808614
1744315844.61949 -11.8919515609741 -30.5259323120117 -0.619855165481567 -0.06933764563299 -0.0288782798954854 0.993347642554731 0.0872857197903018
1744315845.0198 -12.218282699585 -30.4937381744385 -0.591858685016632 -0.0554592704406682 -0.0395350172174517 0.99009463886767 0.122775640178753
1744315845.41684 -12.5548601150513 -30.3753223419189 -0.614721715450287 -0.057857824001902 -0.054780137475937 0.99081680685512 0.109241310836637
1744315845.81853 -12.9137401580811 -30.2601299285889 -0.596957921981812 -0.0728369112140975 -0.0343102375434387 0.995238546024508 0.0549347655999919
1744315846.21941 -13.2578363418579 -30.1735210418701 -0.587050914764404 -0.0699726554906726 -0.0190575196726189 0.994169051550301 0.0798031037434395
1744315846.61835 -13.5780572891235 -30.0334625244141 -0.59634256362915 -0.0592691751889769 -0.0202029937363448 0.991595003865908 0.113218162079573
1744315847.01835 -13.9406709671021 -29.9320087432861 -0.584673702716827 -0.0554249255135788 -0.0287848198214858 0.994894571672288 0.0792735960876812
1744315847.42055 -14.2937545776367 -29.8643989562988 -0.576763927936554 -0.0453531705671757 -0.023051413555659 0.997581364219185 0.0473618413406891
1744315847.81782 -14.6154556274414 -29.7514381408691 -0.564158618450165 -0.0467957029281638 -0.0184830221193482 0.995941791979406 0.0746222960625248
1744315848.2162 -14.9628810882568 -29.6234149932861 -0.550942718982697 -0.0320469204387874 0.000859797800646638 0.999086687836751 0.0282497048749538
1744315848.61827 -15.3292217254639 -29.5508880615234 -0.563633382320404 -0.0357718529890466 -0.000605953504251121 0.998628699844425 0.0382194610259449
1744315849.01865 -15.6567659378052 -29.4900341033936 -0.513902842998505 -0.0236037634851462 -0.0130239422433112 0.996672473965961 0.0769234614168597
1744315849.41797 -16.0315551757812 -29.4074878692627 -0.537820518016815 -0.0193705186235057 -0.0341881461425841 0.997768232268 0.0539861866441698
1744315849.91991 -16.4988536834717 -29.2989959716797 -0.544997453689575 -0.0367948606502409 -0.00794395553665034 0.998748230387007 0.0329394004041113
1744315850.31895 -16.8376083374023 -29.1909084320068 -0.540258169174194 -0.051390614181199 0.00121047199594556 0.995890771844557 0.0745594399555028
1744315850.71772 -17.1883335113525 -29.0446662902832 -0.548947632312775 -0.0302399230138939 0.00161198041918286 0.99845728256251 0.0465403424260059
1744315851.11936 -17.5189590454102 -28.9370784759521 -0.543497622013092 -0.0300230984051671 -0.00675981064059211 0.998008141097466 0.0550696724653158
1744315851.51967 -17.8244781494141 -28.8220329284668 -0.514165818691254 -0.022192049251328 0.00399039389694613 0.994892615084583 0.0983883842571526
1744315851.91826 -18.1702842712402 -28.6868324279785 -0.530702471733093 -0.0146573870381011 0.00949533395068732 0.994947827627396 0.0988626316557799
1744315852.31883 -18.5361709594727 -28.6031379699707 -0.524407744407654 -0.0278518433049785 0.00160866807525921 0.996472403622763 0.0791481890494769
1744315852.71924 -18.876184463501 -28.5811405181885 -0.5061976313591 -0.0194984282502799 -0.0049390497073132 0.995817828120683 0.0891194158461762
1744315853.11923 -19.2133274078369 -28.5036201477051 -0.537399470806122 -0.0313817169064559 -0.00714154700712024 0.993982493168056 0.104704295163871
1744315853.5191 -19.5640106201172 -28.4104652404785 -0.529436409473419 -0.0357389566256638 -0.00405185866293579 0.997518204221037 0.0605288498843565
1744315853.91949 -19.9081192016602 -28.3542060852051 -0.542904734611511 -0.0383977983806777 -0.0100894865027653 0.997246269420129 0.0626393603835747
1744315854.31879 -20.2431678771973 -28.271053314209 -0.519814312458038 -0.0456929331960462 -0.0209838122497682 0.993603307548204 0.101115294138308
1744315854.71809 -20.6180515289307 -28.1585445404053 -0.519866228103638 -0.0350426975597464 -0.00634563065408837 0.996953141502337 0.0693986741080747
1744315855.11959 -20.9873065948486 -28.0892162322998 -0.513744831085205 -0.0211882029911797 -0.00647162880887879 0.997993263209611 0.0593179961124478
1744315855.51923 -21.3114223480225 -28.0089054107666 -0.481900900602341 -0.0170662841319175 -0.0115553226212223 0.991311225946179 0.129912546654015
1744315855.91671 -21.6898632049561 -27.9016246795654 -0.494053423404694 -0.00744549838555623 -0.0146837127256082 0.993567215826486 0.11204079957403
1744315856.31873 -22.0813217163086 -27.8359050750732 -0.496573090553284 -0.0177151055279625 -0.0117829085328179 0.996904289204122 0.0756913222837647
1744315856.71926 -22.4518203735352 -27.8028602600098 -0.48773130774498 -0.0350712963998005 -0.0274129818236471 0.99318886642329 0.107677333776401
1744315857.1176 -22.8217391967773 -27.7188873291016 -0.520730972290039 -0.0345700945347706 -0.0445100707903257 0.993405897692396 0.0998422986116689
1744315857.31789 -23.0199546813965 -27.665355682373 -0.50068610906601 -0.0451381581892792 -0.0325680037355064 0.996715942236995 0.0588149836230725
1744315857.51958 -23.218843460083 -27.624195098877 -0.521174669265747 -0.059742137958729 -0.0315932012529487 0.995889646719414 0.0603038816643732
1744315857.92002 -23.5680847167969 -27.5455341339111 -0.476845443248749 -0.0484824282461649 -0.0276540778531827 0.992398567399169 0.109680397307464
1744315858.3173 -23.9047546386719 -27.4266529083252 -0.496383666992188 -0.032681778185775 -0.0181108492789897 0.992244048368786 0.118556513906795
1744315858.71844 -24.2770767211914 -27.3388195037842 -0.476191580295563 -0.0309055171309963 -0.0195032681322411 0.995894988907551 0.0828108846218644
1744315859.11985 -24.6275463104248 -27.3042602539062 -0.459950923919678 -0.01876267506248 -0.0275378136757601 0.995311633451794 0.0907985856606894
1744315859.51871 -24.9671287536621 -27.2280654907227 -0.4620580971241 -0.0221548250598803 -0.0112002010709679 0.997759888665029 0.0621202365874827
1744315859.91883 -25.3454265594482 -27.1809673309326 -0.463777214288712 0.0161351333344732 0.0144338211701452 -0.999035963080539 0.0381898775914222
1744315860.31965 -25.7006378173828 -27.2545890808105 -0.473481953144073 0.0211703185335809 0.0530357662201694 -0.991922432877548 0.113264788301183
1744315860.71837 -26.0394287109375 -27.3525047302246 -0.438264280557632 0.013561512837253 0.0627661492215189 -0.981211377253309 0.181936057531572
1744315860.91749 -26.233757019043 -27.4290237426758 -0.455430507659912 0.0248215657556122 0.0540231048425915 -0.956461028190412 0.285740608891258
1744315861.11808 -26.4062976837158 -27.5358066558838 -0.459958493709564 0.0325704084241925 0.0550698699341914 -0.919236165147294 0.388473101521596
1744315861.51982 -26.6350650787354 -27.8329467773438 -0.479909539222717 0.0299898726026923 0.0497012654305823 -0.837538493573612 0.54328598687829
1744315861.9184 -26.819953918457 -28.1143932342529 -0.470719844102859 0.0358174781814207 0.0552729736513942 -0.818731763297494 0.570386102923477
1744315862.31581 -27.0101757049561 -28.4216575622559 -0.500307440757751 0.0127601982111726 0.0430915316787819 -0.791636898663222 0.609336785295344
1744315862.7171 -27.1163845062256 -28.7446899414062 -0.49307855963707 0.0152355044756873 0.0405076341672797 -0.727677300348349 0.684552961819083
1744315863.11949 -27.2091121673584 -29.0807151794434 -0.515994429588318 0.0313500031745701 0.0579306017963857 -0.755094328724047 0.652298840567146
1744315863.51779 -27.3162136077881 -29.3771743774414 -0.546270251274109 0.0378295770144071 0.050437238306102 -0.773352519129487 0.630833487737486
1744315863.9185 -27.4265747070312 -29.7104873657227 -0.542116820812225 0.0355829137126764 0.0299273293728135 -0.732948789622605 0.678693069803343
1744315864.3193 -27.4523429870605 -30.0415592193604 -0.578803479671478 0.0327146310577576 0.0415982629791307 -0.725489205742937 0.686195853807319
1744315864.71999 -27.4860286712646 -30.3217868804932 -0.571629047393799 0.0136145370513006 0.00508905277661839 -0.76899807934586 0.639085831391288
1744315865.11814 -27.5387325286865 -30.6277294158936 -0.590160429477692 0.00183996996911181 0.000933376315449857 -0.723645838138369 0.690168417318689
1744315865.51875 -27.6312694549561 -30.9717121124268 -0.608713567256927 0.01944319427377 -0.00261846928082282 -0.737677646957178 0.674867983382512
1744315865.91933 -27.7048511505127 -31.3316612243652 -0.612337708473206 0.025806585781268 0.0130647457277031 -0.778750999347683 0.626665950538538
1744315866.31817 -27.8154850006104 -31.6379833221436 -0.641180098056793 0.0210387541691723 0.0125879705653168 -0.80223772818301 0.596501082396183
1744315866.71927 -27.9540824890137 -31.9757652282715 -0.627433478832245 0.0205275461770492 -0.00919531516006468 -0.800347335869286 0.599114519932536
1744315867.11998 -28.0085391998291 -32.3273048400879 -0.683846056461334 0.0334298983017552 0.0176981160739449 -0.796223759336689 0.603818634736225
1744315867.51777 -28.0990982055664 -32.6409301757812 -0.683089911937714 0.0454504495049768 0.0282331199525195 -0.814096525896573 0.57825945223634
1744315867.91722 -28.2279815673828 -32.9835243225098 -0.685373961925507 0.0417355232092422 0.0103951956511471 -0.787081157136831 0.615348143809643
1744315868.3188 -28.2838935852051 -33.3227500915527 -0.687138259410858 0.0294436922141231 0.0162242967388827 -0.787290424753156 0.615665191704163
1744315868.71922 -28.3384246826172 -33.6553955078125 -0.684273719787598 0.0299789858477198 0.0338750744483727 -0.813931008706736 0.579197766573987
1744315869.11855 -28.4456977844238 -34.0118522644043 -0.740970313549042 0.0406974499428408 0.0309958189644129 -0.799819764531792 0.59805628584539
1744315869.51956 -28.4953289031982 -34.3737182617188 -0.731492042541504 0.0244348154600864 0.0516828876483017 -0.790671113708304 0.609566246494206
1744315869.92079 -28.5430870056152 -34.7254600524902 -0.691225171089172 0.0108248328601511 0.0411624053168437 -0.826128268507583 0.561872372834565
1744315870.31534 -28.6118869781494 -35.0610504150391 -0.720774710178375 0.012527006677231 0.0223020342506641 -0.815978354692319 0.577516249161533
1744315870.71781 -28.6972846984863 -35.4161758422852 -0.709295272827148 -0.0055507738244622 0.0135746112187193 -0.805680598832787 0.59216863434722
1744315871.11905 -28.7369022369385 -35.7912673950195 -0.758728563785553 -0.00655861216134218 0.0306988403355935 -0.813275811515987 0.581030997634016
1744315871.51872 -28.8656558990479 -36.1389350891113 -0.782802820205688 0.0363339020221031 0.0238758417897455 -0.834550173251983 0.549213801781933
1744315871.91832 -29.033483505249 -36.4699058532715 -0.784576117992401 0.0430833905753916 0.0125624826629708 -0.811643417832976 0.582426791772387
1744315872.31947 -29.144702911377 -36.7839851379395 -0.793151676654816 0.041403593652782 0.0193144801005564 -0.818338600296285 0.572917645526998
1744315872.71895 -29.2390594482422 -37.0979118347168 -0.782504618167877 0.0292326425625166 0.0403660203719344 -0.837398920484293 0.544315244118595
1744315873.11802 -29.3756980895996 -37.4242553710938 -0.80325186252594 0.0291212037437415 0.0210819959800147 -0.806573505865002 0.590039561872467
1744315873.51955 -29.4793720245361 -37.7344017028809 -0.815621614456177 0.0375696088630357 0.0193386800421642 -0.784587296597473 0.618576845640034
1744315873.91984 -29.543909072876 -38.0633354187012 -0.821005344390869 0.0389233217381733 0.0259917100326618 -0.803516844350369 0.593439202344831
1744315874.31747 -29.6108913421631 -38.3854103088379 -0.841725766658783 0.0371346258658769 0.0279768536180329 -0.795667005506127 0.603947292048197
1744315874.7193 -29.6872863769531 -38.7516326904297 -0.844263851642609 0.0479533624847907 0.0271356484919139 -0.772640940018611 0.632447712790933
1744315875.11938 -29.6953868865967 -39.1254425048828 -0.875036120414734 0.0534949297857999 0.0491704512933602 -0.758859059796132 0.647188911039235
1744315875.51879 -29.7405471801758 -39.4395408630371 -0.861944377422333 0.0539163134841383 0.0542015716676685 -0.781599899955106 0.619077391897979
1744315875.91812 -29.7825870513916 -39.7749137878418 -0.85720282793045 0.0424325166700492 0.0340887610710833 -0.741703173219779 0.66851614844624
1744315876.31923 -29.7257347106934 -40.1423835754395 -0.877886056900024 0.0349791500812006 0.0486610348266686 -0.682858395412673 0.728088576042519
1744315876.71911 -29.6144714355469 -40.4880790710449 -0.866931080818176 0.0310056398463658 0.0494944867819905 -0.64637123451518 0.76078457743781
1744315877.11789 -29.4384098052979 -40.8422584533691 -0.888905346393585 0.032202560851076 0.0469600576303097 -0.530320730798136 0.845882775890207
1744315877.51974 -29.1766166687012 -41.1277732849121 -0.894783914089203 0.0218036309590184 0.0663583199093339 -0.404709779264339 0.911773639465204
1744315877.91939 -28.8901615142822 -41.3498229980469 -0.891164124011993 0.013814171832094 0.0578865471668867 -0.352433270002726 0.933942774750613
1744315878.31788 -28.5952854156494 -41.5724792480469 -0.918715000152588 0.0174098410319084 0.0631852647370844 -0.283152579676749 0.956832867525855
1744315878.71836 -28.2988700866699 -41.7710037231445 -0.898887276649475 0.0147597017964968 0.0501973661103113 -0.190521667098397 0.980287646563249
1744315879.12011 -27.9835071563721 -41.8741989135742 -0.914013028144836 0.00823096798414077 0.0626069331830212 -0.158765551940184 0.985294941933931
1744315879.51693 -27.7062301635742 -41.9781723022461 -0.892913997173309 0.0152889981550421 0.0459507040151907 -0.165790597410096 0.984971196099829
1744315879.91634 -27.365385055542 -42.0844688415527 -0.9002485871315 0.00297038328251391 0.0378269572814106 -0.0977815307370161 0.99448432384463
1744315880.31903 -27.0090599060059 -42.1765403747559 -0.901934027671814 0.0164763638674728 0.0449514197094242 -0.0375466213264541 0.998147359124284
1744315880.62031 -26.7568702697754 -42.2092094421387 -0.894659399986267 0.013588823072506 0.0523857890850207 -0.0774156051324234 0.995528953406893
1744315881.0173 -26.4286861419678 -42.2803039550781 -0.921896398067474 0.00197318081478847 0.0529118011110416 -0.0828191681710342 0.995156989245474
1744315881.41848 -26.0735893249512 -42.3537750244141 -0.913214862346649 -0.0017373486557158 0.055644783011214 -0.043444012427617 0.997503512538914
1744315881.81986 -25.7397384643555 -42.3972129821777 -0.92826122045517 0.0225034905465047 0.0591897234538614 -0.0432878566402542 0.997053825537103
1744315882.21739 -25.4298973083496 -42.4300193786621 -0.903117895126343 0.0144784661335108 0.0561667787527971 -0.0998929650366771 0.993306127293664
1744315882.61706 -25.0964984893799 -42.4828491210938 -0.900821566581726 0.00798886718815881 0.0404838253664568 -0.0540516471651658 0.997685149395079
1744315883.01935 -24.7755298614502 -42.5097618103027 -0.909191191196442 0.0135906155364293 0.0510987729403273 -0.0283253891228255 0.998199320228367
1744315883.41951 -24.4503936767578 -42.5304222106934 -0.903333246707916 0.00446946300445113 0.0721997639600423 -0.109602551882328 0.991339749331907
1744315883.8171 -24.1249084472656 -42.5808067321777 -0.945799648761749 0.0266400522832028 0.0823001634966189 -0.0961937578531949 0.991596566983195
1744315884.21858 -23.7855396270752 -42.6242713928223 -0.92438668012619 0.0271210731376656 0.0724318509248719 -0.067035439488631 0.994748372311322
1744315884.61969 -23.4532089233398 -42.6397819519043 -0.937151491641998 0.0249154648382983 0.0631021534544648 -0.0653517631976764 0.995553356123244
1744315884.91899 -23.2160511016846 -42.6604919433594 -0.908646106719971 0.00205037681393199 0.0549636916785248 -0.111427585110512 0.992249304272081
1744315885.41839 -22.7756175994873 -42.7626800537109 -0.935080349445343 0.0259280724015584 0.0473512161378099 -0.0576960877589406 0.996873491898106
1744315885.92024 -22.3651733398438 -42.8367881774902 -0.965576887130737 0.0309715647036269 0.0599808406132479 -0.0410008914471134 0.996876114589812
1744315886.31761 -22.0698680877686 -42.9117546081543 -0.961137175559998 0.0153887603841016 0.0876449563312095 -0.0854987540806443 0.992356544158499
1744315886.61745 -21.8239974975586 -43.0121459960938 -0.989892780780792 0.030115076876 0.0884066213259253 -0.0884790960135344 0.991689871390807
1744315886.91804 -21.5737648010254 -43.0867500305176 -0.97214412689209 0.0279810834973206 0.0753098494276547 -0.0785041775415892 0.993671263373364
1744315887.21879 -21.3284492492676 -43.115550994873 -0.992031276226044 0.0184525082740527 0.0744524020060718 -0.0722173663250555 0.994435013852084
1744315887.51982 -21.1049404144287 -43.145378112793 -0.962703108787537 -0.00713789426029025 0.0646851876878757 -0.128939863719084 0.989514723742612
1744315887.81785 -20.8712596893311 -43.2095146179199 -0.979709029197693 0.0111865481292428 0.0670098710983806 -0.122288424901184 0.990166692760122
1744315888.21837 -20.5347003936768 -43.3339996337891 -0.981375992298126 0.0226278114295531 0.0609400549998908 -0.0858810890943532 0.994182443207728
1744315888.7204 -20.1250400543213 -43.4119529724121 -1.00036644935608 0.0193382625991882 0.0697137258512306 -0.103325764020225 0.992013011264077
1744315889.11744 -19.8125476837158 -43.4751319885254 -0.988854765892029 0.0170924750656976 0.0669266952624451 -0.128844067852913 0.989256221075455
1744315889.51729 -19.4438018798828 -43.5631904602051 -1.0182911157608 0.00594597882127008 0.0641384836881772 -0.0892163222816296 0.993927234803725
1744315889.81832 -19.1795654296875 -43.6053123474121 -1.02622890472412 -0.00304107646194202 0.0754159203611231 -0.0520133010429478 0.995790041788254
1744315890.22023 -18.8469219207764 -43.701732635498 -1.00421857833862 0.0075360585845165 0.0805968939129185 -0.098403717786355 0.991848807449212
1744315890.61716 -18.5520324707031 -43.8244209289551 -1.0366462469101 0.00760882538094505 0.0770087934287996 -0.119669935856703 0.989793341037924
1744315891.01855 -18.243537902832 -43.9482269287109 -1.02388668060303 0.00325382756252448 0.0641534798709183 -0.09249117527125 0.993639334025977
1744315891.41942 -17.9288997650146 -44.0469055175781 -1.0499883890152 0.0301171749727832 0.0828333742178882 -0.0796660972480883 0.992917368584414
1744315891.71879 -17.7049140930176 -44.1144218444824 -1.03053867816925 0.0188774549831007 0.0873669788948505 -0.147781776397862 0.984972689599483
1744315892.01724 -17.4607105255127 -44.1921234130859 -1.05040109157562 0.0115709336371262 0.0785037168164566 -0.135122348870201 0.987646308541963
1744315892.31752 -17.2100238800049 -44.2625617980957 -1.03571736812592 0.0105523416421701 0.0571785693118794 -0.0779863105587985 0.995257451447986
1744315892.61866 -16.9511623382568 -44.2918243408203 -1.05599987506866 0.00975651682000832 0.0801590694060838 -0.029564341519712 0.996295781222623
1744315892.9209 -16.714298248291 -44.3262939453125 -1.05011689662933 -0.000752425202855001 0.0836938757652732 -0.0626170832499143 0.994521930326815
1744315893.21781 -16.4957370758057 -44.386344909668 -1.05112385749817 0.0124222279361959 0.0895048416998887 -0.0718104031840694 0.993316584760327
1744315893.71791 -16.0982875823975 -44.5468254089355 -1.05808365345001 0.0223318711470115 0.0871935036410389 -0.0642713057715174 0.993865071178325
1744315894.01843 -15.8746204376221 -44.602725982666 -1.06857466697693 0.0264282561205404 0.0854267931718283 -0.0780701433133823 0.992929435060636
1744315894.51873 -15.5028610229492 -44.6777725219727 -1.0457478761673 0.00177727185606151 0.0730716333913013 -0.156094191940665 0.985033999890698
1744315895.01847 -15.0888671875 -44.8326835632324 -1.06795024871826 0.0145326071132029 0.0740392940544222 -0.0924541478776766 0.992854076290483
1744315895.51979 -14.6976013183594 -44.9387359619141 -1.09167921543121 0.0114448973731519 0.0862352487984921 -0.0548362876713819 0.994698686911369
1744315895.9185 -14.396879196167 -45.0345611572266 -1.09349393844604 0.000807459387194757 0.0994597887827615 -0.0998343980832282 0.990020298470686
1744315896.31709 -14.0722303390503 -45.1569366455078 -1.09899210929871 0.000620280154400182 0.0882968303006845 -0.052361175993622 0.994716840241456
1744315896.81909 -13.6655931472778 -45.2280769348145 -1.08438563346863 0.00744249324426058 0.0847884034039713 0.0150673221920982 0.996257251790156
1744315897.21908 -13.3620281219482 -45.2627410888672 -1.05268001556396 0.0110562911730919 0.0759187154541685 -0.0367999664276665 0.99637335850584
1744315897.61713 -13.0351028442383 -45.2696571350098 -1.07601881027222 -0.00688376714980758 0.0714402183639476 0.00719213041153241 0.9973951986099
1744315898.01832 -12.6972484588623 -45.225658416748 -1.07112383842468 0.00981324484242993 0.0732856319212713 0.132618573975606 0.988405397706953
1744315898.32016 -12.4451713562012 -45.1602668762207 -1.09357595443726 0.0139310329058138 0.0937161430594186 0.180570191278555 0.978988057574693
1744315898.61891 -12.2133617401123 -45.0959663391113 -1.06260299682617 -0.00013642171269132 0.0969058310670791 0.184194031835024 0.978101119481351
1744315899.01726 -11.9103126525879 -45.012378692627 -1.04373395442963 -0.0099649190598908 0.0595285696541762 0.256129929705248 0.964756191424674
1744315899.3182 -11.6887331008911 -44.9067764282227 -0.993655502796173 -0.0143664051014388 0.0362056833917968 0.341682884001429 0.939007753788573
1744315899.71986 -11.4266395568848 -44.6807746887207 -1.02102935314178 -0.0227515447308361 0.0493709119988743 0.42163410343564 0.905135107639066
1744315900.01893 -11.2663745880127 -44.5125312805176 -0.995036125183105 -0.0359113959647094 0.0527757278508509 0.430241744770304 0.900453849592906
1744315900.51775 -10.9800481796265 -44.175350189209 -0.995460748672485 -0.0249400971447585 0.0458737815426395 0.532456026080293 0.844845647448202
1744315900.81888 -10.8642749786377 -43.9360160827637 -0.994220018386841 -0.0260753438472887 0.0598300852018742 0.609547098848314 0.790058714041928
1744315901.31949 -10.7494173049927 -43.5743675231934 -0.970469236373901 -0.0282197365877516 0.0441508486399461 0.596366771687156 0.801000014144026
1744315901.71705 -10.6503992080688 -43.2821388244629 -0.987941026687622 -0.0384840182326797 0.0317049161694976 0.621700311950932 0.781666489464314
1744315902.01725 -10.5770320892334 -43.0552787780762 -0.958671689033508 -0.039185002963848 0.00590724687582041 0.669235297664691 0.741993097229836
1744315902.5197 -10.4638090133667 -42.6759605407715 -0.983475923538208 -0.0425142551968471 0.0245618080331511 0.674563132047515 0.736582538873578
1744315902.91779 -10.3434381484985 -42.3945541381836 -0.955813825130463 -0.0252126178707075 0.0296023717632063 0.639821591866306 0.767539154745713
1744315903.21726 -10.228590965271 -42.1430015563965 -0.95873498916626 -0.0175906805885238 0.0447346374203401 0.668527651195959 0.742132171353404
1744315903.61885 -10.1449527740479 -41.8199234008789 -0.970129609107971 -0.0337404329214264 0.0525147008693201 0.68842952217588 0.722612332011826
1744315903.91962 -10.1322336196899 -41.5877456665039 -0.963970124721527 -0.0514346747596119 0.0252012194524052 0.673477574166449 0.736985298269483
1744315904.31851 -10.0804252624512 -41.3101921081543 -0.9391730427742 -0.0434565695721971 0.0205192492955685 0.656473635577768 0.752816612968039
1744315904.71852 -10.0030641555786 -40.9659729003906 -0.936758637428284 -0.0427221304311268 0.0156380709512106 0.700858223340551 0.711848313255202
1744315905.21995 -9.96562957763672 -40.5474739074707 -0.936934590339661 -0.0300016233661912 0.0364757510991912 0.72753990374693 0.684437806256383
1744315905.61884 -9.93045616149902 -40.2430877685547 -0.911658465862274 -0.0295823597338604 0.0478747360485913 0.676725398525866 0.734081486369778
1744315905.91704 -9.87185192108154 -40.0151481628418 -0.932843565940857 -0.0325314846448177 0.0361001151393239 0.661563125744718 0.748313246474102
1744315906.31807 -9.80645561218262 -39.6976585388184 -0.904575943946838 -0.0399312930503604 0.0225565041336087 0.678213668752876 0.733432284177184
1744315906.71977 -9.76975154876709 -39.3817558288574 -0.906284034252167 -0.039858026592706 0.0244572912853758 0.678796756192652 0.732835685813301
1744315907.11791 -9.70939064025879 -39.1008148193359 -0.872173845767975 -0.0311465649422391 0.0140902999918297 0.648078977417889 0.760805490232177
1744315907.51747 -9.59304237365723 -38.745246887207 -0.873357832431793 -0.0217515820972724 0.0222561524866607 0.682868426557803 0.729878239409305
1744315907.91946 -9.50696468353271 -38.4237365722656 -0.865888953208923 -0.0144332826148348 0.0384175623594821 0.694461858759467 0.718358196155415
1744315908.31904 -9.44891357421875 -38.1136054992676 -0.855435073375702 -0.0359106030221344 0.0333585892159447 0.645644254862525 0.762063730457712
1744315908.71713 -9.3523416519165 -37.7825469970703 -0.87043970823288 -0.0317650578610207 0.0262835426309297 0.645075401030802 0.763005821387231
1744315909.11879 -9.2662181854248 -37.452995300293 -0.832045912742615 -0.025727428531842 0.0206766502823884 0.68784787239752 0.725104047701048
1744315909.52011 -9.19330883026123 -37.1251449584961 -0.844245314598083 -0.0417125794259106 0.0243361390095789 0.674830074748877 0.73639132482001
1744315909.91797 -9.10185718536377 -36.823974609375 -0.829536139965057 -0.0446002406976643 0.0332062189438935 0.653664250164519 0.754739169256517
1744315910.21792 -9.00841331481934 -36.566764831543 -0.835964620113373 -0.0435958724692061 0.0238243539192522 0.671254928842774 0.739559747801529
1744315910.71917 -8.91383171081543 -36.1544494628906 -0.828691899776459 -0.047012463926021 0.0336145981174172 0.683786341728756 0.727389940743075
1744315911.02002 -8.8660249710083 -35.9150695800781 -0.802076697349548 -0.0512856717533362 0.0344443005945256 0.642312800300193 0.763948713330867
1744315911.41781 -8.77376651763916 -35.6042137145996 -0.814454317092896 -0.042624561635367 0.0477808776216005 0.641747815060399 0.764238101866366
1744315911.8183 -8.68913173675537 -35.2741432189941 -0.776986658573151 -0.0374472445056872 0.0237647146138768 0.657218410405147 0.752394114306315
1744315912.2197 -8.62457656860352 -34.9534721374512 -0.787649989128113 -0.0347759577338952 0.0399671946161595 0.667579528476621 0.742651216438199
1744315912.51904 -8.57217788696289 -34.74169921875 -0.756292104721069 -0.046154322202687 0.0328035851466597 0.624548978805639 0.778930212802386
1744315912.91766 -8.46908283233643 -34.4345664978027 -0.760557949542999 -0.029978467337863 0.0121298231341417 0.62798097538067 0.777556463188847
1744315913.31887 -8.37590026855469 -34.1000022888184 -0.737983644008636 -0.0339764519315884 0.0306191827043181 0.680558778852673 0.731264531405167
1744315913.72024 -8.30954074859619 -33.75537109375 -0.734740078449249 -0.052215307780274 0.0409768916582901 0.646872041287626 0.759704559801912
1744315914.11756 -8.24484443664551 -33.4458656311035 -0.736225306987762 -0.0602239587605985 0.0372337227922462 0.642436304854101 0.763061150160091
1744315914.51733 -8.1534481048584 -33.0965385437012 -0.717904090881348 -0.0530721371263465 0.0298584682216315 0.704275146768408 0.707310637401021
1744315914.92 -8.11275005340576 -32.7341957092285 -0.739571690559387 -0.0582657379353459 0.0565045756251208 0.717214327325138 0.692109778428122
1744315915.41828 -8.0911979675293 -32.3240661621094 -0.694358944892883 -0.0433394751690567 0.0479465083280257 0.713596337054368 0.697569415881896
1744315915.81782 -8.14772033691406 -31.970422744751 -0.665131092071533 -0.0404023747303799 0.0103068072768983 0.807046832890087 0.589013435637917
1744315916.2204 -8.31203746795654 -31.6465129852295 -0.676675319671631 -0.0540233662204133 0.0328267718887225 0.871932067687181 0.485528936612781
1744315916.61816 -8.49117374420166 -31.3870944976807 -0.65102356672287 -0.0643825625507691 0.0286893804971275 0.896183590243458 0.438048830228359
1744315917.0171 -8.72223281860352 -31.096040725708 -0.677024066448212 -0.0611639834724106 0.0299830468794006 0.938540072535361 0.338382204424131
1744315917.41888 -9.02751064300537 -30.9104633331299 -0.646797060966492 -0.0654977484832301 0.00456445185036921 0.970465894682709 0.232131768572553
1744315917.81912 -9.34472465515137 -30.8102722167969 -0.610333263874054 -0.0538453780254192 -0.00896736087723556 0.976610103237895 0.207973478977166
1744315918.21899 -9.67386436462402 -30.7084693908691 -0.638526916503906 -0.0543523753079962 -0.00484891836039954 0.985373164632067 0.161437398740497
1744315918.72004 -10.1201076507568 -30.6461486816406 -0.631576895713806 -0.0421320365911353 -0.0226821610948885 0.996218492346062 0.0725198356898834
1744315919.12012 -10.4910831451416 -30.6048069000244 -0.626898884773254 -0.0505934613576872 -0.0238279521986844 0.994687304962062 0.0864274013792753
1744315919.61794 -10.9030609130859 -30.4454536437988 -0.649815499782562 -0.0429392052192919 -0.00929695542830154 0.994677866782785 0.0931972778966617
1744315919.91859 -11.165358543396 -30.3700695037842 -0.621983051300049 -0.0340641612575899 -0.0205096412518349 0.996020360555573 0.0797648349354778
1744315920.32004 -11.5160541534424 -30.3204555511475 -0.628268957138062 -0.0336457919832622 -0.0234535958702989 0.996114083032241 0.0779398685360056
1744315920.61957 -11.7633628845215 -30.2696704864502 -0.60059666633606 -0.0408576270311686 -0.0196677416394589 0.993218402506824 0.107056243040643
1744315921.0179 -12.1092348098755 -30.1595420837402 -0.63177478313446 -0.0371536609311974 -0.0167313100069608 0.996170748679033 0.0773531396978548
1744315921.31917 -12.3852481842041 -30.0958690643311 -0.626697838306427 -0.0564123788981469 -0.0177402841666312 0.997539254065749 0.037661152699946
1744315921.81969 -12.7930927276611 -30.0226745605469 -0.594163060188293 -0.0435947553102469 -0.0141240186108892 0.997721672631939 0.0495123557129476
1744315922.21805 -13.1485233306885 -29.9574069976807 -0.6269291639328 -0.0507221453331485 -0.0255704842730145 0.996150722483136 0.0667619083248324
1744315922.61917 -13.5284042358398 -29.8998107910156 -0.616097033023834 -0.0660663133535736 -0.0263070030333081 0.996750494084216 0.0378369709958823
1744315922.91903 -13.7868385314941 -29.8873634338379 -0.623071610927582 -0.056708226168904 -0.0142826953843274 0.998183855021841 0.0144628237585799
1744315923.31954 -14.1110858917236 -29.8205032348633 -0.589783787727356 -0.0476833758040652 0.0116184206084259 0.996092758748757 0.0734201875697962
1744315923.71791 -14.4645719528198 -29.7375011444092 -0.603804707527161 -0.038326829560992 -0.00463236465353889 0.996094468056121 0.0794065868899554
1744315924.01882 -14.7334775924683 -29.6960983276367 -0.595866739749908 -0.0549334470942215 -0.00928121972165567 0.996205880334092 0.0668582032259448
1744315924.42043 -15.0721940994263 -29.6637554168701 -0.593580961227417 -0.041431909169748 -0.0141038390951217 0.995213731610865 0.0873733771723717
1744315924.81836 -15.3949184417725 -29.6054668426514 -0.592201471328735 -0.0423876396055521 -0.023271565558762 0.99373723294888 0.100737451308923
1744315925.21794 -15.7403326034546 -29.5106811523438 -0.581028938293457 -0.034180297584436 -0.0275999171710613 0.9975780957273 0.0539248992051364
1744315925.61943 -16.0879077911377 -29.4352836608887 -0.600657045841217 -0.0528776980594207 -0.0133037366959925 0.997252740141312 0.0501391256256609
1744315925.91995 -16.3248844146729 -29.3613471984863 -0.565794348716736 -0.0467776886488066 0.00180215000467427 0.992525200120467 0.112704601617964
1744315926.3173 -16.6406116485596 -29.2691650390625 -0.58886992931366 -0.0383179708113553 -0.00854749858249223 0.993397880983971 0.107792965621317
1744315926.71933 -16.9848041534424 -29.1731185913086 -0.585532903671265 -0.0573825208288912 -0.015311424001751 0.996110669165494 0.0650871828629269
1744315927.12007 -17.3151111602783 -29.0838298797607 -0.58712911605835 -0.0515887638949443 -0.0179273654245721 0.995489472666934 0.0775752461680557
1744315927.41904 -17.5448780059814 -29.0072479248047 -0.572570264339447 -0.0482116867128531 -0.0210359210622284 0.993242264428638 0.103454953685344
1744315927.81798 -17.892053604126 -28.8931140899658 -0.583886325359344 -0.0299682941625473 -0.0274186359687535 0.996701147382583 0.0702633798848501
1744315928.32009 -18.3376026153564 -28.7857398986816 -0.594148337841034 -0.0461022042126796 -0.0212468301402579 0.997476771586778 0.0496311305587778
1744315928.7185 -18.6670436859131 -28.7034378051758 -0.564044415950775 -0.0373269100282392 -0.0200863976847197 0.993829746432689 0.102497187870366
1744315929.11741 -19.0180912017822 -28.6046657562256 -0.571424126625061 -0.0251766935625638 -0.0169354952742513 0.997117860060621 0.0695362944741918
1744315929.51885 -19.3885478973389 -28.5409984588623 -0.574364840984344 -0.0491123698522739 -0.00463034135856517 0.998361287717817 0.0290047281114467
1744315929.82084 -19.6443309783936 -28.500560760498 -0.552456259727478 -0.0527473111433702 -0.0188352943656571 0.993552592362133 0.0985707819984663
1744315930.31754 -20.0541286468506 -28.3916778564453 -0.574409127235413 -0.0435574854578825 -0.00818603785355016 0.994345757541258 0.0964999932878201
1744315930.81825 -20.5204887390137 -28.3185329437256 -0.566015899181366 -0.0648536643278081 -0.0136255783629659 0.997524864022761 0.0235051376065406
1744315931.31913 -20.9453086853027 -28.249174118042 -0.54217791557312 -0.0535641327615805 -0.0112712369335333 0.994329826719638 0.0911703822257104
1744315931.71765 -21.2873268127441 -28.1808071136475 -0.561532616615295 -0.0357208151109349 -0.0291662219065669 0.996085138642516 0.0754171826776028
1744315932.11933 -21.6561622619629 -28.1120262145996 -0.556515574455261 -0.0611053790031211 -0.0197955591440762 0.997770820014177 0.0181013597084381
1744315932.42066 -21.9282264709473 -28.070873260498 -0.547215461730957 -0.0587977748423188 -0.0334059303154352 0.994865725290707 0.0752931214331518
1744315932.71797 -22.1693325042725 -28.0175342559814 -0.546680986881256 -0.0621774070229218 -0.039526417059777 0.992923854514496 0.0931335146249662
1744315933.11726 -22.5339546203613 -27.8895568847656 -0.55236142873764 -0.0595764707319603 -0.0350160330164727 0.996173517417657 0.0535055582406746
1744315933.4186 -22.8039436340332 -27.8198509216309 -0.557482957839966 -0.0767053474848411 -0.032550742341514 0.995895611219384 0.0353365305910966
1744315933.8202 -23.1317367553711 -27.7252292633057 -0.536940217018127 -0.0662436511932796 -0.018389176162195 0.993334293312354 0.0925235029941305
1744315934.21795 -23.4361267089844 -27.6196689605713 -0.547813057899475 -0.0590368080896268 -0.0308089173469882 0.990906044186414 0.116921672487729
1744315934.51743 -23.6934871673584 -27.5325622558594 -0.531520962715149 -0.0569878996288153 -0.0256298899332018 0.996841082050215 0.0490239245151278
1744315935.02039 -24.1109886169434 -27.4462547302246 -0.530758857727051 -0.0561852395673949 -0.0153319836538229 0.996780024855599 0.0551156164881175
1744315935.51678 -24.485746383667 -27.3546504974365 -0.531686246395111 -0.0666246758238277 -0.00835150948905581 0.994009666102274 0.0862333378448873
1744315935.91745 -24.8233947753906 -27.2692451477051 -0.511550724506378 -0.0440637053199424 -0.010095675435548 0.998942552621745 0.00838115579916796
1744315936.31954 -25.1676273345947 -27.2135486602783 -0.547276496887207 0.0723857210647952 -0.000630138705994292 -0.996874484425514 0.0316413118013097
1744315936.71842 -25.4905586242676 -27.1921920776367 -0.508026778697968 -0.0717420239299716 -0.0466443460965726 0.996298962527909 0.00810951573567663
1744315937.11662 -25.8363075256348 -27.1780166625977 -0.502631187438965 0.0529703304515423 0.0462148684617292 -0.990692688827656 0.116560397770205
1744315937.51901 -26.1430721282959 -27.2577743530273 -0.467467755079269 0.0427321872249493 0.0452571593341598 -0.967917029379774 0.243438645125642
1744315938.01965 -26.4723472595215 -27.4735221862793 -0.474823564291 0.0370152515328962 0.0461214013176023 -0.951094785691223 0.303185415423343
1744315938.51799 -26.7630023956299 -27.8564052581787 -0.50666069984436 0.0318496267871352 0.0567482216645163 -0.875236678501249 0.479297399552237
1744315938.91991 -26.9165935516357 -28.1902732849121 -0.530826807022095 0.0544238792356488 0.0473807943884432 -0.799311304644015 0.596568973347045
1744315939.22056 -27.023307800293 -28.40505027771 -0.520975291728973 0.0440447003781073 0.046134639711134 -0.816580566698401 0.57369664237979
1744315939.71573 -27.2120399475098 -28.7749996185303 -0.544784188270569 0.0442074408339164 -0.00517109715406096 -0.803522028332615 0.593608719539546
1744315940.21809 -27.2672252655029 -29.2218322753906 -0.537851929664612 0.0190204418499125 0.0302652587575902 -0.766977385054284 0.640677709710165
1744315940.5201 -27.2791690826416 -29.481029510498 -0.531744539737701 -0.0105030375826187 0.0409178952333183 -0.80180560146834 0.596089917298731
1744315941.01739 -27.3671379089355 -29.8988494873047 -0.559233546257019 0.0104697771003758 0.0332908653961216 -0.783861533620042 0.619954190371742
1744315941.32073 -27.4382820129395 -30.153865814209 -0.540823638439178 0.0383884690212715 0.0283220584914008 -0.797585207021893 0.601316908118221
1744315941.81948 -27.4661827087402 -30.5748329162598 -0.560824632644653 0.00710590558181162 0.0533892506163423 -0.815314515609478 0.576507879097042
1744315942.11826 -27.496337890625 -30.8259811401367 -0.56740015745163 0.0462987357709687 0.0255652168938495 -0.850013774756325 0.524098682955494
1744315942.4176 -27.4938068389893 -31.0679359436035 -0.574047088623047 0.00199307344501068 0.012784977923976 -0.808832198823136 0.587897139085281
1744315942.92018 -27.5563354492188 -31.5015888214111 -0.597855567932129 0.0228620046801336 0.0237568276708312 -0.763392175209489 0.645093271325898
1744315943.41915 -27.6025886535645 -31.962459564209 -0.61238569021225 0.0219160295741706 0.0448931403577016 -0.790696350403905 0.610166841982152
1744315943.9177 -27.7194442749023 -32.3641700744629 -0.62522965669632 0.0311808069419666 0.0271657259342564 -0.769065335981142 0.637830925563449
1744315944.31889 -27.7766437530518 -32.694019317627 -0.65220433473587 0.0385596551318019 0.0498059374762812 -0.756199631324635 0.651302264062326
1744315944.6198 -27.8309154510498 -32.9776153564453 -0.662360668182373 0.0368247649844092 0.0571988243349177 -0.787936086750262 0.611987707699452
1744315945.01822 -27.9346141815186 -33.3074531555176 -0.690445184707642 0.0576028378221279 0.0415128519802346 -0.794744051161625 0.602777313224803
1744315945.41864 -28.0401649475098 -33.6247291564941 -0.698202908039093 0.0478920373186503 0.0389124682446973 -0.781734105664886 0.62055133600444
1744315945.81991 -28.1214008331299 -33.9683723449707 -0.751477420330048 0.0477046072347912 0.0463624160701814 -0.78900199665846 0.610778721055075
1744315946.21826 -28.1992435455322 -34.336784362793 -0.744243383407593 0.0446967332981826 0.0484870358404885 -0.798464219566898 0.598419668342627
1744315946.61834 -28.3178653717041 -34.6776924133301 -0.746868431568146 0.0410731919283471 0.0318765292298776 -0.776988775380762 0.627363788181449
1744315947.02019 -28.4032669067383 -35.0084991455078 -0.780011653900146 0.0483751710592756 0.0291914674095326 -0.781613889307718 0.621198381434407
1744315947.41905 -28.4693737030029 -35.3839836120605 -0.771954834461212 0.0298503438586135 0.0419974149741626 -0.825500364642764 0.562044768752164
1744315947.81811 -28.560863494873 -35.7300186157227 -0.789085626602173 0.012947622510878 0.0365409370077647 -0.814479276578412 0.578896041632879
1744315948.21971 -28.6522827148438 -36.0737380981445 -0.793324291706085 0.0220142952245061 0.0462528961054049 -0.789259489699998 0.611919519484491
1744315948.42009 -28.6898078918457 -36.2714538574219 -0.821277499198914 0.0260788450002652 0.0489951970355464 -0.798036355253597 0.600047781601144
1744315948.61956 -28.7295608520508 -36.467601776123 -0.804598808288574 0.0147076582247081 0.0552514038249573 -0.807872017099974 0.586578017958171
1744315949.0184 -28.8397960662842 -36.806339263916 -0.81826776266098 0.0149319922329923 0.0566178323946321 -0.808620338613153 0.585409774981624
1744315949.41864 -28.9602394104004 -37.1327972412109 -0.808497130870819 0.0391368720829064 0.0604508277959541 -0.767136020313536 0.637429469823807
1744315949.92003 -29.0935459136963 -37.571231842041 -0.81179004907608 0.0368761049280263 0.0511370791693648 -0.814248750637701 0.577082424012641
1744315950.21654 -29.1766929626465 -37.8298759460449 -0.82068657875061 0.0471026265417245 0.0440636478161368 -0.810874550240737 0.581654709673952
1744315950.51692 -29.2670402526855 -38.0817031860352 -0.832373321056366 0.0330986508387138 0.0595221697090274 -0.788597802199523 0.611126089274439
1744315951.01932 -29.3725299835205 -38.4732437133789 -0.85712468624115 0.0395598655458015 0.0644866989945622 -0.766857139599073 0.637343400481021
1744315951.41925 -29.4347095489502 -38.8219718933105 -0.836614727973938 0.0241913527850814 0.0688883291785883 -0.805774577823735 0.587704437865151
1744315951.8185 -29.4835643768311 -39.1478385925293 -0.858314454555511 0.0228188809540114 0.0630171681204287 -0.785218353992259 0.615581247072859
1744315952.31937 -29.4641799926758 -39.566837310791 -0.88722038269043 0.0467129288271061 0.0786643020448951 -0.739594801219684 0.666805338815609
1744315952.81898 -29.4148578643799 -40.0157318115234 -0.876158535480499 0.0529202250883548 0.0767098291290112 -0.767352680305059 0.634416988990867
1744315953.21735 -29.3534564971924 -40.3336982727051 -0.878730237483978 0.0293536505157178 0.086688024643685 -0.73696622884128 0.66970465664518
1744315953.61826 -29.2245578765869 -40.5924606323242 -0.892444849014282 0.0139721565541359 0.0700026417695624 -0.593829387903919 0.801418159919131
1744315954.01954 -29.0283527374268 -40.8769912719727 -0.891951143741608 0.00172571536119353 0.0594828314008792 -0.489127908222722 0.870179696426371
1744315954.41987 -28.8410816192627 -41.1056213378906 -0.927853107452393 0.0128273761600397 0.0565731959522039 -0.361265914077298 0.93065668817588
1744315954.82014 -28.6474227905273 -41.3060607910156 -0.911015391349792 0.0276292209515751 0.0473636319430491 -0.241258676790263 0.968910503293356
1744315955.21934 -28.3647403717041 -41.4879302978516 -0.91595071554184 0.0152744962898332 0.0351585851806238 -0.212777244256941 0.976348507438615
1744315955.61765 -28.0807762145996 -41.6540489196777 -0.928425192832947 0.00389541584201449 0.0624311843015721 -0.202499859087848 0.97728244639486
1744315956.0184 -27.8204498291016 -41.8305015563965 -0.905592501163483 -0.00703035569640772 0.0503191459185619 -0.14937395730409 0.987474545764155
1744315956.41995 -27.5240364074707 -41.9753723144531 -0.939774513244629 0.015618225035801 0.0648445221512864 -0.137508740160484 0.988252298440625
1744315956.81933 -27.1821022033691 -42.0991020202637 -0.918903529644012 0.0102650385754275 0.0717040434880696 -0.163803658253416 0.983830026312119
1744315957.21825 -26.8685150146484 -42.2204437255859 -0.931344568729401 -0.00267817204110084 0.0666013379472402 -0.12237122796683 0.990243592124708
1744315957.61991 -26.5580253601074 -42.3354682922363 -0.950420022010803 0.0115584341528511 0.081484585003273 -0.105636739134966 0.990993211052281
1744315958.02025 -26.1896419525146 -42.443187713623 -0.944685816764832 0.0038322730785831 0.0750197317554622 -0.163369249849263 0.983701093693648
1744315958.41777 -25.8648529052734 -42.5543632507324 -0.962255716323853 0.00161907494792525 0.0660236496429956 -0.136798962208552 0.988394809892684
1744315958.81944 -25.5664749145508 -42.6528930664062 -0.938316524028778 0.006443720721271 0.0553024332467095 -0.0383120554779162 0.997713538920524
1744315959.22042 -25.209753036499 -42.7303504943848 -0.959425389766693 0.00946371153776062 0.0532827637867502 -0.0692937928609381 0.996127379162987
1744315959.61729 -24.87668800354 -42.7911262512207 -0.962054669857025 -0.0155495129935178 0.0663838676524144 -0.0654983572953746 0.995520647677776
1744315960.01828 -24.5700283050537 -42.9414443969727 -0.949231564998627 0.0180196760640737 0.0586949710877972 -0.0427196911762211 0.997198686134993
1744315960.61926 -24.039623260498 -43.0445404052734 -0.977943956851959 -0.00636419825172865 0.0744434404981851 -0.0993195726612072 0.992246589126816
1744315960.91782 -23.7870502471924 -43.0828437805176 -0.986241340637207 -0.0220102837121102 0.0832160616150829 -0.0946182327021163 0.991785271387166
1744315961.41858 -23.4005355834961 -43.2059440612793 -0.96160614490509 -0.0021088413528311 0.0647795609893397 -0.0451131398516924 0.996877106708193
1744315961.91997 -22.9650573730469 -43.3032989501953 -0.995871782302856 -0.0126942985362219 0.063686778422958 -0.112453085757108 0.991532728931568
1744315962.21844 -22.7184944152832 -43.3676223754883 -0.992079854011536 -0.0235696799861164 0.07143853662075 -0.156009427482365 0.984886828121619
1744315962.51817 -22.4910411834717 -43.4626007080078 -1.01254105567932 -0.0167073154054609 0.0735244831523099 -0.163952261255637 0.983582570005331
1744315962.92012 -22.2076988220215 -43.6011734008789 -0.999000370502472 -0.00468725143209133 0.07859128232234 -0.193142430124013 0.978006872012019
1744315963.22003 -21.9856472015381 -43.7392654418945 -1.02781224250793 0.00435049086039637 0.0725801211220587 -0.266507171633403 0.961086430408392
1744315963.51906 -21.769214630127 -43.912467956543 -1.01640665531158 -0.00536223953541166 0.0895276172133789 -0.379500558627066 0.920834066564114
1744315963.91788 -21.5729103088379 -44.1957702636719 -1.04084837436676 0.0156735351963759 0.0977665327921459 -0.453157521737729 0.885914389686029
1744315964.41987 -21.4003753662109 -44.5925407409668 -1.05612456798553 0.0400362551412145 0.099559751330247 -0.529874088316333 0.841260010175369
1744315965.01963 -21.2434349060059 -45.133373260498 -1.0885865688324 0.0545197422443304 0.108713667606078 -0.692834691390402 0.710766506376893
1744315965.51873 -21.1912059783936 -45.5612716674805 -1.0973562002182 0.0786107469977385 0.10892067586234 -0.699909039522477 0.701486972951652
1744315966.11981 -21.2060451507568 -46.0478401184082 -1.1243644952774 0.0664003545334519 0.0792989143067997 -0.786012857764919 0.609496892966502
1744315966.51723 -21.1936454772949 -46.3204307556152 -1.13522970676422 0.070557099167411 0.0736342808282093 -0.808788125579144 0.579190345539502
1744315966.9173 -21.1874923706055 -46.5815696716309 -1.1611396074295 0.0667432850136001 0.0679263013121519 -0.747255282505322 0.65767841249621
1744315967.32047 -21.2202568054199 -46.7923851013184 -1.12035143375397 0.0463144835839092 0.0787365610050153 -0.677547465298064 0.729784183741761
1744315967.81975 -21.2791996002197 -46.8472518920898 -1.09804964065552 0.0960966404448866 0.0310099647843143 -0.59154934923696 0.799920736821224
1744315969.32094 -21.345235824585 -47.0915374755859 -1.09036147594452 0.0660094560132571 0.0448727671074472 -0.652632907941936 0.753458342551337
1744315970.21851 -21.168701171875 -47.5327377319336 -1.14795732498169 0.0498217568627806 0.077226001468124 -0.645027844341432 0.758612560708427
1744315970.9191 -21.1656894683838 -47.7528114318848 -1.1089745759964 0.0480175711808865 0.0784845107008397 -0.682708477321931 0.724874906056699
1744315972.31988 -21.2512302398682 -47.7476043701172 -0.91474312543869 -0.0120940121557744 0.0239128740221619 -0.625016645035772 0.780151333238753
1744315975.61987 -21.3703269958496 -47.9238166809082 -1.12120366096497 0.0355057459044669 0.0620100496340846 -0.71629005804826 0.694134459952369
1744315976.51774 -21.6474552154541 -48.2453994750977 -1.10200560092926 0.122503685570716 0.00522531521691295 -0.832167942458335 0.540797613388906
1744315977.01923 -21.9490184783936 -48.4773635864258 -1.02167785167694 0.0558942837580434 0.00488671113604107 -0.834785082866881 0.547709607840124
1744315977.51923 -22.1114540100098 -48.8019638061523 -1.05051875114441 0.0494491760596829 0.0528350449375106 -0.842496175252654 0.533819662150168
1744315978.01755 -22.2406311035156 -49.1781272888184 -1.01889479160309 0.0261121348740413 0.0669344654006672 -0.843020135134776 0.533061896510331
1744315978.51965 -22.4041404724121 -49.5192604064941 -1.01243770122528 0.0338843779676857 0.0660514629675811 -0.789771932808275 0.608891901176118
1744315979.01924 -22.56884765625 -49.930046081543 -1.03293001651764 0.0136170054249167 0.0550640605006077 -0.815135504763859 0.576486457150393
1744315979.51802 -22.7589244842529 -50.3176918029785 -1.07466733455658 0.0167412822832376 0.0898273868412899 -0.820991571087101 0.563581059160713
1744315980.01979 -22.9292469024658 -50.6837310791016 -1.09665536880493 0.0376500242005668 0.094447176956015 -0.798896190641669 0.592812856659642
1744315980.61917 -23.0964832305908 -51.2226486206055 -1.14619469642639 0.0332447549802778 0.0874372132331085 -0.8213244536111 0.562739426296716
1744315981.32044 -23.2767181396484 -51.8395195007324 -1.18845582008362 0.0386621628402063 0.0599094928189669 -0.772584415849533 0.630895720560163
1744315981.91648 -23.3770694732666 -52.4700088500977 -1.21788990497589 0.0713504626214662 0.0647849823849057 -0.785594326899913 0.611190290403703
1744315982.41838 -23.4640979766846 -52.8977546691895 -1.20157480239868 0.057708335782408 0.0589945109280659 -0.753251994631182 0.65253415868116
1744315982.81934 -23.4878902435303 -53.2841186523438 -1.22127413749695 0.0325528351107783 0.0473518710745963 -0.760169712501766 0.647178585420568
1744315983.8202 -23.5602626800537 -54.1896820068359 -1.26308798789978 0.0654124319982755 0.0566949598761341 -0.740775393086501 0.666152168999136
1744315985.22026 -23.5036849975586 -55.5297355651855 -1.18068969249725 0.0396091635632348 0.0560311099905103 -0.687674153163915 0.722769595338199
1744315987.61879 -25.4789867401123 -73.7631530761719 -2.521648645401 0.00828156397466144 0.0779143001068302 -0.523775447542708 0.848245281795562
1744315990.11924 -24.8037891387939 -71.9361114501953 2.02546167373657 -0.338485239772938 0.111306842999441 -0.0942028466830565 0.929604406634437
1744315993.61811 17.0269069671631 -181.933013916016 59.1357841491699 -0.176947124476206 0.269836609166283 -0.0250480169725949 0.946176789156754
1744315995.52015 -50.5785293579102 -79.8795776367188 7.65727996826172 -0.50106991989229 -0.110899038348078 0.122111121970653 0.849540589120775
1744316001.01931 180.958282470703 59.9794006347656 -200.106597900391 0.903132456006609 0.191859639152998 0.379839402202848 0.0571285769622806
1744316002.8188 181.133209228516 60.8371543884277 -200.073333740234 0.936676951922487 0.112515666912292 0.324307200249075 0.0692917910223654
1744316004.41947 182.16032409668 61.5318260192871 -199.281173706055 0.934337611742165 0.111504635675342 0.325835993052995 0.0917106817007978
1744316005.71949 94.3617248535156 -125.730560302734 -386.980529785156 0.888721893917878 0.125809755167889 0.163243381967393 0.40950811838041
1744316007.71944 93.046028137207 -155.044494628906 -384.216705322266 0.930541597292158 0.138447072133499 0.0724357143492462 0.331176404976768
1744316009.31869 94.5630340576172 -154.567245483398 -384.184539794922 0.932484808468383 0.0741641487703932 0.0851786301890148 0.343098181242585
1744316010.41921 95.4396286010742 -154.332168579102 -384.046997070312 0.936076120822451 0.0680953177335771 0.0929655961989337 0.332388209255582
1744316011.81856 -69.6866226196289 -388.574829101562 -317.710327148438 0.716927778506156 0.112875255971026 -0.0657709992356542 0.684797716596111
1744316013.8201 -67.5331344604492 -450.452301025391 -335.201141357422 0.64034737400929 0.0954219072230998 -0.00453881877454095 0.762121577798086
1744316024.21994 -66.3381805419922 -450.312835693359 -335.151123046875 0.656577825786648 0.0530489141053257 0.0123231658502946 0.752289512741571
1744316025.51994 -64.8915481567383 -450.011016845703 -335.108123779297 0.667663151012833 0.0799212645167956 0.0483337429202657 0.738581314110348
1744316027.01999 -63.4826469421387 -449.855041503906 -335.075622558594 0.64606184762377 0.102897228269787 0.0355424113662963 0.755481956405065
1744316028.22037 -217.561096191406 -567.395568847656 -19.2346496582031 0.31613080316989 0.129267715476008 -0.0889447082534614 0.935649513384409
1744316031.62018 -189.423065185547 -648.088745117188 -16.7949371337891 0.14559844860738 0.127031740307314 -0.049237648338537 0.979918202047349
1744316035.1195 -186.470901489258 -648.249450683594 -17.2805614471436 0.154031115519782 0.133825474891332 -0.0324731509352541 0.978422532544185
1744316036.71968 -184.279388427734 -648.215942382812 -17.8686065673828 0.169283703761464 0.119971468307655 -0.0142810006533582 0.978133900574581
1744316038.51945 -210.002563476562 -525.110229492188 367.281860351562 -0.158811815474326 0.178658779171853 -0.06097467928691 0.969093357926072
1744316045.61935 -206.648696899414 -539.905151367188 370.140747070312 -0.251895094861341 0.110185048803423 -0.0817462332687239 0.957979994337752
1744316047.12075 -204.973434448242 -540.124450683594 369.600433349609 -0.250115051343855 0.117461021381312 -0.0737149803478628 0.958233516017695
1744316048.61854 -203.419403076172 -540.288146972656 369.370330810547 -0.264273614907345 0.0966945488292171 -0.0765741679772239 0.956528105958792
1744316049.71942 -193.785949707031 -194.500183105469 615.649597167969 -0.484295485363738 0.126490521965536 -0.0833682910284274 0.861688899058232
1744316067.11979 -27.5002746582031 99.4014892578125 344.480895996094 -0.289875464239311 0.0955925711431506 -0.0975396948637276 0.947269910585244
1744316069.61769 -29.2740936279297 99.7146377563477 344.706817626953 -0.294987446673993 0.126412385227108 0.00767082037502815 0.947070997170078
1744316071.61919 -30.6885204315186 99.1826858520508 345.575836181641 -0.323031909511735 0.11529517220891 0.0635384397011848 0.937187428096888
1744316073.81822 -123.287414550781 333.879028320312 244.548095703125 -0.437636183476765 0.376753904988318 0.463691026424128 0.671953642747537
1744316075.92096 -117.449691772461 313.247161865234 250.401382446289 -0.20751036911105 0.266623533737507 0.575368560805074 0.744850560317852
1744316079.72062 -118.422874450684 314.140716552734 249.469497680664 -0.155584940709537 0.323327176175271 0.600725601226806 0.714409977115121
1744316081.71885 -117.773460388184 315.479309082031 248.159744262695 -0.171002284644445 0.362021857477596 0.640353023023954 0.655474178941425
1744316083.31975 -117.368705749512 315.891418457031 247.857971191406 -0.176015208607197 0.353888496817953 0.645149000537321 0.653884045733332
1744316084.91747 -117.156524658203 317.0625 246.819702148438 -0.146352443235469 0.407255282348589 0.60931536380969 0.664423723826629
1744316086.31896 -323.456848144531 410.234222412109 99.7919006347656 -0.255249536233362 0.651089822689644 0.628609606253072 0.340264132651356
1744316088.51889 -324.122283935547 413.662414550781 100.588447570801 -0.117386268386793 0.623513775630703 0.708451907879154 0.309106664139347
1744316090.11821 -325.348327636719 414.533416748047 99.5470962524414 -0.0525339019474696 0.624260517755998 0.729479711725543 0.274587591303771
1744316091.81976 -326.545837402344 415.441253662109 98.9000625610352 -0.0251059567916625 0.605127764101174 0.757545338123909 0.243546999025283
1744316093.22048 -617.710571289062 322.792388916016 155.657745361328 -0.0296029022636859 -0.743629319390358 -0.615571718044399 0.259250001860108
1744316096.0186 -618.412170410156 355.454620361328 156.010665893555 -0.059881171605717 -0.636976732714491 -0.756865820865187 0.133525340192657
