1 4.9282564945543e-29 -1.01268223058603e-30 -4.92704312431932e-24 -4.9282564945543e-29 1 -4.10953367542012e-32 -2.89889599477056e-23 1.01268223058603e-30 4.10953367542012e-32 1 4.12662409447472e-22
0.995887806087534 0.0890887365193924 -0.0164521947331144 0.346319824457169 -0.0880955648939657 0.99467229482769 0.053536878394531 -0.212626412510872 0.0211340751435 -0.0518673589803453 0.998430332041366 0.00493501545861363
0.95144415550663 0.303124348637592 -0.0535690975779117 0.900919497013092 -0.303947021749622 0.952657444376954 -0.00774607272792054 -0.599649310112 0.0486849763460027 0.0236521232917304 0.998534100640525 -0.00133460119832307
0.986304929591765 0.163215584255872 0.0237330764756436 2.06884860992432 -0.163715784730863 0.986285715486639 0.0209195902676709 -1.34249043464661 -0.0199931911645479 -0.0245185742453312 0.999499430627169 -0.027450343593955
0.990057154878546 0.131011178407924 0.0512142676015751 2.34400415420532 -0.13209472897104 0.991066980912579 0.018363603211055 -1.54382288455963 -0.0483509322750461 -0.0249461515467361 0.99851884152035 0.000151368556544184
0.978478295867952 0.203772907117535 0.0325088732535702 2.5633704662323 -0.203531232524832 0.979010932428637 -0.010612802275232 -1.69926607608795 -0.0339891438884697 0.00376782564335988 0.999415099739668 -0.0126581350341439
0.958771843861548 0.28350262168336 0.0195656565693461 2.82246923446655 -0.282477998377728 0.958295624592934 -0.0433090789390712 -1.90642547607422 -0.0310279205046107 0.0359966579657037 0.998870116063375 0.0144190946593881
0.957186674977553 0.288102782616599 0.0281150474655321 3.03685903549194 -0.288516694948318 0.957400962903268 0.0118959223263181 -2.07630252838135 -0.0234901251915683 -0.0194982789103901 0.999533906947642 -0.00512431655079126
0.98573612179194 0.160854421155242 0.0494990241257133 3.26086211204529 -0.159362628910426 0.986676302612701 -0.0327631861894871 -2.25879263877869 -0.054109617457007 0.024407561478798 0.998236655428619 0.00264359312132001
0.982159210596778 0.175032640659184 0.0687521617390114 3.49528241157532 -0.172055402308966 0.983959886880886 -0.0471155976896508 -2.40429997444153 -0.0758961367673895 0.0344458373860461 0.996520577163643 -0.020074300467968
0.979350112257788 0.195933559433678 0.0498337025346083 3.70422339439392 -0.193935363175194 0.980104683065145 -0.0422360644932464 -2.54797697067261 -0.0571177076812771 0.0316993773033742 0.997864077391212 0.024588730186224
0.96646611729013 0.255050849521018 0.0298715297356567 3.88134503364563 -0.254047312509184 0.966605846205103 -0.0336615669418158 -2.70979595184326 -0.0374594065222941 0.0249439820542767 0.998986782005785 0.0193897187709808
0.977138283488081 0.212044979045847 -0.0154175809844765 4.07782936096191 -0.212002488847145 0.977259405484706 0.00435879734498666 -2.88596963882446 0.0159912371185847 -0.000990582215041225 0.999871641303169 0.035601120442152
0.986350022634287 0.164365894178314 0.00987348369647426 4.337721824646 -0.164581073765752 0.985972042587181 0.0277885119172481 -3.08315896987915 -0.00516749527850073 -0.0290341879071252 0.999565061876975 0.0540663823485374
0.986716801636267 0.162444946713129 -0.00126200477992162 4.54961824417114 -0.162428342159258 0.986429993481923 -0.0239353634325683 -3.24571871757507 -0.00264329947053068 0.0238224105963852 0.999712711593329 0.0521344617009163
0.969559838661103 0.244673882667442 0.00940268025060373 4.72287702560425 -0.243154638622912 0.96663575587899 -0.080567593810503 -3.42340731620789 -0.0288017529261199 0.0758287979378022 0.996704797034554 0.0678242221474648
0.96765974340063 0.252069833266742 0.00976832425260245 4.97116041183472 -0.251752754253191 0.967445468115458 -0.025880822027036 -3.66294026374817 -0.0159740955224237 0.0225846270666481 0.999617308219751 0.0520668961107731
0.980879433086605 0.17614247234807 0.0827609037094818 5.25624418258667 -0.172703502911135 0.983848185938084 -0.047077033769825 -3.88957023620605 -0.0897164301002007 0.0318837962208263 0.995456872852172 0.0544664934277534
0.973826837008875 0.220397450931897 0.0555540740541378 5.46371221542358 -0.216520547088925 0.973891804125159 -0.0682173478387759 -4.04817581176758 -0.0691385869800876 0.0544032855677488 0.996122551852848 0.0500859618186951
0.93185077907532 0.349052464586035 0.0990782645343288 5.76024627685547 -0.345725824699552 0.937027664032581 -0.0495258616629586 -4.22122526168823 -0.110126198847207 0.0118967980590733 0.993846409926306 0.0696945935487747
0.987224706262582 0.150050035052109 0.0535944617065953 6.10191774368286 -0.150460772346167 0.988609093632777 0.00368998259813932 -4.37270498275757 -0.0524302901933013 -0.0117067060884135 0.998555966234645 0.0699685364961624
0.997999426784424 0.0402281100703936 0.0487733871914348 6.41389894485474 -0.040066646294263 0.999187825557161 -0.00428405334740935 -4.51809453964233 -0.0489061140624742 0.00232129673185607 0.998800682613299 0.0779671221971512
0.99664736860185 0.0683885673465861 0.0449113183428035 6.74499988555908 -0.0657423897472331 0.996151455283784 -0.0579673729465329 -4.67693758010864 -0.0487027807145556 0.0548204523173695 0.997307754486241 0.0870083123445511
0.991914362415603 0.116488543746997 0.0503618586764929 6.9689679145813 -0.114749411957088 0.992736323848888 -0.0361547198370878 -4.79416131973267 -0.0542076571081018 0.0300833922073262 0.998076409612085 0.0734580531716347
0.998592579124533 0.0298305365570359 0.0438520239684876 7.2048978805542 -0.0301675247600207 0.999520043546521 0.00704293962872966 -4.9180736541748 -0.043620882238522 -0.00835593426731791 0.999013211621975 0.0708852186799049
0.996686080430584 -0.000639206023406499 0.0813415545190733 7.50251913070679 0.000765445224824157 0.999998550643122 -0.00152079099885456 -5.07802200317383 -0.081340464527365 0.00157801372428886 0.996685125153957 0.0700040459632873
0.996109723859054 0.0696867912811142 0.0539367143454368 7.72815418243408 -0.069007260162508 0.997512766476592 -0.0143624079137263 -5.21584177017212 -0.0548034312639524 0.0105845093017465 0.998441060896705 0.0764778479933739
0.983477565034302 0.162048745730824 0.0806974787788699 7.92727470397949 -0.159111105174821 0.98638237915582 -0.0416348207748139 -5.36739873886108 -0.0863454415950642 0.0281070471229259 0.995868695470333 0.0908480510115623
0.984123799204536 0.174662126653902 0.0315196661144651 8.18088054656982 -0.174932432287372 0.984562092212735 0.00601088277265409 -5.5913200378418 -0.0299831948473655 -0.0114292646490867 0.999485057385215 0.0664254054427147
0.97586411977019 0.217130757977978 0.0233120931076898 8.4508056640625 -0.217232407749542 0.976118081984496 0.00188972120858222 -5.80350685119629 -0.0223450390129356 -0.0069082532392891 0.999726450219605 0.0613185353577137
0.961545855325903 0.274595937796934 -0.00516130322693091 8.74464893341064 -0.27455877954355 0.96060687693045 -0.0430337608103668 -6.01642751693726 -0.00685891253293847 0.0427960154611348 0.999060286659176 0.0883138179779053
0.950974813467729 0.309247419681545 -0.00359688341812676 8.93966674804688 -0.309040935481521 0.949765384059747 -0.0493904387361351 -6.1704158782959 -0.0118576703750539 0.0480806474805412 0.998773070817955 0.0918187648057937
0.955486113820279 0.295008105299926 -0.00406252433463638 9.16885280609131 -0.294970553742633 0.955473532891648 0.00791835641516888 -6.33852195739746 0.00621761380160179 -0.00636755454639297 0.999960396979657 0.0816794261336326
0.972479462596738 0.230929175186758 0.0309097213692201 9.38645553588867 -0.230960741342547 0.972959611996862 -0.00259410512835265 -6.49402523040771 -0.0306729650679657 -0.0046162182009868 0.999518814101796 0.105303034186363
0.954434907736369 0.294045143120842 0.0509063915565912 9.84175777435303 -0.287041294361647 0.951243894602037 -0.112882010584232 -6.84719944000244 -0.081616801122437 0.0931262948333729 0.992303477261442 0.145275339484215
0.936243715891021 0.347398266471158 0.0525561500436219 10.0311985015869 -0.334684396480151 0.927321831511499 -0.167512911606468 -7.02224826812744 -0.106930160419268 0.139243187463494 0.984468016513343 0.146618962287903
0.934575693927873 0.355741543849801 0.00402818800400445 10.2753677368164 -0.355339661813705 0.933953300376404 -0.0382747626791235 -7.21026659011841 -0.0173780626468328 0.0343392879277015 0.999259133680179 0.198588937520981
0.961152211039713 0.270146589963693 0.0566325625807179 10.5768871307373 -0.26683126477705 0.961887722394069 -0.0597752929313689 -7.40016508102417 -0.0706222581835965 0.0423418166655534 0.996604067426232 0.219207808375359
0.949960861473847 0.310001966290525 0.0383815393630169 10.8762073516846 -0.30869289865398 0.950462903552966 -0.0364549487761048 -7.58842611312866 -0.0477813351474183 0.0227826659035619 0.998597964220765 0.299500048160553
0.947240210889078 0.314772505128223 0.0604504167902786 11.0531368255615 -0.309948776283902 0.947594804847737 -0.0774328218889795 -7.76781034469604 -0.08165622422649 0.0546109498258547 0.995163255553676 0.295998901128769
0.96741516912995 0.243822645600435 0.0682525313059887 11.2747220993042 -0.234963391068096 0.964960713529108 -0.116803365547302 -8.08283138275146 -0.0943403169119726 0.0969605014312545 0.990807027511991 0.326663255691528
0.939818190960272 0.329555283888245 0.0901946938655483 11.4127788543701 -0.3190609847856 0.940925795688026 -0.113396362360078 -8.28476333618164 -0.122236884481749 0.077794356287546 0.989447412550057 0.337795585393906
0.890038857856877 0.452781056285891 0.053105052240438 11.6503849029541 -0.448314993003773 0.890441246306299 -0.0782818875890961 -8.54210567474365 -0.082731484652781 0.0458661306970425 0.995515845932162 0.411971151828766
0.849824771552368 0.521613617400533 0.0756114528249294 11.8197202682495 -0.507392032406031 0.848470813854294 -0.150501174375185 -8.81753826141357 -0.142657572903942 0.0895349774097408 0.985714109016095 0.421930193901062
0.851455460496874 0.520669172105689 0.0626674716965008 11.9703531265259 -0.516220183751038 0.853183100012896 -0.0748018698992844 -9.03015804290771 -0.0924138554444089 0.0313402468267419 0.995227345007531 0.453675985336304
0.870025804628352 0.487108994480799 0.0760258296679132 12.1705703735352 -0.483850036882748 0.873235955237403 -0.0578628403138287 -9.28342151641846 -0.0945739979558484 0.0135570637132593 0.995425519531281 0.482495725154877
0.85554438982984 0.51719624540261 0.0234912914104396 12.4700498580933 -0.512690694519071 0.852660254775076 -0.100591956340731 -9.5983829498291 -0.0720558726561505 0.0740171174009528 0.994650399661818 0.555060088634491
0.824740378534713 0.562590470077603 0.0574044509796897 12.707633972168 -0.559619068850169 0.826546587073101 -0.0603923602542464 -9.80542278289795 -0.0814236193846 0.0176833926515828 0.996522700108052 0.544366538524628
0.860204264327347 0.505362944859761 0.0682416119073818 12.9616823196411 -0.501476147209291 0.862596038881399 -0.0667064276231672 -10.0623302459717 -0.0925759008229075 0.0231596128808264 0.995436253568272 0.58536571264267
0.84789097741505 0.525983625129679 0.0664989963352245 13.2166423797607 -0.521882343908166 0.850136190642093 -0.0700519555577856 -10.2534484863281 -0.0933793849576575 0.024691768992759 0.995324372759423 0.579105019569397
0.731093999872149 0.682055204208732 -0.0173856769418849 13.430290222168 -0.68205708944348 0.729974745036993 -0.0439886161190069 -10.4568977355957 -0.0173115594569608 0.0440178375202719 0.998880743577133 0.677884221076965
0.700860609895979 0.712662754846999 -0.0301032116247276 13.5617351531982 -0.711518752704666 0.695510067815176 -0.100034044791389 -10.6342849731445 -0.0503534511809505 0.0915289212304854 0.994528524745546 0.682588577270508
0.614382182834068 0.788619535838981 -0.0247742024928471 13.7749586105347 -0.787510787939781 0.610979731290575 -0.0808116750882007 -10.9608783721924 -0.0485931301164093 0.0691592050648879 0.996421453030936 0.663316488265991
0.54741610644976 0.836425788293812 0.0269723390987768 13.9525089263916 -0.833608205839711 0.547844116833748 -0.0704569571252482 -11.1882181167603 -0.0737086531967788 0.0160849099383695 0.997150094076209 0.720020174980164
0.528737075316865 0.847247721340097 0.0510725353725621 14.1961221694946 -0.844093012965951 0.531179616788797 -0.0731792331892737 -11.4007234573364 -0.0891296283366575 -0.00441739653200861 0.99601023888334 0.71796190738678
0.455112754115843 0.8892777872575 0.0453585508090477 14.3894844055176 -0.882270385349141 0.457236801273028 -0.111953002181662 -11.6985092163086 -0.120296916739252 0.0109327330532561 0.992677755956592 0.714115262031555
0.481146053899491 0.875872291242096 0.0366906561847842 14.4853973388672 -0.871164618035928 0.482392382719287 -0.0914865967053332 -12.1084938049316 -0.0978298681347539 0.0120548135087602 0.995130141424731 0.686920762062073
0.441695051770406 0.896707351261089 0.0286602064867056 14.5808887481689 -0.889559502658997 0.441877869473991 -0.115878555816873 -12.4214305877686 -0.116573463835538 0.0256880256821956 0.992849813851992 0.672960996627808
0.266275706798506 0.963337312059947 0.0328400846843113 14.6279935836792 -0.950969105062256 0.268113176398624 -0.154185232297169 -12.732195854187 -0.157337246658404 0.00982587576541242 0.987496047070263 0.675863802433014
0.326259638476981 0.945199433514763 -0.0123563418632378 14.6281814575195 -0.941883120227483 0.323952176923932 -0.0889447856638387 -13.0315704345703 -0.0800676971781402 0.0406573234438404 0.995959911803167 0.650578439235687
0.348232556761113 0.937165594207694 -0.0213245268402053 14.6222248077393 -0.936170824438001 0.346514469976577 -0.0592613665715241 -13.2650232315063 -0.0481484567010273 0.0406001370711047 0.998014706799011 0.690492630004883
0.368827142879499 0.928975274536591 -0.0311685414322024 14.6657638549805 -0.927038798249377 0.365206817276812 -0.0849885118995086 -13.6816167831421 -0.0675692623586873 0.0602405172139708 0.995894309086108 0.711139798164368
0.287066055744632 0.957889084298396 0.00644839679307652 14.65989112854 -0.95631984206529 0.286970604994307 -0.0556797228928173 -14.0611190795898 -0.0551854991047417 0.00981702863306588 0.998427857502673 0.715653896331787
0.27448149319335 0.961222211693607 0.0266790112485332 14.6242065429688 -0.958871870982126 0.275685101481113 -0.0675459833046023 -14.582462310791 -0.0722817053865369 -0.0070416310751739 0.997359398861922 0.679755628108978
0.151845679389608 0.987079157999314 0.0511627354045286 14.6649475097656 -0.983039132026864 0.156204979909816 -0.0960940640999454 -15.0080766677856 -0.102844321936502 -0.0357035025556231 0.994056490019899 0.680606305599213
0.15858989769317 0.987329730072589 0.00540818495051842 14.6440916061401 -0.985289464178371 0.158610656527725 -0.0636186404675735 -15.3344373703003 -0.0636703708860595 0.00476064603105721 0.997959628502375 0.65466320514679
0.120228894687892 0.992607981788061 0.0165652459311472 14.6507844924927 -0.991979491448305 0.120774986139543 -0.0372839277565487 -15.7550115585327 -0.0390089916312922 -0.0119497788107024 0.999167404071152 0.642265737056732
0.00981703656882008 0.998564148369592 0.052661820932423 14.7194328308105 -0.998399434299182 0.0127216006939278 -0.0551065374239453 -16.1658515930176 -0.0556973552700564 -0.0520365493350241 0.997090769262871 0.63883912563324
0.0343619380819316 0.99698002111368 0.0696426213709626 14.7589282989502 -0.998265745880531 0.0375719736556483 -0.0453193931690047 -16.6158580780029 -0.0477991402939536 -0.0679645811859753 0.996542050237407 0.581534385681152
0.0669509122107743 0.996818221625228 0.043255154491266 14.8312845230103 -0.996166535367699 0.0692276707009378 -0.0534767559116869 -17.0663986206055 -0.0563010583174136 -0.0395090197959987 0.997631809931449 0.564166307449341
0.0565061985048189 0.997941036280398 -0.0303436589444811 14.8253898620605 -0.993492608679208 0.0531920195364352 -0.100712688164989 -17.4946117401123 -0.0988912838945721 0.0358370920310295 0.994452722257043 0.565313398838043
0.0981040069659333 0.993340334849506 -0.0604200544380748 14.6978979110718 -0.993539927506679 0.0942819347467088 -0.0631611370261896 -17.923131942749 -0.0570439853731476 0.066226097133148 0.996172719858991 0.539548456668854
-0.0290042837043919 0.999525991460771 0.0103220114880175 14.6604709625244 -0.998410627247226 -0.0284696332358293 -0.0486384558062615 -18.4150810241699 -0.0483215368815545 -0.011716329535353 0.998763113403586 0.541355729103088
-0.0147239118708948 0.999464243186012 0.0292306861334221 14.5842990875244 -0.998955096802427 -0.0134388739134605 -0.0436819326540251 -18.8446311950684 -0.0432657022556065 -0.0298433118227623 0.998617772597593 0.501974582672119
0.0671789837430257 0.997737391836018 0.00266102903314308 14.5348176956177 -0.994970222590252 0.0671908143189221 -0.0742943512648439 -19.2163028717041 -0.0743050489667975 0.0023433743663941 0.997232805464512 0.497315227985382
0.0172776908850131 0.998714578756355 -0.0476515642681075 14.5263719558716 -0.99610695654889 0.013073058229703 -0.0871781295017865 -19.5851249694824 -0.0864431172077303 0.0489722914313639 0.995052411765015 0.481166213750839
-0.0859763403877675 0.995124434179513 0.0483262805565492 14.5645809173584 -0.996093338307425 -0.0848764110137045 -0.0243732688206376 -19.9811134338379 -0.0201526740929609 -0.05023301058404 0.998534182877365 0.464863777160645
0.0552826044632951 0.997928006010924 0.0329169935263891 14.5872440338135 -0.998229300506246 0.0559641579475344 -0.0201563051185995 -20.4417743682861 -0.0219567132004206 -0.031744414379303 0.999254819803812 0.470965027809143
-0.0542797138349266 0.998468566409145 -0.0106880568329948 14.608980178833 -0.998261770944386 -0.0545083742369952 -0.0224114660167248 -20.8021068572998 -0.0229597329465656 0.00945299058005061 0.999691698291086 0.473122239112854
-0.145576362661515 0.988999588759754 -0.026217094943588 14.5824356079102 -0.98861354986375 -0.146437556511897 -0.0346307820965724 -21.241943359375 -0.0380889965743182 0.0208771520055529 0.999056241091611 0.439071863889694
-0.100867469954564 0.994565652180507 -0.0257859847151083 14.5504264831543 -0.994892437482355 -0.100933022944938 -0.00125008784283185 -21.6619625091553 -0.00384595181759683 0.0255281879881694 0.999666704593415 0.446457773447037
-0.208482615298691 0.977343998396278 -0.0365199660048228 14.5253105163574 -0.977063588295114 -0.209788381455178 -0.036545580229265 -22.1042747497559 -0.0433790680639317 0.0280632108852825 0.998664464496816 0.440267562866211
-0.0638154491721032 0.996027337658509 -0.0621058055568509 14.3857574462891 -0.995539947289368 -0.0678700968201853 -0.0655275767040203 -22.6483612060547 -0.0694823848039582 0.0576471386499046 0.995916163945256 0.390197783708572
-0.0489465631715281 0.997767967558008 -0.0454237478512846 14.3211879730225 -0.995720962595788 -0.0523141483633049 -0.0761773885634035 -23.0828056335449 -0.0783836628450933 0.0415007565736288 0.996059078871732 0.377789497375488
-0.104091016628264 0.994369656209619 -0.0198506188029215 14.2639303207397 -0.993240949335536 -0.104962066635615 -0.049551802496218 -23.3996086120605 -0.0513563707862817 0.0145585499671173 0.998574269547597 0.381481289863586
-0.00727099194082881 0.999477989649211 -0.0314782604819381 14.1355323791504 -0.997172477686724 -0.00960154928448545 -0.0745309331449571 -23.8678531646729 -0.0747942672958086 0.0308473411838028 0.996721756119316 0.345341354608536
-0.120827337433892 0.990856553957608 -0.0600336906069395 14.0452566146851 -0.990803821760282 -0.124089095691821 -0.0539414786190105 -24.3795127868652 -0.0608977939982685 0.0529640048489478 0.996737815514444 0.34961262345314
-0.0945782490014623 0.995373916098987 -0.0169033122666313 13.9746208190918 -0.994185763052825 -0.095316061516157 -0.0500950792006491 -24.8138675689697 -0.051474492313072 0.012067127529534 0.998601402499665 0.316632002592087
-0.0434370510480497 0.99883453365861 0.0210427414382045 13.9236068725586 -0.9953586237274 -0.0414562373184616 -0.0868480889766225 -25.2359809875488 -0.085874517569213 -0.0247174990316859 0.995999303450496 0.298012316226959
-0.109379843646552 0.993350259454091 -0.0359348277628666 13.8646907806396 -0.986793259872311 -0.112861256574053 -0.11619552071876 -25.751070022583 -0.119478500469473 0.0227507979424215 0.992576087319531 0.288328915834427
-0.0128572618976846 0.99990144106427 0.0056390579081358 13.8030548095703 -0.998548252879424 -0.0125444395778555 -0.0523834296999367 -26.1852512359619 -0.052307528023651 -0.00630437889680594 0.998611124171357 0.297996282577515
-0.0419205384576724 0.999047170718527 -0.0121416281744157 13.7402048110962 -0.996884200213669 -0.0426363014695592 -0.0663629200785446 -26.611946105957 -0.0668173616642654 0.00932182794862802 0.997721676472914 0.267358064651489
-0.0985374484055518 0.994852271845283 0.0236501261307762 13.6721248626709 -0.994169090013374 -0.097368199687032 -0.0463384737738079 -27.0279560089111 -0.0437971657039909 -0.0280782993428139 0.998645791751166 0.260309517383576
-0.0375477384240082 0.998726743673737 0.0336906338630695 13.5990867614746 -0.999196262326349 -0.0370491569227655 -0.0153032455501119 -27.3881187438965 -0.0140355510150826 -0.0342381576923386 0.99931514141713 0.255627393722534
-0.0543353836398142 0.998184693675615 -0.0259804425757525 13.5636720657349 -0.998104844946715 -0.0550469418612783 -0.0275055028242425 -27.8412322998047 -0.028885715823008 0.0244366835605573 0.999283975613516 0.249090403318405
-0.11708471276772 0.992491110818097 -0.0353915948095018 13.4809598922729 -0.992344092794385 -0.118328864443808 -0.035376282104375 -28.2570362091064 -0.0392984927470493 0.0309786182148009 0.99874719207681 0.218901753425598
-0.0799140230070354 0.996355920240399 -0.029809883071531 13.3849515914917 -0.996629685223636 -0.0804201416360936 -0.0161824395647458 -28.6745853424072 -0.0185207844830349 0.0284162105344463 0.999424584208831 0.225181147456169
-0.0903770811574311 0.995110209270755 -0.0398453837549172 13.3449106216431 -0.995602267489402 -0.0912677026743081 -0.0211265571855823 -28.9415626525879 -0.0246598493796029 0.0377607978420425 0.998982489323465 0.214806914329529
-0.0659095211736292 0.997421670171241 0.0283892037837566 13.2438888549805 -0.997823527476134 -0.0659407397927146 0.000163861751048567 -29.4466590881348 0.00203544436103509 -0.0283166154121966 0.999596931896978 0.196972787380219
-0.0525927207735478 0.993546330909062 0.100497234085206 13.1577138900757 -0.998529893939101 -0.0536430891651813 0.00777623911571133 -29.8814487457275 0.0131170359305733 -0.0999405189197925 0.994906948436103 0.184722468256951
-0.110459102582605 0.993082505496956 0.0398236604612647 13.0449638366699 -0.993124100694475 -0.108723242896803 -0.0434025007781084 -30.3411731719971 -0.0387725067081876 -0.0443440382677463 0.998263642027332 0.183912828564644
-0.0588184402701944 0.997900091356297 0.0271256106894442 12.9814424514771 -0.998255348363588 -0.0586554158087228 -0.00676769235396772 -30.5988368988037 -0.00516241684424081 -0.0274763510568551 0.999609123400205 0.15798057615757
-0.0361178638005099 0.99849116571099 0.0413629291950689 12.8966464996338 -0.999275411277433 -0.0365815751036058 0.0105090807997826 -31.0266609191895 0.0120063454391805 -0.0409533925340467 0.999088918619933 0.156132876873017
-0.0550878904676061 0.998333664517823 -0.0171819269653934 12.8285207748413 -0.997870335895692 -0.0556480137245855 -0.0340307406314802 -31.3138866424561 -0.0349301741084663 0.0152706535198539 0.999273080833177 0.134835153818131
-0.0986765289380264 0.994330917304877 0.0396102199992028 12.7250852584839 -0.995098537074041 -0.0983374970972916 -0.0104229639614998 -31.7968902587891 -0.00646870542267913 -0.0404445738793546 0.999160844055586 0.116785854101181
-0.0842022599634471 0.994151120449895 0.0676278723993767 12.6409301757812 -0.996141163642042 -0.0822961685901831 -0.0304979135885542 -32.2154808044434 -0.0247540201770707 -0.0699349007548769 0.997244377342624 0.099268823862076
-0.0902571622794617 0.995864824810326 0.0103390213636583 12.5868444442749 -0.995769731616909 -0.0900593904983943 -0.0182194340924062 -32.4861335754395 -0.0172129675782164 -0.0119397189479898 0.999780554351101 0.10261332988739
-0.110751200731101 0.993845792151292 0.00217093523409985 12.4763813018799 -0.993363879390993 -0.110628786188643 -0.0314559181666043 -32.915397644043 -0.0310221639782924 -0.00564030935310269 0.999502782513638 0.0721710845828058
-0.11400775300525 0.993412461665731 0.0115720897821309 12.3772134780884 -0.993465185826035 -0.113935026070195 -0.00676272031246865 -33.2653121948242 -0.0053997042821526 -0.0122674708728278 0.999910172141503 0.0765033364295961
-0.153285955042561 0.986943853518469 0.0494494285993778 12.2935466766357 -0.98784132700787 -0.15172752830802 -0.0338861300367684 -33.7163505554199 -0.0259408681816886 -0.0540424569727728 0.998201625024888 0.04556817188859
-0.0942547561578909 0.995071388728597 0.0308053936082308 12.1615228652954 -0.990862956463371 -0.0907677979548674 -0.0997587508096047 -34.0758666992188 -0.0964709409629913 -0.0399266601178445 0.994534674790954 0.000149074068758826
-0.0779186807790915 0.995740361841451 0.0492931129621879 12.0154628753662 -0.99400821008277 -0.0737912198657547 -0.080638292136996 -34.3832130432129 -0.0766574032543088 -0.055280988328546 0.99552380928621 0.0072601088322701
-0.170306034252162 0.984428912641715 0.0435381516873655 11.8885154724121 -0.983655432580543 -0.167218640729246 -0.0667826036288513 -34.7938079833984 -0.0584623353287078 -0.0542000198128565 0.996817191465015 0.00818999949842711
-0.165832388633017 0.985943551821324 0.0203698675062103 11.8167343139648 -0.985550282438173 -0.16497287935085 -0.0384003888616581 -35.0474395751953 -0.0345001400910883 -0.0264435568833392 0.99905479260802 -0.00690538063645343
-0.00225546436110813 0.999914805095561 -0.0128567270805241 11.6801042556763 -0.999989832222391 -0.00220505611430883 0.00393359623856556 -35.4924278259277 0.003904911311551 0.0128654684423095 0.999909611609674 -0.0111207664012907
-0.107865236263247 0.994012860286244 -0.0174219514243943 11.5647754669189 -0.993711161305456 -0.108329138307874 -0.0283359434364891 -35.9610748291016 -0.03005359716966 0.0142559243486232 0.999446621845374 -0.033095236867666
-0.0363979227079074 0.998821615566931 0.0321025154592911 11.4489345550537 -0.999275138681376 -0.0360183590898649 -0.0123237584279378 -36.4016494750977 -0.0111529563733487 -0.0325278047943351 0.99940860186382 -0.0712485462427137
0.0112922909848332 0.99914113126579 0.0398683330129398 11.3433637619019 -0.999397953431992 0.0125853136817034 -0.0323317267630131 -36.8343925476074 -0.0328057135307078 -0.0394792311532271 0.998681718800986 -0.0922625958919523
-0.147770625522529 0.98892796935138 0.0136129962622652 11.2351245880127 -0.987565786083106 -0.146792569397233 -0.0562650844468925 -37.2486877441406 -0.0536438290089165 -0.0217580560784855 0.998323057233954 -0.105369664728641
-0.0819538584440069 0.996573060385305 0.011211618991299 11.119704246521 -0.996547880935142 -0.0820911129839236 0.0123842711832038 -37.6817207336426 0.0132622053150344 -0.0101579763401507 0.999860454977021 -0.10327285528183
-0.330351738647413 0.943325649774053 -0.0316930158077751 11.0309553146362 -0.943508845505001 -0.329130242329917 0.0382667223272517 -38.1194686889648 0.025666850731099 0.042544119008511 0.998764842548704 -0.123751692473888
-0.472613755324493 0.879803369897696 -0.0508160269475888 10.9076719284058 -0.879408016514577 -0.467084628891785 0.0920515613279951 -38.6125450134277 0.0572518887721451 0.0881928555478371 0.994456756959467 -0.133889749646187
-0.31717018057898 0.948336543635958 0.00780234298795844 10.776650428772 -0.94732497838762 -0.31642455447493 -0.0495064303726126 -39.5360221862793 -0.0444799041634924 -0.0230933178635428 0.998743328786561 -0.173743933439255
-0.163167464754226 0.985339610863055 0.0498219801886908 10.6387233734131 -0.985320711810994 -0.160179062858109 -0.05904034805262 -40.2347946166992 -0.0501943554790282 -0.0587240928933071 0.997011538344418 -0.215456292033195
-0.17944234303367 0.982941721091143 0.0403239192659683 10.454083442688 -0.983766253771359 -0.179203696884092 -0.00948646212985657 -41.0696983337402 -0.00209844400766999 -0.041371583985342 0.999141625882582 -0.252006411552429
-0.274132799352105 0.961689676516326 0.00204313516487256 10.1829814910889 -0.959623030735776 -0.273403181584283 -0.0661387872664442 -41.9768676757812 -0.063046389276966 -0.0200914504582216 0.997808341525376 -0.294677257537842
-0.334543956293369 0.94077980818002 -0.0548971204012097 9.92047023773193 -0.939178616021231 -0.337638949376389 -0.0627970307614392 -42.8801765441895 -0.0776135846100752 0.0305498344475507 0.996515348150344 -0.29866749048233
-0.246017909244515 0.968843888834153 -0.0285780930027343 9.77869892120361 -0.967961896117396 -0.247108804128528 -0.0445758520612229 -43.888256072998 -0.0502489402452706 0.0166960471634511 0.998597159025271 -0.335890293121338
-0.240482479566297 0.97051496981376 -0.0163972677310069 9.50251960754395 -0.970317593410024 -0.240809332316986 -0.0222403549438017 -44.816577911377 -0.0255332125010576 0.0105621416599305 0.999618175216383 -0.385745018720626
-0.21834677995077 0.973350653102361 0.0700941494729545 9.26232719421387 -0.975793429090744 -0.218672489085984 -0.00308646403941413 -45.623851776123 0.0123234503470753 -0.0690713299578534 0.997535605354213 -0.404442369937896
-0.206870751816686 0.978345339782644 0.006699863310662 9.11947917938232 -0.97725070500587 -0.206302379907165 -0.0491974349958434 -46.4623603820801 -0.0467498835114007 -0.01672495650883 0.998766601474763 -0.451001197099685
-0.154854011812306 0.987330908957744 0.0346108544001599 8.98961925506592 -0.982080597002613 -0.150032441348526 -0.114052477105899 -47.1435966491699 -0.107414784907036 -0.0516521321890593 0.992871653953168 -0.497947037220001
-0.211947999425383 0.975753625904236 0.0546159965057333 8.76626968383789 -0.976297227742665 -0.208896882829458 -0.0566199209300267 -47.7894058227539 -0.0438379817232125 -0.065321924947693 0.996900836332061 -0.497449576854705
-0.249835766431684 0.967872082232918 0.0283852469710605 8.60105133056641 -0.967934970237948 -0.248845503522834 -0.0343192186235245 -48.4468421936035 -0.0261530725146238 -0.036049241470275 0.999007742205966 -0.497269511222839
-0.13568805285227 0.988075184348232 0.0727748747052652 8.45632171630859 -0.990692306650963 -0.136117081205495 0.000945381770122288 -49.0124473571777 0.0108400117967693 -0.0719692314764041 0.997347945235233 -0.520204842090606
-0.233817153452176 0.972252692243019 -0.00736486101184304 8.25747966766357 -0.970957418092426 -0.233887304557754 -0.0503827452407872 -49.716609954834 -0.050707307193452 -0.00462938364263833 0.998702827573988 -0.562683165073394
-0.174816604884554 0.982545608210229 0.0635868102945096 8.11087512969971 -0.984582363722085 -0.174050877993535 -0.0174316068424836 -50.2772598266602 -0.0060600085865619 -0.0656537863072015 0.997824060964386 -0.575327396392822
-0.211764065853837 0.977193129626243 0.0157977157943724 7.94385290145874 -0.975743396922155 -0.210476631012872 -0.0602030826476891 -50.8698883056641 -0.0555049887475443 -0.0281633664312209 0.998061130901006 -0.605817854404449
-0.181943022521072 0.983248075654496 -0.0109525466274719 7.70380973815918 -0.983212723141026 -0.182069833155914 -0.0119715040068313 -51.5088500976562 -0.0137650866145032 0.00859055157179972 0.999868353741725 -0.628364443778991
-0.262178706243505 0.964867708364554 0.0171064709339863 7.6437668800354 -0.964888317561009 -0.261809821605108 -0.021122309186915 -51.8403930664062 -0.0159015919570264 -0.022043653654401 0.999630540103091 -0.611313760280609
-0.146418619739536 0.988472789418591 0.0385114576794779 7.53696060180664 -0.989221530864142 -0.146367782991532 -0.00415150297437267 -52.2749557495117 0.00153318895495966 -0.038704220456855 0.999249534726164 -0.646043479442596
-0.109786901350507 0.99350577989514 -0.0298848056176201 7.431396484375 -0.991242598033361 -0.111657556645025 -0.0705032048075479 -52.7232818603516 -0.0733822058535047 0.0218827639710309 0.997063787580846 -0.686679720878601
-0.187917557573021 0.981728516404375 -0.0299351237554607 7.33307838439941 -0.9798939792082 -0.189472576396243 -0.0625134569935872 -53.2149658203125 -0.0670431284123106 0.0175858713811473 0.997595086225096 -0.690839827060699
-0.114618220446572 0.992954202763834 -0.0300768142478629 7.19861364364624 -0.99282723907653 -0.115535067789318 -0.0307525845839345 -53.8880157470703 -0.0340108348814816 0.0263362739307801 0.99907440352864 -0.710931360721588
-0.0694260918130456 0.995794748889187 0.0597732035304081 6.9880428314209 -0.997035828217575 -0.0672713892045279 -0.037337882170633 -54.7370834350586 -0.033159840561464 -0.0621882487228411 0.997513431836747 -0.719696462154388
-0.200063072077557 0.979026498345598 0.038495229938875 6.88462591171265 -0.979667615220039 -0.200488063878944 0.00747662565292852 -55.1322326660156 0.0150376487514473 -0.0362167334146659 0.99923081284596 -0.724528193473816
-0.0988844978587735 0.995029893353254 0.0117203846622351 6.80684947967529 -0.994763575961598 -0.0985385689161041 -0.0271215481870169 -55.4925575256348 -0.0258318412683396 -0.0143409124318761 0.999563431807761 -0.774611949920654
-0.0548288127839233 0.997938671672716 0.0333497956335686 6.70606231689453 -0.997667661507613 -0.0533927642647106 -0.0425258733726143 -55.9118461608887 -0.0406575758086494 -0.0356036557711191 0.998538602771618 -0.780110239982605
-0.115511533916356 0.993248088570006 0.0107387189329244 6.56330490112305 -0.991323933230518 -0.11459163251416 -0.0643864672281059 -56.6079368591309 -0.0627211681704569 -0.0180829286834173 0.997867257080602 -0.811756134033203
-0.215891376632488 0.976412222795237 -0.00317563722631093 6.31952524185181 -0.9746026815122 -0.215687190870603 -0.0602382676010719 -57.4979629516602 -0.059502325038264 -0.00990993796207901 0.998178975156574 -0.827731788158416
-0.145167530281459 0.989359206039818 -0.00973393939997089 6.1227650642395 -0.986614826770225 -0.145489444607028 -0.0736478452169354 -58.1037635803223 -0.0742803591075108 -0.00108762686579956 0.997236805036126 -0.875934839248657
-0.18779580609273 0.981675784894664 -0.0323324692132817 6.05000495910645 -0.97941627811773 -0.189640710404622 -0.0691386658480096 -58.3709297180176 -0.074003306493657 0.0186829951741256 0.997082973638267 -0.90155005455017
-0.165161311951347 0.986026833821066 -0.0217445169942789 5.82304716110229 -0.980037622114619 -0.166552279452747 -0.10856609714371 -59.176872253418 -0.110670683897919 0.00337952569141147 0.993851386542107 -0.903376698493957
-0.24207239260812 0.970078227602511 0.0186866013108769 5.68722629547119 -0.968125061580637 -0.240218999492323 -0.0709133092049412 -59.9355659484863 -0.0643025806361474 -0.0352571214718251 0.997307431792751 -0.922727525234222
-0.27158998134508 0.961549668377623 0.040756806497355 5.42990493774414 -0.961663466365988 -0.272806082525794 0.0279323968517133 -60.8491706848145 0.0379770916465623 -0.0316081726743741 0.998778586039096 -0.89813619852066
-0.241378899255388 0.968959798853861 0.0534147470212327 5.26796913146973 -0.967129750130016 -0.244729333446896 0.0690478078152392 -61.2568168640137 0.0799767054066951 -0.0349923070934628 0.996182345274482 -0.929522454738616
-0.256371277528669 0.965788872101255 0.0390592189336066 5.12540817260742 -0.966534005520644 -0.256537326534579 -0.000785026566427407 -61.6971206665039 0.00926197767959681 -0.0379533215921356 0.999236589176751 -0.964012324810028
-0.384104626881385 0.923254800129796 -0.00801309213743195 4.88498878479004 -0.923260562015957 -0.384146891758113 -0.00459349306732788 -62.179874420166 -0.00731916896173926 0.00563379000958286 0.999957344178159 -0.976231753826141
-0.495474171224692 0.868271678195437 0.0246908584881778 4.44416856765747 -0.867985582952066 -0.493822211882139 -0.0523512257659131 -62.9307327270508 -0.0332621922994568 -0.0473699893974105 0.998323449923883 -0.999462962150573
-0.544950874477141 0.836665999059251 -0.0549413362122214 3.80379867553711 -0.837569465455283 -0.546229685571419 -0.0105129033810384 -63.7569580078125 -0.0388063776143852 0.0402881697118787 0.998434238414186 -1.05969548225403
-0.635629899688457 0.771321439850452 0.0322159440194992 3.13335752487183 -0.771820044706281 -0.634047474279876 -0.0477244062184485 -64.5431518554688 -0.0163844197833162 -0.0551999708907086 0.998340880662527 -1.11527979373932
-0.751040662271204 0.658372335665246 -0.04983764888034 2.27192997932434 -0.657276962630411 -0.752681345303742 -0.0381809746744435 -65.2310104370117 -0.0626491660804188 0.00408167397505666 0.998027265122045 -1.14634931087494
-0.916468178903489 0.397501810233322 0.0455893399662078 1.87920153141022 -0.397862306376102 -0.893335902040756 -0.208941502076821 -65.6561813354492 -0.0423280311662509 -0.209626517850823 0.976864914300502 -1.17902100086212
-0.999476438869965 -0.0166507065717338 0.0277417035251127 1.19668960571289 0.0158332355109243 -0.999441413031625 -0.0294307759089634 -66.0710678100586 0.0282162505848816 -0.0289761261732833 0.999181778914588 -1.19938099384308
-0.976919010693526 -0.196611410041565 -0.0835056883514521 0.549913227558136 0.189858063069139 -0.97834977492358 0.0823749585408948 -66.3264999389648 -0.0978936281543226 0.0646194347580293 0.993096755718362 -1.24528849124908
-0.951503061279782 -0.295595620064604 -0.0852358714029805 -0.25987982749939 0.29644289108227 -0.955046388328961 0.00282992342520632 -66.5791549682617 -0.0822407241090975 -0.0225748873403449 0.996356782362414 -1.33076858520508
-0.928942106902345 -0.365375969896089 -0.0597240541685263 -1.06110394001007 0.365522945283499 -0.930760373413382 0.00883763286510023 -66.5904769897461 -0.0588178416393302 -0.0136208628902154 0.998175802952074 -1.36019718647003
-0.947884015309092 -0.314593391202761 -0.0504667388787779 -1.89868783950806 0.316558072121523 -0.947845786247039 -0.0371396347375169 -66.4463272094727 -0.036150802151772 -0.0511797196678369 0.998034947182966 -1.3858779668808
-0.937461252531017 -0.338962313891484 -0.0791893286011959 -2.61086869239807 0.340534182235569 -0.940207150272191 -0.00685458286096818 -66.3854675292969 -0.0721309277087838 -0.0333925790914128 0.996836027102499 -1.44328773021698
-0.946534641537736 -0.318935747827384 -0.0484990837729628 -3.41306328773499 0.315263327116052 -0.946373498956175 0.0706132781363626 -66.2402038574219 -0.0684193462753514 0.051547931396262 0.996324045591604 -1.44669842720032
-0.961340413360738 -0.261331656617325 -0.0867777326798189 -4.06812810897827 0.261021462901112 -0.965214825331101 0.0151042002772199 -66.0740280151367 -0.0877063597715062 -0.00813057259334202 0.996113190478339 -1.47181618213654
-0.95589325181592 -0.286373451676037 -0.0652559369554947 -4.44892597198486 0.285374741368723 -0.958106803673373 0.0243435770487274 -65.992057800293 -0.0694935113627258 0.00464746489449142 0.997571577857215 -1.51804101467133
-0.927410225870117 -0.355904494276288 -0.115075035978607 -4.82709264755249 0.357627048653011 -0.933845094616507 0.00601941296335147 -65.9215240478516 -0.109604593988002 -0.0355714803547209 0.993338564016367 -1.50915253162384
-0.955820250004508 -0.254403660895658 -0.147263121670726 -5.28003406524658 0.253377019323845 -0.967017927219712 0.0260079702063803 -65.7789764404297 -0.149022601506898 -0.0124541462404811 0.988755358256802 -1.50985264778137
-0.937259959751204 -0.318554917055688 -0.141656389431667 -5.63559913635254 0.315143612641875 -0.947903821589239 0.0465064342596069 -65.6728820800781 -0.149091486202936 -0.0010534876169688 0.988822845056505 -1.55532944202423
-0.888206627235982 -0.434632424352313 -0.148941743764844 -6.10152864456177 0.438196373582075 -0.898826529967547 0.00973689919925316 -65.5693817138672 -0.138104762820116 -0.0566173535952398 0.988798032845065 -1.53244066238403
-0.929023665983935 -0.330844900880812 -0.165700572126154 -6.52523040771484 0.33016819155731 -0.943364914937799 0.0324284219192826 -65.4020233154297 -0.16704488416454 -0.0245822868253783 0.985642794245913 -1.50525617599487
-0.892344201375842 -0.435023579169996 -0.120317545840316 -6.76995515823364 0.434198927485319 -0.900160789216293 0.0343779715530079 -65.309326171875 -0.12326036524978 -0.0215647657911406 0.992140032069498 -1.52846932411194
-0.862156251011447 -0.478205967762305 -0.167348890759407 -7.16092586517334 0.489836802166486 -0.871141306767705 -0.0342451585828774 -65.2551422119141 -0.129408292180977 -0.111498323034802 0.985302805169675 -1.51196944713592
-0.93528027264656 -0.33044026708697 -0.126728218979316 -7.59266805648804 0.33791738429408 -0.94022523827308 -0.0422888011910559 -65.1314697265625 -0.10517914712539 -0.0823755497816046 0.991035627920689 -1.49787676334381
-0.961016241495613 -0.263918579496826 -0.0824303765490801 -8.00782108306885 0.267644374392828 -0.962775878245639 -0.0378034009608923 -65.0966949462891 -0.0693849582944117 -0.0583917088696321 0.995879579014334 -1.5169163942337
-0.959442785544257 -0.262270327906826 -0.103362548182228 -8.47157192230225 0.26612142599433 -0.963610812380631 -0.0251711916659757 -65.0646591186523 -0.0929996123315679 -0.0516573069641343 0.994325195669602 -1.50976371765137
-0.972897955869127 -0.20104242754296 -0.114243204582628 -8.97049236297607 0.206760850737877 -0.977552621750187 -0.0405070649576634 -64.9957275390625 -0.103535105485162 -0.0630302628660943 0.992626650808453 -1.49358534812927
-0.960845570331168 -0.252069431571221 -0.115051256587376 -9.6970386505127 0.257224901539431 -0.96581609197832 -0.0321656105764434 -64.989387512207 -0.103010387840269 -0.0605002325870487 0.992838648448936 -1.51389145851135
-0.948574632763473 -0.243730483116161 -0.201994103076317 -10.3196706771851 0.255970547707157 -0.965996840749219 -0.0364579534398918 -64.9611663818359 -0.186239750816363 -0.0862876309936139 0.978707923720539 -1.52902054786682
-0.931713428883315 -0.316046203215717 -0.178954977218921 -11.0757684707642 0.323222251162564 -0.94625090901198 -0.0116873242192132 -65.0274200439453 -0.165642575420389 -0.0687314675161993 0.983787844294272 -1.53450405597687
-0.941132689415499 -0.295961792267534 -0.163327518904006 -11.8055973052979 0.305601585431691 -0.95144579880897 -0.0368586883976809 -65.0492477416992 -0.144488518212301 -0.0846020652617259 0.985883136410328 -1.5358293056488
-0.948484038517828 -0.306124221666106 -0.0816455117335456 -12.5945177078247 0.308343952934274 -0.951143456898406 -0.015815533130978 -64.9301910400391 -0.0728150765005288 -0.0401756805626456 0.996535939806262 -1.49123358726501
-0.884395024673181 -0.458410564789652 -0.0877792368533414 -13.2423505783081 0.459162387403753 -0.888262661641373 0.0126232296766653 -64.8867874145508 -0.0837576404097471 -0.0291410024367102 0.996059967898507 -1.49672698974609
-0.918925928158631 -0.381622587251283 -0.0996962359241031 -13.7058019638062 0.382066774066363 -0.924007129915853 0.0153559115389186 -64.8183288574219 -0.0979801955107282 -0.0239796739824585 0.994899420305075 -1.50445508956909
-0.910668676333588 -0.395992638511065 -0.117781119836224 -14.0426473617554 0.397065360192899 -0.917664044417497 0.015225022765334 -64.7712631225586 -0.114112495721166 -0.0329018514428377 0.992922860292742 -1.52367544174194
-0.90047332996069 -0.429577356224124 -0.0679049118179148 -14.5107402801514 0.42996529975248 -0.902794981128442 0.00954269658194568 -64.7333526611328 -0.0654035399521041 -0.0206038119965064 0.99764615966431 -1.50332856178284
-0.938953426060735 -0.335850406680014 -0.0746389176078853 -14.8738012313843 0.339088603909252 -0.940077670528229 -0.0356776130520527 -64.677375793457 -0.0581840389426652 -0.0588088233778496 0.996572195029157 -1.52164471149445
-0.936964034434465 -0.333077899291348 -0.105629120889803 -15.2262887954712 0.340787802994963 -0.937848814225418 -0.0655993520230417 -64.6402893066406 -0.0772144514074672 -0.0974613495681213 0.992239494191903 -1.51384425163269
-0.913389296019768 -0.401877245630667 -0.0649205157159237 -15.5150327682495 0.404263802290828 -0.914195614747259 -0.0285859429483174 -64.6194305419922 -0.0478620107588027 -0.0523551088356256 0.997480912351176 -1.52115535736084
-0.918018563227415 -0.382104834716737 -0.106008550862504 -15.879448890686 0.382724465185489 -0.923736743023394 0.0152451086258518 -64.5813293457031 -0.103749223218079 -0.02657677321699 0.99424834614246 -1.52625560760498
-0.94547079330322 -0.308606511188259 -0.104148933085222 -16.2421398162842 0.305964496954587 -0.951165733099469 0.0408592068042918 -64.5150604248047 -0.111672313551325 0.00676531075121727 0.99372205618902 -1.49840319156647
-0.939092933810125 -0.333497395091528 -0.082969567523619 -16.5930652618408 0.332333957377533 -0.942749976924064 0.0278679346824252 -64.4477996826172 -0.0875134414914611 -0.00140302417687908 0.996162350764914 -1.5217912197113
-0.911339855738378 -0.406606408266409 -0.0642720475746929 -16.9635677337646 0.407777601852292 -0.913063473787507 -0.0057026540035949 -64.3691482543945 -0.0563657233639972 -0.0314057573031068 0.997916120542138 -1.48125064373016
-0.932406716047784 -0.356476209451383 -0.0595182994058251 -17.2310485839844 0.358581974765454 -0.9330419362933 -0.0291841136812064 -64.2895736694336 -0.0451296271012207 -0.0485536529338812 0.997800510896081 -1.49978744983673
-0.939761331655368 -0.327223237357859 -0.0988614811661871 -17.665454864502 0.330559451896583 -0.943593294977665 -0.0190300403316626 -64.1199111938477 -0.0870579593555975 -0.0505632930715178 0.994919225418125 -1.49565291404724
-0.900976419431395 -0.428076947068475 -0.0706513907656202 -18.024923324585 0.428587009320379 -0.903460111283545 0.00854416533883315 -63.9939727783203 -0.0674882735769404 -0.0225821767785509 0.997464474666415 -1.49462115764618
-0.912045965039719 -0.397786583661932 -0.0996894754391722 -18.448766708374 0.399973818608244 -0.91652406209103 -0.00214197014368999 -63.8475112915039 -0.0905157559914698 -0.0418267553932465 0.995016291550327 -1.52828764915466
-0.944730759429081 -0.316057320513183 -0.0871295721243909 -18.7636699676514 0.318097646901162 -0.948002491700616 -0.0102548898271321 -63.7464637756348 -0.0793579184738099 -0.0374038217225219 0.996144203866114 -1.49957060813904
-0.91436854914345 -0.401860796502742 -0.0493766804421284 -19.1269073486328 0.403325874557308 -0.914738467856784 -0.0241199986651452 -63.6529693603516 -0.0354738671402662 -0.0419694610068489 0.998488942899674 -1.49687969684601
-0.89580895515729 -0.429850262005798 -0.112938337660647 -19.5725193023682 0.43696356497726 -0.898241976934554 -0.0471613587067678 -63.5144195556641 -0.0811736332953479 -0.0915975061137097 0.992482109728624 -1.5331255197525
-0.916303596207668 -0.39298314948729 -0.0771489714509845 -19.9626693725586 0.398054415647016 -0.914874106745175 -0.0675133393569824 -63.3646202087402 -0.0440499916096173 -0.0925722043934816 0.994731112016169 -1.49390649795532
-0.889937110363895 -0.452225413534473 -0.059195565296194 -20.4182033538818 0.455400613655061 -0.888187303436806 -0.0611031512792027 -63.2349014282227 -0.024944351660347 -0.0813356586450865 0.996374573116464 -1.46612823009491
-0.966550624226325 -0.255030103066623 -0.0271944357825165 -20.9285011291504 0.254720813578769 -0.96690821214048 0.0143463035333653 -63.0477676391602 -0.0299532625513814 0.00693943982817637 0.999527211354148 -1.45701837539673
-0.939183350100574 -0.338810297117988 -0.0560554855539046 -21.3683815002441 0.339958804126275 -0.940362263760266 -0.0121171115659455 -62.9417037963867 -0.0486070611217808 -0.0304367452676701 0.998354124620425 -1.48587298393249
-0.925106688444019 -0.371669580432248 -0.0777131776306726 -21.801944732666 0.374716616941452 -0.926695961463913 -0.0286714491162734 -62.8166847229004 -0.061360182399442 -0.0556445683583827 0.996563399903948 -1.48162293434143
-0.937120874761092 -0.338158233419724 -0.0863335117868912 -22.204683303833 0.341870299416461 -0.939196597926545 -0.0321628484450979 -62.6575241088867 -0.0702080085453589 -0.0596553401939376 0.995746993930908 -1.45754587650299
-0.895802987361024 -0.434550981695969 -0.0932869344663808 -22.6540412902832 0.437175097285667 -0.899333839026964 -0.0087510167575443 -62.5162315368652 -0.0800933339818783 -0.0486219116046762 0.99560080733373 -1.45799601078033
-0.915462880053848 -0.389262316573715 -0.101992961223695 -23.0506076812744 0.391653013987677 -0.920105390711429 -0.00373986873269254 -62.3552627563477 -0.0923884834699741 -0.0433695616698426 0.994778090451677 -1.47442436218262
-0.938793427964419 -0.331470726673909 -0.0937766333853235 -23.4864749908447 0.333015730736874 -0.942920862305036 -0.000877787966312798 -62.1991958618164 -0.0881329830006932 -0.0320531556667781 0.995592874883705 -1.463911652565
-0.873997031010286 -0.467245504069782 -0.133457216784182 -24.0053596496582 0.472655487809645 -0.881187627734311 -0.0102544903044625 -62.0794715881348 -0.11280948377079 -0.0720416799814691 0.991001522055751 -1.4509961605072
-0.911270550630475 -0.403405132573523 -0.0827664338181207 -24.3807945251465 0.403255900383942 -0.914884588335708 0.0192579550144616 -61.9342727661133 -0.0834904926274098 -0.0158268455208489 0.996382882531455 -1.42674779891968
-0.918433545736642 -0.392403083696769 -0.0499964195806755 -24.8097152709961 0.391888922270327 -0.919792673921482 0.020112424075 -61.8195953369141 -0.0538785176802569 -0.0011211180302847 0.998546868417773 -1.45420563220978
-0.894236648424799 -0.442415999243786 -0.0678888814689427 -25.2199039459229 0.443449690473917 -0.896299247804302 -0.000174367515856192 -61.6698951721191 -0.0607716104161256 -0.0302612292969964 0.997692873267553 -1.45361733436584
-0.933823241979419 -0.35290716982645 -0.0585720259520938 -25.5165138244629 0.352960421582719 -0.935587149652368 0.00977886504189958 -61.5258827209473 -0.0582502663959356 -0.0115418755166991 0.998235288684166 -1.42285621166229
-0.886655879176162 -0.460876010907981 -0.0378768331819587 -26.0258464813232 0.461435207273219 -0.88714521096752 -0.00713611561825786 -61.3818969726562 -0.0303133866644695 -0.0238049832375794 0.999256934607906 -1.42069983482361
-0.890882109816589 -0.438992673572398 -0.116681185109258 -26.4327087402344 0.445017819722474 -0.895002092476722 -0.0305023702643834 -61.2908096313477 -0.0910395877527926 -0.0790992225754971 0.992700914903252 -1.4517331123352
-0.945080142649526 -0.307983858634063 -0.109405058340211 -26.728343963623 0.311611481394072 -0.95005132744882 -0.0173424299371863 -61.2267532348633 -0.0985992324155877 -0.0504818584603235 0.993845950504126 -1.43038654327393
-0.91714898035385 -0.389167492015071 -0.0859442318866915 -27.1562595367432 0.390548047299408 -0.920582185869586 0.000813517175549721 -61.1595802307129 -0.0794353232920528 -0.0328192354919391 0.996299617181103 -1.42414605617523
-0.915378568620512 -0.387439117701841 -0.109421232787251 -27.4691314697266 0.392568208813744 -0.919260411649401 -0.0291632817587824 -61.1197547912598 -0.0892876113412808 -0.0696507404741139 0.99356756026572 -1.44380056858063
-0.950024831334663 -0.286562606894018 -0.123833324180727 -27.8521671295166 0.296638733802853 -0.952262334501045 -0.0721242531917001 -61.0584449768066 -0.0972536963584662 -0.105253591961153 0.989678432584994 -1.43122589588165
-0.944923843165043 -0.309328598667357 -0.106933384238479 -28.2009983062744 0.3161508028432 -0.947185526078485 -0.0537424324814464 -61.023021697998 -0.0846616824768156 -0.0845895811191417 0.992812672303433 -1.43504357337952
-0.928127955704488 -0.353359340560368 -0.11711393716612 -28.5964221954346 0.356336873726482 -0.93434502186689 -0.00483865016285013 -60.9343910217285 -0.107715041951649 -0.0462229007235902 0.993106697785314 -1.43730163574219
-0.94882838626782 -0.293227390500997 -0.117227944076403 -28.9743690490723 0.297592455167783 -0.954456418958742 -0.0212526453803907 -60.8188209533691 -0.105657105958924 -0.0550512649121666 0.99287760282522 -1.41614067554474
-0.899034608728264 -0.424286544854411 -0.108248326381165 -29.3862438201904 0.425424938206354 -0.904892907932704 0.0135072989607554 -60.6588592529297 -0.103684108044275 -0.03390800832549 0.994032118550735 -1.42650902271271
-0.896311337824486 -0.433339117199576 -0.0940382645095706 -29.7666912078857 0.435322401681549 -0.900274400141854 -0.000641126690534871 -60.5443153381348 -0.0843824168976452 -0.0415116122779794 0.995568377242163 -1.41987991333008
-0.951352354039025 -0.29562605818467 -0.0867982268632222 -30.0651416778564 0.29594535591848 -0.955158006177215 0.00946200538208546 -60.4629707336426 -0.085703236664021 -0.0166858310479524 0.996180976664155 -1.40275979042053
-0.899992640334769 -0.429075473531953 -0.0768601675549932 -30.5877780914307 0.433153110707225 -0.90008073285858 -0.0472552327411031 -60.4198875427246 -0.0489042945752801 -0.0758215823502233 0.995921411368388 -1.39877045154571
-0.937982110611969 -0.324585217024483 -0.121794897516628 -30.9878940582275 0.334599781090106 -0.939528205812082 -0.0730050476198979 -60.3682556152344 -0.0907333823152762 -0.109229974698795 0.989866792028569 -1.42179560661316
-0.948214396945995 -0.286713253536318 -0.136692968622975 -31.3706512451172 0.298621525263628 -0.951336116777806 -0.0760577252049303 -60.2941246032715 -0.108234200110535 -0.112938492821283 0.987689351347725 -1.42192256450653
-0.901301784419996 -0.408735563559907 -0.143493318599493 -31.8827724456787 0.418766049528714 -0.906869629373485 -0.0471430915629486 -60.2199058532715 -0.110860674557955 -0.102580282712436 0.988527792444498 -1.41255104541779
-0.945849345026646 -0.29968245228015 -0.124737501610461 -32.2924575805664 0.298515594080604 -0.9539824788889 0.0283878506353352 -60.1185874938965 -0.127504731690116 -0.010385459467231 0.991783588101903 -1.40759813785553
-0.882871088531127 -0.459787344962011 -0.0955732098898421 -32.8602867126465 0.462983302142529 -0.88626906479357 -0.0131759905559374 -60.034008026123 -0.078645425633431 -0.0558815014357564 0.995335197219621 -1.40328288078308
-0.919906347439037 -0.381260484104438 -0.0917210728339921 -33.3381156921387 0.385351194207232 -0.922237766582207 -0.0313362252436789 -59.9230003356934 -0.0726413729525341 -0.064171217456987 0.995291558180646 -1.38880276679993
-0.886355087136421 -0.4526402926784 -0.0974239444459116 -33.901008605957 0.455101988648503 -0.890432628424902 -0.00345169009292409 -59.7730979919434 -0.0851870849105984 -0.0473972539323973 0.995236987297047 -1.41667056083679
-0.900149086496942 -0.419990856084294 -0.11549589985927 -34.4530029296875 0.426417326986403 -0.90377325737019 -0.0369074858023129 -59.6666831970215 -0.0888812990706816 -0.0824716925257301 0.992622050232338 -1.40310657024384
-0.887468076618675 -0.455605219590339 -0.0694571584848384 -35.0907440185547 0.45797634547762 -0.888684142170074 -0.0223195528271275 -59.5342864990234 -0.0515565705387078 -0.0516176262286259 0.997335219821705 -1.39339089393616
-0.881272074205396 -0.460522347650649 -0.106201217224914 -35.4820556640625 0.466535424057851 -0.883608074808039 -0.0397676782474523 -59.4191741943359 -0.075526348547244 -0.0845927742089502 0.99354910962003 -1.40822458267212
-0.899485238376505 -0.433405463254963 -0.0555518709272097 -36.1157684326172 0.43426415799675 -0.900777459907656 -0.00382214621449037 -59.219123840332 -0.0483833341362105 -0.0275621505521996 0.998448486820828 -1.39792084693909
-0.893458551426156 -0.441130815416856 -0.08447141867599 -36.5959129333496 0.442921057445122 -0.89655637355143 -0.00275788252157051 -59.100959777832 -0.0745168018313259 -0.0398782238065851 0.996422086021212 -1.39760601520538
-0.918545263274168 -0.387315917627717 -0.0791263500282265 -37.0596313476562 0.382135070051381 -0.921205599195153 0.0731644192782586 -58.9707565307617 -0.101229380880336 0.0369678774573032 0.994176034957032 -1.41225731372833
-0.876878435527104 -0.475708368405468 -0.0691791698168278 -37.5619277954102 0.475755060470625 -0.879416221746525 0.0168591626618859 -58.9054756164551 -0.068857328906444 -0.0181289039402611 0.997461784279375 -1.38029539585113
-0.927916175940271 -0.363559503395372 -0.0824382066719946 -37.9689407348633 0.367414178183032 -0.929311867247887 -0.0372327149471071 -58.829948425293 -0.0630744964186868 -0.0648378044288676 0.995900430273214 -1.36215615272522
-0.863165033609862 -0.497994223718478 -0.0833539314988577 -38.575626373291 0.504358929037878 -0.858166354728063 -0.0957735783633149 -58.7889022827148 -0.0238368507368476 -0.124708703608768 0.991907023763402 -1.36661863327026
-0.897434261723054 -0.431032419376739 -0.0939297574351848 -38.9841575622559 0.436173250880986 -0.898853603905094 -0.0426039195701055 -58.7230796813965 -0.0660654304573126 -0.079203864760873 0.994666832012323 -1.35562455654144
-0.909793678620421 -0.407742082223207 -0.0776006232359277 -39.4624862670898 0.408565393904217 -0.912711387767868 0.00567816367717396 -58.6301193237305 -0.0731421988062501 -0.0265389717799346 0.996968355430929 -1.37287271022797
-0.831848551257539 -0.551506019424644 -0.0622020764051965 -40.1236457824707 0.553399349592162 -0.832732572405602 -0.0174820686911207 -58.4224548339844 -0.0421562289787209 -0.0489650221396112 0.997910456386324 -1.34369540214539
-0.571429128894813 -0.811743920451148 -0.120584237200042 -40.8668441772461 0.819028892212364 -0.573344461111073 -0.0216287455632806 -58.0120239257812 -0.0515793017779699 -0.111121269448536 0.992467449896591 -1.33203673362732
-0.51458954353325 -0.854543074658098 -0.0703827765872147 -41.2292022705078 0.854057178853347 -0.518112347811039 0.0463241869307605 -57.568920135498 -0.0760521987539102 -0.0362729734046929 0.996443844110183 -1.31309056282043
0.244934901022352 -0.969533902553502 -0.00330243251958737 -41.4304389953613 0.962965899262289 0.24287682010369 0.117079148930505 -56.8725929260254 -0.112710119861271 -0.0318568996560519 0.993117096230431 -1.3307421207428
0.63589940842219 -0.768884805521624 0.0666940642507461 -41.2117118835449 0.761201473124559 0.639097194747392 0.110123081045777 -56.3646621704102 -0.127295953122279 -0.0192595821343066 0.991677774690299 -1.31221544742584
0.990279341486274 -0.0267635839882735 0.136493722923855 -40.6531028747559 0.0194134059824471 0.998303127486922 0.0548997752089252 -55.9396362304688 -0.137731425221959 -0.0517163051844625 0.989118536012947 -1.30194711685181
0.930634345027923 0.343026857823389 0.127484472255492 -39.7298126220703 -0.349858179449479 0.936147336763828 0.0350345278587825 -55.8346862792969 -0.107326465173997 -0.0772058202586048 0.991221615579206 -1.2624249458313
0.90500978207117 0.417495217512071 0.0815784144859494 -38.8576240539551 -0.417344570513156 0.908534548373992 -0.0197099942682808 -55.9778900146484 -0.082345636306256 -0.016208570739422 0.996472015871948 -1.26813197135925
0.859101622941044 0.505321924996957 0.0812043938308352 -38.0000877380371 -0.508695644709515 0.860528862689794 0.0268107726740904 -56.1622352600098 -0.0563306534103356 -0.0643414997896365 0.996336804946593 -1.25415766239166
0.788235374707406 0.615005543689587 -0.0212879141991407 -37.1021728515625 -0.615234777593338 0.788320998805782 -0.00601425652349737 -56.4158668518066 0.0130829086808363 0.0178377149021198 0.999755296773925 -1.27074372768402
0.811116932484775 0.570227295901675 0.130115920798153 -36.1308326721191 -0.576532011745162 0.816959758749942 0.0136964234861996 -56.5447731018066 -0.0984893967367261 -0.0861253945819723 0.991404183538952 -1.30148351192474
0.885906916144824 0.440223544675131 0.14619222496573 -35.128849029541 -0.447171202905937 0.894289472461963 0.0168598557337104 -56.5720138549805 -0.123316062288838 -0.080309215893119 0.989112520709453 -1.32841897010803
0.858612284428093 0.485446025364921 0.164703070665281 -34.1314506530762 -0.493541268537075 0.869669263405318 0.00961189569576769 -56.6135444641113 -0.138571141584336 -0.0895406541491218 0.986296360114221 -1.31481897830963
0.849815319457496 0.499525582701782 0.168190710331454 -33.4802017211914 -0.508776419400408 0.860782059424246 0.0141704352598641 -56.5516777038574 -0.137697051084815 -0.0976137203460618 0.985652618178812 -1.31533885002136
0.86467264396388 0.484088321330523 0.134163019986543 -32.406436920166 -0.488339872086807 0.872652412210314 -0.0013916873789796 -56.4739456176758 -0.117751382627785 -0.0643137980134547 0.990958297444615 -1.27684307098389
0.96492850550985 0.24114738296459 0.103734849225595 -31.7265033721924 -0.236765026181986 0.970128339689875 -0.0528519338114516 -56.4059143066406 -0.113381222570455 0.0264375532131072 0.993199755411032 -1.27874171733856
0.964979689129117 0.258374286614137 0.0453533635457081 -30.9122428894043 -0.260078017860398 0.964886911788152 0.0367786906473067 -56.2277603149414 -0.0342581989322238 -0.0472861023616837 0.998293744510783 -1.21817433834076
0.938775676617458 0.344369999480987 0.0104657751217235 -30.2296504974365 -0.344378501707085 0.937034803552898 0.058045021255621 -56.0686111450195 0.0101821684044591 -0.0580954420591428 0.998259106173611 -1.18922650814056
0.989698148055742 0.128084839119715 0.0639675677411 -29.5200004577637 -0.128800582770457 0.991644546754712 0.00717654301410601 -55.9304695129395 -0.062513883362227 -0.0153416713339655 0.997926173375393 -1.20046806335449
0.979061338122322 0.194511700967798 0.060034110143671 -29.0003623962402 -0.196249039936434 0.980248271422297 0.0244875621005003 -55.6616668701172 -0.0540852153379864 -0.0357564617966029 0.997895918882141 -1.1885005235672
0.997772845449702 0.0406677323755826 0.0528723408469291 -28.5766506195068 -0.0441051177259992 0.996873429349487 0.0655599301964977 -55.4575538635254 -0.0500408580420201 -0.0677458589171463 0.996446893279314 -1.19292747974396
0.994563721576773 -0.0822592179465748 0.0638468854853265 -28.2059650421143 0.0814957625401256 0.996568561542443 0.0144755943998633 -55.260570526123 -0.0648185499017215 -0.00919365041992516 0.997854715066574 -1.20148050785065
0.994847497893299 -0.0912356175137381 0.0442099313766604 -27.7238426208496 0.0890326452343573 0.994799256478623 0.0494735019192376 -54.9866180419922 -0.0484937523606414 -0.0452824624602794 0.99779649958071 -1.18196749687195
0.957281868566841 -0.284175773918278 0.0534373804665353 -27.1672706604004 0.281959703932459 0.958351975223717 0.0453896127227349 -54.682071685791 -0.0641104474442195 -0.0283834653054745 0.997539086665658 -1.17612707614899
0.976804260524992 -0.208427101088292 0.0491078420637108 -26.8501224517822 0.206291395637915 0.977445863728443 0.0452044640043304 -54.4664649963379 -0.0574220924904764 -0.0340253877580894 0.997770001694743 -1.1372857093811
0.964130068130612 -0.258585897490609 0.0598877729209989 -26.5142021179199 0.253503662215956 0.963938059447449 0.0809895721175511 -54.297679901123 -0.0786708648074945 -0.0629027119261329 0.994914138940029 -1.15433037281036
0.923534831487303 -0.371191142706819 0.0964393623253718 -26.142915725708 0.36893318326004 0.928553800418373 0.040940762306157 -54.0965156555176 -0.104745984740859 -0.00223053908311066 0.994496507473036 -1.14568567276001
0.939388878524713 -0.341471578791608 0.0307521671049265 -25.7770385742188 0.342351483148936 0.939084663966625 -0.0302565015891672 -53.8315124511719 -0.0185471531456117 0.0389506711143444 0.99906899077588 -1.08988845348358
0.845093665406134 -0.530155765230866 0.0689315695664858 -25.4102306365967 0.531285377121246 0.847189873079524 0.00227310550487489 -53.5684623718262 -0.0596032276605909 0.0347013478697202 0.997618800799416 -1.10268867015839
0.813344810590106 -0.576938436267367 -0.0749150174765349 -25.0716438293457 0.579361504833995 0.81495161063399 0.0139326609646183 -53.1825828552246 0.0530138265232053 -0.0547349347531539 0.997092584023638 -1.09132897853851
0.719983158675127 -0.692829236211918 -0.0401484828380448 -24.6678352355957 0.693975782698254 0.719150800983248 0.0349247544515018 -52.8440284729004 0.00467592263971926 -0.053007309827625 0.998583176732067 -1.09408688545227
0.679500811739076 -0.733664469800134 -0.0038849194105003 -24.3384342193604 0.731803335725842 0.677380110435896 0.0749670848198314 -52.558952331543 -0.052369119397484 -0.0537831919724178 0.997178441200365 -1.10316288471222
0.706463829817602 -0.707741496351692 -0.00329112462767389 -23.9817752838135 0.705595779547834 0.703944289200022 0.0812221249842665 -52.179759979248 -0.0551674998865323 -0.0597026971295614 0.9966905913631 -1.08952736854553
0.634680185355508 -0.772668418517765 0.0128287701029347 -23.660062789917 0.767241246492572 0.632031665996216 0.108980928875523 -51.9189033508301 -0.0923143109036874 -0.0593252745741899 0.993961055474043 -1.0803530216217
0.638497361030127 -0.76949581299064 -0.0140468411907344 -23.4756126403809 0.767708390200369 0.63551508025882 0.0821243592339302 -51.612434387207 -0.0542673711683361 -0.0632200644850935 0.996523093497074 -1.11625874042511
0.669802131037632 -0.742420895052304 -0.0132785483838946 -23.2309513092041 0.737705901252313 0.663298359649379 0.125798606287812 -51.2072296142578 -0.0845878745149672 -0.0940558380760036 0.991966930300028 -1.10302484035492
0.5083744277775 -0.861129194080928 -0.00345720746147995 -23.0251770019531 0.858764817929661 0.506672694340183 0.0761955923679001 -50.8241882324219 -0.0638625764288877 -0.0417048188054017 0.997086896624498 -1.06943464279175
0.530614218306116 -0.847541347206551 0.0110551393792299 -22.900634765625 0.8459442990341 0.530342389780463 0.0558139098581432 -50.4264259338379 -0.0531676053917725 -0.0202636220170998 0.99837998345302 -1.0366199016571
0.496315766352784 -0.868100538170013 0.00849209624194881 -22.6726512908936 0.866642646725637 0.496009511310469 0.0538988642360199 -49.9403762817383 -0.0510017935570118 -0.0193912433454735 0.998510288747935 -0.986077368259429
0.488309162702962 -0.87257634590741 -0.0128328556138392 -22.5660972595215 0.869693144448538 0.485376696016775 0.0896844326684007 -49.7171592712402 -0.0720277454842666 -0.0549543767748507 0.995887554071112 -0.955282986164092
0.505319734514782 -0.862910005260344 0.00618778890264044 -22.4216461181641 0.861330223324501 0.504805407408757 0.0572865345316352 -49.3827323913574 -0.052556753111997 -0.0236182868234016 0.998338601993258 -0.947143495082855
0.546282995592835 -0.837582962574355 0.00544697450745739 -22.2924518585205 0.832087630504592 0.543420809026077 0.111013510343104 -49.0864715576172 -0.0959430241725431 -0.0561124328701781 0.993803970101758 -0.914506494998931
0.385475108917261 -0.92250233767586 0.0199593934727227 -22.1398735046387 0.92060081482362 0.385965127894522 0.0593722140016001 -48.8347282409668 -0.0624746360638641 -0.00451187676455202 0.998036353454497 -0.865117609500884
0.334427431095538 -0.942028756355959 0.0272050644050817 -22.0656242370605 0.939540498367687 0.335521602624189 0.0684755876170006 -48.6476554870605 -0.0736338594522738 0.00266014490976462 0.997281794866036 -0.874138295650482
0.268340531688477 -0.960591369753922 0.0725091677474643 -22.0037097930908 0.961600752093718 0.271600936523588 0.0394578870735138 -48.3805847167969 -0.0575964636582995 0.0591367198430407 0.996586923323934 -0.837231636047363
0.169540871217934 -0.98549982051551 -0.00678209042717798 -21.9906749725342 0.978904669340592 0.167602086804509 0.116855418539152 -48.121768951416 -0.114024301488107 -0.0264507894527188 0.993125779751728 -0.807661414146423
0.527119067104778 -0.84723276622229 0.0658948323764087 -21.9153842926025 0.837528322303188 0.531073929195033 0.128478757268883 -47.9006042480469 -0.143846440465505 -0.0125348142656913 0.989520631415398 -0.8868208527565
0.749272405959298 -0.658973870264366 0.0659113038618328 -21.7082614898682 0.654572961556979 0.752018046302471 0.0774796491598901 -47.8905754089355 -0.100623554233042 -0.0149096057699913 0.994812848725474 -0.916644275188445
0.698966145769533 -0.713623765595935 0.0467701640446412 -21.4342994689941 0.714871452008226 0.699034148162743 -0.0176087139234848 -47.8528938293457 -0.0201279450449987 0.0457425499843121 0.998750461801745 -1.00839817523956
0.451419070507954 -0.891921473391073 0.0263990167550168 -21.429126739502 0.891797648344769 0.451965778896929 0.0205885675274181 -48.0195083618164 -0.0302948376538606 0.0142485090444208 0.999439444289416 -1.01269817352295
0.294854760352878 -0.95521337573465 -0.0250614667340263 -21.5141448974609 0.952714901493687 0.291865184717125 0.0845519391966393 -48.2543144226074 -0.073450573647324 -0.0488069745799914 0.996103856263606 -0.931342959403991
0.260941857221916 -0.964866872703104 -0.0306800441608164 -21.6822681427002 0.960041812824184 0.256045045210984 0.112963057909034 -48.4067230224609 -0.101138839121438 -0.0589309153419263 0.993125411233713 -1.03051972389221
0.141333896672167 -0.989897090526977 -0.0113348938101268 -21.8866291046143 0.98759239821455 0.140194618742152 0.0707582070474906 -48.5555801391602 -0.0684542521710229 -0.0211947880850082 0.99742909337844 -1.00869917869568
0.212791531285925 -0.976967987571242 0.0159158874709751 -22.0150852203369 0.974591922942649 0.213383484679808 0.0681033934606138 -48.3422088623047 -0.0699310227863167 0.00101966999542458 0.99755130811661 -1.02584207057953
0.336451927620971 -0.941639407396142 -0.0107390334190714 -21.9250831604004 0.939211014619958 0.334711922274913 0.07648920906626 -48.0949974060059 -0.0684307709782807 -0.0358211603061104 0.997012574673781 -0.985737025737762
0.465893867690462 -0.884740692064515 -0.0132970618418082 -21.7760581970215 0.882939221425792 0.463855601783568 0.0725004273230155 -47.8735046386719 -0.0579761616221526 -0.0455180019245876 0.997279738179993 -0.995193123817443
0.671361844538364 -0.741052846981698 -0.0106748151443025 -21.3386764526367 0.741129293712882 0.671276215145486 0.0107523476783596 -47.8145866394043 -0.000802308351340297 -0.0151301341788738 0.999885211082271 -0.991444110870361
0.465774115094715 -0.882729524585341 0.0619924199646388 -21.2283592224121 0.881356566896282 0.469033588649562 0.0567282531664111 -47.5755043029785 -0.0791522311532282 0.0282148745141724 0.996463167989472 -1.00645267963409
0.580821293844276 -0.81393987604494 0.0121861725331926 -21.1080894470215 0.811882831244945 0.580310436945262 0.0639223364880473 -47.3001441955566 -0.0591007017450115 -0.027233709926249 0.99788046984441 -0.998366475105285
0.612642296357851 -0.79030240025184 -0.00956728120002591 -21.0725402832031 0.78362778369215 0.605802498819721 0.137589349331666 -47.0774536132812 -0.102941310168017 -0.09179024229167 0.990443152372174 -0.988015174865722
0.507842735193351 -0.861220195100243 -0.0198879828749668 -20.9702606201172 0.853564484707308 0.499943509047179 0.146574752969063 -46.8235969543457 -0.116290269402406 -0.0914125993126377 0.988999651126947 -1.00418353080749
0.346132350622269 -0.938164497951876 0.00630639638832466 -20.8793849945068 0.921156342377402 0.34111681616767 0.187377454955284 -46.5783958435059 -0.177942093813101 -0.0590482219066395 0.982267742898582 -1.02539956569672
0.451206681156271 -0.892352696204959 0.0109177129328376 -20.8436183929443 0.885101521092413 0.449036728852877 0.122316448203031 -46.3449821472168 -0.114051866446105 -0.0455267143208076 0.9924311009049 -1.08177220821381
0.428259784714057 -0.9034109026686 0.0210308757824001 -20.726203918457 0.895165745818563 0.427304053846974 0.126844523252041 -45.9794845581055 -0.123579303727467 -0.0354962886151068 0.991699636575908 -1.11671304702759
0.335510123182291 -0.940594244973927 0.0521097261951328 -20.5742855072021 0.928368387311113 0.339524618523405 0.151179267288542 -45.7362442016602 -0.159890883678739 -0.00234515211958794 0.987131908904766 -1.102010846138
0.535032866014802 -0.844720708030688 0.0136659323912081 -20.4753875732422 0.833825868207553 0.530596505973699 0.152321270203551 -45.4660453796387 -0.135920027192125 -0.0701018778110559 0.988236547055135 -1.08523166179657
0.810970369974196 -0.580530782778724 0.0728770832994706 -20.2250938415527 0.564826575894709 0.809285348256529 0.161332464991915 -45.1707496643066 -0.152636817927309 -0.0896729354021086 0.984205652528675 -1.0999219417572
0.852370442331361 -0.506888357052551 0.128564468358899 -20.0246982574463 0.496764255686293 0.861661478235993 0.103753415349118 -45.0539283752441 -0.163370448099659 -0.0245701121025053 0.986258792751166 -1.0758945941925
0.96056106206337 -0.201506154065575 0.191618673206427 -19.6590309143066 0.189696650186867 0.978716301336599 0.078291649656197 -44.9003868103027 -0.20331656832529 -0.0388544897239388 0.978341812288895 -1.1065274477005
0.973807689533163 0.152364201692747 0.168771247102739 -19.2439765930176 -0.159502618280102 0.986756686988815 0.0294983973234189 -44.7817192077637 -0.162041656890671 -0.0556452219457348 0.985213738590127 -1.06317543983459
0.946100652612209 0.261295938982032 0.19135826974095 -18.956563949585 -0.275641109298813 0.959844563500688 0.0521573847378612 -44.7730484008789 -0.170045682071823 -0.102092341483934 0.980133470410564 -1.08568143844604
0.960933254801931 0.190700171372634 0.200600908408247 -18.6948490142822 -0.195027021486911 0.980796135601303 0.00184425581067083 -44.7970924377441 -0.19639689586577 -0.0408948044132645 0.979671309300365 -1.06282997131348
0.908758548464817 0.366608502575689 0.199389333795289 -18.2378997802734 -0.369779905594714 0.928847338736756 -0.0224820537320685 -44.808292388916 -0.193444364121789 -0.0532994105113522 0.97966241676848 -1.08387053012848
0.883183320014501 0.433285217838609 0.179586033005668 -17.8179588317871 -0.439019838432879 0.898436225041263 -0.00859831355410768 -44.8443222045898 -0.165072119725084 -0.0712479440837075 0.983704694384098 -1.07497918605804
0.933061701223389 0.324857148719758 0.154478783772352 -17.5746459960938 -0.322547872639797 0.945686448094888 -0.0404970584761001 -44.9056091308594 -0.159244251279776 -0.0120405487975022 0.987165788314708 -1.03691017627716
0.927122176389291 0.344982234978181 0.146395790911638 -17.2513008117676 -0.350595471930898 0.936427961142346 0.0136194218798267 -44.9431457519531 -0.132390653403993 -0.0639525694577517 0.989132338846029 -1.0593147277832
0.899152340135872 0.425830222410517 0.100963809902335 -16.9912490844727 -0.428174547719395 0.903694414633279 0.00172094331869994 -44.9622116088867 -0.0905076014126788 -0.0447775238532097 0.994888610571103 -1.03126859664917
0.915515878040052 0.38161477947685 0.127282509173052 -16.6392440795898 -0.384400179365498 0.923162039750725 -0.00288971746946642 -44.9763946533203 -0.118605139687646 -0.0462818371298658 0.991862295075057 -1.05662512779236
0.930296527305065 0.339437499654975 0.139034366658449 -16.2980403900146 -0.335813747826691 0.940628374599059 -0.0494710791243079 -45.0666847229004 -0.147572009726535 -0.000666878632906428 0.98905108928617 -1.03407859802246
0.898339692693122 0.415632860675326 0.142250207939646 -15.9387283325195 -0.40941052327066 0.909510085381386 -0.0719334972372948 -45.1038398742676 -0.159275924003825 0.00638198373456233 0.987213477580376 -1.06246256828308
0.868572529956498 0.463429889634359 0.17554058675547 -15.5850915908813 -0.463344026159578 0.885084635084639 -0.0440170666824217 -45.1226654052734 -0.175767100525671 -0.0431036672520791 0.983487671626961 -1.06815910339355
0.927658705990189 0.351694141382248 0.125541053516418 -15.261643409729 -0.352300603290014 0.935712239947978 -0.0180800700504785 -45.1828918457031 -0.12382895510381 -0.0274560545042591 0.991923663871851 -1.01478600502014
0.917624427432948 0.37037266809186 0.144185633503726 -14.9484691619873 -0.375848819372228 0.926606119922022 0.0117797919997444 -45.2228088378906 -0.129240377416874 -0.0650014250118569 0.989480540279379 -1.04587757587433
0.851225981474191 0.508616765813213 0.129318652935321 -14.5996417999268 -0.517487721264771 0.854473768292785 0.0456183914635481 -45.2596435546875 -0.0872971179563998 -0.105752375071362 0.990553203196715 -1.04217052459717
0.88176433970865 0.441330666650544 0.166489915286046 -14.29665184021 -0.454183251519538 0.889660305911394 0.0471393055186932 -45.2861862182617 -0.127315447834538 -0.117182689674844 0.984915729381586 -1.0755295753479
0.926510605071228 0.318634274723228 0.200125704651224 -13.9924488067627 -0.328312566012139 0.944428865634213 0.0162781066281982 -45.3363990783691 -0.18381772952866 -0.0807856220405368 0.979634996099288 -1.08586025238037
0.918117403949176 0.361051588166107 0.163408026878601 -13.5761137008667 -0.368965445731289 0.929229805669571 0.0199115070148758 -45.3368072509766 -0.144654527830749 -0.0785730166025472 0.986357617013241 -1.07286989688873
0.941824179326094 0.296237962874775 0.158777468768505 -13.2766265869141 -0.305926438811354 0.951216799022548 0.0399451535671088 -45.3175621032715 -0.139198524679439 -0.0861955370602267 0.986506006123615 -1.06981897354126
0.98883003812003 0.0829743641736939 0.12381603531656 -12.9666223526001 -0.0833848612497706 0.996515659738317 -0.00187211395583131 -45.3075370788574 -0.123539955584811 -0.00847318041105838 0.992303423650158 -1.0185261964798
0.989273705587896 -0.0241784559021034 0.144058799462524 -12.6572666168213 0.026905592825477 0.999493204385899 -0.0170124501796912 -45.2274284362793 -0.143574456318327 0.0207059570316583 0.989422881702409 -1.05657291412353
0.990539442938904 0.0445374531690868 0.129799950876328 -12.4107809066772 -0.0487324269889687 0.998381367883807 0.0293222581364942 -45.1411972045898 -0.128283913808593 -0.035370319869486 0.991106542169044 -1.01955449581146
0.988733407387524 -0.0999785407576572 0.111402605462466 -12.1174459457397 0.0940351638996797 0.993912918729051 0.0573977171484944 -45.0569686889648 -0.116463028752548 -0.0462752781889819 0.992116405248051 -1.02346956729889
0.930171847495196 -0.348016897805783 0.116895564368424 -11.8495664596558 0.343076718166704 0.937346048590966 0.0606691902275505 -44.9741401672363 -0.130685498733934 -0.0163286261682347 0.991289400925946 -1.00445508956909
0.913329207934226 -0.39947122288352 0.0790727514519604 -11.6018562316895 0.398411442681172 0.916734129333657 0.029442460080107 -44.8168792724609 -0.0842501054892292 0.00461283023814606 0.996433962449217 -0.998585164546966
0.873636585840798 -0.481073667881933 0.0729879575755963 -11.4022798538208 0.472851723564534 0.874762782752754 0.105836295441153 -44.5922317504883 -0.11476220371918 -0.0579499782681708 0.991701283964197 -1.00396311283112
0.735248824233289 -0.675145382467667 0.0598989064687702 -11.2107696533203 0.670030294987592 0.737319975604739 0.0861316281807506 -44.3924713134766 -0.10231603130696 -0.0231940963784914 0.994481504921423 -0.971036076545715
0.629161371401842 -0.773429204298421 0.0772219831010873 -11.0852384567261 0.76359881199244 0.633588197115564 0.124430104072863 -44.165657043457 -0.145164813434551 -0.019320000366466 0.989218840563781 -0.994779527187347
0.660240714266275 -0.74848693507983 0.0620443973293516 -10.9756536483765 0.744269689011852 0.663118877837256 0.0795988936735832 -43.8868370056152 -0.100721543094614 -0.00637666610860747 0.99489421994802 -0.964160323143005
0.568070846415037 -0.8218402102062 0.0432918276529321 -10.879376411438 0.81122284471995 0.568040128949852 0.1387368303916 -43.604923248291 -0.138611001214821 -0.0436930290877582 0.989382590078965 -1.00642585754394
0.4315295904924 -0.901430772455709 0.0347098689044666 -10.7680368423462 0.892222652306496 0.432167082815241 0.131035686902945 -43.3523178100586 -0.133120063253529 -0.0255768450139644 0.990769838942682 -0.969202041625976
0.432169207015023 -0.901435009299385 0.025390953456388 -10.7058687210083 0.886299920826554 0.429772877484086 0.172533255118812 -43.0522689819336 -0.166439859561496 -0.0520595600103104 0.984676381031191 -0.998194515705108
0.532827398850751 -0.846011505758527 -0.0189603575423188 -10.6509838104248 0.835301466535892 0.522229697701718 0.171894161743093 -42.724910736084 -0.135522776819732 -0.107427533540346 0.984932942895356 -0.961071074008941
0.459204494281006 -0.887113731391895 -0.0464807487899506 -10.5703973770142 0.880894944075031 0.447981256897325 0.152764167826558 -42.4233055114746 -0.114696686679145 -0.111094649036942 0.987169007323561 -0.952472388744354
0.438673862278002 -0.897542486072743 -0.0445278367817346 -10.4868192672729 0.887849049259296 0.425212852275819 0.17583542302058 -42.1386604309082 -0.13888595423391 -0.116668401693961 0.983412007127589 -0.955626547336578
0.449922544064188 -0.892808039920729 -0.0215292404816172 -10.4398183822632 0.885667899416885 0.442968088162222 0.139182056359244 -41.8006057739258 -0.114726092434506 -0.0816889020786311 0.990032750464295 -0.94079566001892
0.517557348717696 -0.855228497863885 -0.0268068504265614 -10.3628520965576 0.848385882282931 0.508839230082097 0.14602750656117 -41.4941596984863 -0.11124650795114 -0.0983201625860197 0.988917266558601 -0.923039078712463
0.361651644194564 -0.932009804883094 0.0237867999769918 -10.2711324691772 0.922693254727016 0.361459165343129 0.134106038159042 -41.1867866516113 -0.133586099324121 -0.0265517493063252 0.990681461760611 -0.897015273571014
0.4065849470824 -0.912264333831937 0.0496232407665433 -10.1939249038696 0.902559679163903 0.409496328306744 0.133036771799558 -40.8657608032227 -0.141685236893456 -0.00930281255681225 0.989868047431059 -0.93128341436386
0.51381684343793 -0.857848819219325 0.00936241226885583 -10.133526802063 0.851867222545231 0.511465268773242 0.112807419932329 -40.5282783508301 -0.101560260695583 -0.0499868202902126 0.993572760921272 -0.889040112495422
0.49415629328607 -0.869366872465486 0.00328616270905005 -10.0206527709961 0.866334672473081 0.492741472820468 0.081670534672392 -40.2131156921387 -0.0726208859539065 -0.0375110919901625 0.996653964473616 -0.875099658966064
0.415226835098653 -0.909109129518903 0.0332756072722797 -9.92726421356201 0.902687229023855 0.416280844214197 0.108931287046233 -39.9075393676758 -0.112882425431019 -0.0151937278407299 0.993492178460964 -0.892272233963012
0.492723289221556 -0.870183758164486 0.00199681882534716 -9.86622428894043 0.866559225658326 0.490877678719776 0.0900789262875967 -39.5481910705566 -0.079365412398173 -0.042653623074898 0.99593262811972 -0.863756895065307
0.557739048327388 -0.829272390604453 -0.0351348281913388 -9.77651596069336 0.822767167706559 0.546789968098519 0.155160943961252 -39.2316436767578 -0.109459315341302 -0.115447100301372 0.987264212517105 -0.894195318222045
0.483680850922302 -0.875079282131257 -0.0170024832221916 -9.66782760620117 0.867843351815451 0.476979400618576 0.139063180228512 -38.9340629577637 -0.113581473668908 -0.082017689373621 0.990137539672652 -0.861748754978179
0.454330280251228 -0.890809786377046 0.00647463834680563 -9.62095546722412 0.877871130230103 0.448943011301429 0.166710681457807 -38.6138572692871 -0.151414250172703 -0.0700578125442572 0.985984598128263 -0.896561682224273
0.576033211494726 -0.817004009916632 -0.0262714109863996 -9.58178615570068 0.808397786019565 0.564613061541604 0.16644852145718 -38.2765769958496 -0.121155927687162 -0.117117626840544 0.985700107877392 -0.861691176891326
0.494911422839692 -0.868305921536525 -0.0332792753436466 -9.517897605896 0.862301587955099 0.486041980655304 0.142123764553234 -37.9689331054688 -0.107231781449836 -0.0990354465091957 0.9892893031777 -0.839559137821197
0.417612791464538 -0.90834236876343 -0.0226648960826454 -9.45536136627197 0.897960251990165 0.408772136014644 0.163011431083175 -37.6688117980957 -0.138805411461355 -0.0884278345729771 0.98636381514215 -0.833709478378295
0.436495135388112 -0.899676048747583 0.0074164743949347 -9.38715362548828 0.896801193324754 0.435732713100768 0.0767112924225743 -37.3395004272461 -0.0722469129708094 -0.0268330028841487 0.997025763720481 -0.816583037376403
0.40015490448813 -0.91634708220046 0.0135675110760709 -9.30767154693604 0.912084804554979 0.39964916572809 0.0915524638267456 -37.0142555236816 -0.0893160775784599 -0.0242604467301287 0.995707823114016 -0.822053432464599
0.185517605991005 -0.982504332660628 0.01638457111002 -9.20440864562988 0.982408867907653 0.185810370269785 0.0186365918721375 -36.7249794006348 -0.0213549554850674 0.0126389320473969 0.999692064224245 -0.768798470497131
0.20518890209313 -0.978570268659675 -0.0172552529145924 -9.15286350250244 0.978548426279026 0.204788148682857 0.0224675674226377 -36.437801361084 -0.0184524221894661 -0.0214951960767753 0.999598651790289 -0.787353694438934
0.34270904893159 -0.939184251477559 -0.0219874863716013 -9.08359050750732 0.939232445805425 0.343032736335044 -0.0130749588470295 -36.1283149719238 0.0198222230530272 -0.0161704538906274 0.999672744398989 -0.746782422065734
0.347023923160623 -0.93783495562455 0.00632398315209369 -8.98482418060303 0.937380073084999 0.34705468720386 0.0295235951908324 -35.8585052490234 -0.0298830275804039 -0.00431741803963089 0.999544078349774 -0.771478950977325
0.301271545465488 -0.952946337464825 0.0335966338375074 -8.88306140899658 0.949891195896971 0.303011565832967 0.0767509408989556 -35.5770797729492 -0.083319696652459 0.00879027211346387 0.996484098852517 -0.760577857494354
0.391503806968978 -0.920057761856691 0.0147812034710623 -8.79947853088379 0.91905473204975 0.39176901565038 0.0430747939437174 -35.2569732666016 -0.0454221160422809 -0.00327921081789971 0.998962500873108 -0.755196630954742
0.449649568902918 -0.893119457926686 -0.0123652358717001 -8.71917915344238 0.890292236058155 0.447023173627197 0.086890831822689 -34.9328536987305 -0.0720763456342626 -0.0500790985642905 0.99614109657568 -0.751733601093292
0.33719186551987 -0.941392934885876 0.00899933187450446 -8.59747314453125 0.934711088845051 0.335908464575021 0.11610634701407 -34.6337089538574 -0.112324646526619 -0.0307383404530755 0.993196017012181 -0.73907321691513
0.381638207885677 -0.924156644205183 0.0169344398555998 -8.50392055511475 0.904250922166482 0.377088957595333 0.200335188673213 -34.3171005249023 -0.191526885953058 -0.0611425795258851 0.979581051738979 -0.77094691991806
0.572438508874056 -0.81973021741896 0.0188818486465771 -8.41770553588867 0.807513663361593 0.567603488736518 0.160461718358218 -33.9987144470215 -0.142252722442794 -0.0766071160167106 0.986861445560224 -0.736731767654418
0.518082006580548 -0.854990310253463 0.0241371877019807 -8.33611679077148 0.844060418760322 0.515617743032402 0.147310395262257 -33.725456237793 -0.138394522794882 -0.0559456204082135 0.988795754247315 -0.741620957851409
0.407015918148184 -0.91254414965182 -0.040015213484716 -8.24297714233398 0.905935123453331 0.397695545343381 0.145326547153739 -33.4388465881348 -0.116703018245408 -0.095401405389372 0.988574214402816 -0.701292693614959
0.460651518389674 -0.886350576051586 -0.0467208191099913 -8.14294147491455 0.887494681309097 0.459233657509446 0.0381790316608591 -33.1971588134766 -0.0123842340639757 -0.0590517073717439 0.998178103648407 -0.678287744522094
0.505632126636832 -0.862665027214766 -0.0120500345751327 -8.03361701965332 0.862037163049505 0.504598225905468 0.047671374373048 -32.9286689758301 -0.0350440014021792 -0.0344917560237407 0.998790386783995 -0.681384146213531
0.253543390326606 -0.966298244096797 -0.0445359705983507 -7.92234992980957 0.967321895953299 0.253370332960776 0.00958248321991949 -32.6490287780762 0.00202455698974021 -0.0455101948006432 0.998961822763114 -0.654122948646545
-0.0491542099309426 -0.989192350821142 -0.138138903727397 -7.88397598266602 0.998670575781271 -0.0508253754469572 0.00859431669066699 -32.3662261962891 -0.0155223939767183 -0.137532811676407 0.990375575727518 -0.651799917221069
-0.381895797569411 -0.921401185843283 -0.0719406319503396 -7.9028148651123 0.923494155748042 -0.383497282360902 0.0094009957459024 -32.0287780761719 -0.0362511254726632 -0.0628465523986314 0.997364610738506 -0.593496799468993
-0.630203518426385 -0.776019593080584 -0.025241167129307 -8.02237224578857 0.775754652898833 -0.630678170436331 0.0212076363815661 -31.7328262329102 -0.0323765944598129 -0.00621582577998668 0.999456412076614 -0.59603190422058
-0.854237569769947 -0.519705441361133 -0.0135804496672603 -8.23391056060791 0.519881660426426 -0.853888314043779 -0.0244500775404782 -31.4910354614258 0.00111065106915481 -0.0279464015412176 0.999608806031189 -0.540811300277709
-0.921265152417985 -0.388769794146194 -0.0113386992108028 -8.4444637298584 0.38881201269451 -0.92131553749734 -0.00170268917638316 -31.3663425445557 -0.00978456563732402 -0.00597725066509097 0.999934265214357 -0.587787866592407
-0.916234868308742 -0.400240259900816 -0.0179276448478195 -8.73207664489746 0.400135391100765 -0.916409313643988 0.00925411558128761 -31.2254810333252 -0.0201329303356502 0.00130545818823707 0.999796459733189 -0.573595285415649
-0.95655739257801 -0.289848593619696 -0.0313966157578011 -9.07376384735107 0.290345379193443 -0.956839917561714 -0.0125272878752033 -31.103931427002 -0.0264105184609145 -0.0210989321335682 0.999428496480588 -0.610685169696807
-0.981190052331686 -0.184700109749107 -0.05614223600829 -9.43567657470703 0.186223234333161 -0.982233852234625 -0.0231854807762539 -31.036470413208 -0.0508624439035283 -0.0332043518683472 0.998153536695214 -0.578966379165649
-0.979673970893444 -0.194119773942776 -0.0505610929300141 -9.77349472045898 0.196556161832072 -0.979281707285207 -0.0487135814985298 -31.0199890136719 -0.0400572839782727 -0.0576615221874644 0.997532236501312 -0.588727056980132
-0.970948846190177 -0.228802407177323 -0.0700556675211007 -10.0982618331909 0.232125331690376 -0.971709561590919 -0.0435701537800553 -30.9357967376709 -0.0581048059079251 -0.0585660856011994 0.996591112316258 -0.621075868606567
-0.982226700656732 -0.176760317025757 -0.0631387269585414 -10.291296005249 0.178592570860706 -0.983615122311164 -0.0246167584006748 -30.8680248260498 -0.0577529406208472 -0.0354553449531567 0.997701115747546 -0.633054494857787
-0.981832567481373 -0.140639555388996 -0.127378667338455 -10.6537427902222 0.143638168915725 -0.989522229449028 -0.0146230590767714 -30.7852096557617 -0.123987442362009 -0.0326538341731992 0.991746359333028 -0.63861471414566
-0.969892839099366 -0.210383081536634 -0.122665560231553 -10.9969081878662 0.221224045123565 -0.971720063163041 -0.0825835377395698 -30.7481441497803 -0.101822406782286 -0.107233753312873 0.989006127194112 -0.594698548316955
-0.966237057959446 -0.21752363265652 -0.138092060096826 -11.3394651412964 0.232862743299769 -0.966639051153682 -0.106695302462739 -30.6654586791992 -0.110276428164772 -0.135249451091754 0.984655622728373 -0.646717965602874
-0.966643676772625 -0.208334560750409 -0.148985613239789 -11.5337200164795 0.221912191509236 -0.971693764229013 -0.0810321406481408 -30.6003150939941 -0.127886595916342 -0.111390930310264 0.985513611894602 -0.629340946674346
-0.975146988037526 -0.169405424089011 -0.142794096553618 -11.8919515609741 0.177414831840545 -0.983094496141934 -0.0452679698951513 -30.5259323120117 -0.132711450765685 -0.069476715125713 0.988716671696704 -0.619855165481567
-0.963700823001772 -0.238733839825581 -0.119527726774337 -12.218282699585 0.247504172672538 -0.966726249184626 -0.0646687223246806 -30.4937381744385 -0.100111978580934 -0.0919049120534792 0.990722503471609 -0.591858685016631
-0.969437616416916 -0.210137334453884 -0.126621516909665 -12.5548601150513 0.222815172665415 -0.970130945089621 -0.0959132327137384 -30.3753223419189 -0.102684500806935 -0.121195090858231 0.987303217479765 -0.614721715450286
-0.983353911786527 -0.104348289032494 -0.148749852941527 -12.9137401580811 0.114344495935238 -0.991609958256373 -0.0602911845638271 -30.2601299285889 -0.141210553513012 -0.0762962991421226 0.987035183929005 -0.596957921981811
-0.977470584232995 -0.156008541401653 -0.142170995526289 -13.2578363418579 0.161342562435889 -0.986536551153683 -0.0267247223450054 -30.1735210418701 -0.136087598648183 -0.0490608626863097 0.989481276855023 -0.587050914764404
-0.967337625295484 -0.222138298179768 -0.122116727639954 -13.5780572891235 0.226927957280173 -0.973546973638825 -0.0266456811384512 -30.0334625244141 -0.112967344362617 -0.053487069469924 0.992158007833015 -0.59634256362915
-0.981287549190283 -0.154546947860096 -0.114847667417571 -13.9406709671021 0.160928533838207 -0.985774262222343 -0.0484882556572157 -29.9320087432861 -0.105720162697631 -0.0660631882906288 0.992199023559318 -0.584673702716827
-0.991399891808648 -0.0924036712115457 -0.0926704703151406 -14.2937545776367 0.096585489974763 -0.994450976635811 -0.0416953018266703 -29.8643989562988 -0.0883034407491337 -0.0502873405014694 0.994823444505181 -0.576763927936553
-0.984483350235632 -0.146909074499634 -0.0959700835598633 -14.6154556274414 0.150368778548881 -0.988179781647385 -0.0298320227447586 -29.7514381408691 -0.0904531013649825 -0.0438000339381962 0.994937080161589 -0.564158618450164
-0.996349898129736 -0.0565029158951882 -0.0639867251248712 -14.9628810882568 0.0563927004083451 -0.99840242984444 0.00352865716280847 -29.6234149932861 -0.0640838812613528 -9.26070153790066e-05 0.997944511276264 -0.550942718982696
-0.994519294665233 -0.0762907491868434 -0.0714919165156336 -15.3292217254639 0.0763774535055325 -0.997077811238474 0.00152411676204844 -29.5508880615234 -0.0713992796502766 -0.00394460700251435 0.997440014708161 -0.563633382320403
-0.987051286865972 -0.152720165088023 -0.0490541361325936 -15.6567659378052 0.153949821297444 -0.987826316024184 -0.0223298430933769 -29.4900341033936 -0.0450467492579986 -0.0295925758523462 0.99854647855556 -0.513902842998504
-0.993420549319755 -0.106406919786571 -0.0423459515275227 -16.0315551757812 0.109055888272803 -0.991833324629908 -0.0661322114148065 -29.4074878692627 -0.0349632009728359 -0.0703151731500183 0.996911907343179 -0.537820518016815
-0.995122268261494 -0.0652117422532649 -0.0740209421879575 -16.4988536834717 0.0663809292011959 -0.997703778942899 -0.0134440217734617 -29.2989959716797 -0.0729742656591008 -0.0182920243645487 0.997166063600322 -0.544997453689575
-0.983599789375202 -0.148630530209809 -0.102178372616761 -16.8376083374023 0.148381702612526 -0.988878849342138 0.0100743066053159 -29.1909084320068 -0.102539381073159 -0.00525231504396216 0.994715079063252 -0.540258169174194
-0.993839087165968 -0.0930345799839491 -0.0602364984733184 -17.1883335113525 0.0928395953288451 -0.995662796091997 0.00603373992176792 -29.0446662902832 -0.0605365869560895 0.000404234433757216 0.998165897150484 -0.548947632312774
-0.992131889473433 -0.109514061975787 -0.0606711143744641 -17.5189590454102 0.110325863816038 -0.993843272269332 -0.0101859677120434 -28.9370784759521 -0.0591820721428443 -0.0167994164943094 0.998105837044514 -0.543497622013091
-0.979654477586587 -0.195948863850877 -0.0433721950113389 -17.8244781494141 0.195594643779304 -0.980607605199628 0.0123069065770872 -28.8220329284668 -0.0449426286436194 0.00357314710031395 0.998983179413148 -0.514165818691253
-0.980022682134618 -0.197004674768434 -0.0272892033788744 -18.1702842712402 0.196447967629349 -0.980272037390517 0.021792859485234 -28.6868324279785 -0.0310441381901361 0.015996588062098 0.99938999927676 -0.530702471733093
-0.985919677989406 -0.157827581111366 -0.0552525401569961 -18.5361709594727 0.157648363626718 -0.987465952714424 0.00761483260572719 -28.6031379699707 -0.05576183281675 -0.00120285923138821 0.998443374023077 -0.524407744407653
-0.98335508203001 -0.177300798849961 -0.0397140953934234 -18.876184463501 0.177686013675332 -0.98406667101445 -0.00636141043386641 -28.5811405181885 -0.0379534344944195 -0.0133121645762005 0.999190834167515 -0.5061976313591
-0.97610439683648 -0.207700244691873 -0.0638812557126667 -19.2133274078369 0.208596700717679 -0.977972017761164 -0.00762554429898334 -28.5036201477051 -0.060890253129626 -0.0207687464978737 0.997928372300696 -0.537399470806121
-0.990117970621972 -0.1204676408784 -0.0717910283574543 -19.5640106201172 0.121046877682432 -0.992639681546105 -0.00375712967318167 -28.4104652404785 -0.0708100109784084 -0.012410081435655 0.997412618841369 -0.529436409473419
-0.989203839220507 -0.12415890878577 -0.0778481203404181 -19.9081192016602 0.125708565059761 -0.991949025585694 -0.0153129784890886 -28.3542060852051 -0.0753201244158904 -0.0249338326119011 0.996847622683255 -0.542904734611511
-0.97537570629453 -0.199019357536412 -0.0950448678058979 -20.2431678771973 0.20285460526172 -0.97867075382958 -0.0324586617523598 -28.271053314209 -0.0865577304147845 -0.050939679273001 0.994943670958816 -0.519814312458038
-0.987911666759555 -0.13792971630461 -0.0707526115453575 -20.6180515289307 0.138819188367958 -0.990287114007286 -0.00778875933518054 -28.1585445404053 -0.0689910981302643 -0.0175164263264472 0.997463484638676 -0.519866228103637
-0.992064870782416 -0.118123676644862 -0.0430591357944827 -20.9873065948486 0.118672165384406 -0.992878986715527 -0.0104036004211875 -28.0892162322998 -0.0415235995843776 -0.0154309673918297 0.999018356149129 -0.513744831085204
-0.965662944335594 -0.257173118940584 -0.0368383608685774 -21.3114223480225 0.257961944616943 -0.965978409481976 -0.0184755932006982 -28.0089054107666 -0.0308336353120504 -0.0273440909346919 0.999150432930096 -0.48190090060234
-0.974782847569205 -0.2224214754647 -0.0180855560317404 -21.6898632049561 0.22285878570227 -0.974462495622808 -0.0275101119568671 -27.9016246795654 -0.0115048563737704 -0.0308469103262466 0.999457906268765 -0.494053423404693
-0.987913997534137 -0.150496536744263 -0.0371042572234542 -22.0813217163086 0.151331478616604 -0.988263973594885 -0.0208111045877162 -27.8359050750732 -0.0335368015146636 -0.0261746236349478 0.999094676205281 -0.496573090553283
-0.974351191919286 -0.211965040524252 -0.0755683558178886 -22.4518203735352 0.21581067576721 -0.975308240436684 -0.0468997693085959 -27.8028602600098 -0.0637613286433636 -0.0620053040622455 0.996037065192747 -0.487731307744979
-0.977672847943591 -0.195290421850053 -0.077572247147398 -22.8217391967773 0.201445291269936 -0.976100738012357 -0.081530018256483 -27.7188873291016 -0.0597962960311011 -0.0953362490627797 0.993647524324194 -0.520730972290038
-0.989006688753395 -0.114303544230004 -0.09381081695362 -23.0199546813965 0.120183783048093 -0.990960245668204 -0.0596124969906702 -27.665355682373 -0.0861488705282601 -0.0702316971293827 0.993803743615927 -0.500686109066009
-0.985588637616659 -0.116337132037461 -0.122803538671475 -23.218843460083 0.123886913588707 -0.9907306229816 -0.0557213184333893 -27.624195098877 -0.115182767992449 -0.0701320497047487 0.990865493173422 -0.521174669265746
-0.971239329195665 -0.215011864628936 -0.102294005163271 -23.5680847167969 0.220374812009859 -0.974410924849134 -0.0442525905035473 -27.5455341339111 -0.0901615641788368 -0.0655228784734272 0.993769412258891 -0.476845443248748
-0.969752508769767 -0.234090201120954 -0.0691509180987049 -23.9047546386719 0.236457780156521 -0.971232700297323 -0.0281914894360021 -27.4266529083252 -0.0605622814810712 -0.0436900401959246 0.997207797026019 -0.496383666992187
-0.98437441279802 -0.16373637286909 -0.064787465054808 -24.2770767211914 0.166147407218575 -0.985523959840612 -0.0337277875738106 -27.3388195037842 -0.0583271335066147 -0.0439650404270666 0.997328943086055 -0.476191580295562
-0.982807157733037 -0.179712411118248 -0.0423502065966176 -24.6275463104248 0.181779143317966 -0.981994571319955 -0.0514101639048553 -27.3042602539062 -0.0323486284608312 -0.0582246613403924 0.997779261684918 -0.459950923919677
-0.991300479865763 -0.123465883692018 -0.0456019098509906 -24.9671287536621 0.12445843767347 -0.99203126340457 -0.0195976967986417 -27.2280654907227 -0.042818873289567 -0.0251027486957379 0.998767438445072 -0.462058097124099
-0.996562381443662 0.0767719055371612 -0.031136705213148 -25.3454265594482 -0.0758403390207362 -0.996666396111961 -0.0300722104012262 -27.1809673309326 -0.0333416086678053 -0.027607415333367 0.999062644557414 -0.463777214288711
-0.97344581068855 0.226945336871246 -0.0299844580626075 -25.7006378173828 -0.222454200613032 -0.968716590465056 -0.11001043581122 -27.2545890808105 -0.0540127973958815 -0.100419029223321 0.993478050229252 -0.473481953144073
-0.933430712678867 0.358737867042008 -0.00377456990575597 -26.0394287109375 -0.355333051288357 -0.925919362963541 -0.128108375804614 -27.3525047302246 -0.049452272848962 -0.118239063085519 0.991752991762934 -0.438264280557632
-0.835472388607785 0.54928138925012 -0.0166085308639807 -26.233757019043 -0.543917637053429 -0.830867617147239 -0.117527047432853 -27.4290237426758 -0.0783549103516542 -0.0891569301822808 0.992930788033212 -0.455430507659911
-0.696055635778546 0.717784344522423 -0.0170934683268193 -26.4062976837158 -0.710609751899928 -0.692111917639246 -0.126549887263675 -27.5358066558838 -0.102666121021724 -0.0759389769501903 0.991812955841025 -0.459958493709564
-0.407881888005913 0.913026923296304 0.00376865663286065 -26.6350650787354 -0.907064784822481 -0.404740241352562 -0.11583960102148 -27.8329467773438 -0.104239347521354 -0.0506672908882485 0.993260783511746 -0.479909539222717
-0.346753603696984 0.937945916669411 0.00440405793933336 -26.819953918457 -0.930026962558287 -0.343209183951001 -0.131367061953498 -28.1143932342529 -0.12170368621271 -0.0496478947677094 0.991324013280911 -0.470719844102859
-0.257091718855096 0.965846678876135 0.0323116232967615 -27.0101757049561 -0.963647252934358 -0.253703603967025 -0.0837762093091325 -28.4216575622559 -0.0727173982496443 -0.0526751766782232 0.995960594478376 -0.500307440757751
-0.0623102437361839 0.997501610887265 0.0332861803583637 -27.1163845062256 -0.995032993920644 -0.0594927480777809 -0.0798119911759686 -28.7446899414062 -0.0776323034236171 -0.03809395232141 0.996254021955082 -0.493078559637069
-0.147046799791422 0.98872655939149 0.0282317095650814 -27.2091121673584 -0.981462061190605 -0.14230053594053 -0.128385279197141 -29.0807151794434 -0.122920547975477 -0.046586996306947 0.991322445352926 -0.515994429588317
-0.20123606770374 0.97952937256784 0.00512380054158082 -27.3162136077881 -0.971897295004261 -0.199010391482025 -0.125739858619181 -29.3771743774414 -0.122146195268359 -0.0302832025886519 0.992050016189929 -0.546270251274108
-0.0762191465052601 0.997024331232669 -0.0115379649878023 -27.4265747070312 -0.992764724917774 -0.0769601439150499 -0.0921701535612892 -29.7104873657227 -0.0927838491600048 0.00442935419952628 0.995676422416655 -0.542116820812225
-0.0561300062647973 0.998377113577549 0.00962088775920039 -27.4523429870605 -0.992933626273526 -0.0548096694695259 -0.10525546991937 -30.0415592193604 -0.104557334568264 -0.0154608931566918 0.994398674863748 -0.578803479671478
-0.182767888991569 0.983050123949272 -0.0144344226377878 -27.4860286712646 -0.982772983558939 -0.183086803313485 -0.0252286590826944 -30.3217868804932 -0.0274437887367451 0.00957477183905741 0.999577491845431 -0.571629047393798
-0.0473283404926571 0.998878440383209 -0.00137459951210114 -27.5387325286865 -0.998871570845648 -0.047333369088939 -0.00389064609517607 -30.6277294158936 -0.00395134692968826 0.00118891055080721 0.999991486638333 -0.590160429477691
-0.0883503344033078 0.995568229162841 -0.0322198617686078 -27.6312694549561 -0.995771874790549 -0.0890926972476937 -0.0223800061046931 -30.9717121124268 -0.025151377436216 0.0301063511355212 0.999230211630116 -0.608713567256927
-0.213247613131888 0.97670778344077 -0.0238193463338376 -27.7048511505127 -0.97535915751544 -0.214238197709401 -0.0526925848008897 -31.3316612243652 -0.0565682715338192 0.011995849634201 0.998326665098769 -0.612337708473205
-0.287487659046382 0.957601016836866 -0.0187386885621897 -27.8154850006104 -0.956541675964017 -0.288056003394457 -0.0452963690858657 -31.6379833221436 -0.0487736408317208 0.0049021894508483 0.998797827640112 -0.641180098056793
-0.281280823707912 0.958621905304101 -0.0438764274449712 -27.9540824890137 -0.959376934330344 -0.281954476370228 -0.00987780996483913 -31.9757652282715 -0.0218402401339691 0.039315593928184 0.998988132054112 -0.627433478832244
-0.268570996489632 0.962732779055417 -0.0318624540297882 -28.0085391998291 -0.960366194173478 -0.27017966606543 -0.0685545121310203 -32.3273048400879 -0.0746082631704787 0.0121878700767264 0.997138437173935 -0.683846056461334
-0.327100525078247 0.94408443825046 -0.0413499691275448 -28.0990982055664 -0.93895160627938 -0.329637793674149 -0.0985332738064213 -32.6409301757812 -0.106654243042212 0.00659533433215192 0.994274295155084 -0.683089911937713
-0.239209616024955 0.969525556002115 -0.05290515910554 -28.2279815673828 -0.967790160284663 -0.242477203634803 -0.0677274787190002 -32.9835243225098 -0.0784918164994258 0.0350000282319257 0.99630017201965 -0.685373961925506
-0.240178881425352 0.970370026964148 -0.0263840043750974 -28.2838935852051 -0.968459214165867 -0.24138628783841 -0.0618013797647253 -33.3227500915527 -0.0663389434231352 0.0107084458812205 0.997739682368257 -0.687138259410858
-0.327262415206494 0.944885125531464 -0.00956091745602891 -28.3384246826172 -0.940822964021552 -0.326764853053644 -0.0898714703258645 -33.6553955078125 -0.0880423873081291 -0.0204164237372547 0.995907479477319 -0.684273719787597
-0.281344793057933 0.95919737702472 -0.028026760927469 -28.4456977844238 -0.954151573861754 -0.282735876335084 -0.0982608687635617 -34.0118522644043 -0.10217573839384 -0.000903405738785416 0.994765953549751 -0.740970313549041
-0.255663861856794 0.96645856963339 0.0243684821573472 -28.4953289031982 -0.961407122344867 -0.251515740518597 -0.111517610160655 -34.3737182617188 -0.101648093169681 -0.0519390551855208 0.993463637835529 -0.731492042541503
-0.368364519277611 0.929248453299486 0.0283706358386249 -28.5430870056152 -0.927466148668779 -0.365210186067575 -0.0801752023133641 -34.7254600524902 -0.0641414375491874 -0.0558465042146814 0.996376958764163 -0.691225171089172
-0.332636112116205 0.943040273061763 0.00531604174281786 -28.6118869781494 -0.941922762133867 -0.331955202445352 -0.0508650542472091 -35.0610504150391 -0.0462031069336444 -0.0219268546093854 0.998691386743982 -0.720774710178375
-0.298610994810597 0.954046860668464 0.025021219532123 -28.6972846984863 -0.954348259054984 -0.298304076851219 -0.0152996134808359 -35.4161758422852 -0.00713261641661078 -0.0284475901016442 0.999569837680421 -0.709295272827148
-0.324719928789875 0.944674228658367 0.0463418769086628 -28.7369022369385 -0.945479595808624 -0.32292112198094 -0.0423117346386605 -35.7912673950195 -0.0250060343969261 -0.0575547625074574 0.998029131617134 -0.758728563785553
-0.394088094992168 0.918427951851553 -0.0344190447747533 -28.8656558990479 -0.914957941866417 -0.395588288222133 -0.0797613367306011 -36.1389350891113 -0.0868708121351136 5.89851219249068e-05 0.996219583485358 -0.782802820205688
-0.317845707364505 0.946528212517602 -0.0553032478087071 -29.033483505249 -0.94436327512894 -0.321242432510133 -0.0705783546330864 -36.4699058532715 -0.0845701537050684 0.0297933291729218 0.995972010971742 -0.784576117992401
-0.340102227752874 0.939280626022608 -0.0456331048265299 -29.144702911377 -0.936081870479816 -0.342784644604494 -0.0790532680056964 -36.7839851379395 -0.0898955306816852 0.0158301295619373 0.995825386582161 -0.793151676654815
-0.405732735257852 0.91397800654652 -0.00501508618381778 -29.2390594482422 -0.909257984765704 -0.404182998838893 -0.0994284697127054 -37.0979118347168 -0.0929024471152004 -0.035781377822114 0.995032074016289 -0.782504618167877
-0.302010541835725 0.953048422237569 -0.0220983594543072 -29.3756980895996 -0.950592689836534 -0.302817729741692 -0.0683736834127769 -37.4242553710938 -0.0718552061400872 0.00035696577984737 0.997415009876028 -0.803251862525939
-0.231902421055807 0.972108163407236 -0.0350283563054997 -29.4793720245361 -0.96920197682679 -0.233977402984504 -0.0768251456729433 -37.7344017028809 -0.082878195102795 0.0161336148967628 0.996429079888211 -0.815621614456176
-0.292629776290395 0.955700157748091 -0.0317020899706603 -29.543909072876 -0.951653422979584 -0.294308688259818 -0.0879668036592541 -38.0633354187012 -0.0934000886481042 0.00442769636039708 0.995618812068889 -0.821005344390869
-0.267737375978903 0.963159686679066 -0.0253005031613057 -29.6108913421631 -0.959004046711026 -0.26892992817857 -0.0893752321493255 -38.3854103088379 -0.0928866830918648 0.000334194782351556 0.995676630446873 -0.841725766658783
-0.195420731223839 0.979912481823599 -0.0397777044869844 -29.6872863769531 -0.974707499470029 -0.198547094332881 -0.102588214765895 -38.7516326904297 -0.108425219782223 0.0187237629306669 0.993928263214651 -0.844263851642608
-0.156569611830123 0.987511076762381 -0.0175450825865093 -29.6953868865967 -0.976989597404483 -0.157457560294913 -0.143869535584846 -39.1254425048828 -0.144835365897939 -0.00538423416807729 0.989441118413639 -0.875036120414733
-0.227672427962153 0.97358635300259 -0.017172035200718 -29.7405471801758 -0.961896957285122 -0.227610744939102 -0.151484627450747 -39.4395408630371 -0.151391905699884 -0.0179711445206901 0.988310441538069 -0.861944377422332
-0.102571281591302 0.994574041147302 -0.0173668900106639 -29.7825870513916 -0.988788153457662 -0.103848231270487 -0.107301129741391 -39.7749137878418 -0.108522439036843 0.00616616071117761 0.994074875795369 -0.85720282793045
0.0626730310080532 0.997767036790003 0.0230874745167136 -29.7257347106934 -0.990958550228769 0.0649617417480514 -0.117393031469316 -40.1423835754395 -0.118630699706105 -0.0155213531741203 0.992817125498389 -0.877886056900024
0.15950904593902 0.98656774950026 0.0352269770150189 -29.6144714355469 -0.980429316574087 0.16248575497808 -0.111160850263354 -40.4880790710449 -0.115391591832733 -0.0168063998285283 0.99317789215181 -0.866931080818176
0.433109350946178 0.900202811986121 0.0452900366003528 -29.4384098052979 -0.89415387553248 0.435445835120728 -0.10428696728862 -40.8422584533691 -0.113600779016809 0.00467139896530618 0.993515496123981 -0.888905346393585
0.663613135893241 0.740901121370738 0.103359248359888 -29.1766166687012 -0.735113712097284 0.671469192489626 -0.0934716739118386 -41.1277732849121 -0.13865581905023 -0.0139517700995969 0.990242350111627 -0.894783914089202
0.744879875704563 0.659904321620215 0.09838829746122 -28.8901615142822 -0.656705702782895 0.751199917703559 -0.0666055821578812 -41.3498229980469 -0.117862592465878 -0.0149989982708905 0.992916632627378 -0.891164124011993
0.831664477885014 0.544059480348156 0.111056193287636 -28.5952854156494 -0.53965929868963 0.839043028115293 -0.0690987576511879 -41.5724792480469 -0.130774758887424 -0.00246552518026708 0.991409039510697 -0.918715000152587
0.92236343760327 0.375013869627905 0.0927916297916142 -28.2988700866699 -0.372050277008874 0.926967291137852 -0.0480648784266966 -41.7710037231445 -0.104039801760189 0.00981013492555612 0.994524751276932 -0.898887276649475
0.941747742869091 0.313892421885254 0.120759000840445 -27.9835071563721 -0.311831159234795 0.949451501366345 -0.0360995108481573 -41.8741989135742 -0.125986177540461 -0.00365978636018113 0.992025246166921 -0.914013028144836
0.940804021221824 0.328003006524076 0.0854506955150905 -27.7062301635742 -0.325192845608432 0.944559448691637 -0.0453548349400656 -41.9781723022461 -0.0955897840667957 0.0148820562596938 0.995309558671847 -0.892913997173309
0.978015787099113 0.194709120082063 0.074655734821727 -27.365385055542 -0.194259677835915 0.980859898139762 -0.0133055547927406 -42.0844688415527 -0.0758175293186864 -0.00148955635165961 0.997120596251971 -0.9002485871315
0.99313924218615 0.0764353937370633 0.0884990181537602 -27.0090599060059 -0.0734728499470954 0.996637561321349 -0.0362672260324099 -42.1765403747559 -0.0909735453336357 0.0295161302967449 0.995415798599628 -0.901934027671814
0.982525106367841 0.155562675148465 0.102199165640019 -26.7568702697754 -0.152715230270906 0.98764433593897 -0.0351670887475195 -42.2092094421387 -0.106407113484801 0.018945178498094 0.994142145978888 -0.894659399986267
0.980682653373287 0.165044957199458 0.104984262990975 -26.4286861419678 -0.164627338996146 0.98627418388186 -0.012691472066659 -42.2803039550781 -0.105637931765903 -0.00483697335113167 0.994392895721316 -0.921896398067474
0.990032551815648 0.0864777612127402 0.111162687809483 -26.0735893249512 -0.0868644587685888 0.996219198807675 -0.00136884251617995 -42.3537750244141 -0.110860778223123 -0.00830088806250499 0.993801279486567 -0.913214862346649
0.989245476209896 0.0889845968893226 0.116082424658947 -25.7397384643555 -0.0836566953605459 0.995239508761432 -0.0499987752015552 -42.3972129821777 -0.119978936149676 0.039749990147767 0.991980339101358 -0.928261220455169
0.973733377001431 0.200075006096928 0.108689017148483 -25.4298973083496 -0.196822170880925 0.979623539109204 -0.0399844303808121 -42.4300193786621 -0.114474204793521 0.0175417661161083 0.99327133396591 -0.903117895126342
0.990878958644861 0.1084998911623 0.0799165998566279 -25.0964984893799 -0.107206211545815 0.994029194879565 -0.0203171831974392 -42.4828491210938 -0.0816438455786428 0.0115643134190235 0.996594475769496 -0.900821566581726
0.993173175470067 0.0579376958900473 0.101243601880101 -24.7755298614502 -0.0551598407803861 0.998025935000763 -0.0300270716343651 -42.5097618103027 -0.102783439774053 0.0242375011254304 0.994408421146668 -0.909191191196441
0.965548949409992 0.217952120966227 0.142169262710279 -24.4503936767578 -0.216661344270429 0.975934609042667 -0.0246880694196063 -42.5304222106934 -0.144128720913605 -0.00696504408168303 0.989534435969132 -0.903333246707916
0.967946888077021 0.195155761421814 0.158091905693752 -24.1249084472656 -0.18638583878795 0.980074137128858 -0.0686658927738977 -42.5808067321777 -0.16834233264786 0.0369988447792092 0.985033981405556 -0.945799648761749
0.980519753648327 0.13729564768984 0.140466785507652 -23.7855396270752 -0.12943792958412 0.989541394488855 -0.0636682886375059 -42.6242713928223 -0.147739077736399 0.0442462847986108 0.988036148726917 -0.92438668012619
0.983494530552728 0.133266773331268 0.122386582184248 -23.4532089233398 -0.126977895388805 0.990216733317693 -0.0578570232579164 -42.6397819519043 -0.128899660416538 0.0413616752986379 0.990794675682601 -0.937151491641998
0.969125771747015 0.221353280163299 0.108618432582597 -23.2160511016846 -0.220902495047196 0.975159378462721 -0.0163179127992328 -42.6604919433594 -0.109532306730369 -0.00817997293075424 0.993949577103978 -0.90864610671997
0.988858047575166 0.117486852466875 0.09141444767244 -22.7756175994873 -0.112575949425583 0.991997793037704 -0.0571579759898162 -42.7626800537109 -0.0973982410352419 0.0462300563026976 0.99417119478362 -0.935080349445343
0.98944245131974 0.0854610196930963 0.117047211156009 -22.3651733398438 -0.0780302177489717 0.994719378160702 -0.0666681620388178 -42.8367881774902 -0.122126658205452 0.0568310902992563 0.990886121878274 -0.965576887130737
0.970016649360716 0.172387990722363 0.171318652276151 -22.0698680877686 -0.166993001794939 0.984906298208996 -0.0455293432828424 -42.9117546081543 -0.176581531634896 0.0155552050117588 0.984163095367082 -0.961137175559997
0.968711437748724 0.180812391088029 0.170014792308872 -21.8239974975586 -0.170162902297718 0.982529063426761 -0.0753739093012268 -43.0121459960938 -0.180673011422338 0.0440853575551119 0.982554702900974 -0.989892780780792
0.976331041375405 0.160229192925687 0.145273202557112 -21.5737648010254 -0.151800188185664 0.986108306149669 -0.0674322727588742 -43.0867500305176 -0.15405973034383 0.0437837215984784 0.987090971091 -0.972144126892089
0.978482983673198 0.146378622491715 0.145410967741171 -21.3284492492676 -0.140883288235555 0.988888313878937 -0.0474531534211322 -43.115550994873 -0.150741333939745 0.0259461278633211 0.988232689547845 -0.992031276226043
0.958380676075777 0.254252355194952 0.129854609476741 -21.1049404144287 -0.256099219314645 0.966647124019266 -0.00255489563608595 -43.145378112793 -0.126173173024088 -0.0308071015043862 0.991529753918626 -0.962703108787536
0.961110436621132 0.243671068790853 0.129965914193918 -20.8712596893311 -0.240672632198147 0.969840804552279 -0.0385421579079732 -43.2095146179199 -0.135437855597144 0.00576403155016385 0.990769076632661 -0.979709029197692
0.977821496465156 0.173520822108417 0.117284463359226 -20.5347003936768 -0.168005061816241 0.984224841371753 -0.0554595422886745 -43.3339996337891 -0.125057667716793 0.0345251491172329 0.991548583693038 -0.981375992298126
0.968927565835152 0.207697289288287 0.134317564700465 -20.1250400543213 -0.202304719939171 0.977899636178563 -0.0527740641998221 -43.4119529724121 -0.142310127732005 0.0239611682547225 0.989532056055169 -1.00036644935608
0.957840047280723 0.257207477084331 0.128010771254512 -19.8125476837158 -0.252631705604319 0.966214106950485 -0.0510638899157684 -43.4751319885254 -0.136819827323068 0.0165714592535055 0.990457329514753 -0.988854765892028
0.975853405497444 0.178111797140753 0.126437014747791 -19.4438018798828 -0.1765863328782 0.984010186348795 -0.0232641398388119 -43.5631904602051 -0.128558928198984 0.000375341313294063 0.991701800492077 -1.0182911157608
0.983214110941401 0.103129963277672 0.150513197826824 -19.1795654296875 -0.104047345598736 0.994570736737137 -0.00178871462411112 -43.6053123474121 -0.149880492124786 -0.0139018092525852 0.988606381620075 -1.02622890472412
0.967641698034826 0.196417986098446 0.158396713858933 -18.8469219207764 -0.193988454441414 0.980519832293668 -0.0308113294459674 -43.701732635498 -0.161363018587622 -0.000912806566287053 0.986894697025201 -1.00421857833862
0.959497504373386 0.238068904190794 0.150624486583817 -18.5520324707031 -0.235725118342806 0.97124242445675 -0.0334936041304126 -43.8244209289551 -0.154266677164947 -0.00336894534969351 0.988023503021926 -1.03664624691009
0.974659427034789 0.184223228321681 0.126888941358001 -18.243537902832 -0.183388250877538 0.982869590206272 -0.0183335236065278 -43.9482269287109 -0.128092742699552 -0.00540099939747902 0.99174748725329 -1.02388668060303
0.973583890129875 0.163193117739736 0.159694756338348 -17.9288997650146 -0.153214288840111 0.985492537441834 -0.0730057555380038 -44.0469055175781 -0.169292027499226 0.0466097089546855 0.984463175774676 -1.0499883890152
0.941055115126958 0.294420559966978 0.166528688705938 -17.7049140930176 -0.287823495122589 0.955608376516107 -0.0630100498941868 -44.1144218444824 -0.177687664031031 0.0113650605358046 0.984021305384295 -1.03053867816925
0.951158234563603 0.268722900721449 0.151940828777855 -17.4607105255127 -0.265089455531245 0.96321612866113 -0.0440711930087449 -44.1921234130859 -0.158194795704533 0.00164076656362197 0.987406559881534 -1.05040109157562
0.981297493153746 0.156439648985141 0.112168917956709 -17.2100238800049 -0.154026177793183 0.987613566902587 -0.0299228846265173 -44.2625617980957 -0.115460670726424 0.0120863019718613 0.993238518594627 -1.03571736812592
0.985400946604913 0.0604738040793011 0.159147395361406 -16.9511623382568 -0.0573455108435545 0.998061520180094 -0.0241804533020512 -44.2918243408203 -0.160301175342645 0.0147010528867562 0.986958667942983 -1.05599987506866
0.978148872089321 0.124422178247379 0.166565019108357 -16.714298248291 -0.12467407177318 0.992157069483175 -0.00898472604226442 -44.3262939453125 -0.166376560422091 -0.011977939502944 0.985989538031402 -1.05011689662933
0.973664298613638 0.144884627972102 0.176029196960609 -16.4957370758057 -0.140437229792146 0.989377908495285 -0.0375331675961836 -44.386344909668 -0.17959737774678 0.0118236525186023 0.983669143130758 -1.05112385749817
0.976532984354449 0.131648399947002 0.170446558367098 -16.0982875823975 -0.12385962359433 0.990740973570995 -0.0555978140817458 -44.5468254089355 -0.176187752442857 0.0331816527465333 0.983797160907747 -1.05808365345001
0.973214631462811 0.159551648929522 0.165519039480584 -15.8746204376221 -0.150520924251516 0.98641320000291 -0.0658213508102666 -44.602725982666 -0.173772070451997 0.0391442228673574 0.98400762057361 -1.06857466697693
0.940590279271836 0.307775908809044 0.143401243007499 -15.5028610229492 -0.307256436179033 0.951262889094281 -0.0263134615465382 -44.6777725219727 -0.144510930264422 -0.0193107687254605 0.989314755396554 -1.0457478761673
0.971940826952271 0.185738923123492 0.144333230201021 -15.0888671875 -0.181434987237765 0.982482067741412 -0.0425479961054759 -44.8326835632324 -0.14970762942939 0.0151670367404105 0.988613972532832 -1.06795024871826
0.979112926838167 0.111065073828529 0.170300986121223 -14.6976013183594 -0.107117259538741 0.993723991757079 -0.0322260905988737 -44.9387359619141 -0.172811368860118 0.0133108069567645 0.98486499237756 -1.09167921543121
0.960281686749296 0.1978367806562 0.196773195109287 -14.396879196167 -0.197515541695796 0.980064881937395 -0.0214578186602511 -45.0345611572266 -0.197095643996876 -0.018260213926197 0.980214196849253 -1.09349393844604
0.978923954014834 0.104278624614469 0.175595730883406 -14.0722303390503 -0.104059549528341 0.99451584500219 -0.0104806579726051 -45.1569366455078 -0.175725645276726 -0.00801264551160735 0.984406570022764 -1.09899210929871
0.98516780490033 -0.0287597837588217 0.169166400405079 -13.6655931472778 0.0312839322369245 0.999435170192537 -0.0122742073475053 -45.2280769348145 -0.168717846630584 0.0173843441164702 0.985511071885029 -1.08438563346863
0.985764222229423 0.0750117711319693 0.150473028693069 -13.3620281219482 -0.0716542534377757 0.997047041792837 -0.027620000297394 -45.2627410888672 -0.152100513269007 0.0164447755776141 0.98822821413857 -1.05268001556396
0.98968913692051 -0.015330348337175 0.14240924366556 -13.0351028442383 0.0133632370237797 0.999801774019941 0.014759287341337 -45.2696571350098 -0.142607279469816 -0.0127040578729295 0.989697817899877 -1.07601881027222
0.954083059981153 -0.260723489008425 0.147474665404852 -12.6972484588623 0.263600168406328 0.964632028124678 3.91436540450682e-05 -45.225658416748 -0.142268991256546 0.0388370003391557 0.989065832759125 -1.07112383842468
0.917223381103386 -0.350940996285832 0.188525028267286 -12.4451713562012 0.356163246976899 0.934400664687607 0.00656805406731167 -45.1602668762207 -0.178462911161243 0.0611213134451987 0.982046421704487 -1.09357595443726
0.913363637083114 -0.36034721759813 0.189517147571381 -12.2133617401123 0.360294337360354 0.932145080050949 0.035965819924948 -45.0959663391113 -0.189617659832543 0.0354320830053283 0.98121848258863 -1.06260299682617
0.861707617008226 -0.495392265741318 0.109756484244386 -11.9103126525879 0.493019476227899 0.868596318994629 0.049721531442107 -45.012378692627 -0.1199657403177 0.0112666620018054 0.992714099566115 -1.04373395442963
0.763883910541198 -0.642726045857528 0.0581773254166377 -11.6887331008911 0.640645463799205 0.766092826369855 0.0517220562057409 -44.9067764282227 -0.0778123443278075 -0.00223860693153386 0.996965509789189 -0.993655502796173
0.639574391736847 -0.765518188220527 0.0701890371639561 -11.4266395568848 0.761025130169549 0.64341410006477 0.0828193642106913 -44.6807746887207 -0.108560345821404 0.000446476655089704 0.99408976052152 -1.02102935314178
0.624213527213636 -0.778616170788332 0.064143051302745 -11.2663745880127 0.771035170547621 0.627204825393742 0.110085751945501 -44.5125312805176 -0.12594537793072 -0.0192604670172098 0.991850188379358 -0.995036125183105
0.428772352915522 -0.901974505319144 0.0509535193050681 -10.9800481796265 0.897398119046861 0.431737143690385 0.0909926078823076 -44.175350189209 -0.104071539368086 0.0067104778035696 0.994547175442776 -0.995460748672485
0.24974539038068 -0.966276174216278 0.0627502599640492 -10.8642749786377 0.960035814040072 0.255544821457698 0.11414061497368 -43.9360160827637 -0.126326860738398 0.0317364044609197 0.991480874695964 -0.99422001838684
0.284794752383623 -0.957871435750368 0.0370710343567364 -10.7494173049927 0.952887734475389 0.287100640188714 0.0978682169531652 -43.5743675231934 -0.104388287183534 0.00745217932944643 0.994508698062581 -0.970469236373901
0.224967040821597 -0.974364865826974 0.00171428876117844 -10.6503992080688 0.969484335539244 0.22401540492156 0.0995852474107484 -43.2821388244629 -0.0974163933227077 -0.0207414223189292 0.995027557262704 -0.987941026687621
0.104178441588002 -0.993598893552184 -0.0436817014340228 -10.5770320892334 0.992672991606835 0.101177303804752 0.0660566796708487 -43.0552787780762 -0.0612142470559877 -0.0502433271855748 0.996859279954143 -0.958671689033508
0.088722596936778 -0.995831302817778 -0.0211735004437373 -10.4638090133667 0.991654394918509 0.0863142379746075 0.0957674963736101 -42.6759605407715 -0.0935406961252728 -0.0294935357512413 0.9951785113824 -0.983475923538207
0.179504060335317 -0.983668954192908 0.0131788042008936 -10.3434381484985 0.980683541043579 0.179985308963542 0.0765838160679247 -42.3945541381836 -0.0777051134055054 -0.000822869569713229 0.996976046972197 -0.955813825130462
0.10213918360257 -0.993845580219905 0.0428783144533601 -10.228590965271 0.990697929347486 0.105522695085694 0.0859219041249362 -42.1430015563965 -0.0899177399604967 0.0337034642019549 0.995378760342606 -0.958734989166259
0.0466139983785908 -0.99847906237474 0.0294397206919559 -10.1449527740479 0.99139158740646 0.0498527523659286 0.121067846686232 -41.8199234008789 -0.122351361148376 0.0235428350204695 0.992207578757761 -0.970129609107971
0.0915857112659725 -0.995278574801898 -0.0321343435005163 -10.1322336196899 0.990093708697578 0.0875648626544949 0.109758110523897 -41.5877456665039 -0.106426056440058 -0.0418682859525284 0.993438745540969 -0.963970124721526
0.137242652399307 -0.990191910046105 -0.0261617209229235 -10.0804252624512 0.986625125307777 0.134307784704648 0.0923703474018796 -41.3101921081543 -0.0879506479442703 -0.0384889626643259 0.995380973938726 -0.9391730427742
0.0171064030257023 -0.999145671645756 -0.0376204440041968 -10.0030641555786 0.996473304818281 0.0139451406947041 0.0827434942188106 -40.9659729003906 -0.0821481817209345 -0.0389032117254549 0.995860540616701 -0.936758637428283
-0.0612895839246859 -0.998100294862012 0.00627600977558772 -9.96562957763672 0.993722967876105 -0.0604288178973992 0.0941436194493775 -40.5474739074707 -0.0935855224799495 0.0120066383258328 0.995538844354286 -0.93693459033966
0.0795014892765715 -0.996375668156002 0.0302496464357569 -9.93045616149902 0.99071067750019 0.082335237965169 0.108227824871122 -40.2430877685547 -0.110326183156686 0.0213643744560917 0.993665787281708 -0.911658465862274
0.122062024683611 -0.992461681429831 0.0109851273825089 -9.87185192108154 0.987764120064507 0.122551866323364 0.0964524917970026 -40.0151481628418 -0.0970716500494766 -0.000922471751741173 0.995276968387463 -0.932843565940856
0.0790348472760696 -0.996649021220721 -0.0210765608159329 -9.80645561218262 0.993046179713718 0.0768634227041811 0.089170057789537 -39.6976585388184 -0.0872512342149917 -0.0279775400987604 0.995793391913193 -0.904575943946838
0.0772736093706322 -0.996842611437448 -0.0182646466542304 -9.76975154876709 0.992943333971696 0.075292602996938 0.0916218284860048 -39.3817558288574 -0.0899573499832467 -0.0252157085269171 0.995626357238235 -0.906284034252166
0.159590204950248 -0.987001817134672 -0.0189309127300876 -9.70939064025879 0.985246359359667 0.158047061042565 0.0656562096402897 -39.1008148193359 -0.0618108231012972 -0.0291297007994246 0.997662709876878 -0.872173845767974
0.066390751373921 -0.997789822904389 0.00278162550216325 -9.59304237365723 0.995853396792457 0.0664351613734712 0.0621480605506412 -38.745246887207 -0.0621955000697923 -0.00135596523145521 0.998063064705512 -0.873357832431792
0.0324936352614025 -0.99885371938419 0.0351484130490936 -9.50696468353271 0.99663575324456 0.0350288141626125 0.0740955972579354 -38.4237365722656 -0.0752418701398892 0.0326225298027592 0.996631542510631 -0.865888953208923
0.164061401377074 -0.986439992927675 0.00447179282163858 -9.44891357421875 0.981648284708826 0.163707849507204 0.0978078991592547 -38.1136054992676 -0.0972136909411981 -0.0116567732488801 0.995195266232217 -0.855435073375701
0.166373804743436 -0.986062368945338 -0.000872722808771482 -9.3523416519165 0.982722775935482 0.165737416168071 0.0823835817356364 -37.7825469970703 -0.0810907069450868 -0.0145641145230078 0.996600312971708 -0.870439708232879
0.0528755611426084 -0.998586467040828 -0.00540766833045599 -9.2662181854248 0.996458638871156 0.0524068077186867 0.0657549049408529 -37.452995300293 -0.0653785595810912 -0.0088653453206593 0.997821151108478 -0.832045912742614
0.0880242451050644 -0.995908271808137 -0.020455962891376 -9.19330883026123 0.991847779282709 0.0857288618641257 0.0942790802640787 -37.1251449584961 -0.0921396494764468 -0.0285880462363461 0.995335626111487 -0.844245314598083
0.143240790160613 -0.989654036998821 -0.00818309758586327 -9.10185718536377 0.983730015568593 0.141467733173134 0.11073453363911 -36.823974609375 -0.10843123398532 -0.0239116608120737 0.993816331106321 -0.829536139965057
0.0976984413292242 -0.994943538761241 -0.0232888221921981 -9.00841331481934 0.990788964780741 0.0950324408158612 0.0964679348866127 -36.566764831543 -0.0937669548964242 -0.0324990749074418 0.995063600127958 -0.835964620113372
0.0626125953172191 -0.997919223344773 -0.0153911203817972 -8.91383171081543 0.991598003019242 0.0604521342016192 0.114363192849451 -36.1544494628906 -0.113194802512719 -0.0224223805478866 0.993319774058018 -0.828691899776458
0.172495713454156 -0.984921072878686 -0.0132555286367849 -8.8660249710083 0.977855076502429 0.169608092886667 0.122607276235043 -35.9150695800781 -0.118510245119863 -0.0341112155580381 0.992366740058726 -0.802076697349548
0.171753459197828 -0.984969542043642 0.018323495843274 -8.77376651763916 0.976822986190947 0.172685777221194 0.126477175784858 -35.6042137145996 -0.12774037303289 -0.00382408052353687 0.991800268958205 -0.814454317092895
0.134998398727707 -0.990754373762677 -0.0134611742088608 -8.68913173675537 0.987194681447662 0.133323329806927 0.0875873886506653 -35.2741432189941 -0.0849828998234616 -0.025112956801609 0.996065884436504 -0.77698665857315
0.105480393026894 -0.994337292726232 0.0129319364659928 -8.62457656860352 0.988777702843376 0.106256411845247 0.10501537650054 -34.9534721374512 -0.105794806331259 0.00170974724501671 0.994386512236409 -0.787649989128112
0.217724995748718 -0.975988192409703 -0.00654786248037161 -8.57217788696289 0.969932083456654 0.215616703229687 0.112876883239198 -34.74169921875 -0.108754676716247 -0.0309271008211574 0.993587406687073 -0.756292104721069
0.210985523901354 -0.977308599347035 -0.0187885695679186 -8.46908283233643 0.975854065320471 0.20948237211203 0.0618544983960489 -34.4345664978027 -0.0565150590690765 -0.0313853057441556 0.997908317773614 -0.760557949542998
0.0718044283541571 -0.997417655401421 -0.00146450068805202 -8.37590026855469 0.99325633064407 0.0713706984813989 0.0913678555825616 -34.1000022888184 -0.0910273898571814 -0.00801524121969128 0.99581613272932 -0.737983644008636
0.159754913100811 -0.987142520768792 -0.00529258258195114 -8.30954074859619 0.978584036729526 0.157660247667584 0.132350025929509 -33.75537109375 -0.129813908339199 -0.0263228037190288 0.991188911966872 -0.734740078449248
0.171778488184879 -0.984921095745025 -0.0205569003825025 -8.24484443664551 0.97595164700125 0.167297337993222 0.139749717051338 -33.4458656311035 -0.134203329736876 -0.0440685359048872 0.989973449356464 -0.736225306987762
0.00620997903959134 -0.999451911372602 -0.0325163499486209 -8.1534481048584 0.993113300493237 0.00235973181036023 0.11713412845628 -33.0965385437012 -0.116993198707262 -0.0330198201000024 0.9925836402726 -0.717904090881347
-0.0351783167740512 -0.999366659931994 -0.00536330544664899 -8.11275005340576 0.98619753674991 -0.0355825750752021 0.161704356340293 -32.7341957092285 -0.161792782710959 0.00039920845076029 0.986824673432549 -0.739571690559386
-0.0230371998365217 -0.999721913043204 0.00503825415491939 -8.0911979675293 0.991410007014702 -0.0221960847306814 0.128893490191465 -32.3240661621094 -0.12874581707691 0.00796432067823803 0.991645644462443 -0.694358944892882
-0.302861641508328 -0.95155569450233 -0.0530715212055358 -8.14772033691406 0.94989001654283 -0.305913884723549 0.0642312354358018 -31.970422744751 -0.0773549130640308 -0.0309589307556847 0.996522835679806 -0.665131092071532
-0.522686255227755 -0.850243324684637 -0.0623327155288501 -8.31203746795654 0.843149673806324 -0.526368109518056 0.109705245283339 -31.6465129852295 -0.126086106119097 0.00478561507037823 0.992007757899162 -0.67667531967163
-0.607936215949924 -0.788838538420794 -0.0902624929781584 -8.49117374420166 0.781450155083198 -0.614580283564514 0.10782731645649 -31.3870944976807 -0.14053189124513 -0.00498350839338455 0.990063610172175 -0.651023566722869
-0.763512901709705 -0.638838282537366 -0.0945182399726885 -8.72223281860352 0.63150275220223 -0.769197001257787 0.0976741891035583 -31.096040725708 -0.135101157966303 0.0148869748685366 0.990719968051229 -0.677024066448211
-0.883649773926012 -0.451149851582604 -0.125007553601781 -9.02751064300537 0.449954006305566 -0.892188015597368 0.0392675060832743 -30.9104633331299 -0.129245770724143 -0.0215489266884556 0.991378421445866 -0.646797060966491
-0.907695414614868 -0.405252299676618 -0.108901826862341 -9.34472465515137 0.407183703421918 -0.913333236962064 0.00488159072539716 -30.8102722167969 -0.101441933906811 -0.0399120516537511 0.994040523408394 -0.610333263874053
-0.941967571172561 -0.31762506051266 -0.108680337658636 -9.67386436462402 0.31867926143491 -0.947828908557272 0.00799302411052138 -30.7084693908691 -0.105549150591404 -0.0271050002298391 0.994044614578226 -0.638526916503905
-0.985931529848391 -0.142579911469888 -0.0872352411359654 -10.1201076507568 0.146402494034751 -0.988452785999156 -0.0390819599164621 -30.6461486816406 -0.0806556147531943 -0.0513035933999393 0.995420822121498 -0.631576895713805
-0.979941211917348 -0.169525400748058 -0.104768123430604 -10.4910831451416 0.174347555063246 -0.983925065969686 -0.0386574003266931 -30.6048069000244 -0.0965305714757165 -0.0561480458944039 0.993745060723731 -0.626898884773254
-0.978940984095576 -0.184604131382327 -0.0871542559750357 -10.9030609130859 0.186200946890529 -0.982455668024833 -0.010491317503027 -30.4454536437988 -0.0836884522204585 -0.0264985856689635 0.996139582549799 -0.649815499782561
-0.984954408051066 -0.157497511850305 -0.0711290926536928 -11.165358543396 0.160292086758056 -0.986433851446874 -0.0354217961491817 -30.3700695037842 -0.0645853000575389 -0.0462902849488904 0.996837975067076 -0.621983051300048
-0.985586675148818 -0.15369577174097 -0.0706860348162569 -11.5160541534424 0.156852230972616 -0.986750611466686 -0.0414802170803725 -30.3204555511475 -0.0633741541009461 -0.0519696114962335 0.996635779045143 -0.628268957138061
-0.973739230278809 -0.211053306877519 -0.0853722031582628 -11.7633628845215 0.214267615887321 -0.976304281529652 -0.0303205977650951 -30.2696704864502 -0.0769499850422049 -0.0478168539631461 0.995887668504371 -0.600596666336059
-0.985272194516588 -0.152870611333105 -0.0766112191725889 -12.1092348098755 0.155357129008838 -0.98747311008867 -0.0275865785834349 -30.1595420837402 -0.0714343417314027 -0.0390823878806255 0.996679337489721 -0.63177478313446
-0.990798562168727 -0.0731354130787831 -0.113883363834144 -12.3852481842041 0.0771384996074583 -0.996533839789997 -0.0311441492372908 -30.0958690643311 -0.111210885630384 -0.0396423701006921 0.993005851649478 -0.626697838306426
-0.991296047882389 -0.0975676344450609 -0.0883894912393565 -12.7930927276611 0.100030566986417 -0.994698077460068 -0.0238667208812024 -30.0226745605469 -0.085592237505122 -0.0325006370097618 0.995800018815438 -0.594163060188293
-0.985940223139259 -0.1304158667852 -0.104468072092734 -13.1485233306885 0.135603826063339 -0.98977799586174 -0.0441714983320731 -29.9574069976807 -0.0976395347853079 -0.0577167271991551 0.993546828613693 -0.6269291639328
-0.988407211731448 -0.0719520256580078 -0.133694015576514 -13.5284042358398 0.0789040524811755 -0.995752610434525 -0.0474435381783216 -29.8998107910156 -0.129712506333475 -0.0574425349069777 0.989886367662546 -0.616097033023833
-0.993150007627409 -0.0272532217073695 -0.113623607829736 -13.7868385314941 0.0304930069879935 -0.999173662682974 -0.026873189716176 -29.8873634338379 -0.112797335405172 -0.0301538340391462 0.99316036339467 -0.623071610927581
-0.984671543458288 -0.147374645400742 -0.0932880774615793 -14.1110858917236 0.145158623336256 -0.988948976719563 0.0301478940632918 -29.8205032348633 -0.0967001839429209 0.0161442044813096 0.995182615948988 -0.589783787727355
-0.984451296188581 -0.157837836155524 -0.0770899663404022 -14.4645719528198 0.158548011557686 -0.987346270312409 -0.00314174016731478 -29.7375011444092 -0.0756186052749335 -0.0153153510543205 0.997019190667039 -0.60380470752716
-0.985024594103489 -0.132189371619417 -0.110691097393241 -14.7334775924683 0.134228769189615 -0.990887679243753 -0.011146508187318 -29.6960983276367 -0.1082089946959 -0.0258375144662266 0.99379235070165 -0.595866739749908
-0.981298579728088 -0.172741671517652 -0.0849318099708477 -15.0721940994263 0.175079067438987 -0.984333949368547 -0.0208325770180708 -29.6637554168701 -0.0800026097595017 -0.0353127603255102 0.996168957250657 -0.593580961227416
-0.976110507824904 -0.19824025876818 -0.0889329877904278 -15.3949184417725 0.202185965704027 -0.978620800280453 -0.0377115967677762 -29.6054668426514 -0.079555714980995 -0.0547916878912342 0.995323444490228 -0.592201471328735
-0.99184762500551 -0.105701849758268 -0.0711716778543873 -15.7403326034546 0.109475343287118 -0.992660699635733 -0.0513798074233925 -29.5106811523438 -0.065218386848309 -0.0587524838315616 0.99613990365838 -0.581028938293456
-0.989380034258862 -0.0985958188928141 -0.106798934015227 -16.0879077911377 0.101409702781105 -0.994618157342836 -0.0212318926568 -29.4352836608887 -0.104130783113262 -0.0318368588399882 0.994053919275721 -0.600657045841216
-0.970219041237623 -0.223892915374369 -0.0924498483779941 -16.3248844146729 0.223555713727101 -0.974588850058993 0.0141214801156187 -29.3613471984863 -0.0932622907713246 -0.00696676293947301 0.995617200200072 -0.565794348716735
-0.973824819350924 -0.213507561664 -0.0779727024569137 -16.6406116485596 0.214817652868776 -0.976615233661088 -0.0087213185384285 -29.2691650390625 -0.0742872615735104 -0.0252429493798167 0.996917346761765 -0.588869929313659
-0.98494180986058 -0.127910858337973 -0.116311837350327 -16.9848041534424 0.131425290764775 -0.991058437844013 -0.0230340123638702 -29.1731185913086 -0.112325527534752 -0.0379734788691732 0.992945613196721 -0.585532903671264
-0.982641361243515 -0.152600980555398 -0.105493582302546 -17.3151111602783 0.156300383043984 -0.987321381501799 -0.0276889849883175 -29.0838298797607 -0.0999307031587225 -0.0436970292229415 0.994034418017451 -0.587129116058349
-0.97394541164453 -0.203483310457645 -0.100124310243639 -17.5448780059814 0.207540019401519 -0.977709125166054 -0.0318120561084385 -29.0072479248047 -0.0914192292867538 -0.0517630073723207 0.994466246578731 -0.572570264339446
-0.988329917584289 -0.138419803203922 -0.0635919184238132 -17.892053604126 0.141706562196912 -0.988622551697541 -0.050445024584956 -28.8931140899658 -0.0558858142838254 -0.058867719133932 0.9967002394932 -0.583886325359344
-0.99082267529238 -0.0970527483559465 -0.0940807640434986 -18.3376026153564 0.10097085116394 -0.994170646176897 -0.0378102300368602 -28.7857398986816 -0.0898627472408934 -0.046962648102168 0.994846317951447 -0.594148337841033
-0.976202056532821 -0.202229982144201 -0.0783107856112206 -18.6670436859131 0.205229034780877 -0.978181726213436 -0.0322731124159329 -28.7034378051758 -0.0700755885027022 -0.0475767256550716 0.99640647683159 -0.564044415950774
-0.98906167570411 -0.137819002735602 -0.0525635247899244 -19.0180912017822 0.139524521835003 -0.989755785501229 -0.0302719816589506 -28.6046657562256 -0.0478529984440979 -0.0372747575687623 0.998158646202145 -0.57142412662506
-0.993493401749349 -0.0574595813398099 -0.0983323812015166 -19.3885478973389 0.0583692094891865 -0.998274571372168 -0.00639652525367236 -28.5409984588623 -0.0977951740328431 -0.0120944889915684 0.995133070132793 -0.574364840984344
-0.975003044206711 -0.193883489706713 -0.108527674842843 -19.6443309783936 0.197857534236242 -0.97985806524474 -0.0270290236743683 -28.500560760498 -0.101101236063667 -0.0478263985052419 0.993725905706607 -0.552456259727477
-0.977580993512074 -0.19119559140748 -0.0882023069442638 -20.0541286468506 0.192621844306535 -0.981241480159422 -0.00787290991285955 -28.3916778564453 -0.0850424965525781 -0.0246860981301395 0.996071468489693 -0.574409127235412
-0.990483021458707 -0.0451265810187533 -0.13002682756873 -20.5204887390137 0.0486612557604495 -0.998523704240745 -0.024134917798871 -28.3185329437256 -0.128745743191169 -0.0302324950161251 0.991216691675061 -0.566015899181365
-0.977637690172635 -0.180099392657918 -0.108576035653194 -20.9453086853027 0.182514328783898 -0.983121841245612 -0.0126477292191484 -28.249174118042 -0.104465623735646 -0.0321815790489964 0.994007685798976 -0.542177915573119
-0.986072543849567 -0.148160187286478 -0.0755612147154846 -21.2873268127441 0.152327552167314 -0.98692316011334 -0.0527161539057337 -28.1808071136475 -0.0667626775733124 -0.0634920068601907 0.995746709735015 -0.561532616615295
-0.991876946867181 -0.0337027867511648 -0.122654981303836 -21.6561622619629 0.0385412473274747 -0.998560953229758 -0.0372906816687363 -28.1120262145996 -0.121221675157049 -0.04171504345056 0.991748536990117 -0.556515574455261
-0.981747535076889 -0.145884702989817 -0.122022255363621 -21.9282264709473 0.153741480466158 -0.986429979369226 -0.0576146941821489 -28.070873260498 -0.111961308292311 -0.0753229661869562 0.990853730986704 -0.547215461730956
-0.974920237019014 -0.18003367640844 -0.130837329572451 -22.1693325042725 0.189864276895174 -0.979527621616036 -0.0669118438716591 -28.0175342559814 -0.116112393007214 -0.0900750456569062 0.989143264820645 -0.546680986881256
-0.987175598744955 -0.102429376975706 -0.122444109596615 -22.5339546203613 0.110773903640327 -0.991822065338286 -0.0633887449030194 -27.8895568847656 -0.114949900020933 -0.0761394342011104 0.990449043133826 -0.55236142873764
-0.985735238546029 -0.0653893594583945 -0.15508149843945 -22.8039436340332 0.0753766234671759 -0.995383557557602 -0.059413281163896 -27.8198509216309 -0.150480577229395 -0.0702552845954911 0.986113477680492 -0.557482957839965
-0.974102360140556 -0.181377204580076 -0.135007042880418 -23.1317367553711 0.186249869265757 -0.982202479187542 -0.0242750092962936 -27.7252292633057 -0.128201318897608 -0.0487913879343878 0.990547233753318 -0.536940217018127
-0.965687955586522 -0.228079063647223 -0.124204320218461 -23.4361267089844 0.235354504210676 -0.970760266229157 -0.047252120147588 -27.6196689605713 -0.109795399643477 -0.074862849508293 0.99113093180499 -0.547813057899475
-0.988698068242062 -0.0948169367299943 -0.116128714638347 -23.6934871673584 0.100659311110038 -0.993879527134294 -0.0455103134483241 -27.5325622558594 -0.111102803480682 -0.056685395407039 0.992190976075816 -0.531520962715148
-0.987610975347778 -0.108153428796648 -0.113698712447144 -24.1109886169434 0.111599153495182 -0.993454398192747 -0.0243718618625074 -27.4462547302246 -0.110318585522879 -0.0367585983276656 0.993216298263987 -0.53075885772705
-0.976249928030999 -0.170320709491466 -0.133891500618199 -24.485746383667 0.172546375940858 -0.984988127466768 -0.00511242595908824 -27.3546504974365 -0.131010786461061 -0.0280934986755772 0.990982809721248 -0.531686246395111
-0.995976292201895 -0.0158548806010872 -0.0882034473979977 -24.8233947753906 0.0176342920706783 -0.99965566712994 -0.0194313900213038 -27.2692451477051 -0.087864993683105 -0.0209086091388041 0.995912934421955 -0.511550724506378
-0.987518269546844 0.0629936066877465 -0.144358833563022 -25.1676273345947 -0.0631760588661635 -0.997996860625407 -0.00332441994503841 -27.2135486602783 -0.144279079901925 0.00583709673565685 0.989519820622282 -0.547276496887206
-0.989574635513928 -0.00946628464040038 -0.143709534139467 -25.4905586242676 0.0228517238158331 -0.995517081463512 -0.0917798411036773 -27.1921920776367 -0.142196481904865 -0.0941070133915549 0.985354773959309 -0.508026778697967
-0.967215635527012 0.235847101463956 -0.0941809913046621 -25.8363075256348 -0.226055034047187 -0.968555719209433 -0.103917950175236 -27.1780166625977 -0.11572828510785 -0.0792209790254319 0.990116660049839 -0.502631187438964
-0.877823172468727 0.47512469526437 -0.0606877403342602 -26.1430721282959 -0.467388945640624 -0.877378831176788 -0.108415681964368 -27.2577743530273 -0.104757106536433 -0.0668050189191802 0.992251499407949 -0.467467755079269
-0.813416950057063 0.580130525955178 -0.0424433530112052 -26.4723472595215 -0.573301744871895 -0.811902840430151 -0.110176617429889 -27.4735221862793 -0.0983766978847411 -0.0652866797778864 0.993005374988914 -0.474823564291
-0.538519208111966 0.842612147358469 -0.00135337297531995 -26.7630023956299 -0.835382508635075 -0.534107284240756 -0.129867136672574 -27.8564052581787 -0.110150473267386 -0.0688053634894414 0.99153048122287 -0.50666069984436
-0.282287002817193 0.958845942056105 -0.0304714201019075 -26.9165935516357 -0.948531355528562 -0.283721040725546 -0.140679204677742 -28.1902732849121 -0.143535067560631 -0.0108088136330436 0.989586203384127 -0.530826807022094
-0.337864453781515 0.941003031461176 -0.0189975169902744 -27.023307800293 -0.93287508592866 -0.337487515081758 -0.125881893922577 -28.40505027771 -0.12486666858899 -0.0248087070364007 0.991863318774653 -0.520975291728973
-0.291348780523073 0.953498162777716 -0.0771825217729986 -27.2120399475098 -0.954412566663654 -0.295203895681688 -0.0441736637472106 -28.7749996185303 -0.0649040883320517 0.0607940256429549 0.996037923858278 -0.544784188270568
-0.178340590144742 0.983921946100683 0.0096040558239509 -27.2672252655029 -0.981619311723598 -0.177232172785746 -0.0707974842839302 -29.2218322753906 -0.0679570508344427 -0.0220535917956209 0.99744447380834 -0.537851929664611
-0.289132993392661 0.955036944954969 0.065624278303686 -27.2791690826416 -0.956755993720717 -0.286005072688935 -0.0530948855887212 -29.481029510498 -0.0319387008389813 -0.0781379048047558 0.996430824102427 -0.531744539737701
-0.231094371215972 0.972613580758282 0.0248639119377334 -27.3671379089355 -0.971219388997578 -0.22909704024339 -0.0651724219811567 -29.8988494873047 -0.0576913340759756 -0.0392092932386124 0.997564204097292 -0.559233546257019
-0.273888602914692 0.961377422224503 -0.0271750847359836 -27.4382820129395 -0.95702846036444 -0.275231674027906 -0.0913457807688263 -30.153865814209 -0.0952972153103537 0.000988761228225986 0.995448372898025 -0.540823638439178
-0.335176342889786 0.940829242330032 0.0499715513440129 -27.4661827087402 -0.939311726434178 -0.329576506515312 -0.0952512831221004 -30.5748329162598 -0.0731457432136187 -0.0788648408979642 0.994198188048976 -0.560824632644653
-0.446353995180653 0.893349474131428 -0.0519117333111774 -27.496337890625 -0.888614925243845 -0.449333980418974 -0.0919917859089487 -30.8259811401367 -0.10550651932533 0.00506863985132779 0.994405693502361 -0.567400157451629
-0.30874596302717 0.951071234176347 0.0118083799356599 -27.4938068389893 -0.950969308576366 -0.308426996389651 -0.0230252479649267 -31.0679359436035 -0.0182566278434359 -0.0183383592596922 0.999665143995452 -0.574047088623047
-0.166664000064113 0.986004568631756 -0.00425461160782915 -27.5563354492188 -0.983832053810174 -0.166580568858139 -0.0657678034797764 -31.5015888214111 -0.0655560903218376 -0.00677530192707486 0.997825883762048 -0.597855567932129
-0.254432225186463 0.966881148969042 0.020126762158159 -27.6025886535645 -0.962945631402015 -0.251362061788702 -0.0977385535861281 -31.962459564209 -0.0894424605567221 -0.0442488153698915 0.995008587193056 -0.612385690212249
-0.184398935346644 0.982761408646822 -0.0133058753014739 -27.7194442749023 -0.979373211623644 -0.184867467458678 -0.0815606021888206 -32.3641700744629 -0.0826144357664728 -0.00200827038238142 0.996579561225825 -0.625229656696319
-0.148637027646809 0.988870063474865 0.00655984569474992 -27.7766437530518 -0.981188064384459 -0.146649458838793 -0.125554444492294 -32.694019317627 -0.123195033673445 -0.0250984817370732 0.992065043176451 -0.65220433473587
-0.248229964617228 0.968627065614974 0.0119788323410327 -27.8309154510498 -0.960201732560903 -0.244398680238948 -0.135210642645101 -32.9776153564453 -0.128041077210287 -0.0450654286075821 0.990744462357093 -0.662360668182373
-0.266682847472651 0.962889883881503 -0.0415130146164387 -27.9346141815186 -0.953324851560897 -0.26987238756391 -0.135427551949182 -33.3074531555176 -0.141605036140218 0.00345918331700365 0.989917192390609 -0.690445184707641
-0.225244784289147 0.973939482103834 -0.0265833096105745 -28.0401649475098 -0.96648509257849 -0.22680371839642 -0.120277342609089 -33.6247291564941 -0.123172046236483 -0.00139947164083745 0.992384345153149 -0.698202908039093
-0.249347248709802 0.968234662556078 -0.0186437063313784 -28.1214008331299 -0.959387859159742 -0.249599760564924 -0.131433995689168 -33.9683723449707 -0.131912415100853 -0.0148861597079658 0.991149593649419 -0.751477420330047
-0.279792205146343 0.959967811132118 -0.0133462927270819 -28.1992435455322 -0.951298962694591 -0.279085815792207 -0.13092513509557 -34.336784362793 -0.129408676353411 -0.0239355178303811 0.991302418775749 -0.744243383407592
-0.209455340366879 0.977527784600816 -0.0238304579313054 -28.3178653717041 -0.972290701388543 -0.210797128325758 -0.101071077381166 -34.6776924133301 -0.103823178458236 0.0020002557423197 0.994593759578148 -0.746868431568146
-0.223544827456518 0.973898850348026 -0.0393540265821394 -28.4032669067383 -0.968250281430397 -0.226520858267503 -0.105734068680398 -35.0084991455078 -0.111888795808127 0.0144682431741407 0.993615402110928 -0.780011653900146
-0.366429269779697 0.930443597657243 -0.00207408470531085 -28.4693737030029 -0.925429048544636 -0.364683790107628 -0.102892221972823 -35.3839836120605 -0.0964917942546785 -0.0357833035280754 0.994690348214021 -0.771954834461212
-0.3294234641062 0.943943894923648 0.0212156671505622 -28.560863494873 -0.942051421889367 -0.327088265808757 -0.0745143267193712 -35.7300186157227 -0.0633979480148433 -0.0445330170389551 0.996994237987821 -0.789085626602173
-0.250139744959277 0.9679630251913 0.0218561170891734 -28.6522827148438 -0.963890125551888 -0.246830342551465 -0.0999530282657368 -36.0737380981445 -0.0913560827491685 -0.0460691204434589 0.994752080815262 -0.793324291706085
-0.278525107277996 0.960275365512462 0.0171751857541108 -28.6898078918457 -0.955164412915472 -0.275084260925988 -0.109497003112617 -36.2714538574219 -0.100422651407052 -0.0469027907561002 0.9938387290218 -0.821277499198913
-0.311419827275618 0.94938517063653 0.041054706856476 -28.7295608520508 -0.946134695580959 -0.305747022447271 -0.106526504131858 -36.467601776123 -0.0885823289237237 -0.072017748090836 0.993461934329833 -0.804598808288574
-0.314144861927835 0.948439335013314 0.0421406398129555 -28.8397960662842 -0.945057666879051 -0.308179632821794 -0.109047330031267 -36.806339263916 -0.0904378902754002 -0.0740819931786936 0.993142913325774 -0.81826776266098
-0.184303952487412 0.982721926051918 0.017019669630369 -28.9602394104004 -0.973258500792893 -0.180058736837848 -0.142642006164833 -37.1327972412109 -0.137112886819172 -0.0428540236753558 0.9896280053247 -0.808497130870819
-0.331232057562063 0.943548758128863 -0.00103202552409368 -29.0935459136963 -0.936005812940214 -0.328721750059441 -0.125837709689853 -37.571231842041 -0.119073263940027 -0.0407155016098132 0.992050304038727 -0.81179004907608
-0.318918282573963 0.947449029298843 -0.025128985669016 -29.1766929626465 -0.939146975110245 -0.319472387310492 -0.126255110341767 -37.8298759460449 -0.127648298779697 -0.0166652520777375 0.991679475028012 -0.82068657875061
-0.250858764641575 0.967805588761947 0.0205480549844566 -29.2670402526855 -0.9599251747125 -0.245964028642521 -0.134333002524019 -38.0817031860352 -0.124954148213173 -0.0534232063347255 0.990723181251573 -0.832373321056366
-0.184456813802575 0.982604844353879 0.021526813375226 -29.3725299835205 -0.972400503787009 -0.179269711032148 -0.149330609525379 -38.4732437133789 -0.142873874716735 -0.0484777326072465 0.988552965381566 -0.85712468624115
-0.30803654432807 0.950447594359722 0.0419863993959754 -29.4347095489502 -0.943781586863986 -0.299715783633179 -0.139451659501227 -38.8219718933105 -0.119957507705511 -0.0825821979422112 0.98933835310682 -0.836614727973938
-0.241078053848461 0.969607349664902 0.0417487655918387 -29.4835643768311 -0.963855424635306 -0.234177129548611 -0.127058224438508 -39.1478385925293 -0.113419982162455 -0.0708707236605981 0.991016270388177 -0.858314454555511
-0.106377084814788 0.993680803912423 0.0358102745349339 -29.4641799926758 -0.978982244141795 -0.0983651354215799 -0.178656278335215 -39.566837310791 -0.174004831776025 -0.0540625570007029 0.983259659728366 -0.88722038269043
-0.18942906771272 0.981762156714407 0.0161150845162703 -29.4148578643799 -0.965524151018421 -0.18326137238952 -0.184873965690326 -40.0157318115234 -0.178548990771855 -0.0505800062612337 0.982630103783192 -0.876158535480499
-0.101268072138325 0.992188650449063 0.072845449311909 -29.3534564971924 -0.982010210531908 -0.087961718502275 -0.167088846094536 -40.3336982727051 -0.159376045805083 -0.0884557403348903 0.983247099169554 -0.878730237483978
0.284932576413879 0.95376748645974 0.0956086223644012 -29.2245578765869 -0.94985513497971 0.294342873805768 -0.105534331818788 -40.5924606323242 -0.128796931061362 -0.0607441718359179 0.989808817973018 -0.892444849014282
0.514431364332399 0.851463650253579 0.101833313252379 -29.0283527374268 -0.851053048510076 0.521501822608314 -0.0611927907347971 -40.8769912719727 -0.105209695431613 -0.0551860608583102 0.992917629350053 -0.891951143741608
0.732572825651296 0.673880449622129 0.0960322588214661 -28.8410816192627 -0.670977706961911 0.738644795493487 -0.0647517015260716 -41.1056213378906 -0.114568633916146 -0.0170001678657164 0.993269863841205 -0.927853107452392
0.879101874485149 0.470133372409533 0.0784506623524362 -28.6474227905273 -0.464898891401439 0.882061754046041 -0.07639425909671 -41.3060607910156 -0.105113819502528 0.0306867104144658 0.993986625037545 -0.911015391349792
0.906979436429038 0.416563549052126 0.0621539338735836 -28.3647403717041 -0.414415430336537 0.908985068179028 -0.0447883570423226 -41.4879302978516 -0.0751541947854379 0.0148645695754984 0.997061127302377 -0.915950715541839
0.91019230859221 0.396285506216701 0.120448158732944 -28.0807762145996 -0.395312724519245 0.917957265609639 -0.0328984550951301 -41.6540489196777 -0.12360344336933 -0.0176707689998932 0.992174345924242 -0.928425192832947
0.950310808866685 0.294298438287407 0.1014780556216 -27.8204498291016 -0.295713484263995 0.955275989956196 -0.00114814531229379 -41.8305015563965 -0.0972774474150887 -0.0289173345037764 0.994837115305617 -0.905592501163483
0.953773068652896 0.273812169717141 0.123870211218154 -27.5240364074707 -0.26976114435995 0.961694834852415 -0.0487028706730504 -41.9753723144531 -0.132460781011018 0.0130361164837226 0.991102517987405 -0.939774513244629
0.936053783380518 0.323782004363798 0.137726280241571 -27.1821022033691 -0.320837825274121 0.946125981051686 -0.0436888756133313 -42.0991020202637 -0.14445208372464 -0.00329266292630013 0.989506318261012 -0.918903529644012
0.961179088699055 0.24199790902679 0.132558558661125 -26.8685150146484 -0.242711388391551 0.970036219920817 -0.0109960896130599 -42.2204437255859 -0.131247633855622 -0.0216042604222905 0.991114178356312 -0.931344568729401
0.964402283503551 0.21125425106137 0.159059350500485 -26.5580253601074 -0.207486914220439 0.977414563889731 -0.0401241912507639 -42.3354682922363 -0.163943331674139 0.00569312785271706 0.986453330013557 -0.950420022010803
0.935365056102056 0.321988011701999 0.146341833196773 -26.1896419525146 -0.320838027308523 0.946591603773481 -0.0320514570390354 -42.443187713623 -0.148846135509036 -0.0169722121640957 0.988714707060779 -0.944685816764831
0.953853843252964 0.270636562965492 0.130071889729391 -25.8648529052734 -0.270208974017062 0.962566845069952 -0.0212645040554789 -42.5543632507324 -0.130957840819848 -0.0148633629540525 0.991276512568264 -0.962255716323852
0.990947654564101 0.0771616197784794 0.109858228399466 -25.5664749145508 -0.0757362060382853 0.996981329736647 -0.017095474590493 -42.6528930664062 -0.110845717142496 0.00862047502804625 0.993800238680519 -0.938316524028778
0.984718634708382 0.139059393962483 0.104841286756925 -25.209753036499 -0.137042383136833 0.990217616869751 -0.0262384539363227 -42.7303504943848 -0.107464392624898 0.0114697947487333 0.994142770494351 -0.959425389766693
0.982606294614228 0.128345460527801 0.134209956957012 -24.87668800354 -0.132474407778286 0.990936355674544 0.0222636539284683 -42.7911262512207 -0.130136086725738 -0.039655791057055 0.990702789522342 -0.962054669857025
0.989459856709622 0.0873153685572252 0.11552150610986 -24.5700283050537 -0.0830847110948561 0.995700638520708 -0.0409532566682809 -42.9414443969727 -0.118600686096071 0.0309235325144092 0.992460383287097 -0.949231564998626
0.969187593306377 0.196151468785489 0.148996678735764 -24.039623260498 -0.198046560040974 0.980190238934016 -0.00215767337981032 -43.0445404052734 -0.146468320932993 -0.0274170894110287 0.988835342294812 -0.977943956851959
0.968244954259206 0.18401872094618 0.169230076797596 -23.7870502471924 -0.19134515744839 0.981125874902481 0.0279114370445484 -43.0828437805176 -0.160899780213148 -0.0594064637743466 0.985181269000374 -0.986241340637207
0.9875368261815 0.0896712930256894 0.12934479557551 -23.4005355834961 -0.0902177322938196 0.99592071480174 -0.00164030745625295 -43.2059440612793 -0.128964249756009 -0.0100493301215203 0.991598322532354 -0.96160614490509
0.966596595515619 0.221384912038819 0.129150076496992 -22.9650573730469 -0.224618747951264 0.974386316576756 0.0108500754278026 -43.3032989501953 -0.123440024329311 -0.0394971744501658 0.991565698077557 -0.995871782302856
0.941115188044221 0.303935693486697 0.148071932037274 -22.7184944152832 -0.310670827274007 0.950211057443954 0.0241367643259732 -43.3676223754883 -0.133363562914968 -0.0687171051194978 0.988682011341676 -0.992079854011535
0.935427612812698 0.320064379507912 0.150113204474998 -22.4910411834717 -0.324977966428109 0.945681043282211 0.00875703790783934 -43.4626007080078 -0.139156395914052 -0.0569750589897322 0.988630031978256 -1.01254105567932
0.913038824057442 0.377052493675541 0.155536242647363 -22.2076988220215 -0.378526002078002 0.925348062719606 -0.0211902942857313 -43.6011734008789 -0.151915014118578 -0.0395269507314653 0.987602880033885 -0.999000370502472
0.847412106971743 0.512904370833943 0.137192665026774 -21.9856472015381 -0.511641334219591 0.857910001394475 -0.0470486410571847 -43.7392654418945 -0.141830413084459 -0.0303238501310139 0.989426398494362 -1.02781224250793
0.695928263515678 0.697953948270764 0.168950105455144 -21.769214630127 -0.699874222384895 0.711901144777819 -0.0580760958154869 -43.912467956543 -0.16081021385842 -0.0778270271646228 0.983912104286519 -1.01640665531158
0.570179931116644 0.805982232989318 0.159020395727629 -21.5729103088379 -0.799852844218337 0.588805201573935 -0.116378100153398 -44.1957702636719 -0.187430717193464 -0.0608364586825189 0.9803920907205 -1.04084837436676
0.418642612891989 0.899495761069433 0.125082926449179 -21.4003753662109 -0.883551762645218 0.435261097610405 -0.172870065753195 -44.5925407409668 -0.209939623219384 -0.0381464641232673 0.976969908378654 -1.05612456798553
0.0163228577632045 0.996741468465176 0.0789937298545113 -21.2434349060059 -0.973033303919899 0.0340153762231575 -0.228142814138694 -45.133373260498 -0.230086405024651 -0.073139587244408 0.970417872362494 -1.0885865688324
-0.00347275447117095 0.999078818338316 0.0427721255503787 -21.1912059783936 -0.964829475566168 0.007895373702362 -0.262757961159722 -45.5612716674805 -0.262853615259705 -0.0421803013480753 0.963913273652297 -1.0973562002182
-0.248209060764024 0.968675741327057 -0.00771818107566206 -21.2060451507568 -0.9476138372307 -0.244450439307886 -0.205601552063912 -46.0478401184082 -0.201047948618107 -0.0437183129438597 0.978605350215189 -1.1243644952774
-0.319120478781825 0.947275390353895 -0.0288349588509378 -21.1936454772949 -0.926493705335827 -0.31823307264149 -0.200841045232907 -46.3204307556152 -0.199428017076711 -0.037377082644756 0.979199376887985 -1.13522970676422
-0.126008879284116 0.991974584831808 -0.0104012205689114 -21.1874923706055 -0.973840086878221 -0.125690246653031 -0.189307810418161 -46.5815696716309 -0.189095868623773 -0.0137253394880542 0.981862702991288 -1.1611396074295
0.0694599724585436 0.996220134141934 0.0521608718896239 -21.2202568054199 -0.981633561493453 0.0775688017570482 -0.174294669865878 -46.7923851013184 -0.17768191572509 -0.0390963594750604 0.983311045142919 -1.12035143375397
0.298215499002809 0.952345089487664 -0.0640807824799239 -21.2791996002197 -0.940425275743317 0.28166960622507 -0.19042723983748 -46.8472518920898 -0.163302837996199 0.117051541885392 0.979607635558564 -1.09804964065552
0.144113444486747 0.989387472117924 -0.0185403649982559 -21.345235824585 -0.977539364331636 0.139426078376173 -0.158041639610397 -47.0915374755859 -0.153779407920133 0.0408998616714591 0.987258372977909 -1.09036147594452
0.155950449442982 0.98634751958544 0.0528963885930079 -21.168701171875 -0.970957379310921 0.162913745134704 -0.175216663613518 -47.5327377319336 -0.181442070315017 -0.0240350214028512 0.983107874480702 -1.14795732498169
0.0554986331456406 0.997293757884043 0.0482188988311534 -21.1656894683838 -0.982219215567345 0.0632068957013181 -0.176777546385486 -47.7528114318848 -0.179346910453555 -0.0375506167902221 0.983068988875877 -1.1089745759964
0.217564735768455 0.974636732663933 0.0524292389051678 -21.2512302398682 -0.975793543020347 0.218415856596407 -0.0110215691739233 -47.7476043701172 -0.022193403294672 -0.0487622080040555 0.998563818651952 -0.91474312543869
-0.0338333870288021 0.998806651356821 0.035221799038835 -21.3703269958496 -0.989999799093497 -0.028664210502024 -0.138125887621154 -47.9238166809082 -0.136951450218665 -0.0395428405867415 0.989788191504292 -1.12120366096497
-0.385061576748909 0.901349115185129 -0.198235603932869 -21.6474552154541 -0.898788633695767 -0.415021274867494 -0.141196081201486 -48.2453994750977 -0.209538955926914 0.123802721950467 0.96993108620495 -1.10200560092926
-0.393780029045586 0.914985899173373 -0.0879664313175884 -21.9490184783936 -0.913893342297847 -0.399980611067781 -0.0693863795965382 -48.4773635864258 -0.0986724258773845 0.053068965353952 0.993703898194896 -1.02167785167694
-0.425182694577798 0.904707346150833 -0.0269127117228941 -22.1114540100098 -0.894256748393888 -0.424490052656663 -0.141820531473878 -48.8019638061523 -0.139730255075818 -0.0362327616427413 0.989526474026939 -1.05051875114441
-0.430326341802259 0.902259427639206 0.0273343151964259 -22.2406311035156 -0.89526822048615 -0.422729583660673 -0.140692972410269 -49.1781272888184 -0.115386537077113 -0.0850154358587089 0.989675867507694 -1.01889479160309
-0.256205003223752 0.96624769279936 0.0269145403644982 -22.4041404724121 -0.957295241853311 -0.24977571384395 -0.14559502978727 -49.5192604064941 -0.133958263082679 -0.0630673365036128 0.988978106339171 -1.01243770122528
-0.334955883770891 0.941328773698738 0.041287961127797 -22.56884765625 -0.93832954325652 -0.329262627926746 -0.105469379929837 -49.930046081543 -0.0856867794894439 -0.0740693030722052 0.993565052808886 -1.03293001651764
-0.364192238445603 0.928398249670324 0.0737611243478506 -22.7589244842529 -0.922382947110822 -0.348614860657108 -0.16636519410075 -50.3176918029785 -0.128738930922762 -0.128624915697168 0.983301540081556 -1.07466733455658
-0.294310785313462 0.954303742893727 0.051822079726669 -22.9292469024658 -0.94007998890145 -0.279305295488147 -0.195545816573325 -50.6837310791016 -0.172135923372267 -0.106268142974755 0.979324412885472 -1.09665536880493
-0.364438248715089 0.930196961117334 0.043799273984343 -23.0964832305908 -0.918569646196962 -0.351358143666542 -0.181044911457873 -51.2226486206055 -0.153018194862789 -0.106212374077967 0.982499040016658 -1.14619469642639
-0.200951653886781 0.97947286459597 0.0158537162940714 -23.2767181396484 -0.970207942327805 -0.196762884898094 -0.141353867193739 -51.8395195007324 -0.135332854267593 -0.0437866948597941 0.989832179669383 -1.18845582008362
-0.242711080799881 0.969540126523092 -0.0329131329189578 -23.3770694732666 -0.951050372666746 -0.24449866994725 -0.18900684919989 -52.4700088500977 -0.191296941709475 -0.0145720093196806 0.98142403508218 -1.21788990497589
-0.141737839470991 0.989854263275039 -0.00994597095938561 -23.4640979766846 -0.976236363091216 -0.141437638869258 -0.16418878673504 -52.8977546691895 -0.163929705180394 -0.0135621453803864 0.986378791323166 -1.20157480239868
-0.160200382998565 0.987013993735462 0.0117988752635933 -23.4878902435303 -0.98084824313035 -0.157835357757534 -0.114125911999238 -53.2841186523438 -0.110781592492704 -0.0298559208855481 0.993396226463971 -1.22127413749695
-0.103925002955634 0.994355380106607 -0.0213768990669217 -23.5602626800537 -0.979521159276436 -0.106053938524779 -0.171145729286853 -54.1896820068359 -0.172446781038145 0.00315280453378618 0.985013790529429 -1.26308798789978
0.0479295475670471 0.998498629614131 0.0265187693666255 -23.5036849975586 -0.989621248013156 0.0510707464642263 -0.134318890467684 -55.5297355651855 -0.13547156141014 -0.0198056939865491 0.990583257750104 -1.18068969249725
0.439177284780598 0.889870608718673 0.123505515145681 -25.4789867401123 -0.88728959967517 0.45118139249914 -0.095668789951653 -73.7631530761719 -0.140856234654408 -0.0675695996820743 0.987721555073993 -2.521648645401
0.957473220756613 0.0997913159060858 0.270715209775311 -24.8037891387939 -0.250494209670224 0.75310713226533 0.608343898015571 -71.9361114501953 -0.14317011718808 -0.650285583878977 0.746077058314709 2.02546167373657
0.853121602398766 -0.0480939195930201 0.519490622070064 17.0269069671631 -0.142893328688515 0.936124623970685 0.321328780242386 -181.933013916016 -0.501761923761536 -0.348364268107284 0.791755838986489 59.1357841491699
0.945580554369079 -0.0963403644718881 -0.310798888949893 -50.5785293579102 0.318613053516702 0.468035618540405 0.824274457875691 -79.8795776367188 0.066054048534722 -0.878442481868292 0.473260677345211 7.65727996826172
0.637823814796529 0.303149965189474 0.708011920721695 180.958282470703 0.389948703277682 -0.919852409116692 0.0425623572452439 59.9794006347656 0.664169248076465 0.248941045325672 -0.704916708456896 -200.106597900391
0.764330129131777 0.165838010360448 0.623134983788496 181.133209228516 0.255725317347277 -0.96507774479239 -0.0568287653751926 60.8371543884277 0.591949335474782 0.202787329057124 -0.780046975127038 -200.073333740234
0.762795243708155 0.148600667899066 0.629333979438714 182.16032409668 0.268131232081252 -0.958311734169768 -0.0987130312325634 61.5318260192871 0.588429314836375 0.244041926013714 -0.770840112986287 -199.281173706055
0.915047007496887 0.0899207873972585 0.393196167408648 94.3617248535156 0.357318748147346 -0.632950012970264 -0.686802441247377 -125.730560302734 0.187115702957838 0.768952880919761 -0.611309398448768 -386.980529785156
0.951170951008752 0.209683520346843 0.226509697920555 93.046028137207 0.305639518227272 -0.742309194008651 -0.596289816606008 -155.044494628906 0.0431080834056291 0.636403866884215 -0.770150512146757 -384.216705322266
0.974488559992572 0.0798646179255901 0.209746726427858 94.5630340576172 0.196763150319933 -0.753566634130386 -0.627233282440892 -154.567245483398 0.107964388201752 0.652502084846478 -0.750056477974307 -384.184539794922
0.97344085125228 0.065683465654556 0.219313910759996 95.4396286010742 0.18928613782632 -0.769762212101262 -0.609620287431256 -154.332168579102 0.128777587879381 0.634942374677088 -0.761750952542489 -384.046997070312
0.965866704498038 0.251926473212884 0.0602873223540251 -69.6866226196289 0.0717671528336018 -0.036622527868456 -0.996748848119065 -388.574829101562 -0.248899547842616 0.967053174622286 -0.0534525260085925 -317.710327148438
0.981748117492076 0.129124598878125 0.13963334761198 -67.5331344604492 0.115288071974955 0.179869279447077 -0.976911307525656 -450.452301025391 -0.151259030345506 0.975178896549629 0.161699800442625 -335.201141357422
0.994067904591344 0.0511203045013313 0.0959985183691192 -66.3381805419922 0.0882026582331381 0.137507396537409 -0.986565764142519 -450.312835693359 -0.0636340486059404 0.989180686409311 0.132182742795048 -335.151123046875
0.982552881546708 0.0353241678765846 0.182598023341129 -64.8915481567383 0.178117765324271 0.103779532149865 -0.978521267210194 -450.011016845703 -0.0535153869475736 0.993972842622263 0.0956770165153024 -335.108123779297
0.976297794817329 0.0792526458739604 0.201399190556461 -63.4826469421387 0.186659247771413 0.162681652078459 -0.968861705971721 -449.855041503906 -0.109548806731207 0.983490568434187 0.144032498918712 -335.075622558594
0.950757393218641 0.248173159425673 0.185662226047126 -217.561096191406 -0.0847111325562041 0.784300308321733 -0.61457062278267 -567.395568847656 -0.298134874278639 0.56857990582425 0.766702346045548 -19.2346496582031
0.962877181881171 0.133488984291159 0.234623578707444 -189.423065185547 -0.0595064870405967 0.952753491498429 -0.297858628274622 -648.088745117188 -0.263299279552111 0.272839651646287 0.925328057435238 -16.7949371337891
0.962072473476891 0.104771499520475 0.251871968798212 -186.470901489258 -0.0223183507905688 0.950439819840135 -0.310106497965199 -648.249450683594 -0.271879471450209 0.292723558584686 0.916730315443682 -17.2805614471436
0.970805799624888 0.0685558907479968 0.229861239138813 -184.279388427734 0.0126809672552874 0.942278161322279 -0.334590884162398 -648.215942382812 -0.239531401874894 0.327737633693254 0.913899748865812 -17.8686065673828
0.928726258221363 0.0614340632558165 0.365641071492285 -210.002563476562 -0.174926563538651 0.942121791503215 0.286019627549111 -525.110229492188 -0.32690707343021 -0.329594274596289 0.885719695781144 367.281860351562
0.962353616733125 0.10111236552653 0.252293095225181 -206.648696899414 -0.212132658809089 0.859732829062343 0.464606497693529 -539.905151367188 -0.169927194490051 -0.50063534850237 0.848816232409967 370.140747070312
0.961538020256747 0.0825147908164389 0.261984627215522 -204.973434448242 -0.200029868391193 0.86401712552715 0.46201997635081 -540.124450683594 -0.188235722837454 -0.496654523881864 0.84729073909464 369.600433349609
0.96957312205062 0.0953830517993848 0.225455171656028 -203.419403076172 -0.197598323643113 0.848591706524801 0.490761671395351 -540.288146972656 -0.144509042936575 -0.520378889893472 0.841619241381037 369.370330810547
0.954099751807772 0.0211574843668805 0.298740731162682 -193.785949707031 -0.266192639283727 0.517015221814602 0.813533489908782 -194.500183105469 -0.137241183292452 -0.855714684499023 0.498916061418376 615.649597167969
0.962696136536265 0.12937295418825 0.237652661299539 -27.5002746582031 -0.240212717940051 0.81291644631587 0.530532469740573 99.4014892578125 -0.124555203978004 -0.567828750622741 0.813668551148571 344.480895996094
0.967922134751935 -0.0891097564956087 0.234917416030722 -29.2740936279297 -0.0600505104888468 0.825847129639064 0.5606874839489 99.7146377563476 -0.243968598896019 -0.556808737147876 0.794004630331902 344.706817626953
0.965339779891313 -0.193582893049942 0.175056484820772 -30.6885204315186 0.0446068145054283 0.783226504235083 0.620134239631525 99.1826858520508 -0.257156258837052 -0.590831538242591 0.764714817405041 345.575836181641
0.286094254179585 -0.952920030808184 0.100466375519161 -123.287414550781 0.293395466451964 0.186930405851261 0.937537265197345 333.879028320312 -0.912178259985876 -0.23874764554402 0.333062131975891 244.548095703125
0.195725820988846 -0.967781485608996 0.158399492141507 -117.449691772461 0.746472894010746 0.251780931896988 0.615942027174884 313.247161865234 -0.635979261851724 -0.00231483164163498 0.771702675937441 250.401382446289
0.0691765783544365 -0.958938405119842 0.275048606964998 -118.422874450684 0.757719046979797 0.229844156510206 0.610764692465225 314.140716552734 -0.648904035163291 0.166158956738195 0.742505726741871 249.469497680664
-0.0822236387748909 -0.96328287343836 0.255588299745806 -117.773460388184 0.715656614558782 0.121412449100926 0.687818745921902 315.479309082031 -0.6935956194101 0.2394684174242 0.679396786709703 248.159744262695
-0.0829086021487487 -0.968284792326517 0.235692012251019 -117.368705749512 0.71912576196212 0.105602826889322 0.686808693476855 315.891418457031 -0.689916155900223 0.226434546618174 0.68756315631779 247.857971191406
-0.0742441551507292 -0.928892777198957 0.362830558103315 -117.156524658203 0.690481554829889 0.214631499568947 0.69077387170657 317.0625 -0.719529726881144 0.301813730404026 0.625448194716359 246.819702148438
-0.638135988567348 -0.760167355471611 0.122180406655368 -323.456848144531 0.0954058543204375 0.0793952743580227 0.99226715826485 410.234222412109 -0.763989648527099 0.644858110040428 0.0218594340852441 99.7919006347656
-0.781347068357738 -0.584358322713459 0.219139474865396 -324.122283935547 0.291590501077265 -0.03136728356678 0.956028803542629 413.662414550781 -0.551789578055148 0.810889292195398 0.194902071185937 100.588447570801
-0.843683687696334 -0.466201835554312 0.266183552536413 -325.348327636719 0.335022472236432 -0.0698009213460144 0.939621080263654 414.533416748047 -0.419473215130245 0.881920449873478 0.215077990234375 99.5470962524414
-0.880109100398708 -0.399380410449262 0.256716300894112 -326.545837402344 0.338611164453424 -0.149010496759385 0.929052394196914 415.441253662109 -0.332791903000769 0.904594472459842 0.266380160094978 98.9000625610352
-0.863826209426201 0.36320111022073 -0.349126386059248 -617.710571289062 -0.275146765971433 0.240390256242866 0.93086346038447 322.792388916016 0.422017223681478 0.90016525051677 -0.107721792958801 155.657745361328
-0.957170457627124 0.278407358503488 -0.0794610456575585 -618.412170410156 -0.125835706341386 -0.152863251013614 0.980203142975533 355.454620361328 0.260749094064479 0.94822052773638 0.181349774534997 156.010665893555
